{
  "dataset_revision": "0fd18e25b25c072e09e0d92ab615fda904d66300",
  "mteb_dataset_name": "Banking77Classification",
  "mteb_version": "1.2.0",
  "test": {
    "accuracy": 0.851461038961039,
    "accuracy_stderr": 0.004718974627840474,
    "evaluation_time": 6.19,
    "f1": 0.8454650040879315,
    "f1_stderr": 0.00584859116060583,
    "main_score": 0.851461038961039
  }
}