{
  "dataset_revision": "d3fb88f8f02e40887cd149695127462bbcf29b4a",
  "mteb_dataset_name": "BIOSSES",
  "mteb_version": "1.1.2",
  "test": {
    "cos_sim": {
      "pearson": 0.9012956192834409,
      "spearman": 0.8853274017010963
    },
    "euclidean": {
      "pearson": 0.8811325311328095,
      "spearman": 0.8853274017010963
    },
    "evaluation_time": 0.33,
    "manhattan": {
      "pearson": 0.8829747283322299,
      "spearman": 0.8862189882815616
    }
  }
}