{
  "dataset_revision": "90fceea13679c63fe563ded68f3b6f06e50061de",
  "mteb_dataset_name": "CQADupstackMathematicaRetrieval",
  "mteb_version": "1.2.0",
  "test": {
    "evaluation_time": 7.15,
    "map_at_1": 0.1912,
    "map_at_10": 0.28239,
    "map_at_100": 0.29477,
    "map_at_1000": 0.29598,
    "map_at_3": 0.25348,
    "map_at_5": 0.27059,
    "mrr_at_1": 0.24129,
    "mrr_at_10": 0.33528,
    "mrr_at_100": 0.34405,
    "mrr_at_1000": 0.34467,
    "mrr_at_3": 0.30659,
    "mrr_at_5": 0.32307,
    "ndcg_at_1": 0.24129,
    "ndcg_at_10": 0.34092,
    "ndcg_at_100": 0.39803,
    "ndcg_at_1000": 0.42493,
    "ndcg_at_3": 0.28869,
    "ndcg_at_5": 0.31462,
    "precision_at_1": 0.24129,
    "precision_at_10": 0.06281,
    "precision_at_100": 0.01055,
    "precision_at_1000": 0.00142,
    "precision_at_3": 0.14055,
    "precision_at_5": 0.10224,
    "recall_at_1": 0.1912,
    "recall_at_10": 0.46897,
    "recall_at_100": 0.71558,
    "recall_at_1000": 0.90509,
    "recall_at_3": 0.32469,
    "recall_at_5": 0.39225
  }
}