{
  "dataset_revision": "5003b3064772da1887988e05400cf3806fe491f2",
  "mteb_dataset_name": "CQADupstackGisRetrieval",
  "mteb_version": "1.2.0",
  "test": {
    "evaluation_time": 15.3,
    "map_at_1": 0.28363,
    "map_at_10": 0.37744,
    "map_at_100": 0.38793,
    "map_at_1000": 0.38857,
    "map_at_3": 0.35083,
    "map_at_5": 0.36497,
    "mrr_at_1": 0.30508,
    "mrr_at_10": 0.39771,
    "mrr_at_100": 0.40713,
    "mrr_at_1000": 0.40758,
    "mrr_at_3": 0.37458,
    "mrr_at_5": 0.38729,
    "ndcg_at_1": 0.30508,
    "ndcg_at_10": 0.43011,
    "ndcg_at_100": 0.48158,
    "ndcg_at_1000": 0.49864,
    "ndcg_at_3": 0.37886,
    "ndcg_at_5": 0.40225,
    "precision_at_1": 0.30508,
    "precision_at_10": 0.06588,
    "precision_at_100": 0.00963,
    "precision_at_1000": 0.00115,
    "precision_at_3": 0.16158,
    "precision_at_5": 0.11051,
    "recall_at_1": 0.28363,
    "recall_at_10": 0.57284,
    "recall_at_100": 0.80773,
    "recall_at_1000": 0.93625,
    "recall_at_3": 0.43177,
    "recall_at_5": 0.48916
  }
}