{
  "dataset_revision": null,
  "mteb_dataset_name": "SCIDOCS",
  "mteb_version": "1.2.0",
  "test": {
    "evaluation_time": 10.19,
    "map_at_1": 0.05393,
    "map_at_10": 0.14413,
    "map_at_100": 0.17175,
    "map_at_1000": 0.17582,
    "map_at_3": 0.09803,
    "map_at_5": 0.12152,
    "mrr_at_1": 0.267,
    "mrr_at_10": 0.38805,
    "mrr_at_100": 0.39922,
    "mrr_at_1000": 0.39952,
    "mrr_at_3": 0.34867,
    "mrr_at_5": 0.37382,
    "ndcg_at_1": 0.267,
    "ndcg_at_10": 0.23808,
    "ndcg_at_100": 0.33815,
    "ndcg_at_1000": 0.39819,
    "ndcg_at_3": 0.21749,
    "ndcg_at_5": 0.19634,
    "precision_at_1": 0.267,
    "precision_at_10": 0.1263,
    "precision_at_100": 0.02709,
    "precision_at_1000": 0.00413,
    "precision_at_3": 0.204,
    "precision_at_5": 0.1764,
    "recall_at_1": 0.05393,
    "recall_at_10": 0.25577,
    "recall_at_100": 0.54982,
    "recall_at_1000": 0.8387,
    "recall_at_3": 0.12407,
    "recall_at_5": 0.17887
  }
}