{
  "dataset_revision": "0228b52cf27578f30900b9e5271d331663a030d7",
  "mteb_dataset_name": "SciFact",
  "mteb_version": "1.2.0",
  "test": {
    "evaluation_time": 2.04,
    "map_at_1": 0.61928,
    "map_at_10": 0.71184,
    "map_at_100": 0.71653,
    "map_at_1000": 0.71671,
    "map_at_3": 0.68024,
    "map_at_5": 0.69731,
    "mrr_at_1": 0.64667,
    "mrr_at_10": 0.72055,
    "mrr_at_100": 0.72435,
    "mrr_at_1000": 0.72451,
    "mrr_at_3": 0.69611,
    "mrr_at_5": 0.71044,
    "ndcg_at_1": 0.64667,
    "ndcg_at_10": 0.75605,
    "ndcg_at_100": 0.77573,
    "ndcg_at_1000": 0.77958,
    "ndcg_at_3": 0.70201,
    "ndcg_at_5": 0.72709,
    "precision_at_1": 0.64667,
    "precision_at_10": 0.10033,
    "precision_at_100": 0.011,
    "precision_at_1000": 0.00113,
    "precision_at_3": 0.27,
    "precision_at_5": 0.17867,
    "recall_at_1": 0.61928,
    "recall_at_10": 0.88322,
    "recall_at_100": 0.97167,
    "recall_at_1000": 1.0,
    "recall_at_3": 0.73839,
    "recall_at_5": 0.79994
  }
}