{
  "dataset_revision": "7e90230a92c190f1bf69ae9002b8cea547a64cca",
  "mteb_dataset_name": "STS13",
  "mteb_version": "1.2.0",
  "test": {
    "cos_sim": {
      "pearson": 0.8790674957022815,
      "spearman": 0.8869868877397277
    },
    "euclidean": {
      "pearson": 0.8785906999887511,
      "spearman": 0.8869868877397277
    },
    "evaluation_time": 0.67,
    "manhattan": {
      "pearson": 0.877053350750173,
      "spearman": 0.8849315979064086
    }
  }
}