{
  "dataset_revision": "7e90230a92c190f1bf69ae9002b8cea547a64cca",
  "mteb_dataset_name": "STS13",
  "mteb_version": "1.2.0",
  "test": {
    "cos_sim": {
      "pearson": 0.8753076322354588,
      "spearman": 0.8840419525619262
    },
    "euclidean": {
      "pearson": 0.87553335525655,
      "spearman": 0.8840419525619262
    },
    "evaluation_time": 0.26,
    "manhattan": {
      "pearson": 0.8764374056938514,
      "spearman": 0.8845987732106378
    }
  }
}