{
  "dataset_revision": "b0fddb56ed78048fa8b90373c8a3cfc37b684831",
  "mteb_dataset_name": "STSBenchmark",
  "mteb_version": "1.2.0",
  "test": {
    "cos_sim": {
      "pearson": 0.8747146176809821,
      "spearman": 0.8859403804448827
    },
    "euclidean": {
      "pearson": 0.8817509049448039,
      "spearman": 0.8859403804448827
    },
    "evaluation_time": 0.23,
    "manhattan": {
      "pearson": 0.8833648750818022,
      "spearman": 0.8862771522695836
    }
  }
}