{
  "dataset_revision": "b0fddb56ed78048fa8b90373c8a3cfc37b684831",
  "mteb_dataset_name": "STSBenchmark",
  "mteb_version": "1.1.2",
  "test": {
    "cos_sim": {
      "pearson": 0.8771731835228124,
      "spearman": 0.8866802173998214
    },
    "euclidean": {
      "pearson": 0.8840033250589638,
      "spearman": 0.8866802173998214
    },
    "evaluation_time": 3.13,
    "manhattan": {
      "pearson": 0.8839219800278495,
      "spearman": 0.886163484677529
    }
  }
}