{
  "dataset_revision": null,
  "mteb_dataset_name": "SciFact",
  "mteb_version": "1.1.2",
  "test": {
    "evaluation_time": 0.71,
    "map_at_1": 0.61761,
    "map_at_10": 0.71335,
    "map_at_100": 0.71854,
    "map_at_1000": 0.71871,
    "map_at_3": 0.68524,
    "map_at_5": 0.70223,
    "mrr_at_1": 0.64667,
    "mrr_at_10": 0.72249,
    "mrr_at_100": 0.72693,
    "mrr_at_1000": 0.72709,
    "mrr_at_3": 0.70222,
    "mrr_at_5": 0.71639,
    "ndcg_at_1": 0.64667,
    "ndcg_at_10": 0.75459,
    "ndcg_at_100": 0.77706,
    "ndcg_at_1000": 0.78084,
    "ndcg_at_3": 0.70892,
    "ndcg_at_5": 0.73439,
    "precision_at_1": 0.64667,
    "precision_at_10": 0.099,
    "precision_at_100": 0.011,
    "precision_at_1000": 0.00113,
    "precision_at_3": 0.27333,
    "precision_at_5": 0.182,
    "recall_at_1": 0.61761,
    "recall_at_10": 0.86989,
    "recall_at_100": 0.97167,
    "recall_at_1000": 1.0,
    "recall_at_3": 0.75006,
    "recall_at_5": 0.81328
  }
}