{
  "dataset_revision": "6031580fec1f6af667f0bd2da0a551cf4f0b2375",
  "mteb_dataset_name": "STS14",
  "mteb_version": "1.1.2",
  "test": {
    "cos_sim": {
      "pearson": 0.8605114913878879,
      "spearman": 0.8296451566648566
    },
    "euclidean": {
      "pearson": 0.8509473366556622,
      "spearman": 0.8431447145981403
    },
    "evaluation_time": 0.5,
    "manhattan": {
      "pearson": 0.8264235959718621,
      "spearman": 0.8232098423392173
    }
  }
}