{
  "dataset_revision": "d3fb88f8f02e40887cd149695127462bbcf29b4a",
  "mteb_dataset_name": "BIOSSES",
  "mteb_version": "1.1.2",
  "test": {
    "cos_sim": {
      "pearson": 0.8931759776665541,
      "spearman": 0.8774778252528104
    },
    "euclidean": {
      "pearson": 0.8725530554852956,
      "spearman": 0.8774778252528104
    },
    "evaluation_time": 0.09,
    "manhattan": {
      "pearson": 0.8704305802473697,
      "spearman": 0.8765862386723452
    }
  }
}