{
  "dataset_revision": "65ac3a16b8e91f9cee4c9828cc7c335575432a2a",
  "mteb_dataset_name": "CQADupstackStatsRetrieval",
  "mteb_version": "1.2.0",
  "test": {
    "evaluation_time": 60.03,
    "map_at_1": 0.28222,
    "map_at_10": 0.3546,
    "map_at_100": 0.36375,
    "map_at_1000": 0.3648,
    "map_at_3": 0.33227,
    "map_at_5": 0.34441,
    "mrr_at_1": 0.31902,
    "mrr_at_10": 0.38409,
    "mrr_at_100": 0.39232,
    "mrr_at_1000": 0.39313,
    "mrr_at_3": 0.36605,
    "mrr_at_5": 0.37579,
    "ndcg_at_1": 0.31902,
    "ndcg_at_10": 0.39587,
    "ndcg_at_100": 0.44107,
    "ndcg_at_1000": 0.46605,
    "ndcg_at_3": 0.35677,
    "ndcg_at_5": 0.37429,
    "precision_at_1": 0.31902,
    "precision_at_10": 0.06074,
    "precision_at_100": 0.00906,
    "precision_at_1000": 0.00119,
    "precision_at_3": 0.15082,
    "precision_at_5": 0.10337,
    "recall_at_1": 0.28222,
    "recall_at_10": 0.49336,
    "recall_at_100": 0.69773,
    "recall_at_1000": 0.87989,
    "recall_at_3": 0.38484,
    "recall_at_5": 0.42796
  }
}