{
  "dataset_revision": "6c6430d3a6d36f8d2a829195bc5dc94d7e063e53",
  "mteb_dataset_name": "CQADupstackUnixRetrieval",
  "mteb_version": "1.2.0",
  "test": {
    "evaluation_time": 66.3,
    "map_at_1": 0.30662,
    "map_at_10": 0.40275,
    "map_at_100": 0.41493,
    "map_at_1000": 0.41585,
    "map_at_3": 0.37244,
    "map_at_5": 0.38969,
    "mrr_at_1": 0.35728,
    "mrr_at_10": 0.44298,
    "mrr_at_100": 0.45189,
    "mrr_at_1000": 0.45237,
    "mrr_at_3": 0.41744,
    "mrr_at_5": 0.43242,
    "ndcg_at_1": 0.35728,
    "ndcg_at_10": 0.45772,
    "ndcg_at_100": 0.51093,
    "ndcg_at_1000": 0.5309,
    "ndcg_at_3": 0.40546,
    "ndcg_at_5": 0.43038,
    "precision_at_1": 0.35728,
    "precision_at_10": 0.07659,
    "precision_at_100": 0.01158,
    "precision_at_1000": 0.00143,
    "precision_at_3": 0.18252,
    "precision_at_5": 0.12836,
    "recall_at_1": 0.30662,
    "recall_at_10": 0.583,
    "recall_at_100": 0.8097,
    "recall_at_1000": 0.94818,
    "recall_at_3": 0.44271,
    "recall_at_5": 0.50459
  }
}