{
  "dataset_revision": null,
  "mteb_dataset_name": "SCIDOCS",
  "mteb_version": "1.2.0",
  "test": {
    "evaluation_time": 30.28,
    "map_at_1": 0.05343,
    "map_at_10": 0.14337,
    "map_at_100": 0.17062,
    "map_at_1000": 0.17446,
    "map_at_3": 0.10001,
    "map_at_5": 0.12053,
    "mrr_at_1": 0.264,
    "mrr_at_10": 0.38379,
    "mrr_at_100": 0.39535,
    "mrr_at_1000": 0.39575,
    "mrr_at_3": 0.3495,
    "mrr_at_5": 0.36935,
    "ndcg_at_1": 0.264,
    "ndcg_at_10": 0.23539,
    "ndcg_at_100": 0.33299,
    "ndcg_at_1000": 0.3915,
    "ndcg_at_3": 0.22061,
    "ndcg_at_5": 0.19355,
    "precision_at_1": 0.264,
    "precision_at_10": 0.124,
    "precision_at_100": 0.02641,
    "precision_at_1000": 0.00403,
    "precision_at_3": 0.209,
    "precision_at_5": 0.1722,
    "recall_at_1": 0.05343,
    "recall_at_10": 0.25127,
    "recall_at_100": 0.53585,
    "recall_at_1000": 0.81832,
    "recall_at_3": 0.12712,
    "recall_at_5": 0.17467
  }
}