{
  "dataset_revision": "b0fddb56ed78048fa8b90373c8a3cfc37b684831",
  "mteb_dataset_name": "STSBenchmark",
  "mteb_version": "1.2.0",
  "test": {
    "cos_sim": {
      "pearson": 0.8827844454766657,
      "spearman": 0.8952326425279804
    },
    "euclidean": {
      "pearson": 0.8926854348373668,
      "spearman": 0.8952326425279804
    },
    "evaluation_time": 0.34,
    "manhattan": {
      "pearson": 0.8925222016290884,
      "spearman": 0.8948368550007726
    }
  }
}