{
  "dataset_revision": "a6ea5a8cab320b040a23452cc28066d9beae2cee",
  "mteb_dataset_name": "SICK-R",
  "mteb_version": "1.2.0",
  "test": {
    "cos_sim": {
      "pearson": 0.8723912533073721,
      "spearman": 0.824439269422161
    },
    "euclidean": {
      "pearson": 0.8474676315951588,
      "spearman": 0.8251885476804026
    },
    "evaluation_time": 0.1,
    "manhattan": {
      "pearson": 0.815902473803436,
      "spearman": 0.7986629306732446
    }
  }
}