{
  "dataset_revision": "ae752c7c21bf194d8b67fd573edf7ae58183cbe3",
  "mteb_dataset_name": "STS15",
  "mteb_version": "1.2.0",
  "test": {
    "cos_sim": {
      "pearson": 0.8680230738770425,
      "spearman": 0.8854111850617585
    },
    "euclidean": {
      "pearson": 0.8888981943337235,
      "spearman": 0.8927854436293093
    },
    "evaluation_time": 0.53,
    "manhattan": {
      "pearson": 0.8882337003412898,
      "spearman": 0.8923769099578795
    }
  }
}