{
  "dataset_revision": "70970daeab8776df92f5ea462b6173c0b46fd2d1",
  "mteb_dataset_name": "TwitterSemEval2015",
  "mteb_version": "1.2.0",
  "test": {
    "cos_sim": {
      "accuracy": 0.8750670560886928,
      "accuracy_threshold": 0.7304823797386273,
      "ap": 0.785060588218961,
      "f1": 0.7189476347078168,
      "f1_threshold": 0.6940856940535075,
      "precision": 0.6904761904761905,
      "recall": 0.749868073878628
    },
    "dot": {
      "accuracy": 0.857841091971151,
      "accuracy_threshold": 0.4264971142481686,
      "ap": 0.7300157255714617,
      "f1": 0.674362552327794,
      "f1_threshold": 0.40043720246556824,
      "precision": 0.649401417053506,
      "recall": 0.7013192612137203
    },
    "euclidean": {
      "accuracy": 0.8763187697442928,
      "accuracy_threshold": 0.5616567465807141,
      "ap": 0.7885637402232298,
      "f1": 0.7201426024955437,
      "f1_threshold": 0.5924958159907434,
      "precision": 0.6958661417322834,
      "recall": 0.7461741424802111
    },
    "evaluation_time": 2.89,
    "manhattan": {
      "accuracy": 0.8653513739047506,
      "accuracy_threshold": 11.725127881021098,
      "ap": 0.7597559781501466,
      "f1": 0.6924474435504802,
      "f1_threshold": 12.504147657393965,
      "precision": 0.6813074565883555,
      "recall": 0.7039577836411609
    },
    "max": {
      "accuracy": 0.8763187697442928,
      "ap": 0.7885637402232298,
      "f1": 0.7201426024955437
    }
  }
}