{
  "dataset_revision": null,
  "mteb_dataset_name": "ArguAna",
  "mteb_version": "1.1.2",
  "test": {
    "evaluation_time": 2.45,
    "map_at_1": 0.39331,
    "map_at_10": 0.55871,
    "map_at_100": 0.56393,
    "map_at_1000": 0.56397,
    "map_at_3": 0.51565,
    "map_at_5": 0.54353,
    "mrr_at_1": 0.40541,
    "mrr_at_10": 0.5631,
    "mrr_at_100": 0.56825,
    "mrr_at_1000": 0.56829,
    "mrr_at_3": 0.52086,
    "mrr_at_5": 0.54761,
    "ndcg_at_1": 0.39331,
    "ndcg_at_10": 0.6429,
    "ndcg_at_100": 0.66314,
    "ndcg_at_1000": 0.66383,
    "ndcg_at_3": 0.55632,
    "ndcg_at_5": 0.60664,
    "precision_at_1": 0.39331,
    "precision_at_10": 0.09075,
    "precision_at_100": 0.00991,
    "precision_at_1000": 0.001,
    "precision_at_3": 0.22475,
    "precision_at_5": 0.15932,
    "recall_at_1": 0.39331,
    "recall_at_10": 0.90754,
    "recall_at_100": 0.99147,
    "recall_at_1000": 0.99644,
    "recall_at_3": 0.67425,
    "recall_at_5": 0.79659
  }
}