{
  "dataset_revision": "70970daeab8776df92f5ea462b6173c0b46fd2d1",
  "mteb_dataset_name": "TwitterSemEval2015",
  "mteb_version": "1.1.2",
  "test": {
    "cos_sim": {
      "accuracy": 0.8739941586696072,
      "accuracy_threshold": 0.7504706219456643,
      "ap": 0.7803569894225771,
      "f1": 0.7150140198827428,
      "f1_threshold": 0.7111930601467762,
      "precision": 0.6915680473372781,
      "recall": 0.7401055408970977
    },
    "dot": {
      "accuracy": 0.8596292543362938,
      "accuracy_threshold": 0.40709083912763594,
      "ap": 0.7355573508953339,
      "f1": 0.67821914156225,
      "f1_threshold": 0.39000529090665026,
      "precision": 0.6853448275862069,
      "recall": 0.6712401055408971
    },
    "euclidean": {
      "accuracy": 0.8751862669130357,
      "accuracy_threshold": 0.5266387753479557,
      "ap": 0.7845637757485839,
      "f1": 0.7187460815047022,
      "f1_threshold": 0.5610719307339,
      "precision": 0.684826762246117,
      "recall": 0.7562005277044855
    },
    "evaluation_time": 2.17,
    "manhattan": {
      "accuracy": 0.8656494009656077,
      "accuracy_threshold": 10.879594626313896,
      "ap": 0.7598887263200111,
      "f1": 0.6950927210798536,
      "f1_threshold": 11.499330893683858,
      "precision": 0.6659415035049553,
      "recall": 0.7269129287598944
    },
    "max": {
      "accuracy": 0.8751862669130357,
      "ap": 0.7845637757485839,
      "f1": 0.7187460815047022
    }
  }
}