{
  "dataset_revision": "4f58c6b202a23cf9a4da393831edf4f9183cad37",
  "mteb_dataset_name": "EmotionClassification",
  "mteb_version": "1.1.2",
  "test": {
    "accuracy": 0.54805,
    "accuracy_stderr": 0.028640399787712465,
    "evaluation_time": 1.54,
    "f1": 0.4815760016509185,
    "f1_stderr": 0.017411713559010986,
    "main_score": 0.54805
  }
}