{
  "dataset_revision": "eea2b4fe26a775864c896887d910b76a8098ad3f",
  "mteb_dataset_name": "STS22",
  "mteb_version": "1.1.2",
  "test": {
    "en": {
      "cos_sim": {
        "pearson": 0.6822144097921844,
        "spearman": 0.6877376438435537
      },
      "euclidean": {
        "pearson": 0.7026463186585384,
        "spearman": 0.6910517008923001
      },
      "manhattan": {
        "pearson": 0.6955204169783463,
        "spearman": 0.6796852665252099
      }
    },
    "evaluation_time": 0.07
  }
}