{
  "dataset_revision": "a6ea5a8cab320b040a23452cc28066d9beae2cee",
  "mteb_dataset_name": "SICK-R",
  "mteb_version": "1.1.2",
  "test": {
    "cos_sim": {
      "pearson": 0.8739401406066255,
      "spearman": 0.8294953885695845
    },
    "euclidean": {
      "pearson": 0.8465070276715747,
      "spearman": 0.8287234044517463
    },
    "evaluation_time": 2.1,
    "manhattan": {
      "pearson": 0.810302733399212,
      "spearman": 0.8034382225708411
    }
  }
}