{
  "dataset_revision": "70970daeab8776df92f5ea462b6173c0b46fd2d1",
  "mteb_dataset_name": "TwitterSemEval2015",
  "mteb_version": "1.2.0",
  "test": {
    "cos_sim": {
      "accuracy": 0.87453060737915,
      "accuracy_threshold": 0.7440186581636055,
      "ap": 0.7832263957562512,
      "f1": 0.7192268565615464,
      "f1_threshold": 0.7140861244772858,
      "precision": 0.6941580756013745,
      "recall": 0.7461741424802111
    },
    "dot": {
      "accuracy": 0.8636228169517792,
      "accuracy_threshold": 0.4487648462745967,
      "ap": 0.7502594732194043,
      "f1": 0.6881987577639751,
      "f1_threshold": 0.4156682902649025,
      "precision": 0.6502347417840375,
      "recall": 0.7308707124010554
    },
    "euclidean": {
      "accuracy": 0.8763783751564642,
      "accuracy_threshold": 0.5555617654111795,
      "ap": 0.7871808689004435,
      "f1": 0.721038961038961,
      "f1_threshold": 0.5736696257251223,
      "precision": 0.7099744245524297,
      "recall": 0.7324538258575198
    },
    "evaluation_time": 4.97,
    "manhattan": {
      "accuracy": 0.8671991416820647,
      "accuracy_threshold": 12.557662258636933,
      "ap": 0.7635967318993705,
      "f1": 0.7021356313225927,
      "f1_threshold": 13.221775381154705,
      "precision": 0.6665876215318947,
      "recall": 0.741688654353562
    },
    "max": {
      "accuracy": 0.8763783751564642,
      "ap": 0.7871808689004435,
      "f1": 0.721038961038961
    }
  }
}