{
  "dataset_revision": "e8379541af4e31359cca9fbcf4b00f2671dba205",
  "mteb_dataset_name": "AmazonCounterfactualClassification",
  "mteb_version": "1.2.0",
  "test": {
    "en": {
      "accuracy": 0.7408955223880598,
      "accuracy_stderr": 0.034991645249210585,
      "ap": 0.3667086584986032,
      "ap_stderr": 0.03475832360567627,
      "f1": 0.6796511623864606,
      "f1_stderr": 0.03305264151599001,
      "main_score": 0.7408955223880598
    },
    "evaluation_time": 4.17
  }
}