{
  "dataset_revision": "a0d554a64d88156834ff5ae9920b964011b16384",
  "mteb_dataset_name": "STS12",
  "mteb_version": "1.2.0",
  "test": {
    "cos_sim": {
      "pearson": 0.8521323336776588,
      "spearman": 0.7582343037582266
    },
    "euclidean": {
      "pearson": 0.8456947546730593,
      "spearman": 0.7806351627712997
    },
    "evaluation_time": 0.05,
    "manhattan": {
      "pearson": 0.7859732918704962,
      "spearman": 0.7648454522813007
    }
  }
}