{
  "dataset_revision": "0228b52cf27578f30900b9e5271d331663a030d7",
  "mteb_dataset_name": "SciFact",
  "mteb_version": "1.2.0",
  "test": {
    "evaluation_time": 0.34,
    "map_at_1": 0.61261,
    "map_at_10": 0.70463,
    "map_at_100": 0.70938,
    "map_at_1000": 0.70959,
    "map_at_3": 0.67552,
    "map_at_5": 0.69017,
    "mrr_at_1": 0.64,
    "mrr_at_10": 0.71518,
    "mrr_at_100": 0.71871,
    "mrr_at_1000": 0.71891,
    "mrr_at_3": 0.695,
    "mrr_at_5": 0.70483,
    "ndcg_at_1": 0.64,
    "ndcg_at_10": 0.74939,
    "ndcg_at_100": 0.76935,
    "ndcg_at_1000": 0.77366,
    "ndcg_at_3": 0.69962,
    "ndcg_at_5": 0.71905,
    "precision_at_1": 0.64,
    "precision_at_10": 0.09933,
    "precision_at_100": 0.01097,
    "precision_at_1000": 0.00113,
    "precision_at_3": 0.27,
    "precision_at_5": 0.17667,
    "recall_at_1": 0.61261,
    "recall_at_10": 0.87756,
    "recall_at_100": 0.96833,
    "recall_at_1000": 1.0,
    "recall_at_3": 0.73894,
    "recall_at_5": 0.78744
  }
}