{
  "dataset_revision": "af5e6fb845001ecf41f4c1e033ce921939a2a68d",
  "mteb_dataset_name": "STS17",
  "mteb_version": "1.2.0",
  "test": {
    "en-en": {
      "cos_sim": {
        "pearson": 0.8880534855411983,
        "spearman": 0.8907944171138756
      },
      "euclidean": {
        "pearson": 0.896568621232565,
        "spearman": 0.8897811478052446
      },
      "manhattan": {
        "pearson": 0.8882940255878293,
        "spearman": 0.8769215455856182
      }
    },
    "evaluation_time": 0.02
  }
}