{
  "dataset_revision": "70970daeab8776df92f5ea462b6173c0b46fd2d1",
  "mteb_dataset_name": "TwitterSemEval2015",
  "mteb_version": "1.2.0",
  "test": {
    "cos_sim": {
      "accuracy": 0.8731000774870358,
      "accuracy_threshold": 0.7340005064953522,
      "ap": 0.7775316223193465,
      "f1": 0.7130546623794212,
      "f1_threshold": 0.7118081934199129,
      "precision": 0.6956085319949812,
      "recall": 0.7313984168865435
    },
    "dot": {
      "accuracy": 0.8528938427609227,
      "accuracy_threshold": 0.5165828353495451,
      "ap": 0.7170913599223323,
      "f1": 0.6602941176470587,
      "f1_threshold": 0.47186805573995266,
      "precision": 0.6164759725400457,
      "recall": 0.7108179419525066
    },
    "euclidean": {
      "accuracy": 0.8744113965548072,
      "accuracy_threshold": 0.6006912508568558,
      "ap": 0.7822362440295157,
      "f1": 0.714705506579788,
      "f1_threshold": 0.6279525693578242,
      "precision": 0.6928412187267773,
      "recall": 0.7379947229551451
    },
    "evaluation_time": 0.6,
    "manhattan": {
      "accuracy": 0.8679144066281218,
      "accuracy_threshold": 9.686260547614976,
      "ap": 0.7637010669717261,
      "f1": 0.6975456261799874,
      "f1_threshold": 10.267085440172465,
      "precision": 0.6669073405535499,
      "recall": 0.7311345646437994
    },
    "max": {
      "accuracy": 0.8744113965548072,
      "ap": 0.7822362440295157,
      "f1": 0.714705506579788
    }
  }
}