{
  "dataset_revision": "ae752c7c21bf194d8b67fd573edf7ae58183cbe3",
  "mteb_dataset_name": "STS15",
  "mteb_version": "1.1.2",
  "test": {
    "cos_sim": {
      "pearson": 0.8779968806532911,
      "spearman": 0.8890111590928468
    },
    "euclidean": {
      "pearson": 0.8921747031271791,
      "spearman": 0.8981395137936922
    },
    "evaluation_time": 0.53,
    "manhattan": {
      "pearson": 0.8748625698823892,
      "spearman": 0.8844037616698179
    }
  }
}