{
  "dataset_revision": "e8379541af4e31359cca9fbcf4b00f2671dba205",
  "mteb_dataset_name": "AmazonCounterfactualClassification",
  "mteb_version": "1.1.2",
  "test": {
    "en": {
      "accuracy": 0.7325373134328358,
      "accuracy_stderr": 0.03575117593213103,
      "ap": 0.3586987570583863,
      "ap_stderr": 0.03559444094570674,
      "f1": 0.67178084903388,
      "f1_stderr": 0.034184927315706146,
      "main_score": 0.7325373134328358
    },
    "evaluation_time": 0.98
  }
}