{
  "dataset_revision": "eea2b4fe26a775864c896887d910b76a8098ad3f",
  "mteb_dataset_name": "STS22",
  "mteb_version": "1.1.2",
  "test": {
    "en": {
      "cos_sim": {
        "pearson": 0.6850865690576958,
        "spearman": 0.6915945486456188
      },
      "euclidean": {
        "pearson": 0.7020234176688983,
        "spearman": 0.6897234737057691
      },
      "manhattan": {
        "pearson": 0.6960391638644582,
        "spearman": 0.6783098351862165
      }
    },
    "evaluation_time": 0.07
  }
}