{
  "dataset_revision": "0fd18e25b25c072e09e0d92ab615fda904d66300",
  "mteb_dataset_name": "Banking77Classification",
  "mteb_version": "1.1.2",
  "test": {
    "accuracy": 0.8381493506493507,
    "accuracy_stderr": 0.004911619804888728,
    "evaluation_time": 10.86,
    "f1": 0.8316087418427378,
    "f1_stderr": 0.005306443518265978,
    "main_score": 0.8381493506493507
  }
}