{
  "dataset_revision": "4d8694f8f0e0100860b497b999b3dbed754a0513",
  "mteb_dataset_name": "STS16",
  "mteb_version": "1.1.2",
  "test": {
    "cos_sim": {
      "pearson": 0.8205992453145124,
      "spearman": 0.846181144482327
    },
    "euclidean": {
      "pearson": 0.8526544038251147,
      "spearman": 0.8550692864562827
    },
    "evaluation_time": 0.07,
    "manhattan": {
      "pearson": 0.8545621854781106,
      "spearman": 0.8573501743699544
    }
  }
}