{
  "dataset_revision": "eea2b4fe26a775864c896887d910b76a8098ad3f",
  "mteb_dataset_name": "STS22",
  "mteb_version": "1.1.2",
  "test": {
    "en": {
      "cos_sim": {
        "pearson": 0.6874791297433058,
        "spearman": 0.6922334324332577
      },
      "euclidean": {
        "pearson": 0.7039046620533068,
        "spearman": 0.6924230629078053
      },
      "manhattan": {
        "pearson": 0.6996922547907263,
        "spearman": 0.6789723210500868
      }
    },
    "evaluation_time": 0.07
  }
}