{
  "dataset_revision": "b0fddb56ed78048fa8b90373c8a3cfc37b684831",
  "mteb_dataset_name": "STSBenchmark",
  "mteb_version": "1.1.2",
  "test": {
    "cos_sim": {
      "pearson": 0.8770862618876902,
      "spearman": 0.8796050128252774
    },
    "euclidean": {
      "pearson": 0.8857195788634366,
      "spearman": 0.8897597086642481
    },
    "evaluation_time": 0.24,
    "manhattan": {
      "pearson": 0.8550090808896461,
      "spearman": 0.8624635271565386
    }
  }
}