{
  "dataset_revision": null,
  "mteb_dataset_name": "ArguAna",
  "mteb_version": "1.1.2",
  "test": {
    "evaluation_time": 1.69,
    "map_at_1": 0.40683,
    "map_at_10": 0.5684,
    "map_at_100": 0.57332,
    "map_at_1000": 0.57336,
    "map_at_3": 0.52892,
    "map_at_5": 0.55335,
    "mrr_at_1": 0.41252,
    "mrr_at_10": 0.57067,
    "mrr_at_100": 0.57559,
    "mrr_at_1000": 0.57563,
    "mrr_at_3": 0.53189,
    "mrr_at_5": 0.55561,
    "ndcg_at_1": 0.40683,
    "ndcg_at_10": 0.65012,
    "ndcg_at_100": 0.66976,
    "ndcg_at_1000": 0.67072,
    "ndcg_at_3": 0.57015,
    "ndcg_at_5": 0.61414,
    "precision_at_1": 0.40683,
    "precision_at_10": 0.09068,
    "precision_at_100": 0.00989,
    "precision_at_1000": 0.001,
    "precision_at_3": 0.22997,
    "precision_at_5": 0.15932,
    "recall_at_1": 0.40683,
    "recall_at_10": 0.90683,
    "recall_at_100": 0.98933,
    "recall_at_1000": 0.99644,
    "recall_at_3": 0.6899,
    "recall_at_5": 0.79659
  }
}