{
  "dataset_revision": "0fd18e25b25c072e09e0d92ab615fda904d66300",
  "mteb_dataset_name": "Banking77Classification",
  "mteb_version": "1.1.2",
  "test": {
    "accuracy": 0.8463311688311688,
    "accuracy_stderr": 0.004142760451585081,
    "evaluation_time": 11.55,
    "f1": 0.839279765622195,
    "f1_stderr": 0.005357721557633941,
    "main_score": 0.8463311688311688
  }
}