{
  "dataset_revision": null,
  "mteb_dataset_name": "SciFact",
  "mteb_version": "1.1.2",
  "test": {
    "evaluation_time": 0.61,
    "map_at_1": 0.60761,
    "map_at_10": 0.70779,
    "map_at_100": 0.71245,
    "map_at_1000": 0.71265,
    "map_at_3": 0.67809,
    "map_at_5": 0.69678,
    "mrr_at_1": 0.63667,
    "mrr_at_10": 0.7164,
    "mrr_at_100": 0.7203,
    "mrr_at_1000": 0.72048,
    "mrr_at_3": 0.69389,
    "mrr_at_5": 0.70956,
    "ndcg_at_1": 0.63667,
    "ndcg_at_10": 0.751,
    "ndcg_at_100": 0.77178,
    "ndcg_at_1000": 0.77601,
    "ndcg_at_3": 0.70179,
    "ndcg_at_5": 0.72996,
    "precision_at_1": 0.63667,
    "precision_at_10": 0.09933,
    "precision_at_100": 0.01097,
    "precision_at_1000": 0.00113,
    "precision_at_3": 0.27222,
    "precision_at_5": 0.182,
    "recall_at_1": 0.60761,
    "recall_at_10": 0.87322,
    "recall_at_100": 0.96833,
    "recall_at_1000": 1.0,
    "recall_at_3": 0.74183,
    "recall_at_5": 0.81328
  }
}