{
  "dataset_revision": "eea2b4fe26a775864c896887d910b76a8098ad3f",
  "mteb_dataset_name": "STS22",
  "mteb_version": "1.1.2",
  "test": {
    "en": {
      "cos_sim": {
        "pearson": 0.6822127662353759,
        "spearman": 0.6941606640372437
      },
      "euclidean": {
        "pearson": 0.7059944855214793,
        "spearman": 0.6952390347616024
      },
      "manhattan": {
        "pearson": 0.7084424951196572,
        "spearman": 0.6948662847300883
      }
    },
    "evaluation_time": 0.07
  }
}