{
  "dataset_revision": null,
  "mteb_dataset_name": "SciFact",
  "mteb_version": "1.1.2",
  "test": {
    "evaluation_time": 0.97,
    "map_at_1": 0.61428,
    "map_at_10": 0.70602,
    "map_at_100": 0.71158,
    "map_at_1000": 0.7118,
    "map_at_3": 0.67543,
    "map_at_5": 0.69428,
    "mrr_at_1": 0.64333,
    "mrr_at_10": 0.71539,
    "mrr_at_100": 0.71992,
    "mrr_at_1000": 0.72012,
    "mrr_at_3": 0.69222,
    "mrr_at_5": 0.70806,
    "ndcg_at_1": 0.64333,
    "ndcg_at_10": 0.74855,
    "ndcg_at_100": 0.77098,
    "ndcg_at_1000": 0.77536,
    "ndcg_at_3": 0.69731,
    "ndcg_at_5": 0.72575,
    "precision_at_1": 0.64333,
    "precision_at_10": 0.09867,
    "precision_at_100": 0.01097,
    "precision_at_1000": 0.00113,
    "precision_at_3": 0.26889,
    "precision_at_5": 0.18,
    "recall_at_1": 0.61428,
    "recall_at_10": 0.86922,
    "recall_at_100": 0.96833,
    "recall_at_1000": 1.0,
    "recall_at_3": 0.73283,
    "recall_at_5": 0.80411
  }
}