{
  "dataset_revision": "d3fb88f8f02e40887cd149695127462bbcf29b4a",
  "mteb_dataset_name": "BIOSSES",
  "mteb_version": "1.2.0",
  "test": {
    "cos_sim": {
      "pearson": 0.9094697756765673,
      "spearman": 0.8970987542566992
    },
    "euclidean": {
      "pearson": 0.893443283669214,
      "spearman": 0.8970987542566992
    },
    "evaluation_time": 0.05,
    "manhattan": {
      "pearson": 0.8931261177592431,
      "spearman": 0.8939541042904634
    }
  }
}