{
  "dataset_revision": "4885aa143210c98657558c04aaf3dc47cfb54340",
  "mteb_dataset_name": "CQADupstackGamingRetrieval",
  "mteb_version": "1.2.0",
  "test": {
    "evaluation_time": 44.69,
    "map_at_1": 0.41599,
    "map_at_10": 0.55343,
    "map_at_100": 0.56302,
    "map_at_1000": 0.5635,
    "map_at_3": 0.51632,
    "map_at_5": 0.53727,
    "mrr_at_1": 0.47586,
    "mrr_at_10": 0.58556,
    "mrr_at_100": 0.5909,
    "mrr_at_1000": 0.59115,
    "mrr_at_3": 0.55893,
    "mrr_at_5": 0.57429,
    "ndcg_at_1": 0.47586,
    "ndcg_at_10": 0.61698,
    "ndcg_at_100": 0.65167,
    "ndcg_at_1000": 0.6609,
    "ndcg_at_3": 0.55605,
    "ndcg_at_5": 0.58528,
    "precision_at_1": 0.47586,
    "precision_at_10": 0.10094,
    "precision_at_100": 0.01278,
    "precision_at_1000": 0.00139,
    "precision_at_3": 0.25078,
    "precision_at_5": 0.17254,
    "recall_at_1": 0.41599,
    "recall_at_10": 0.7717,
    "recall_at_100": 0.91875,
    "recall_at_1000": 0.98418,
    "recall_at_3": 0.60843,
    "recall_at_5": 0.67984
  }
}