{
  "dataset_revision": "0fd18e25b25c072e09e0d92ab615fda904d66300",
  "mteb_dataset_name": "Banking77Classification",
  "mteb_version": "1.1.2",
  "test": {
    "accuracy": 0.8525,
    "accuracy_stderr": 0.004809251534330345,
    "evaluation_time": 11.22,
    "f1": 0.8468972354416403,
    "f1_stderr": 0.006006894478518817,
    "main_score": 0.8525
  }
}