{
  "dataset_revision": null,
  "mteb_dataset_name": "SciFact",
  "mteb_version": "1.1.2",
  "test": {
    "evaluation_time": 0.55,
    "map_at_1": 0.60361,
    "map_at_10": 0.70022,
    "map_at_100": 0.70427,
    "map_at_1000": 0.70447,
    "map_at_3": 0.66906,
    "map_at_5": 0.68763,
    "mrr_at_1": 0.63,
    "mrr_at_10": 0.70828,
    "mrr_at_100": 0.71152,
    "mrr_at_1000": 0.71171,
    "mrr_at_3": 0.685,
    "mrr_at_5": 0.70017,
    "ndcg_at_1": 0.63,
    "ndcg_at_10": 0.74793,
    "ndcg_at_100": 0.76591,
    "ndcg_at_1000": 0.77024,
    "ndcg_at_3": 0.69445,
    "ndcg_at_5": 0.72281,
    "precision_at_1": 0.63,
    "precision_at_10": 0.10033,
    "precision_at_100": 0.01097,
    "precision_at_1000": 0.00113,
    "precision_at_3": 0.27111,
    "precision_at_5": 0.18133,
    "recall_at_1": 0.60361,
    "recall_at_10": 0.88656,
    "recall_at_100": 0.96833,
    "recall_at_1000": 1.0,
    "recall_at_3": 0.74256,
    "recall_at_5": 0.81244
  }
}