{
  "dataset_revision": "af5e6fb845001ecf41f4c1e033ce921939a2a68d",
  "mteb_dataset_name": "STS17",
  "mteb_version": "1.1.2",
  "test": {
    "en-en": {
      "cos_sim": {
        "pearson": 0.9008517226018837,
        "spearman": 0.9006749460626796
      },
      "euclidean": {
        "pearson": 0.9031894864540083,
        "spearman": 0.8982201896875217
      },
      "manhattan": {
        "pearson": 0.8865962773693656,
        "spearman": 0.8784625913588734
      }
    },
    "evaluation_time": 0.04
  }
}