{
  "dataset_revision": "d3fb88f8f02e40887cd149695127462bbcf29b4a",
  "mteb_dataset_name": "BIOSSES",
  "mteb_version": "1.1.2",
  "test": {
    "cos_sim": {
      "pearson": 0.9026552971854302,
      "spearman": 0.8831104837172367
    },
    "euclidean": {
      "pearson": 0.8857802955551461,
      "spearman": 0.8831104837172367
    },
    "evaluation_time": 0.06,
    "manhattan": {
      "pearson": 0.886505489980702,
      "spearman": 0.884785220672435
    }
  }
}