{
  "dataset_revision": "6184bc1440d2dbc7612be22b50686b8826d22b32",
  "mteb_dataset_name": "CQADupstackProgrammersRetrieval",
  "mteb_version": "1.2.0",
  "test": {
    "evaluation_time": 38.29,
    "map_at_1": 0.29794,
    "map_at_10": 0.41259,
    "map_at_100": 0.42589,
    "map_at_1000": 0.42692,
    "map_at_3": 0.3755,
    "map_at_5": 0.39478,
    "mrr_at_1": 0.36644,
    "mrr_at_10": 0.46735,
    "mrr_at_100": 0.47529,
    "mrr_at_1000": 0.47572,
    "mrr_at_3": 0.44007,
    "mrr_at_5": 0.45462,
    "ndcg_at_1": 0.36644,
    "ndcg_at_10": 0.47743,
    "ndcg_at_100": 0.53062,
    "ndcg_at_1000": 0.54947,
    "ndcg_at_3": 0.4196,
    "ndcg_at_5": 0.44313,
    "precision_at_1": 0.36644,
    "precision_at_10": 0.08916,
    "precision_at_100": 0.01337,
    "precision_at_1000": 0.00168,
    "precision_at_3": 0.20129,
    "precision_at_5": 0.14384,
    "recall_at_1": 0.29794,
    "recall_at_10": 0.61425,
    "recall_at_100": 0.83986,
    "recall_at_1000": 0.96363,
    "recall_at_3": 0.45029,
    "recall_at_5": 0.51389
  }
}