{
  "dataset_revision": "6c6430d3a6d36f8d2a829195bc5dc94d7e063e53",
  "mteb_dataset_name": "CQADupstackUnixRetrieval",
  "mteb_version": "1.2.0",
  "test": {
    "evaluation_time": 66.59,
    "map_at_1": 0.31509,
    "map_at_10": 0.40981,
    "map_at_100": 0.42242,
    "map_at_1000": 0.42335,
    "map_at_3": 0.38116,
    "map_at_5": 0.39784,
    "mrr_at_1": 0.3666,
    "mrr_at_10": 0.45037,
    "mrr_at_100": 0.45911,
    "mrr_at_1000": 0.4596,
    "mrr_at_3": 0.426,
    "mrr_at_5": 0.44041,
    "ndcg_at_1": 0.3666,
    "ndcg_at_10": 0.46365,
    "ndcg_at_100": 0.51727,
    "ndcg_at_1000": 0.53713,
    "ndcg_at_3": 0.41438,
    "ndcg_at_5": 0.43813,
    "precision_at_1": 0.3666,
    "precision_at_10": 0.07696,
    "precision_at_100": 0.01163,
    "precision_at_1000": 0.00144,
    "precision_at_3": 0.18657,
    "precision_at_5": 0.1306,
    "recall_at_1": 0.31509,
    "recall_at_10": 0.58544,
    "recall_at_100": 0.81198,
    "recall_at_1000": 0.94856,
    "recall_at_3": 0.4507,
    "recall_at_5": 0.51055
  }
}