{
  "dataset_revision": "4ffe81d471b1924886b33c7567bfb200e9eec5c4",
  "mteb_dataset_name": "CQADupstackWordpressRetrieval",
  "mteb_version": "1.2.0",
  "test": {
    "evaluation_time": 68.37,
    "map_at_1": 0.25145,
    "map_at_10": 0.33682,
    "map_at_100": 0.34649,
    "map_at_1000": 0.34749,
    "map_at_3": 0.31078,
    "map_at_5": 0.32576,
    "mrr_at_1": 0.27172,
    "mrr_at_10": 0.35754,
    "mrr_at_100": 0.36617,
    "mrr_at_1000": 0.36689,
    "mrr_at_3": 0.33549,
    "mrr_at_5": 0.34797,
    "ndcg_at_1": 0.27172,
    "ndcg_at_10": 0.38656,
    "ndcg_at_100": 0.43386,
    "ndcg_at_1000": 0.45931,
    "ndcg_at_3": 0.33758,
    "ndcg_at_5": 0.36153,
    "precision_at_1": 0.27172,
    "precision_at_10": 0.05989,
    "precision_at_100": 0.00898,
    "precision_at_1000": 0.00124,
    "precision_at_3": 0.14418,
    "precision_at_5": 0.10166,
    "recall_at_1": 0.25145,
    "recall_at_10": 0.52009,
    "recall_at_100": 0.73526,
    "recall_at_1000": 0.92486,
    "recall_at_3": 0.3866,
    "recall_at_5": 0.44402
  }
}