{
  "dataset_revision": "f46a197baaae43b4f621051089b82a364682dfeb",
  "mteb_dataset_name": "CQADupstackAndroidRetrieval",
  "mteb_version": "1.2.0",
  "test": {
    "evaluation_time": 29.78,
    "map_at_1": 0.36485,
    "map_at_10": 0.48722,
    "map_at_100": 0.50255,
    "map_at_1000": 0.50359,
    "map_at_3": 0.44924,
    "map_at_5": 0.46931,
    "mrr_at_1": 0.45494,
    "mrr_at_10": 0.55117,
    "mrr_at_100": 0.55735,
    "mrr_at_1000": 0.55767,
    "mrr_at_3": 0.52647,
    "mrr_at_5": 0.5417,
    "ndcg_at_1": 0.45494,
    "ndcg_at_10": 0.55437,
    "ndcg_at_100": 0.60456,
    "ndcg_at_1000": 0.61886,
    "ndcg_at_3": 0.50484,
    "ndcg_at_5": 0.52626,
    "precision_at_1": 0.45494,
    "precision_at_10": 0.10672,
    "precision_at_100": 0.01665,
    "precision_at_1000": 0.00207,
    "precision_at_3": 0.24225,
    "precision_at_5": 0.17339,
    "recall_at_1": 0.36485,
    "recall_at_10": 0.67691,
    "recall_at_100": 0.88746,
    "recall_at_1000": 0.97491,
    "recall_at_3": 0.52781,
    "recall_at_5": 0.59131
  }
}