{
  "dataset_revision": "27a168819829fe9bcd655c2df245fb19452e8e06",
  "mteb_dataset_name": "FiQA2018",
  "mteb_version": "1.2.0",
  "test": {
    "evaluation_time": 70.75,
    "map_at_1": 0.20391,
    "map_at_10": 0.35053,
    "map_at_100": 0.37049,
    "map_at_1000": 0.37235,
    "map_at_3": 0.3037,
    "map_at_5": 0.32811,
    "mrr_at_1": 0.41049,
    "mrr_at_10": 0.50734,
    "mrr_at_100": 0.51481,
    "mrr_at_1000": 0.51517,
    "mrr_at_3": 0.47942,
    "mrr_at_5": 0.49432,
    "ndcg_at_1": 0.41049,
    "ndcg_at_10": 0.43354,
    "ndcg_at_100": 0.50167,
    "ndcg_at_1000": 0.53149,
    "ndcg_at_3": 0.39091,
    "ndcg_at_5": 0.40197,
    "precision_at_1": 0.41049,
    "precision_at_10": 0.12299,
    "precision_at_100": 0.01948,
    "precision_at_1000": 0.00246,
    "precision_at_3": 0.26646,
    "precision_at_5": 0.19414,
    "recall_at_1": 0.20391,
    "recall_at_10": 0.51475,
    "recall_at_100": 0.76146,
    "recall_at_1000": 0.942,
    "recall_at_3": 0.35706,
    "recall_at_5": 0.41873
  }
}