{
  "dataset_revision": "ec0fa4fe99da2ff19ca1214b7966684033a58814",
  "mteb_dataset_name": "NFCorpus",
  "mteb_version": "1.2.0",
  "test": {
    "evaluation_time": 4.31,
    "map_at_1": 0.07449,
    "map_at_10": 0.16006,
    "map_at_100": 0.20688,
    "map_at_1000": 0.22389,
    "map_at_3": 0.11765,
    "map_at_5": 0.13648,
    "mrr_at_1": 0.53251,
    "mrr_at_10": 0.6184,
    "mrr_at_100": 0.62246,
    "mrr_at_1000": 0.62275,
    "mrr_at_3": 0.59907,
    "mrr_at_5": 0.61146,
    "ndcg_at_1": 0.51084,
    "ndcg_at_10": 0.4052,
    "ndcg_at_100": 0.37912,
    "ndcg_at_1000": 0.46508,
    "ndcg_at_3": 0.45814,
    "ndcg_at_5": 0.43631,
    "precision_at_1": 0.52941,
    "precision_at_10": 0.29659,
    "precision_at_100": 0.09601,
    "precision_at_1000": 0.02259,
    "precision_at_3": 0.42208,
    "precision_at_5": 0.37214,
    "recall_at_1": 0.07449,
    "recall_at_10": 0.20289,
    "recall_at_100": 0.3837,
    "recall_at_1000": 0.70133,
    "recall_at_3": 0.12918,
    "recall_at_5": 0.15913
  }
}