{
  "dataset_revision": "6031580fec1f6af667f0bd2da0a551cf4f0b2375",
  "mteb_dataset_name": "STS14",
  "mteb_version": "1.2.0",
  "test": {
    "cos_sim": {
      "pearson": 0.8688921858214834,
      "spearman": 0.8381816551534561
    },
    "euclidean": {
      "pearson": 0.8600323054932117,
      "spearman": 0.8381816551534561
    },
    "evaluation_time": 0.97,
    "manhattan": {
      "pearson": 0.8585252021419914,
      "spearman": 0.8365387801775367
    }
  }
}