{
  "dataset_revision": "b0fddb56ed78048fa8b90373c8a3cfc37b684831",
  "mteb_dataset_name": "STSBenchmark",
  "mteb_version": "1.1.2",
  "test": {
    "cos_sim": {
      "pearson": 0.8838305729756416,
      "spearman": 0.8949744628601446
    },
    "euclidean": {
      "pearson": 0.8944876301291831,
      "spearman": 0.8949744628601446
    },
    "evaluation_time": 4.18,
    "manhattan": {
      "pearson": 0.8939587525303762,
      "spearman": 0.8939307418824263
    }
  }
}