{
  "dataset_revision": "af5e6fb845001ecf41f4c1e033ce921939a2a68d",
  "mteb_dataset_name": "STS17",
  "mteb_version": "1.1.2",
  "test": {
    "en-en": {
      "cos_sim": {
        "pearson": 0.9063188819744243,
        "spearman": 0.9066803733801073
      },
      "euclidean": {
        "pearson": 0.9083281603370666,
        "spearman": 0.9040426442466382
      },
      "manhattan": {
        "pearson": 0.8888678668075404,
        "spearman": 0.882423029024588
      }
    },
    "evaluation_time": 0.08
  }
}