{
  "dataset_revision": "a0d554a64d88156834ff5ae9920b964011b16384",
  "mteb_dataset_name": "STS12",
  "mteb_version": "1.1.2",
  "test": {
    "cos_sim": {
      "pearson": 0.8426239626417215,
      "spearman": 0.7552799481913078
    },
    "euclidean": {
      "pearson": 0.8416292196304888,
      "spearman": 0.7828665756597156
    },
    "evaluation_time": 0.64,
    "manhattan": {
      "pearson": 0.778706694351807,
      "spearman": 0.7650297102273717
    }
  }
}