{
  "dataset_revision": "eea2b4fe26a775864c896887d910b76a8098ad3f",
  "mteb_dataset_name": "STS22",
  "mteb_version": "1.1.2",
  "test": {
    "en": {
      "cos_sim": {
        "pearson": 0.6870287373405234,
        "spearman": 0.6911054159623436
      },
      "euclidean": {
        "pearson": 0.7067514481348702,
        "spearman": 0.6956052738755356
      },
      "manhattan": {
        "pearson": 0.7038242366755053,
        "spearman": 0.6868505313231378
      }
    },
    "evaluation_time": 0.09
  }
}