{
  "dataset_revision": "e8379541af4e31359cca9fbcf4b00f2671dba205",
  "mteb_dataset_name": "AmazonCounterfactualClassification",
  "mteb_version": "1.1.2",
  "test": {
    "en": {
      "accuracy": 0.761044776119403,
      "accuracy_stderr": 0.03632389381317682,
      "ap": 0.3932166229656945,
      "ap_stderr": 0.03898056615296786,
      "f1": 0.7013589689555036,
      "f1_stderr": 0.034695931839553926,
      "main_score": 0.761044776119403
    },
    "evaluation_time": 1.3
  }
}