{
  "dataset_revision": "4f58c6b202a23cf9a4da393831edf4f9183cad37",
  "mteb_dataset_name": "EmotionClassification",
  "mteb_version": "1.1.2",
  "test": {
    "accuracy": 0.55445,
    "accuracy_stderr": 0.024247113230238346,
    "evaluation_time": 0.78,
    "f1": 0.4909740226306994,
    "f1_stderr": 0.013804966061028968,
    "main_score": 0.55445
  }
}