{
  "dataset_revision": "ae752c7c21bf194d8b67fd573edf7ae58183cbe3",
  "mteb_dataset_name": "STS15",
  "mteb_version": "1.1.2",
  "test": {
    "cos_sim": {
      "pearson": 0.880544931735189,
      "spearman": 0.8913866513696188
    },
    "euclidean": {
      "pearson": 0.8976778739785986,
      "spearman": 0.9042661004388971
    },
    "evaluation_time": 0.33,
    "manhattan": {
      "pearson": 0.8726083647412642,
      "spearman": 0.8816191071388093
    }
  }
}