{
  "dataset_revision": "e8379541af4e31359cca9fbcf4b00f2671dba205",
  "mteb_dataset_name": "AmazonCounterfactualClassification",
  "mteb_version": "1.1.2",
  "test": {
    "en": {
      "accuracy": 0.768955223880597,
      "accuracy_stderr": 0.036861743702763135,
      "ap": 0.40291260678543217,
      "ap_stderr": 0.04166192436650891,
      "f1": 0.7092976596245661,
      "f1_stderr": 0.03573098243331105,
      "main_score": 0.768955223880597
    },
    "evaluation_time": 1.15
  }
}