{
  "dataset_revision": null,
  "mteb_dataset_name": "ArguAna",
  "mteb_version": "1.1.2",
  "test": {
    "evaluation_time": 1.53,
    "map_at_1": 0.40327,
    "map_at_10": 0.56786,
    "map_at_100": 0.573,
    "map_at_1000": 0.57303,
    "map_at_3": 0.5256,
    "map_at_5": 0.55366,
    "mrr_at_1": 0.41394,
    "mrr_at_10": 0.57179,
    "mrr_at_100": 0.57692,
    "mrr_at_1000": 0.57695,
    "mrr_at_3": 0.53082,
    "mrr_at_5": 0.55756,
    "ndcg_at_1": 0.40327,
    "ndcg_at_10": 0.6502,
    "ndcg_at_100": 0.67022,
    "ndcg_at_1000": 0.67089,
    "ndcg_at_3": 0.56611,
    "ndcg_at_5": 0.61628,
    "precision_at_1": 0.40327,
    "precision_at_10": 0.09083,
    "precision_at_100": 0.00991,
    "precision_at_1000": 0.001,
    "precision_at_3": 0.22783,
    "precision_at_5": 0.16088,
    "recall_at_1": 0.40327,
    "recall_at_10": 0.90825,
    "recall_at_100": 0.99147,
    "recall_at_1000": 0.99644,
    "recall_at_3": 0.6835,
    "recall_at_5": 0.80441
  }
}