{
  "dataset_revision": null,
  "mteb_dataset_name": "SciFact",
  "mteb_version": "1.1.2",
  "test": {
    "evaluation_time": 0.67,
    "map_at_1": 0.60028,
    "map_at_10": 0.69163,
    "map_at_100": 0.69685,
    "map_at_1000": 0.69704,
    "map_at_3": 0.66535,
    "map_at_5": 0.67839,
    "mrr_at_1": 0.62333,
    "mrr_at_10": 0.69809,
    "mrr_at_100": 0.70253,
    "mrr_at_1000": 0.7027,
    "mrr_at_3": 0.67944,
    "mrr_at_5": 0.69028,
    "ndcg_at_1": 0.62333,
    "ndcg_at_10": 0.73312,
    "ndcg_at_100": 0.75652,
    "ndcg_at_1000": 0.76145,
    "ndcg_at_3": 0.68884,
    "ndcg_at_5": 0.70748,
    "precision_at_1": 0.62333,
    "precision_at_10": 0.09667,
    "precision_at_100": 0.01087,
    "precision_at_1000": 0.00113,
    "precision_at_3": 0.26778,
    "precision_at_5": 0.17333,
    "recall_at_1": 0.60028,
    "recall_at_10": 0.85256,
    "recall_at_100": 0.95833,
    "recall_at_1000": 0.99667,
    "recall_at_3": 0.73117,
    "recall_at_5": 0.77861
  }
}