{
  "dataset_revision": "e8379541af4e31359cca9fbcf4b00f2671dba205",
  "mteb_dataset_name": "AmazonCounterfactualClassification",
  "mteb_version": "1.2.0",
  "test": {
    "en": {
      "accuracy": 0.7647761194029851,
      "accuracy_stderr": 0.03761194029850745,
      "ap": 0.3988517515129085,
      "ap_stderr": 0.040141851376222636,
      "f1": 0.7055525387232657,
      "f1_stderr": 0.03565377433211732,
      "main_score": 0.7647761194029851
    },
    "evaluation_time": 13.39
  }
}