{
  "dataset_revision": "ad9991cb51e31e31e430383c75ffb2885547b5f0",
  "mteb_dataset_name": "CQADupstackEnglishRetrieval",
  "mteb_version": "1.2.0",
  "test": {
    "evaluation_time": 54.18,
    "map_at_1": 0.34403,
    "map_at_10": 0.4521,
    "map_at_100": 0.46496,
    "map_at_1000": 0.46621,
    "map_at_3": 0.42005,
    "map_at_5": 0.43765,
    "mrr_at_1": 0.43057,
    "mrr_at_10": 0.514,
    "mrr_at_100": 0.52017,
    "mrr_at_1000": 0.52055,
    "mrr_at_3": 0.49278,
    "mrr_at_5": 0.50511,
    "ndcg_at_1": 0.43057,
    "ndcg_at_10": 0.51005,
    "ndcg_at_100": 0.55259,
    "ndcg_at_1000": 0.57072,
    "ndcg_at_3": 0.46875,
    "ndcg_at_5": 0.48684,
    "precision_at_1": 0.43057,
    "precision_at_10": 0.09592,
    "precision_at_100": 0.01512,
    "precision_at_1000": 0.00197,
    "precision_at_3": 0.22633,
    "precision_at_5": 0.15834,
    "recall_at_1": 0.34403,
    "recall_at_10": 0.60797,
    "recall_at_100": 0.78703,
    "recall_at_1000": 0.89958,
    "recall_at_3": 0.48079,
    "recall_at_5": 0.53585
  }
}