{
  "dataset_revision": "0228b52cf27578f30900b9e5271d331663a030d7",
  "mteb_dataset_name": "SciFact",
  "mteb_version": "1.2.0",
  "test": {
    "evaluation_time": 6.95,
    "map_at_1": 0.61828,
    "map_at_10": 0.71153,
    "map_at_100": 0.7164,
    "map_at_1000": 0.71654,
    "map_at_3": 0.67963,
    "map_at_5": 0.6983,
    "mrr_at_1": 0.65,
    "mrr_at_10": 0.72201,
    "mrr_at_100": 0.72571,
    "mrr_at_1000": 0.72584,
    "mrr_at_3": 0.69722,
    "mrr_at_5": 0.71322,
    "ndcg_at_1": 0.65,
    "ndcg_at_10": 0.75585,
    "ndcg_at_100": 0.77661,
    "ndcg_at_1000": 0.77957,
    "ndcg_at_3": 0.70208,
    "ndcg_at_5": 0.72969,
    "precision_at_1": 0.65,
    "precision_at_10": 0.1,
    "precision_at_100": 0.01107,
    "precision_at_1000": 0.00113,
    "precision_at_3": 0.27111,
    "precision_at_5": 0.18067,
    "recall_at_1": 0.61828,
    "recall_at_10": 0.88256,
    "recall_at_100": 0.97833,
    "recall_at_1000": 1.0,
    "recall_at_3": 0.73739,
    "recall_at_5": 0.80744
  }
}