{
  "dataset_revision": "d66bd1f72af766a5cc4b0ca5e00c162f89e8cc46",
  "mteb_dataset_name": "SprintDuplicateQuestions",
  "mteb_version": "1.2.0",
  "test": {
    "cos_sim": {
      "accuracy": 0.9988712871287129,
      "accuracy_threshold": 0.7869910448701245,
      "ap": 0.9710394285888403,
      "f1": 0.942713567839196,
      "f1_threshold": 0.7869910448701245,
      "precision": 0.9474747474747475,
      "recall": 0.938
    },
    "dot": {
      "accuracy": 0.9988712871287129,
      "accuracy_threshold": 0.7869910448701245,
      "ap": 0.9710394285888403,
      "f1": 0.942713567839196,
      "f1_threshold": 0.7869910448701245,
      "precision": 0.9474747474747475,
      "recall": 0.938
    },
    "euclidean": {
      "accuracy": 0.9988712871287129,
      "accuracy_threshold": 0.6526999510465623,
      "ap": 0.9710394285888403,
      "f1": 0.942713567839196,
      "f1_threshold": 0.6526999510465623,
      "precision": 0.9474747474747475,
      "recall": 0.938
    },
    "evaluation_time": 57.92,
    "manhattan": {
      "accuracy": 0.9988415841584158,
      "accuracy_threshold": 33.26705230216308,
      "ap": 0.9706570321794883,
      "f1": 0.9417040358744393,
      "f1_threshold": 33.93680926733519,
      "precision": 0.9384309831181727,
      "recall": 0.945
    },
    "max": {
      "accuracy": 0.9988712871287129,
      "ap": 0.9710394285888403,
      "f1": 0.942713567839196
    }
  }
}