{
  "dataset_revision": "6031580fec1f6af667f0bd2da0a551cf4f0b2375",
  "mteb_dataset_name": "STS14",
  "mteb_version": "1.1.2",
  "test": {
    "cos_sim": {
      "pearson": 0.8640210450950218,
      "spearman": 0.8406265525551789
    },
    "euclidean": {
      "pearson": 0.8535917376048883,
      "spearman": 0.8406265525551789
    },
    "evaluation_time": 8.44,
    "manhattan": {
      "pearson": 0.8517252924346426,
      "spearman": 0.8390109306639832
    }
  }
}