{
  "dataset_revision": "70970daeab8776df92f5ea462b6173c0b46fd2d1",
  "mteb_dataset_name": "TwitterSemEval2015",
  "mteb_version": "1.2.0",
  "test": {
    "cos_sim": {
      "accuracy": 0.8775108779877213,
      "accuracy_threshold": 0.8096534823139605,
      "ap": 0.7892415376533537,
      "f1": 0.7206141454820035,
      "f1_threshold": 0.7788671730238709,
      "precision": 0.6888835418671799,
      "recall": 0.7554089709762533
    },
    "dot": {
      "accuracy": 0.8775108779877213,
      "accuracy_threshold": 0.8096534823139608,
      "ap": 0.7892415376533537,
      "f1": 0.7206141454820035,
      "f1_threshold": 0.7788671730238714,
      "precision": 0.6888835418671799,
      "recall": 0.7554089709762533
    },
    "euclidean": {
      "accuracy": 0.8775108779877213,
      "accuracy_threshold": 0.617003269957676,
      "ap": 0.7892415376533537,
      "f1": 0.7206141454820035,
      "f1_threshold": 0.6650305657139979,
      "precision": 0.6888835418671799,
      "recall": 0.7554089709762533
    },
    "evaluation_time": 14.16,
    "manhattan": {
      "accuracy": 0.8778089050485784,
      "accuracy_threshold": 31.45139456357836,
      "ap": 0.7907075593725692,
      "f1": 0.71961060586653,
      "f1_threshold": 33.72942795838158,
      "precision": 0.6992780682101071,
      "recall": 0.7411609498680739
    },
    "max": {
      "accuracy": 0.8778089050485784,
      "ap": 0.7907075593725692,
      "f1": 0.7206141454820035
    }
  }
}