{
  "dataset_revision": "4f58c6b202a23cf9a4da393831edf4f9183cad37",
  "mteb_dataset_name": "EmotionClassification",
  "mteb_version": "1.1.2",
  "test": {
    "accuracy": 0.55765,
    "accuracy_stderr": 0.024545926342267058,
    "evaluation_time": 2.15,
    "f1": 0.49300021968259944,
    "f1_stderr": 0.013691426463206882,
    "main_score": 0.55765
  }
}