{
  "dataset_revision": "a0d554a64d88156834ff5ae9920b964011b16384",
  "mteb_dataset_name": "STS12",
  "mteb_version": "1.1.2",
  "test": {
    "cos_sim": {
      "pearson": 0.841293584561114,
      "spearman": 0.75299455600512
    },
    "euclidean": {
      "pearson": 0.8405711567911993,
      "spearman": 0.7778361333419471
    },
    "evaluation_time": 0.55,
    "manhattan": {
      "pearson": 0.7925975646712066,
      "spearman": 0.7652891152687447
    }
  }
}