{
  "dataset_revision": "ae752c7c21bf194d8b67fd573edf7ae58183cbe3",
  "mteb_dataset_name": "STS15",
  "mteb_version": "1.1.2",
  "test": {
    "cos_sim": {
      "pearson": 0.8805128715923354,
      "spearman": 0.8915799712778295
    },
    "euclidean": {
      "pearson": 0.8971175311488417,
      "spearman": 0.9034999365146786
    },
    "evaluation_time": 0.63,
    "manhattan": {
      "pearson": 0.8736391732283574,
      "spearman": 0.8828675784690135
    }
  }
}