{
  "dataset_revision": "7e90230a92c190f1bf69ae9002b8cea547a64cca",
  "mteb_dataset_name": "STS13",
  "mteb_version": "1.1.2",
  "test": {
    "cos_sim": {
      "pearson": 0.8731284248045867,
      "spearman": 0.8772794129926269
    },
    "euclidean": {
      "pearson": 0.8864135065176102,
      "spearman": 0.8937265095324661
    },
    "evaluation_time": 0.29,
    "manhattan": {
      "pearson": 0.8625942392885126,
      "spearman": 0.8685880557643628
    }
  }
}