{
  "dataset_revision": "ae752c7c21bf194d8b67fd573edf7ae58183cbe3",
  "mteb_dataset_name": "STS15",
  "mteb_version": "1.2.0",
  "test": {
    "cos_sim": {
      "pearson": 0.8782268799345184,
      "spearman": 0.8888748427035872
    },
    "euclidean": {
      "pearson": 0.89437538466547,
      "spearman": 0.9008603958630831
    },
    "evaluation_time": 0.28,
    "manhattan": {
      "pearson": 0.864618222476382,
      "spearman": 0.8722361655022248
    }
  }
}