{
  "dataset_revision": "a0d554a64d88156834ff5ae9920b964011b16384",
  "mteb_dataset_name": "STS12",
  "mteb_version": "1.1.2",
  "test": {
    "cos_sim": {
      "pearson": 0.8393355789997179,
      "spearman": 0.7496582796265207
    },
    "euclidean": {
      "pearson": 0.8019834813657833,
      "spearman": 0.7496582796265207
    },
    "evaluation_time": 0.49,
    "manhattan": {
      "pearson": 0.8005988494550729,
      "spearman": 0.7496158999608509
    }
  }
}