{
  "dataset_revision": "af5e6fb845001ecf41f4c1e033ce921939a2a68d",
  "mteb_dataset_name": "STS17",
  "mteb_version": "1.1.2",
  "test": {
    "en-en": {
      "cos_sim": {
        "pearson": 0.9167673010806578,
        "spearman": 0.9138090074197732
      },
      "euclidean": {
        "pearson": 0.9136349637530012,
        "spearman": 0.9138090074197732
      },
      "manhattan": {
        "pearson": 0.9131150829652597,
        "spearman": 0.9137167522475155
      }
    },
    "evaluation_time": 0.08
  }
}