{
  "dataset_revision": null,
  "mteb_dataset_name": "SciFact",
  "mteb_version": "1.1.2",
  "test": {
    "evaluation_time": 0.8,
    "map_at_1": 0.57761,
    "map_at_10": 0.67181,
    "map_at_100": 0.67782,
    "map_at_1000": 0.67805,
    "map_at_3": 0.64281,
    "map_at_5": 0.65873,
    "mrr_at_1": 0.60333,
    "mrr_at_10": 0.68015,
    "mrr_at_100": 0.68461,
    "mrr_at_1000": 0.68484,
    "mrr_at_3": 0.65889,
    "mrr_at_5": 0.67089,
    "ndcg_at_1": 0.60333,
    "ndcg_at_10": 0.71572,
    "ndcg_at_100": 0.74034,
    "ndcg_at_1000": 0.74657,
    "ndcg_at_3": 0.66599,
    "ndcg_at_5": 0.68848,
    "precision_at_1": 0.60333,
    "precision_at_10": 0.09533,
    "precision_at_100": 0.0108,
    "precision_at_1000": 0.00113,
    "precision_at_3": 0.25778,
    "precision_at_5": 0.17,
    "recall_at_1": 0.57761,
    "recall_at_10": 0.84189,
    "recall_at_100": 0.95167,
    "recall_at_1000": 1.0,
    "recall_at_3": 0.70506,
    "recall_at_5": 0.76222
  }
}