{
  "dataset_revision": "b0fddb56ed78048fa8b90373c8a3cfc37b684831",
  "mteb_dataset_name": "STSBenchmark",
  "mteb_version": "1.1.2",
  "test": {
    "cos_sim": {
      "pearson": 0.8560799363150129,
      "spearman": 0.8708203206026149
    },
    "euclidean": {
      "pearson": 0.8774541019930663,
      "spearman": 0.8791388316118516
    },
    "evaluation_time": 0.22,
    "manhattan": {
      "pearson": 0.8834545360378279,
      "spearman": 0.8802982199762247
    }
  }
}