{
  "dataset_revision": null,
  "mteb_dataset_name": "ArguAna",
  "mteb_version": "1.1.2",
  "test": {
    "evaluation_time": 1.63,
    "map_at_1": 0.39118,
    "map_at_10": 0.55319,
    "map_at_100": 0.5588,
    "map_at_1000": 0.55884,
    "map_at_3": 0.5096,
    "map_at_5": 0.5377,
    "mrr_at_1": 0.39972,
    "mrr_at_10": 0.55654,
    "mrr_at_100": 0.56208,
    "mrr_at_1000": 0.56212,
    "mrr_at_3": 0.51339,
    "mrr_at_5": 0.54099,
    "ndcg_at_1": 0.39118,
    "ndcg_at_10": 0.63672,
    "ndcg_at_100": 0.65853,
    "ndcg_at_1000": 0.6594,
    "ndcg_at_3": 0.54925,
    "ndcg_at_5": 0.59975,
    "precision_at_1": 0.39118,
    "precision_at_10": 0.08997,
    "precision_at_100": 0.0099,
    "precision_at_1000": 0.001,
    "precision_at_3": 0.22143,
    "precision_at_5": 0.15733,
    "recall_at_1": 0.39118,
    "recall_at_10": 0.89972,
    "recall_at_100": 0.99004,
    "recall_at_1000": 0.99644,
    "recall_at_3": 0.6643,
    "recall_at_5": 0.78663
  }
}