{
  "dataset_revision": "4f58c6b202a23cf9a4da393831edf4f9183cad37",
  "mteb_dataset_name": "EmotionClassification",
  "mteb_version": "1.1.2",
  "test": {
    "accuracy": 0.55125,
    "accuracy_stderr": 0.026408568685182474,
    "evaluation_time": 2.4,
    "f1": 0.485566664059252,
    "f1_stderr": 0.015130587701325556,
    "main_score": 0.55125
  }
}