{
  "dataset_revision": "70970daeab8776df92f5ea462b6173c0b46fd2d1",
  "mteb_dataset_name": "TwitterSemEval2015",
  "mteb_version": "1.1.2",
  "test": {
    "cos_sim": {
      "accuracy": 0.877332061751207,
      "accuracy_threshold": 0.7395454141140845,
      "ap": 0.7865574825413246,
      "f1": 0.7186396337475475,
      "f1_threshold": 0.7120671081963621,
      "precision": 0.7125810635538262,
      "recall": 0.724802110817942
    },
    "dot": {
      "accuracy": 0.8577814865589796,
      "accuracy_threshold": 0.40848475140916185,
      "ap": 0.7346797224537043,
      "f1": 0.6772658988482724,
      "f1_threshold": 0.3840894876332305,
      "precision": 0.6443544545021439,
      "recall": 0.7137203166226913
    },
    "euclidean": {
      "accuracy": 0.877332061751207,
      "accuracy_threshold": 0.5371514113961147,
      "ap": 0.7918424310337451,
      "f1": 0.7224500256278832,
      "f1_threshold": 0.5691643084439416,
      "precision": 0.7022919780767315,
      "recall": 0.7437994722955145
    },
    "evaluation_time": 2.09,
    "manhattan": {
      "accuracy": 0.8703582285271503,
      "accuracy_threshold": 10.37648787961124,
      "ap": 0.7727664166391103,
      "f1": 0.7074761665830406,
      "f1_threshold": 11.031861401981654,
      "precision": 0.6743185078909613,
      "recall": 0.7440633245382586
    },
    "max": {
      "accuracy": 0.877332061751207,
      "ap": 0.7918424310337451,
      "f1": 0.7224500256278832
    }
  }
}