{
  "dataset_revision": "d3fb88f8f02e40887cd149695127462bbcf29b4a",
  "mteb_dataset_name": "BIOSSES",
  "mteb_version": "1.1.2",
  "test": {
    "cos_sim": {
      "pearson": 0.8735597966349247,
      "spearman": 0.8553869604516869
    },
    "euclidean": {
      "pearson": 0.8539310123737474,
      "spearman": 0.8553869604516869
    },
    "evaluation_time": 0.06,
    "manhattan": {
      "pearson": 0.8530358572686216,
      "spearman": 0.8549050217595435
    }
  }
}