{
  "dataset_revision": "65ac3a16b8e91f9cee4c9828cc7c335575432a2a",
  "mteb_dataset_name": "CQADupstackStatsRetrieval",
  "mteb_version": "1.2.0",
  "test": {
    "evaluation_time": 11.17,
    "map_at_1": 0.28094,
    "map_at_10": 0.35117,
    "map_at_100": 0.36069,
    "map_at_1000": 0.36172,
    "map_at_3": 0.32811,
    "map_at_5": 0.34192,
    "mrr_at_1": 0.31595,
    "mrr_at_10": 0.38022,
    "mrr_at_100": 0.38865,
    "mrr_at_1000": 0.3894,
    "mrr_at_3": 0.36043,
    "mrr_at_5": 0.37255,
    "ndcg_at_1": 0.31595,
    "ndcg_at_10": 0.39213,
    "ndcg_at_100": 0.43835,
    "ndcg_at_1000": 0.46305,
    "ndcg_at_3": 0.35173,
    "ndcg_at_5": 0.37291,
    "precision_at_1": 0.31595,
    "precision_at_10": 0.05997,
    "precision_at_100": 0.00902,
    "precision_at_1000": 0.00118,
    "precision_at_3": 0.14826,
    "precision_at_5": 0.10368,
    "recall_at_1": 0.28094,
    "recall_at_10": 0.48888,
    "recall_at_100": 0.69754,
    "recall_at_1000": 0.87828,
    "recall_at_3": 0.37897,
    "recall_at_5": 0.43124
  }
}