{
  "dataset_revision": "eea2b4fe26a775864c896887d910b76a8098ad3f",
  "mteb_dataset_name": "STS22",
  "mteb_version": "1.2.0",
  "test": {
    "en": {
      "cos_sim": {
        "pearson": 0.677983870136816,
        "spearman": 0.6794248298219686
      },
      "euclidean": {
        "pearson": 0.695025869000983,
        "spearman": 0.6794248298219686
      },
      "manhattan": {
        "pearson": 0.6959391841004772,
        "spearman": 0.679296239199743
      }
    },
    "evaluation_time": 0.04
  }
}