{
  "dataset_revision": null,
  "mteb_dataset_name": "ArguAna",
  "mteb_version": "1.1.2",
  "test": {
    "evaluation_time": 1.91,
    "map_at_1": 0.3798,
    "map_at_10": 0.54975,
    "map_at_100": 0.55556,
    "map_at_1000": 0.5556,
    "map_at_3": 0.50925,
    "map_at_5": 0.53378,
    "mrr_at_1": 0.38549,
    "mrr_at_10": 0.55189,
    "mrr_at_100": 0.5577,
    "mrr_at_1000": 0.55774,
    "mrr_at_3": 0.51185,
    "mrr_at_5": 0.53593,
    "ndcg_at_1": 0.3798,
    "ndcg_at_10": 0.63413,
    "ndcg_at_100": 0.65652,
    "ndcg_at_1000": 0.65721,
    "ndcg_at_3": 0.55178,
    "ndcg_at_5": 0.59601,
    "precision_at_1": 0.3798,
    "precision_at_10": 0.0899,
    "precision_at_100": 0.00991,
    "precision_at_1000": 0.001,
    "precision_at_3": 0.22499,
    "precision_at_5": 0.15647,
    "recall_at_1": 0.3798,
    "recall_at_10": 0.899,
    "recall_at_100": 0.99147,
    "recall_at_1000": 0.99644,
    "recall_at_3": 0.67496,
    "recall_at_5": 0.78236
  }
}