{
  "dataset_revision": null,
  "mteb_dataset_name": "ArguAna",
  "mteb_version": "1.1.2",
  "test": {
    "evaluation_time": 2.0,
    "map_at_1": 0.399,
    "map_at_10": 0.56274,
    "map_at_100": 0.568,
    "map_at_1000": 0.56804,
    "map_at_3": 0.51944,
    "map_at_5": 0.548,
    "mrr_at_1": 0.40896,
    "mrr_at_10": 0.56598,
    "mrr_at_100": 0.57132,
    "mrr_at_1000": 0.57135,
    "mrr_at_3": 0.52323,
    "mrr_at_5": 0.55119,
    "ndcg_at_1": 0.399,
    "ndcg_at_10": 0.64582,
    "ndcg_at_100": 0.66623,
    "ndcg_at_1000": 0.66692,
    "ndcg_at_3": 0.55916,
    "ndcg_at_5": 0.61068,
    "precision_at_1": 0.399,
    "precision_at_10": 0.09068,
    "precision_at_100": 0.00991,
    "precision_at_1000": 0.001,
    "precision_at_3": 0.22475,
    "precision_at_5": 0.15989,
    "recall_at_1": 0.399,
    "recall_at_10": 0.90683,
    "recall_at_100": 0.99147,
    "recall_at_1000": 0.99644,
    "recall_at_3": 0.67425,
    "recall_at_5": 0.79943
  }
}