{
  "dataset_revision": "ae752c7c21bf194d8b67fd573edf7ae58183cbe3",
  "mteb_dataset_name": "STS15",
  "mteb_version": "1.1.2",
  "test": {
    "cos_sim": {
      "pearson": 0.8767710921495169,
      "spearman": 0.8860405799548166
    },
    "euclidean": {
      "pearson": 0.8848059052298183,
      "spearman": 0.8907984226448366
    },
    "evaluation_time": 0.27,
    "manhattan": {
      "pearson": 0.8695835149264236,
      "spearman": 0.8791015231180084
    }
  }
}