{
  "dataset_revision": "0fd18e25b25c072e09e0d92ab615fda904d66300",
  "mteb_dataset_name": "Banking77Classification",
  "mteb_version": "1.1.2",
  "test": {
    "accuracy": 0.8511688311688312,
    "accuracy_stderr": 0.005368838080154397,
    "evaluation_time": 11.97,
    "f1": 0.8457206251939711,
    "f1_stderr": 0.0062042260202060835,
    "main_score": 0.8511688311688312
  }
}