{
  "dataset_revision": "7e90230a92c190f1bf69ae9002b8cea547a64cca",
  "mteb_dataset_name": "STS13",
  "mteb_version": "1.1.2",
  "test": {
    "cos_sim": {
      "pearson": 0.8474048691137707,
      "spearman": 0.851720047272342
    },
    "euclidean": {
      "pearson": 0.8601173002178504,
      "spearman": 0.8666252093266752
    },
    "evaluation_time": 0.16,
    "manhattan": {
      "pearson": 0.8457344820198461,
      "spearman": 0.852204498711103
    }
  }
}