{
  "dataset_revision": "eea2b4fe26a775864c896887d910b76a8098ad3f",
  "mteb_dataset_name": "STS22",
  "mteb_version": "1.1.2",
  "test": {
    "en": {
      "cos_sim": {
        "pearson": 0.6705905196360222,
        "spearman": 0.676934403847223
      },
      "euclidean": {
        "pearson": 0.6880272400086833,
        "spearman": 0.6768212766542524
      },
      "manhattan": {
        "pearson": 0.685731204270843,
        "spearman": 0.6718623990515976
      }
    },
    "evaluation_time": 0.04
  }
}