{
  "dataset_revision": "70970daeab8776df92f5ea462b6173c0b46fd2d1",
  "mteb_dataset_name": "TwitterSemEval2015",
  "mteb_version": "1.1.2",
  "test": {
    "cos_sim": {
      "accuracy": 0.8669011146212076,
      "accuracy_threshold": 0.742419997387991,
      "ap": 0.7610506847985505,
      "f1": 0.697334159950403,
      "f1_threshold": 0.7025830847622765,
      "precision": 0.6577777777777778,
      "recall": 0.7419525065963061
    },
    "dot": {
      "accuracy": 0.8595696489241224,
      "accuracy_threshold": 0.3715178708236391,
      "ap": 0.735050328655158,
      "f1": 0.6792357968828557,
      "f1_threshold": 0.35636384797192466,
      "precision": 0.6485837734037446,
      "recall": 0.7129287598944591
    },
    "euclidean": {
      "accuracy": 0.8666626929725219,
      "accuracy_threshold": 0.49028874313168935,
      "ap": 0.7622745593943192,
      "f1": 0.7024121984751905,
      "f1_threshold": 0.5439866171603583,
      "precision": 0.6672999287580147,
      "recall": 0.741424802110818
    },
    "evaluation_time": 1.18,
    "manhattan": {
      "accuracy": 0.8587351731537224,
      "accuracy_threshold": 10.247671952475041,
      "ap": 0.7416276657047745,
      "f1": 0.6859223910586463,
      "f1_threshold": 10.947271443072786,
      "precision": 0.65444524323029,
      "recall": 0.720580474934037
    },
    "max": {
      "accuracy": 0.8669011146212076,
      "ap": 0.7622745593943192,
      "f1": 0.7024121984751905
    }
  }
}