{
  "dataset_revision": "af5e6fb845001ecf41f4c1e033ce921939a2a68d",
  "mteb_dataset_name": "STS17",
  "mteb_version": "1.1.2",
  "test": {
    "en-en": {
      "cos_sim": {
        "pearson": 0.9002395824679108,
        "spearman": 0.9007106949419295
      },
      "euclidean": {
        "pearson": 0.900818647647824,
        "spearman": 0.8959107352086696
      },
      "manhattan": {
        "pearson": 0.884696783644168,
        "spearman": 0.8754735237777227
      }
    },
    "evaluation_time": 0.05
  }
}