{
  "dataset_revision": null,
  "mteb_dataset_name": "ArguAna",
  "mteb_version": "1.1.2",
  "test": {
    "evaluation_time": 2.21,
    "map_at_1": 0.36771,
    "map_at_10": 0.53838,
    "map_at_100": 0.54422,
    "map_at_1000": 0.54426,
    "map_at_3": 0.49526,
    "map_at_5": 0.52204,
    "mrr_at_1": 0.3734,
    "mrr_at_10": 0.54068,
    "mrr_at_100": 0.54645,
    "mrr_at_1000": 0.5465,
    "mrr_at_3": 0.49716,
    "mrr_at_5": 0.52404,
    "ndcg_at_1": 0.36771,
    "ndcg_at_10": 0.62468,
    "ndcg_at_100": 0.64747,
    "ndcg_at_1000": 0.64827,
    "ndcg_at_3": 0.53735,
    "ndcg_at_5": 0.58565,
    "precision_at_1": 0.36771,
    "precision_at_10": 0.08962,
    "precision_at_100": 0.00991,
    "precision_at_1000": 0.001,
    "precision_at_3": 0.21977,
    "precision_at_5": 0.15533,
    "recall_at_1": 0.36771,
    "recall_at_10": 0.89616,
    "recall_at_100": 0.99075,
    "recall_at_1000": 0.99644,
    "recall_at_3": 0.65932,
    "recall_at_5": 0.77667
  }
}