{
  "dataset_revision": "0fd18e25b25c072e09e0d92ab615fda904d66300",
  "mteb_dataset_name": "Banking77Classification",
  "mteb_version": "1.1.2",
  "test": {
    "accuracy": 0.8428896103896102,
    "accuracy_stderr": 0.005837749013412553,
    "evaluation_time": 12.25,
    "f1": 0.8363756909261463,
    "f1_stderr": 0.006637055954836791,
    "main_score": 0.8428896103896102
  }
}