{
  "dataset_revision": null,
  "mteb_dataset_name": "SciFact",
  "mteb_version": "1.1.2",
  "test": {
    "evaluation_time": 1.01,
    "map_at_1": 0.61161,
    "map_at_10": 0.70529,
    "map_at_100": 0.71042,
    "map_at_1000": 0.71064,
    "map_at_3": 0.6752,
    "map_at_5": 0.69351,
    "mrr_at_1": 0.64333,
    "mrr_at_10": 0.71633,
    "mrr_at_100": 0.72044,
    "mrr_at_1000": 0.72066,
    "mrr_at_3": 0.69389,
    "mrr_at_5": 0.70789,
    "ndcg_at_1": 0.64333,
    "ndcg_at_10": 0.74985,
    "ndcg_at_100": 0.77078,
    "ndcg_at_1000": 0.77519,
    "ndcg_at_3": 0.69936,
    "ndcg_at_5": 0.7261,
    "precision_at_1": 0.64333,
    "precision_at_10": 0.09933,
    "precision_at_100": 0.01097,
    "precision_at_1000": 0.00113,
    "precision_at_3": 0.27111,
    "precision_at_5": 0.18133,
    "recall_at_1": 0.61161,
    "recall_at_10": 0.87589,
    "recall_at_100": 0.96833,
    "recall_at_1000": 1.0,
    "recall_at_3": 0.74033,
    "recall_at_5": 0.80744
  }
}