{
  "dataset_revision": "a6ea5a8cab320b040a23452cc28066d9beae2cee",
  "mteb_dataset_name": "SICK-R",
  "mteb_version": "1.1.2",
  "test": {
    "cos_sim": {
      "pearson": 0.8727361327574267,
      "spearman": 0.8286276066401805
    },
    "euclidean": {
      "pearson": 0.8481388885980375,
      "spearman": 0.8295380296255108
    },
    "evaluation_time": 2.21,
    "manhattan": {
      "pearson": 0.8045060454388414,
      "spearman": 0.802367723636804
    }
  }
}