{
  "dataset_revision": "7e90230a92c190f1bf69ae9002b8cea547a64cca",
  "mteb_dataset_name": "STS13",
  "mteb_version": "1.1.2",
  "test": {
    "cos_sim": {
      "pearson": 0.8699081548295021,
      "spearman": 0.8740561724791193
    },
    "euclidean": {
      "pearson": 0.8824692313187413,
      "spearman": 0.8898929771172089
    },
    "evaluation_time": 0.36,
    "manhattan": {
      "pearson": 0.8591955571009383,
      "spearman": 0.8654622536149472
    }
  }
}