{
  "dataset_revision": null,
  "mteb_dataset_name": "ArguAna",
  "mteb_version": "1.1.2",
  "test": {
    "evaluation_time": 2.04,
    "map_at_1": 0.3542,
    "map_at_10": 0.52616,
    "map_at_100": 0.53168,
    "map_at_1000": 0.53171,
    "map_at_3": 0.48115,
    "map_at_5": 0.50693,
    "mrr_at_1": 0.36344,
    "mrr_at_10": 0.52968,
    "mrr_at_100": 0.53507,
    "mrr_at_1000": 0.5351,
    "mrr_at_3": 0.48447,
    "mrr_at_5": 0.51032,
    "ndcg_at_1": 0.3542,
    "ndcg_at_10": 0.61618,
    "ndcg_at_100": 0.63798,
    "ndcg_at_1000": 0.63857,
    "ndcg_at_3": 0.52354,
    "ndcg_at_5": 0.57022,
    "precision_at_1": 0.3542,
    "precision_at_10": 0.09011,
    "precision_at_100": 0.00992,
    "precision_at_1000": 0.001,
    "precision_at_3": 0.2155,
    "precision_at_5": 0.15206,
    "recall_at_1": 0.3542,
    "recall_at_10": 0.90114,
    "recall_at_100": 0.99218,
    "recall_at_1000": 0.99644,
    "recall_at_3": 0.64651,
    "recall_at_5": 0.76031
  }
}