{
  "dataset_revision": "7e90230a92c190f1bf69ae9002b8cea547a64cca",
  "mteb_dataset_name": "STS13",
  "mteb_version": "1.1.2",
  "test": {
    "cos_sim": {
      "pearson": 0.8682708952137428,
      "spearman": 0.875321693204079
    },
    "euclidean": {
      "pearson": 0.8890802875838886,
      "spearman": 0.8943411255430008
    },
    "evaluation_time": 0.25,
    "manhattan": {
      "pearson": 0.8805083365814248,
      "spearman": 0.8861414390577532
    }
  }
}