{
  "dataset_revision": "70970daeab8776df92f5ea462b6173c0b46fd2d1",
  "mteb_dataset_name": "TwitterSemEval2015",
  "mteb_version": "1.1.2",
  "test": {
    "cos_sim": {
      "accuracy": 0.8755438993860643,
      "accuracy_threshold": 0.7467741135450692,
      "ap": 0.783019481735974,
      "f1": 0.7154040404040404,
      "f1_threshold": 0.7046141458973469,
      "precision": 0.685956416464891,
      "recall": 0.7474934036939314
    },
    "dot": {
      "accuracy": 0.861775049174465,
      "accuracy_threshold": 0.3961023154142602,
      "ap": 0.745020991196849,
      "f1": 0.6845119521912351,
      "f1_threshold": 0.3684346171089653,
      "precision": 0.648043375766148,
      "recall": 0.7253298153034301
    },
    "euclidean": {
      "accuracy": 0.8778685104607499,
      "accuracy_threshold": 0.5241045756553617,
      "ap": 0.7878304081517045,
      "f1": 0.7179487179487181,
      "f1_threshold": 0.5610770262937452,
      "precision": 0.6825208085612366,
      "recall": 0.7572559366754618
    },
    "evaluation_time": 2.06,
    "manhattan": {
      "accuracy": 0.866960720033379,
      "accuracy_threshold": 11.795766765266071,
      "ap": 0.7626409237125579,
      "f1": 0.7003350291599455,
      "f1_threshold": 12.725149425773665,
      "precision": 0.6610447411571797,
      "recall": 0.7445910290237467
    },
    "max": {
      "accuracy": 0.8778685104607499,
      "ap": 0.7878304081517045,
      "f1": 0.7179487179487181
    }
  }
}