{
  "dataset_revision": "6184bc1440d2dbc7612be22b50686b8826d22b32",
  "mteb_dataset_name": "CQADupstackProgrammersRetrieval",
  "mteb_version": "1.2.0",
  "test": {
    "evaluation_time": 8.02,
    "map_at_1": 0.29446,
    "map_at_10": 0.40825,
    "map_at_100": 0.42126,
    "map_at_1000": 0.42234,
    "map_at_3": 0.36949,
    "map_at_5": 0.39127,
    "mrr_at_1": 0.36187,
    "mrr_at_10": 0.46272,
    "mrr_at_100": 0.4707,
    "mrr_at_1000": 0.47115,
    "mrr_at_3": 0.43379,
    "mrr_at_5": 0.45063,
    "ndcg_at_1": 0.36187,
    "ndcg_at_10": 0.47289,
    "ndcg_at_100": 0.52541,
    "ndcg_at_1000": 0.54495,
    "ndcg_at_3": 0.41207,
    "ndcg_at_5": 0.44092,
    "precision_at_1": 0.36187,
    "precision_at_10": 0.08847,
    "precision_at_100": 0.0132,
    "precision_at_1000": 0.00166,
    "precision_at_3": 0.19711,
    "precision_at_5": 0.14315,
    "recall_at_1": 0.29446,
    "recall_at_10": 0.60874,
    "recall_at_100": 0.8318,
    "recall_at_1000": 0.95997,
    "recall_at_3": 0.43962,
    "recall_at_5": 0.51639
  }
}