{
  "dataset_revision": "ec0fa4fe99da2ff19ca1214b7966684033a58814",
  "mteb_dataset_name": "NFCorpus",
  "mteb_version": "1.2.0",
  "test": {
    "evaluation_time": 1.0,
    "map_at_1": 0.0748,
    "map_at_10": 0.15919,
    "map_at_100": 0.20525,
    "map_at_1000": 0.22219,
    "map_at_3": 0.11765,
    "map_at_5": 0.1359,
    "mrr_at_1": 0.51084,
    "mrr_at_10": 0.60336,
    "mrr_at_100": 0.60784,
    "mrr_at_1000": 0.60817,
    "mrr_at_3": 0.58256,
    "mrr_at_5": 0.59572,
    "ndcg_at_1": 0.49226,
    "ndcg_at_10": 0.39929,
    "ndcg_at_100": 0.37445,
    "ndcg_at_1000": 0.46113,
    "ndcg_at_3": 0.45479,
    "ndcg_at_5": 0.43211,
    "precision_at_1": 0.50774,
    "precision_at_10": 0.29257,
    "precision_at_100": 0.09433,
    "precision_at_1000": 0.02247,
    "precision_at_3": 0.42208,
    "precision_at_5": 0.36966,
    "recall_at_1": 0.0748,
    "recall_at_10": 0.19899,
    "recall_at_100": 0.37925,
    "recall_at_1000": 0.69604,
    "recall_at_3": 0.12861,
    "recall_at_5": 0.15893
  }
}