{
  "dataset_revision": "0228b52cf27578f30900b9e5271d331663a030d7",
  "mteb_dataset_name": "SciFact",
  "mteb_version": "1.2.0",
  "test": {
    "evaluation_time": 1.3,
    "map_at_1": 0.60428,
    "map_at_10": 0.69922,
    "map_at_100": 0.70524,
    "map_at_1000": 0.70545,
    "map_at_3": 0.66574,
    "map_at_5": 0.69096,
    "mrr_at_1": 0.63333,
    "mrr_at_10": 0.70781,
    "mrr_at_100": 0.71235,
    "mrr_at_1000": 0.71254,
    "mrr_at_3": 0.68111,
    "mrr_at_5": 0.70211,
    "ndcg_at_1": 0.63333,
    "ndcg_at_10": 0.74288,
    "ndcg_at_100": 0.76599,
    "ndcg_at_1000": 0.77031,
    "ndcg_at_3": 0.68749,
    "ndcg_at_5": 0.72625,
    "precision_at_1": 0.63333,
    "precision_at_10": 0.09833,
    "precision_at_100": 0.01097,
    "precision_at_1000": 0.00113,
    "precision_at_3": 0.26667,
    "precision_at_5": 0.18333,
    "recall_at_1": 0.60428,
    "recall_at_10": 0.86756,
    "recall_at_100": 0.96833,
    "recall_at_1000": 1.0,
    "recall_at_3": 0.72139,
    "recall_at_5": 0.81956
  }
}