{
  "dataset_revision": "af5e6fb845001ecf41f4c1e033ce921939a2a68d",
  "mteb_dataset_name": "STS17",
  "mteb_version": "1.1.2",
  "test": {
    "en-en": {
      "cos_sim": {
        "pearson": 0.9096360540244526,
        "spearman": 0.9078889161366839
      },
      "euclidean": {
        "pearson": 0.9105533160007305,
        "spearman": 0.9078889161366839
      },
      "manhattan": {
        "pearson": 0.9088491161490535,
        "spearman": 0.9061203076051926
      }
    },
    "evaluation_time": 0.12
  }
}