{
  "dataset_revision": "ae752c7c21bf194d8b67fd573edf7ae58183cbe3",
  "mteb_dataset_name": "STS15",
  "mteb_version": "1.2.0",
  "test": {
    "cos_sim": {
      "pearson": 0.8949594195369763,
      "spearman": 0.901846425641605
    },
    "euclidean": {
      "pearson": 0.8944650633873839,
      "spearman": 0.901846425641605
    },
    "evaluation_time": 0.28,
    "manhattan": {
      "pearson": 0.8952933053933525,
      "spearman": 0.9026449030816895
    }
  }
}