{
  "dataset_revision": "6031580fec1f6af667f0bd2da0a551cf4f0b2375",
  "mteb_dataset_name": "STS14",
  "mteb_version": "1.1.2",
  "test": {
    "cos_sim": {
      "pearson": 0.8514054445784602,
      "spearman": 0.8185462033639457
    },
    "euclidean": {
      "pearson": 0.8629640796911051,
      "spearman": 0.8394214001610437
    },
    "evaluation_time": 0.41,
    "manhattan": {
      "pearson": 0.862671177277484,
      "spearman": 0.8388881415731491
    }
  }
}