{
  "dataset_revision": "a0d554a64d88156834ff5ae9920b964011b16384",
  "mteb_dataset_name": "STS12",
  "mteb_version": "1.1.2",
  "test": {
    "cos_sim": {
      "pearson": 0.8381307403150327,
      "spearman": 0.7461895617854587
    },
    "euclidean": {
      "pearson": 0.851251011857447,
      "spearman": 0.7676020117525882
    },
    "evaluation_time": 0.33,
    "manhattan": {
      "pearson": 0.8416988261212274,
      "spearman": 0.7673028371170422
    }
  }
}