{
  "dataset_revision": "6031580fec1f6af667f0bd2da0a551cf4f0b2375",
  "mteb_dataset_name": "STS14",
  "mteb_version": "1.1.2",
  "test": {
    "cos_sim": {
      "pearson": 0.8648541113704369,
      "spearman": 0.8337292121794937
    },
    "euclidean": {
      "pearson": 0.8580070988940732,
      "spearman": 0.8487825812738328
    },
    "evaluation_time": 0.43,
    "manhattan": {
      "pearson": 0.8323300367175075,
      "spearman": 0.8306894694211153
    }
  }
}