{
  "dataset_revision": "4f58c6b202a23cf9a4da393831edf4f9183cad37",
  "mteb_dataset_name": "EmotionClassification",
  "mteb_version": "1.1.2",
  "test": {
    "accuracy": 0.5650999999999999,
    "accuracy_stderr": 0.02045213925241074,
    "evaluation_time": 1.26,
    "f1": 0.5042153176587145,
    "f1_stderr": 0.010668919730449557,
    "main_score": 0.5650999999999999
  }
}