{
  "dataset_revision": "a0d554a64d88156834ff5ae9920b964011b16384",
  "mteb_dataset_name": "STS12",
  "mteb_version": "1.2.0",
  "test": {
    "cos_sim": {
      "pearson": 0.8490971997340098,
      "spearman": 0.7559240639404048
    },
    "euclidean": {
      "pearson": 0.8412383334247469,
      "spearman": 0.7786106606993128
    },
    "evaluation_time": 0.07,
    "manhattan": {
      "pearson": 0.7506319126069538,
      "spearman": 0.7469003109216947
    }
  }
}