{
  "dataset_revision": "b0fddb56ed78048fa8b90373c8a3cfc37b684831",
  "mteb_dataset_name": "STSBenchmark",
  "mteb_version": "1.2.0",
  "test": {
    "cos_sim": {
      "pearson": 0.8784639197568632,
      "spearman": 0.8834825710317455
    },
    "euclidean": {
      "pearson": 0.8923189350029006,
      "spearman": 0.8949153142961407
    },
    "evaluation_time": 0.43,
    "manhattan": {
      "pearson": 0.869234999960026,
      "spearman": 0.8744042480287215
    }
  }
}