{
  "dataset_revision": "e8379541af4e31359cca9fbcf4b00f2671dba205",
  "mteb_dataset_name": "AmazonCounterfactualClassification",
  "mteb_version": "1.1.2",
  "test": {
    "en": {
      "accuracy": 0.7392537313432836,
      "accuracy_stderr": 0.0345034470627415,
      "ap": 0.36454381113665796,
      "ap_stderr": 0.035102256669150435,
      "f1": 0.6778672643636863,
      "f1_stderr": 0.03332167124865455,
      "main_score": 0.7392537313432836
    },
    "evaluation_time": 1.13
  }
}