{
  "dataset_revision": "7e90230a92c190f1bf69ae9002b8cea547a64cca",
  "mteb_dataset_name": "STS13",
  "mteb_version": "1.1.2",
  "test": {
    "cos_sim": {
      "pearson": 0.8764214010832334,
      "spearman": 0.8801060882438285
    },
    "euclidean": {
      "pearson": 0.882044584777478,
      "spearman": 0.8906902769368349
    },
    "evaluation_time": 0.3,
    "manhattan": {
      "pearson": 0.8540032071328425,
      "spearman": 0.8607093872004875
    }
  }
}