{
  "dataset_revision": "ae752c7c21bf194d8b67fd573edf7ae58183cbe3",
  "mteb_dataset_name": "STS15",
  "mteb_version": "1.1.2",
  "test": {
    "cos_sim": {
      "pearson": 0.8787648020231477,
      "spearman": 0.8912656044711952
    },
    "euclidean": {
      "pearson": 0.8971805552310189,
      "spearman": 0.9030306947784214
    },
    "evaluation_time": 0.77,
    "manhattan": {
      "pearson": 0.8796818802120027,
      "spearman": 0.8886228027960574
    }
  }
}