{
  "dataset_revision": "a0d554a64d88156834ff5ae9920b964011b16384",
  "mteb_dataset_name": "STS12",
  "mteb_version": "1.1.2",
  "test": {
    "cos_sim": {
      "pearson": 0.8505172643412026,
      "spearman": 0.7597197916232913
    },
    "euclidean": {
      "pearson": 0.8522731181218143,
      "spearman": 0.7880781671202108
    },
    "evaluation_time": 0.77,
    "manhattan": {
      "pearson": 0.8021883395069054,
      "spearman": 0.7752188678729557
    }
  }
}