{
  "dataset_revision": "b0fddb56ed78048fa8b90373c8a3cfc37b684831",
  "mteb_dataset_name": "STSBenchmark",
  "mteb_version": "1.1.2",
  "test": {
    "cos_sim": {
      "pearson": 0.8767668015566258,
      "spearman": 0.8822970822553721
    },
    "euclidean": {
      "pearson": 0.8925716177599166,
      "spearman": 0.8950246936688457
    },
    "evaluation_time": 0.4,
    "manhattan": {
      "pearson": 0.8736594024467786,
      "spearman": 0.8771893388323907
    }
  }
}