{
  "dataset_revision": "b0fddb56ed78048fa8b90373c8a3cfc37b684831",
  "mteb_dataset_name": "STSBenchmark",
  "mteb_version": "1.1.2",
  "test": {
    "cos_sim": {
      "pearson": 0.8761222136896573,
      "spearman": 0.8783374866559807
    },
    "euclidean": {
      "pearson": 0.8830229647809716,
      "spearman": 0.8878241686326804
    },
    "evaluation_time": 0.14,
    "manhattan": {
      "pearson": 0.8521070310542362,
      "spearman": 0.8601955836946608
    }
  }
}