{
  "dataset_revision": "70970daeab8776df92f5ea462b6173c0b46fd2d1",
  "mteb_dataset_name": "TwitterSemEval2015",
  "mteb_version": "1.2.0",
  "test": {
    "cos_sim": {
      "accuracy": 0.8611193896405793,
      "accuracy_threshold": 0.7473108232144761,
      "ap": 0.7429699907283267,
      "f1": 0.6821387357353507,
      "f1_threshold": 0.7063187002863008,
      "precision": 0.6635071090047393,
      "recall": 0.7018469656992085
    },
    "dot": {
      "accuracy": 0.8530130535852656,
      "accuracy_threshold": 0.6575679740007174,
      "ap": 0.7164914504701072,
      "f1": 0.6627370579190159,
      "f1_threshold": 0.6212422428744009,
      "precision": 0.6442451420029895,
      "recall": 0.6823218997361478
    },
    "euclidean": {
      "accuracy": 0.8623114978840078,
      "accuracy_threshold": 0.6869448166431862,
      "ap": 0.7480428920127347,
      "f1": 0.6894775570272259,
      "f1_threshold": 0.7333165165414942,
      "precision": 0.6441338221814848,
      "recall": 0.741688654353562
    },
    "evaluation_time": 0.83,
    "manhattan": {
      "accuracy": 0.8537283185313227,
      "accuracy_threshold": 13.81858565292762,
      "ap": 0.720554563416276,
      "f1": 0.6657853623362576,
      "f1_threshold": 15.15084165760473,
      "precision": 0.6113440741558155,
      "recall": 0.7308707124010554
    },
    "max": {
      "accuracy": 0.8623114978840078,
      "ap": 0.7480428920127347,
      "f1": 0.6894775570272259
    }
  }
}