{
  "dataset_revision": "a0d554a64d88156834ff5ae9920b964011b16384",
  "mteb_dataset_name": "STS12",
  "mteb_version": "1.1.2",
  "test": {
    "cos_sim": {
      "pearson": 0.8509213436108443,
      "spearman": 0.762006892825501
    },
    "euclidean": {
      "pearson": 0.8476342682862852,
      "spearman": 0.7927137434626434
    },
    "evaluation_time": 0.63,
    "manhattan": {
      "pearson": 0.7966186249491044,
      "spearman": 0.7815950657842077
    }
  }
}