{
  "dataset_revision": "7e90230a92c190f1bf69ae9002b8cea547a64cca",
  "mteb_dataset_name": "STS13",
  "mteb_version": "1.1.2",
  "test": {
    "cos_sim": {
      "pearson": 0.8648583487357174,
      "spearman": 0.8747027388490103
    },
    "euclidean": {
      "pearson": 0.8849078820886471,
      "spearman": 0.8912528399308344
    },
    "evaluation_time": 0.28,
    "manhattan": {
      "pearson": 0.8828007397932538,
      "spearman": 0.8881742897915745
    }
  }
}