{
  "dataset_revision": "ae752c7c21bf194d8b67fd573edf7ae58183cbe3",
  "mteb_dataset_name": "STS15",
  "mteb_version": "1.1.2",
  "test": {
    "cos_sim": {
      "pearson": 0.8729813306489214,
      "spearman": 0.8863424004621588
    },
    "euclidean": {
      "pearson": 0.8908523988538206,
      "spearman": 0.8965961394810186
    },
    "evaluation_time": 0.19,
    "manhattan": {
      "pearson": 0.8728710611325678,
      "spearman": 0.8819457086224738
    }
  }
}