{
  "dataset_revision": "70970daeab8776df92f5ea462b6173c0b46fd2d1",
  "mteb_dataset_name": "TwitterSemEval2015",
  "mteb_version": "1.1.2",
  "test": {
    "cos_sim": {
      "accuracy": 0.8741729749061214,
      "accuracy_threshold": 0.7699385834689295,
      "ap": 0.7737902623722466,
      "f1": 0.7129099427381573,
      "f1_threshold": 0.7339049250827772,
      "precision": 0.7033898305084746,
      "recall": 0.7226912928759894
    },
    "dot": {
      "accuracy": 0.8446086904690946,
      "accuracy_threshold": 0.30138646887804016,
      "ap": 0.6872407534159329,
      "f1": 0.6590554019949525,
      "f1_threshold": 0.2739969105452679,
      "precision": 0.6051644228647097,
      "recall": 0.7234828496042216
    },
    "euclidean": {
      "accuracy": 0.8712523097097217,
      "accuracy_threshold": 0.4261833609582274,
      "ap": 0.7654952180805304,
      "f1": 0.7062314540059347,
      "f1_threshold": 0.4557235584787684,
      "precision": 0.6909871244635193,
      "recall": 0.7221635883905013
    },
    "evaluation_time": 0.89,
    "manhattan": {
      "accuracy": 0.8694641473445789,
      "accuracy_threshold": 5.153419338965726,
      "ap": 0.764327019119075,
      "f1": 0.7040468064358848,
      "f1_threshold": 5.766729474367108,
      "precision": 0.6542818305391934,
      "recall": 0.7620052770448549
    },
    "max": {
      "accuracy": 0.8741729749061214,
      "ap": 0.7737902623722466,
      "f1": 0.7129099427381573
    }
  }
}