{
  "dataset_revision": null,
  "mteb_dataset_name": "ArguAna",
  "mteb_version": "1.1.2",
  "test": {
    "evaluation_time": 1.79,
    "map_at_1": 0.38834,
    "map_at_10": 0.55051,
    "map_at_100": 0.55606,
    "map_at_1000": 0.5561,
    "map_at_3": 0.50842,
    "map_at_5": 0.53466,
    "mrr_at_1": 0.39474,
    "mrr_at_10": 0.553,
    "mrr_at_100": 0.55847,
    "mrr_at_1000": 0.55851,
    "mrr_at_3": 0.51091,
    "mrr_at_5": 0.53708,
    "ndcg_at_1": 0.38834,
    "ndcg_at_10": 0.63411,
    "ndcg_at_100": 0.65595,
    "ndcg_at_1000": 0.65699,
    "ndcg_at_3": 0.54872,
    "ndcg_at_5": 0.5961,
    "precision_at_1": 0.38834,
    "precision_at_10": 0.08976,
    "precision_at_100": 0.00989,
    "precision_at_1000": 0.001,
    "precision_at_3": 0.22191,
    "precision_at_5": 0.15619,
    "recall_at_1": 0.38834,
    "recall_at_10": 0.89758,
    "recall_at_100": 0.98862,
    "recall_at_1000": 0.99644,
    "recall_at_3": 0.66572,
    "recall_at_5": 0.78094
  }
}