{
  "dataset_revision": "0fd18e25b25c072e09e0d92ab615fda904d66300",
  "mteb_dataset_name": "Banking77Classification",
  "mteb_version": "1.1.2",
  "test": {
    "accuracy": 0.8316233766233767,
    "accuracy_stderr": 0.0041962323172476685,
    "evaluation_time": 11.36,
    "f1": 0.8223732651621358,
    "f1_stderr": 0.005279083661508309,
    "main_score": 0.8316233766233767
  }
}