{
  "dataset_revision": null,
  "mteb_dataset_name": "SciFact",
  "mteb_version": "1.1.2",
  "test": {
    "evaluation_time": 1.03,
    "map_at_1": 0.59694,
    "map_at_10": 0.68665,
    "map_at_100": 0.69216,
    "map_at_1000": 0.69242,
    "map_at_3": 0.66054,
    "map_at_5": 0.674,
    "mrr_at_1": 0.62333,
    "mrr_at_10": 0.6945,
    "mrr_at_100": 0.69924,
    "mrr_at_1000": 0.69949,
    "mrr_at_3": 0.67556,
    "mrr_at_5": 0.68539,
    "ndcg_at_1": 0.62333,
    "ndcg_at_10": 0.72795,
    "ndcg_at_100": 0.75068,
    "ndcg_at_1000": 0.75705,
    "ndcg_at_3": 0.68278,
    "ndcg_at_5": 0.70168,
    "precision_at_1": 0.62333,
    "precision_at_10": 0.09567,
    "precision_at_100": 0.01073,
    "precision_at_1000": 0.00112,
    "precision_at_3": 0.26444,
    "precision_at_5": 0.172,
    "recall_at_1": 0.59694,
    "recall_at_10": 0.84756,
    "recall_at_100": 0.945,
    "recall_at_1000": 0.99333,
    "recall_at_3": 0.72117,
    "recall_at_5": 0.76928
  }
}