{
  "dataset_revision": "0fd18e25b25c072e09e0d92ab615fda904d66300",
  "mteb_dataset_name": "Banking77Classification",
  "mteb_version": "1.1.2",
  "test": {
    "accuracy": 0.8498376623376622,
    "accuracy_stderr": 0.005259840467219252,
    "evaluation_time": 11.59,
    "f1": 0.8442167496549213,
    "f1_stderr": 0.006154769459297646,
    "main_score": 0.8498376623376622
  }
}