{
  "dataset_revision": "4d8694f8f0e0100860b497b999b3dbed754a0513",
  "mteb_dataset_name": "STS16",
  "mteb_version": "1.1.2",
  "test": {
    "cos_sim": {
      "pearson": 0.8424581457220559,
      "spearman": 0.8562793200890574
    },
    "euclidean": {
      "pearson": 0.8664598180239614,
      "spearman": 0.8726950882937938
    },
    "evaluation_time": 0.28,
    "manhattan": {
      "pearson": 0.8600514024306646,
      "spearman": 0.868151543545965
    }
  }
}