{
  "dataset_revision": "ae752c7c21bf194d8b67fd573edf7ae58183cbe3",
  "mteb_dataset_name": "STS15",
  "mteb_version": "1.1.2",
  "test": {
    "cos_sim": {
      "pearson": 0.872441754406213,
      "spearman": 0.8875893101221981
    },
    "euclidean": {
      "pearson": 0.8946331631053162,
      "spearman": 0.8995837581955098
    },
    "evaluation_time": 0.28,
    "manhattan": {
      "pearson": 0.8841168701251801,
      "spearman": 0.8912908271904239
    }
  }
}