{
  "dataset_revision": null,
  "mteb_dataset_name": "ArguAna",
  "mteb_version": "1.1.2",
  "test": {
    "evaluation_time": 1.77,
    "map_at_1": 0.37198,
    "map_at_10": 0.5413,
    "map_at_100": 0.54689,
    "map_at_1000": 0.54691,
    "map_at_3": 0.49644,
    "map_at_5": 0.52429,
    "mrr_at_1": 0.38051,
    "mrr_at_10": 0.54457,
    "mrr_at_100": 0.55008,
    "mrr_at_1000": 0.55011,
    "mrr_at_3": 0.50071,
    "mrr_at_5": 0.52724,
    "ndcg_at_1": 0.37198,
    "ndcg_at_10": 0.62845,
    "ndcg_at_100": 0.64998,
    "ndcg_at_1000": 0.65057,
    "ndcg_at_3": 0.53767,
    "ndcg_at_5": 0.58781,
    "precision_at_1": 0.37198,
    "precision_at_10": 0.09033,
    "precision_at_100": 0.00992,
    "precision_at_1000": 0.001,
    "precision_at_3": 0.21906,
    "precision_at_5": 0.15576,
    "recall_at_1": 0.37198,
    "recall_at_10": 0.90327,
    "recall_at_100": 0.99218,
    "recall_at_1000": 0.99644,
    "recall_at_3": 0.65718,
    "recall_at_5": 0.77881
  }
}