{
  "dataset_revision": "eea2b4fe26a775864c896887d910b76a8098ad3f",
  "mteb_dataset_name": "STS22",
  "mteb_version": "1.1.2",
  "test": {
    "en": {
      "cos_sim": {
        "pearson": 0.6861618153152259,
        "spearman": 0.6925801387944477
      },
      "euclidean": {
        "pearson": 0.7032510582031366,
        "spearman": 0.6904217696163348
      },
      "manhattan": {
        "pearson": 0.7051990567553974,
        "spearman": 0.686215716858987
      }
    },
    "evaluation_time": 0.07
  }
}