{
  "dataset_revision": "a6ea5a8cab320b040a23452cc28066d9beae2cee",
  "mteb_dataset_name": "SICK-R",
  "mteb_version": "1.1.2",
  "test": {
    "cos_sim": {
      "pearson": 0.8724157705838985,
      "spearman": 0.828310871712484
    },
    "euclidean": {
      "pearson": 0.844003496594524,
      "spearman": 0.8273635615960643
    },
    "evaluation_time": 1.55,
    "manhattan": {
      "pearson": 0.8056532570937323,
      "spearman": 0.8012852244232861
    }
  }
}