{
  "dataset_revision": "b0fddb56ed78048fa8b90373c8a3cfc37b684831",
  "mteb_dataset_name": "STSBenchmark",
  "mteb_version": "1.1.2",
  "test": {
    "cos_sim": {
      "pearson": 0.8768156842529633,
      "spearman": 0.8794585902927988
    },
    "euclidean": {
      "pearson": 0.8858032815569576,
      "spearman": 0.8900415834928467
    },
    "evaluation_time": 0.26,
    "manhattan": {
      "pearson": 0.859895253451489,
      "spearman": 0.8669927091561304
    }
  }
}