{
  "dataset_revision": null,
  "mteb_dataset_name": "SciFact",
  "mteb_version": "1.1.2",
  "test": {
    "evaluation_time": 1.22,
    "map_at_1": 0.61094,
    "map_at_10": 0.70416,
    "map_at_100": 0.70897,
    "map_at_1000": 0.70922,
    "map_at_3": 0.67457,
    "map_at_5": 0.69172,
    "mrr_at_1": 0.64,
    "mrr_at_10": 0.7135,
    "mrr_at_100": 0.71741,
    "mrr_at_1000": 0.71765,
    "mrr_at_3": 0.69222,
    "mrr_at_5": 0.70439,
    "ndcg_at_1": 0.64,
    "ndcg_at_10": 0.74766,
    "ndcg_at_100": 0.76845,
    "ndcg_at_1000": 0.77332,
    "ndcg_at_3": 0.6982,
    "ndcg_at_5": 0.72222,
    "precision_at_1": 0.64,
    "precision_at_10": 0.099,
    "precision_at_100": 0.01093,
    "precision_at_1000": 0.00113,
    "precision_at_3": 0.27,
    "precision_at_5": 0.17933,
    "recall_at_1": 0.61094,
    "recall_at_10": 0.87156,
    "recall_at_100": 0.965,
    "recall_at_1000": 1.0,
    "recall_at_3": 0.73867,
    "recall_at_5": 0.79744
  }
}