{
  "dataset_revision": "0fd18e25b25c072e09e0d92ab615fda904d66300",
  "mteb_dataset_name": "Banking77Classification",
  "mteb_version": "1.2.0",
  "test": {
    "accuracy": 0.8484415584415584,
    "accuracy_stderr": 0.004964029832108158,
    "evaluation_time": 8.65,
    "f1": 0.8420772404772121,
    "f1_stderr": 0.005960978588480664,
    "main_score": 0.8484415584415584
  }
}