{
  "dataset_revision": "6031580fec1f6af667f0bd2da0a551cf4f0b2375",
  "mteb_dataset_name": "STS14",
  "mteb_version": "1.2.0",
  "test": {
    "cos_sim": {
      "pearson": 0.8646661838804965,
      "spearman": 0.8325289260374478
    },
    "euclidean": {
      "pearson": 0.8595570908978024,
      "spearman": 0.8483286753256394
    },
    "evaluation_time": 0.64,
    "manhattan": {
      "pearson": 0.8348117119206598,
      "spearman": 0.8289870316927546
    }
  }
}