{
  "dataset_revision": "af5e6fb845001ecf41f4c1e033ce921939a2a68d",
  "mteb_dataset_name": "STS17",
  "mteb_version": "1.1.2",
  "test": {
    "en-en": {
      "cos_sim": {
        "pearson": 0.8906127658262116,
        "spearman": 0.8945080721938008
      },
      "euclidean": {
        "pearson": 0.9000381614626074,
        "spearman": 0.8924134953869991
      },
      "manhattan": {
        "pearson": 0.8878754300282763,
        "spearman": 0.8787989383410632
      }
    },
    "evaluation_time": 0.04
  }
}