{
  "dataset_revision": "a0d554a64d88156834ff5ae9920b964011b16384",
  "mteb_dataset_name": "STS12",
  "mteb_version": "1.1.2",
  "test": {
    "cos_sim": {
      "pearson": 0.8742126035044391,
      "spearman": 0.7887755006482707
    },
    "euclidean": {
      "pearson": 0.8435416417476315,
      "spearman": 0.7887755006482707
    },
    "evaluation_time": 9.69,
    "manhattan": {
      "pearson": 0.8397052089454231,
      "spearman": 0.7873801417332023
    }
  }
}