{
  "dataset_revision": "6031580fec1f6af667f0bd2da0a551cf4f0b2375",
  "mteb_dataset_name": "STS14",
  "mteb_version": "1.1.2",
  "test": {
    "cos_sim": {
      "pearson": 0.8625532913742111,
      "spearman": 0.8305381236618965
    },
    "euclidean": {
      "pearson": 0.8624227281317768,
      "spearman": 0.8481337118965747
    },
    "evaluation_time": 0.63,
    "manhattan": {
      "pearson": 0.8377782212450061,
      "spearman": 0.8312633199463251
    }
  }
}