{
  "dataset_revision": "a0d554a64d88156834ff5ae9920b964011b16384",
  "mteb_dataset_name": "STS12",
  "mteb_version": "1.1.2",
  "test": {
    "cos_sim": {
      "pearson": 0.8510206485486078,
      "spearman": 0.762311971498204
    },
    "euclidean": {
      "pearson": 0.8496481967024075,
      "spearman": 0.7919808394910051
    },
    "evaluation_time": 0.69,
    "manhattan": {
      "pearson": 0.7951720871787971,
      "spearman": 0.7766503624967889
    }
  }
}