{
  "dataset_revision": "b0fddb56ed78048fa8b90373c8a3cfc37b684831",
  "mteb_dataset_name": "STSBenchmark",
  "mteb_version": "1.1.2",
  "test": {
    "cos_sim": {
      "pearson": 0.87982567030396,
      "spearman": 0.8915003179726649
    },
    "euclidean": {
      "pearson": 0.8885817952723967,
      "spearman": 0.8915003179726649
    },
    "evaluation_time": 0.97,
    "manhattan": {
      "pearson": 0.8890198704210496,
      "spearman": 0.8910886786944441
    }
  }
}