{
  "dataset_revision": "6031580fec1f6af667f0bd2da0a551cf4f0b2375",
  "mteb_dataset_name": "STS14",
  "mteb_version": "1.1.2",
  "test": {
    "cos_sim": {
      "pearson": 0.8564473830774516,
      "spearman": 0.8226119627101293
    },
    "euclidean": {
      "pearson": 0.8641153068965977,
      "spearman": 0.8393138053374747
    },
    "evaluation_time": 0.31,
    "manhattan": {
      "pearson": 0.8560955984595443,
      "spearman": 0.8355786711060792
    }
  }
}