{
  "dataset_revision": "6031580fec1f6af667f0bd2da0a551cf4f0b2375",
  "mteb_dataset_name": "STS14",
  "mteb_version": "1.2.0",
  "test": {
    "cos_sim": {
      "pearson": 0.8661972475356883,
      "spearman": 0.8342309293420678
    },
    "euclidean": {
      "pearson": 0.8601436387123758,
      "spearman": 0.8441641428700123
    },
    "evaluation_time": 0.08,
    "manhattan": {
      "pearson": 0.8269128156133355,
      "spearman": 0.8257431426940991
    }
  }
}