{
  "dataset_revision": "e8379541af4e31359cca9fbcf4b00f2671dba205",
  "mteb_dataset_name": "AmazonCounterfactualClassification",
  "mteb_version": "1.1.2",
  "test": {
    "en": {
      "accuracy": 0.7340298507462686,
      "accuracy_stderr": 0.03694625310065647,
      "ap": 0.36217068069848646,
      "ap_stderr": 0.03728052801054215,
      "f1": 0.674071328687617,
      "f1_stderr": 0.035580514526072304,
      "main_score": 0.7340298507462686
    },
    "evaluation_time": 0.58
  }
}