{
  "dataset_revision": null,
  "mteb_dataset_name": "SciFact",
  "mteb_version": "1.1.2",
  "test": {
    "evaluation_time": 0.62,
    "map_at_1": 0.61594,
    "map_at_10": 0.70866,
    "map_at_100": 0.71441,
    "map_at_1000": 0.71465,
    "map_at_3": 0.6783,
    "map_at_5": 0.69787,
    "mrr_at_1": 0.64667,
    "mrr_at_10": 0.71906,
    "mrr_at_100": 0.72381,
    "mrr_at_1000": 0.72404,
    "mrr_at_3": 0.69667,
    "mrr_at_5": 0.712,
    "ndcg_at_1": 0.64667,
    "ndcg_at_10": 0.74985,
    "ndcg_at_100": 0.77287,
    "ndcg_at_1000": 0.77766,
    "ndcg_at_3": 0.70026,
    "ndcg_at_5": 0.72902,
    "precision_at_1": 0.64667,
    "precision_at_10": 0.09833,
    "precision_at_100": 0.01093,
    "precision_at_1000": 0.00113,
    "precision_at_3": 0.26889,
    "precision_at_5": 0.18067,
    "recall_at_1": 0.61594,
    "recall_at_10": 0.86489,
    "recall_at_100": 0.965,
    "recall_at_1000": 1.0,
    "recall_at_3": 0.73506,
    "recall_at_5": 0.80578
  }
}