{
  "dataset_revision": "70970daeab8776df92f5ea462b6173c0b46fd2d1",
  "mteb_dataset_name": "TwitterSemEval2015",
  "mteb_version": "1.1.2",
  "test": {
    "cos_sim": {
      "accuracy": 0.8761399535077785,
      "accuracy_threshold": 0.7346417610763112,
      "ap": 0.7856604050798369,
      "f1": 0.7209154481881754,
      "f1_threshold": 0.699287611199442,
      "precision": 0.6957055214723926,
      "recall": 0.7480211081794196
    },
    "dot": {
      "accuracy": 0.8589139893902367,
      "accuracy_threshold": 0.4066311619582276,
      "ap": 0.7320021042152429,
      "f1": 0.6736790606653621,
      "f1_threshold": 0.37641783348629254,
      "precision": 0.627906976744186,
      "recall": 0.7266490765171504
    },
    "euclidean": {
      "accuracy": 0.8767360076294928,
      "accuracy_threshold": 0.546683887921313,
      "ap": 0.7887999398775127,
      "f1": 0.720431488378066,
      "f1_threshold": 0.5723371301117235,
      "precision": 0.7017763322491869,
      "recall": 0.7401055408970977
    },
    "evaluation_time": 1.17,
    "manhattan": {
      "accuracy": 0.8679740120402932,
      "accuracy_threshold": 10.384780510746,
      "ap": 0.7681370288858176,
      "f1": 0.7006041907700219,
      "f1_threshold": 10.933152670172836,
      "precision": 0.6831286036600652,
      "recall": 0.7189973614775725
    },
    "max": {
      "accuracy": 0.8767360076294928,
      "ap": 0.7887999398775127,
      "f1": 0.7209154481881754
    }
  }
}