{
  "dataset_revision": "6031580fec1f6af667f0bd2da0a551cf4f0b2375",
  "mteb_dataset_name": "STS14",
  "mteb_version": "1.1.2",
  "test": {
    "cos_sim": {
      "pearson": 0.8600578837570091,
      "spearman": 0.8273120462644092
    },
    "euclidean": {
      "pearson": 0.8604464622097187,
      "spearman": 0.8437317611415095
    },
    "evaluation_time": 0.42,
    "manhattan": {
      "pearson": 0.8476844253123738,
      "spearman": 0.8349307046618218
    }
  }
}