{
  "dataset_revision": "e8379541af4e31359cca9fbcf4b00f2671dba205",
  "mteb_dataset_name": "AmazonCounterfactualClassification",
  "mteb_version": "1.1.2",
  "test": {
    "en": {
      "accuracy": 0.7622388059701491,
      "accuracy_stderr": 0.03964674712770236,
      "ap": 0.39538318698263836,
      "ap_stderr": 0.04282770111929166,
      "f1": 0.7026935402621641,
      "f1_stderr": 0.037887788999697435,
      "main_score": 0.7622388059701491
    },
    "evaluation_time": 1.34
  }
}