{
  "dataset_revision": "af5e6fb845001ecf41f4c1e033ce921939a2a68d",
  "mteb_dataset_name": "STS17",
  "mteb_version": "1.1.2",
  "test": {
    "en-en": {
      "cos_sim": {
        "pearson": 0.899940240810827,
        "spearman": 0.9007233800281149
      },
      "euclidean": {
        "pearson": 0.9030139821337325,
        "spearman": 0.8982317215840537
      },
      "manhattan": {
        "pearson": 0.8880964814865548,
        "spearman": 0.8823350022143921
      }
    },
    "evaluation_time": 0.07
  }
}