{
  "dataset_revision": "b0fddb56ed78048fa8b90373c8a3cfc37b684831",
  "mteb_dataset_name": "STSBenchmark",
  "mteb_version": "1.1.2",
  "test": {
    "cos_sim": {
      "pearson": 0.8760257565784938,
      "spearman": 0.8796359855890702
    },
    "euclidean": {
      "pearson": 0.8885493827567623,
      "spearman": 0.8912983226830221
    },
    "evaluation_time": 0.26,
    "manhattan": {
      "pearson": 0.8651680917264235,
      "spearman": 0.871040543115207
    }
  }
}