{
  "dataset_revision": "ae752c7c21bf194d8b67fd573edf7ae58183cbe3",
  "mteb_dataset_name": "STS15",
  "mteb_version": "1.1.2",
  "test": {
    "cos_sim": {
      "pearson": 0.8754128545879168,
      "spearman": 0.8864448750296553
    },
    "euclidean": {
      "pearson": 0.8898969814908705,
      "spearman": 0.8961927472432684
    },
    "evaluation_time": 0.36,
    "manhattan": {
      "pearson": 0.8687518759517379,
      "spearman": 0.8788098429013874
    }
  }
}