{
  "dataset_revision": "e8379541af4e31359cca9fbcf4b00f2671dba205",
  "mteb_dataset_name": "AmazonCounterfactualClassification",
  "mteb_version": "1.1.2",
  "test": {
    "en": {
      "accuracy": 0.7682089552238806,
      "accuracy_stderr": 0.03430920945488936,
      "ap": 0.39158455525393365,
      "ap_stderr": 0.04224613126506598,
      "f1": 0.7037040776165098,
      "f1_stderr": 0.03511462318767106,
      "main_score": 0.7682089552238806
    },
    "evaluation_time": 1.66
  }
}