{
  "dataset_revision": "d3fb88f8f02e40887cd149695127462bbcf29b4a",
  "mteb_dataset_name": "BIOSSES",
  "mteb_version": "1.1.2",
  "test": {
    "cos_sim": {
      "pearson": 0.8914516739056473,
      "spearman": 0.8696282488045246
    },
    "euclidean": {
      "pearson": 0.8849349896190974,
      "spearman": 0.8696282488045246
    },
    "evaluation_time": 0.04,
    "manhattan": {
      "pearson": 0.8871801135723821,
      "spearman": 0.872754826069805
    }
  }
}