{
  "dataset_revision": "4d8694f8f0e0100860b497b999b3dbed754a0513",
  "mteb_dataset_name": "STS16",
  "mteb_version": "1.1.2",
  "test": {
    "cos_sim": {
      "pearson": 0.845421012519133,
      "spearman": 0.8569832725265663
    },
    "euclidean": {
      "pearson": 0.8499913773560624,
      "spearman": 0.8569832725265663
    },
    "evaluation_time": 0.2,
    "manhattan": {
      "pearson": 0.8511278930537419,
      "spearman": 0.8576122575392459
    }
  }
}