{
  "dataset_revision": "7e90230a92c190f1bf69ae9002b8cea547a64cca",
  "mteb_dataset_name": "STS13",
  "mteb_version": "1.1.2",
  "test": {
    "cos_sim": {
      "pearson": 0.858173172259183,
      "spearman": 0.8605165568612344
    },
    "euclidean": {
      "pearson": 0.8562983035051144,
      "spearman": 0.8605165568612344
    },
    "evaluation_time": 0.23,
    "manhattan": {
      "pearson": 0.8536893580359715,
      "spearman": 0.8576234060002043
    }
  }
}