{
  "dataset_revision": "ae752c7c21bf194d8b67fd573edf7ae58183cbe3",
  "mteb_dataset_name": "STS15",
  "mteb_version": "1.1.2",
  "test": {
    "cos_sim": {
      "pearson": 0.8532997355120725,
      "spearman": 0.8702094170167071
    },
    "euclidean": {
      "pearson": 0.8799360915215105,
      "spearman": 0.8864272769353501
    },
    "evaluation_time": 0.25,
    "manhattan": {
      "pearson": 0.8771976253309332,
      "spearman": 0.8841668884911794
    }
  }
}