{
  "dataset_revision": "ad9991cb51e31e31e430383c75ffb2885547b5f0",
  "mteb_dataset_name": "CQADupstackEnglishRetrieval",
  "mteb_version": "1.2.0",
  "test": {
    "evaluation_time": 17.07,
    "map_at_1": 0.34662,
    "map_at_10": 0.45719,
    "map_at_100": 0.46974,
    "map_at_1000": 0.47098,
    "map_at_3": 0.42357,
    "map_at_5": 0.44443,
    "mrr_at_1": 0.43567,
    "mrr_at_10": 0.51873,
    "mrr_at_100": 0.52446,
    "mrr_at_1000": 0.52488,
    "mrr_at_3": 0.49618,
    "mrr_at_5": 0.50994,
    "ndcg_at_1": 0.43567,
    "ndcg_at_10": 0.51596,
    "ndcg_at_100": 0.55658,
    "ndcg_at_1000": 0.57469,
    "ndcg_at_3": 0.47266,
    "ndcg_at_5": 0.49521,
    "precision_at_1": 0.43567,
    "precision_at_10": 0.09675,
    "precision_at_100": 0.01502,
    "precision_at_1000": 0.00195,
    "precision_at_3": 0.22824,
    "precision_at_5": 0.16255,
    "recall_at_1": 0.34662,
    "recall_at_10": 0.61633,
    "recall_at_100": 0.78787,
    "recall_at_1000": 0.89907,
    "recall_at_3": 0.48563,
    "recall_at_5": 0.55127
  }
}