{
  "dataset_revision": "6031580fec1f6af667f0bd2da0a551cf4f0b2375",
  "mteb_dataset_name": "STS14",
  "mteb_version": "1.2.0",
  "test": {
    "cos_sim": {
      "pearson": 0.8663241892733838,
      "spearman": 0.8419237202030785
    },
    "euclidean": {
      "pearson": 0.8564044775563513,
      "spearman": 0.8419237202030785
    },
    "evaluation_time": 1.1,
    "manhattan": {
      "pearson": 0.8556463380052912,
      "spearman": 0.8429147270933451
    }
  }
}