{
  "dataset_revision": "6031580fec1f6af667f0bd2da0a551cf4f0b2375",
  "mteb_dataset_name": "STS14",
  "mteb_version": "1.1.2",
  "test": {
    "cos_sim": {
      "pearson": 0.8663241891787787,
      "spearman": 0.8419237202030785
    },
    "euclidean": {
      "pearson": 0.8564044774820907,
      "spearman": 0.8419237202030785
    },
    "evaluation_time": 6.73,
    "manhattan": {
      "pearson": 0.855646337984052,
      "spearman": 0.8429147270933451
    }
  }
}