{
  "dataset_revision": "a6ea5a8cab320b040a23452cc28066d9beae2cee",
  "mteb_dataset_name": "SICK-R",
  "mteb_version": "1.2.0",
  "test": {
    "cos_sim": {
      "pearson": 0.8706680823864557,
      "spearman": 0.8246959257901458
    },
    "euclidean": {
      "pearson": 0.8470464387886222,
      "spearman": 0.8258723875439934
    },
    "evaluation_time": 0.18,
    "manhattan": {
      "pearson": 0.79886895877077,
      "spearman": 0.790529488646114
    }
  }
}