{
  "dataset_revision": "6031580fec1f6af667f0bd2da0a551cf4f0b2375",
  "mteb_dataset_name": "STS14",
  "mteb_version": "1.2.0",
  "test": {
    "cos_sim": {
      "pearson": 0.8637794207045838,
      "spearman": 0.8314800606023977
    },
    "euclidean": {
      "pearson": 0.8703336591743386,
      "spearman": 0.8505079742077868
    },
    "evaluation_time": 0.59,
    "manhattan": {
      "pearson": 0.8604566036976786,
      "spearman": 0.8448451328370096
    }
  }
}