{
  "dataset_revision": "a0d554a64d88156834ff5ae9920b964011b16384",
  "mteb_dataset_name": "STS12",
  "mteb_version": "1.1.2",
  "test": {
    "cos_sim": {
      "pearson": 0.8473191007607452,
      "spearman": 0.7583729440833269
    },
    "euclidean": {
      "pearson": 0.8491733996809737,
      "spearman": 0.7861117028800438
    },
    "evaluation_time": 0.54,
    "manhattan": {
      "pearson": 0.8012768008665658,
      "spearman": 0.7734219851917358
    }
  }
}