{
  "dataset_revision": "6031580fec1f6af667f0bd2da0a551cf4f0b2375",
  "mteb_dataset_name": "STS14",
  "mteb_version": "1.1.2",
  "test": {
    "cos_sim": {
      "pearson": 0.859585825699828,
      "spearman": 0.8245620904256248
    },
    "euclidean": {
      "pearson": 0.859217914303022,
      "spearman": 0.8383132658417356
    },
    "evaluation_time": 0.29,
    "manhattan": {
      "pearson": 0.8356435808006938,
      "spearman": 0.8238726981334591
    }
  }
}