{
  "dataset_revision": "a6ea5a8cab320b040a23452cc28066d9beae2cee",
  "mteb_dataset_name": "SICK-R",
  "mteb_version": "1.2.0",
  "test": {
    "cos_sim": {
      "pearson": 0.8758140234441198,
      "spearman": 0.8242403720930076
    },
    "euclidean": {
      "pearson": 0.8536726214376397,
      "spearman": 0.8251634818409542
    },
    "evaluation_time": 0.22,
    "manhattan": {
      "pearson": 0.7717545635757281,
      "spearman": 0.7644075820579859
    }
  }
}