{
  "dataset_revision": "af5e6fb845001ecf41f4c1e033ce921939a2a68d",
  "mteb_dataset_name": "STS17",
  "mteb_version": "1.2.0",
  "test": {
    "en-en": {
      "cos_sim": {
        "pearson": 0.8997593938629258,
        "spearman": 0.8993284049442677
      },
      "euclidean": {
        "pearson": 0.9065670652714458,
        "spearman": 0.9023716724391199
      },
      "manhattan": {
        "pearson": 0.89426421804812,
        "spearman": 0.8889723774617855
      }
    },
    "evaluation_time": 0.04
  }
}