{
  "dataset_revision": "4d8694f8f0e0100860b497b999b3dbed754a0513",
  "mteb_dataset_name": "STS16",
  "mteb_version": "1.2.0",
  "test": {
    "cos_sim": {
      "pearson": 0.8294572169314347,
      "spearman": 0.8463234103847889
    },
    "euclidean": {
      "pearson": 0.8657858316276055,
      "spearman": 0.8699066087452084
    },
    "evaluation_time": 0.03,
    "manhattan": {
      "pearson": 0.8335681123177241,
      "spearman": 0.8376252955824425
    }
  }
}