{
  "dataset_revision": "0fd18e25b25c072e09e0d92ab615fda904d66300",
  "mteb_dataset_name": "Banking77Classification",
  "mteb_version": "1.2.0",
  "test": {
    "accuracy": 0.8577272727272727,
    "accuracy_stderr": 0.004059869878530019,
    "evaluation_time": 11.73,
    "f1": 0.852776688515952,
    "f1_stderr": 0.0049581391346293704,
    "main_score": 0.8577272727272727
  }
}