{
  "dataset_revision": "a6ea5a8cab320b040a23452cc28066d9beae2cee",
  "mteb_dataset_name": "SICK-R",
  "mteb_version": "1.2.0",
  "test": {
    "cos_sim": {
      "pearson": 0.8697109298009778,
      "spearman": 0.8248282563163828
    },
    "euclidean": {
      "pearson": 0.8424023361468831,
      "spearman": 0.8279122508025691
    },
    "evaluation_time": 0.15,
    "manhattan": {
      "pearson": 0.7806658970722133,
      "spearman": 0.7807621683677244
    }
  }
}