{
  "dataset_revision": "af5e6fb845001ecf41f4c1e033ce921939a2a68d",
  "mteb_dataset_name": "STS17",
  "mteb_version": "1.2.0",
  "test": {
    "en-en": {
      "cos_sim": {
        "pearson": 0.9051943108662082,
        "spearman": 0.9030293749380074
      },
      "euclidean": {
        "pearson": 0.9023438959689367,
        "spearman": 0.8987368186521649
      },
      "manhattan": {
        "pearson": 0.8800093932359708,
        "spearman": 0.8714900223189436
      }
    },
    "evaluation_time": 0.04
  }
}