{
  "dataset_revision": "0fd18e25b25c072e09e0d92ab615fda904d66300",
  "mteb_dataset_name": "Banking77Classification",
  "mteb_version": "1.1.2",
  "test": {
    "accuracy": 0.8414935064935065,
    "accuracy_stderr": 0.005562854784007102,
    "evaluation_time": 12.2,
    "f1": 0.8346154853742662,
    "f1_stderr": 0.006576624303931171,
    "main_score": 0.8414935064935065
  }
}