{
  "dataset_revision": "ae752c7c21bf194d8b67fd573edf7ae58183cbe3",
  "mteb_dataset_name": "STS15",
  "mteb_version": "1.1.2",
  "test": {
    "cos_sim": {
      "pearson": 0.8754343770186026,
      "spearman": 0.8887261572905121
    },
    "euclidean": {
      "pearson": 0.8942407078835689,
      "spearman": 0.8998063003089536
    },
    "evaluation_time": 0.49,
    "manhattan": {
      "pearson": 0.8828483937800271,
      "spearman": 0.8905708262896666
    }
  }
}