{
  "dataset_revision": "a0d554a64d88156834ff5ae9920b964011b16384",
  "mteb_dataset_name": "STS12",
  "mteb_version": "1.2.0",
  "test": {
    "cos_sim": {
      "pearson": 0.8498529408439006,
      "spearman": 0.7595076759622965
    },
    "euclidean": {
      "pearson": 0.8496483789864769,
      "spearman": 0.7629810742927933
    },
    "evaluation_time": 0.04,
    "manhattan": {
      "pearson": 0.8233262000412338,
      "spearman": 0.7582145975962757
    }
  }
}