{
  "dataset_revision": "eea2b4fe26a775864c896887d910b76a8098ad3f",
  "mteb_dataset_name": "STS22",
  "mteb_version": "1.2.0",
  "test": {
    "en": {
      "cos_sim": {
        "pearson": 0.6819575369768254,
        "spearman": 0.6985237926812342
      },
      "euclidean": {
        "pearson": 0.7096885989239432,
        "spearman": 0.702420576853483
      },
      "manhattan": {
        "pearson": 0.7165408152576827,
        "spearman": 0.7043233925165403
      }
    },
    "evaluation_time": 0.06
  }
}