{
  "dataset_revision": "b0fddb56ed78048fa8b90373c8a3cfc37b684831",
  "mteb_dataset_name": "STSBenchmark",
  "mteb_version": "1.2.0",
  "test": {
    "cos_sim": {
      "pearson": 0.8583739569677764,
      "spearman": 0.8720946112546778
    },
    "euclidean": {
      "pearson": 0.8789475454964863,
      "spearman": 0.8813640119974416
    },
    "evaluation_time": 0.22,
    "manhattan": {
      "pearson": 0.8838134807090232,
      "spearman": 0.8817152680160231
    }
  }
}