{
  "dataset_revision": "79531abbd1fb92d06c6d6315a0cbbbf5bb247ea4",
  "mteb_dataset_name": "CQADupstackPhysicsRetrieval",
  "mteb_version": "1.2.0",
  "test": {
    "evaluation_time": 46.92,
    "map_at_1": 0.31512,
    "map_at_10": 0.42821,
    "map_at_100": 0.44172,
    "map_at_1000": 0.44279,
    "map_at_3": 0.3946,
    "map_at_5": 0.41291,
    "mrr_at_1": 0.38884,
    "mrr_at_10": 0.48583,
    "mrr_at_100": 0.4941,
    "mrr_at_1000": 0.49446,
    "mrr_at_3": 0.46262,
    "mrr_at_5": 0.47567,
    "ndcg_at_1": 0.38884,
    "ndcg_at_10": 0.49124,
    "ndcg_at_100": 0.54474,
    "ndcg_at_1000": 0.56318,
    "ndcg_at_3": 0.43981,
    "ndcg_at_5": 0.46304,
    "precision_at_1": 0.38884,
    "precision_at_10": 0.08893,
    "precision_at_100": 0.01346,
    "precision_at_1000": 0.00169,
    "precision_at_3": 0.20982,
    "precision_at_5": 0.14706,
    "recall_at_1": 0.31512,
    "recall_at_10": 0.62104,
    "recall_at_100": 0.84103,
    "recall_at_1000": 0.95877,
    "recall_at_3": 0.47452,
    "recall_at_5": 0.53693
  }
}