{
  "dataset_revision": "4ffe81d471b1924886b33c7567bfb200e9eec5c4",
  "mteb_dataset_name": "CQADupstackWordpressRetrieval",
  "mteb_version": "1.2.0",
  "test": {
    "evaluation_time": 61.01,
    "map_at_1": 0.22471,
    "map_at_10": 0.31386,
    "map_at_100": 0.3225,
    "map_at_1000": 0.32356,
    "map_at_3": 0.28706,
    "map_at_5": 0.30325,
    "mrr_at_1": 0.24584,
    "mrr_at_10": 0.3361,
    "mrr_at_100": 0.3433,
    "mrr_at_1000": 0.34411,
    "mrr_at_3": 0.31023,
    "mrr_at_5": 0.32649,
    "ndcg_at_1": 0.24584,
    "ndcg_at_10": 0.36645,
    "ndcg_at_100": 0.40966,
    "ndcg_at_1000": 0.43506,
    "ndcg_at_3": 0.31435,
    "ndcg_at_5": 0.34203,
    "precision_at_1": 0.24584,
    "precision_at_10": 0.0586,
    "precision_at_100": 0.00865,
    "precision_at_1000": 0.0012,
    "precision_at_3": 0.13678,
    "precision_at_5": 0.09945,
    "recall_at_1": 0.22471,
    "recall_at_10": 0.50673,
    "recall_at_100": 0.70697,
    "recall_at_1000": 0.892,
    "recall_at_3": 0.36784,
    "recall_at_5": 0.43289
  }
}