{
  "dataset_revision": "d80d48c1eb48d3562165c59d59d0034df9fff0bf",
  "mteb_dataset_name": "MTOPDomainClassification",
  "mteb_version": "1.2.0",
  "test": {
    "en": {
      "accuracy": 0.9408800729594162,
      "accuracy_stderr": 0.005448202355966395,
      "f1": 0.9394215825454125,
      "f1_stderr": 0.004292850054668046,
      "main_score": 0.9408800729594162
    },
    "evaluation_time": 14.47
  }
}