{
  "dataset_revision": "eea2b4fe26a775864c896887d910b76a8098ad3f",
  "mteb_dataset_name": "STS22",
  "mteb_version": "1.1.2",
  "test": {
    "en": {
      "cos_sim": {
        "pearson": 0.6815897536787526,
        "spearman": 0.6851210688406757
      },
      "euclidean": {
        "pearson": 0.7002584137266845,
        "spearman": 0.6851210688406757
      },
      "manhattan": {
        "pearson": 0.7001029501778988,
        "spearman": 0.6852260573866699
      }
    },
    "evaluation_time": 0.39
  }
}