{
  "dataset_revision": null,
  "mteb_dataset_name": "ArguAna",
  "mteb_version": "1.1.2",
  "test": {
    "evaluation_time": 2.04,
    "map_at_1": 0.33001,
    "map_at_10": 0.49857,
    "map_at_100": 0.50537,
    "map_at_1000": 0.50542,
    "map_at_3": 0.45152,
    "map_at_5": 0.481,
    "mrr_at_1": 0.33499,
    "mrr_at_10": 0.50061,
    "mrr_at_100": 0.50735,
    "mrr_at_1000": 0.5074,
    "mrr_at_3": 0.45282,
    "mrr_at_5": 0.48298,
    "ndcg_at_1": 0.33001,
    "ndcg_at_10": 0.5886,
    "ndcg_at_100": 0.61603,
    "ndcg_at_1000": 0.61701,
    "ndcg_at_3": 0.49321,
    "ndcg_at_5": 0.54644,
    "precision_at_1": 0.33001,
    "precision_at_10": 0.08734,
    "precision_at_100": 0.00989,
    "precision_at_1000": 0.001,
    "precision_at_3": 0.20484,
    "precision_at_5": 0.14879,
    "recall_at_1": 0.33001,
    "recall_at_10": 0.8734,
    "recall_at_100": 0.98933,
    "recall_at_1000": 0.99644,
    "recall_at_3": 0.61451,
    "recall_at_5": 0.74395
  }
}