{
  "dataset_revision": "6031580fec1f6af667f0bd2da0a551cf4f0b2375",
  "mteb_dataset_name": "STS14",
  "mteb_version": "1.1.2",
  "test": {
    "cos_sim": {
      "pearson": 0.8534626947895337,
      "spearman": 0.8216562861793008
    },
    "euclidean": {
      "pearson": 0.849959906752664,
      "spearman": 0.8347565137267248
    },
    "evaluation_time": 0.41,
    "manhattan": {
      "pearson": 0.8190658557185253,
      "spearman": 0.8137757279272614
    }
  }
}