{
  "dataset_revision": "4f58c6b202a23cf9a4da393831edf4f9183cad37",
  "mteb_dataset_name": "EmotionClassification",
  "mteb_version": "1.1.2",
  "test": {
    "accuracy": 0.5401,
    "accuracy_stderr": 0.022870067774276498,
    "evaluation_time": 0.44,
    "f1": 0.4739717375916544,
    "f1_stderr": 0.014394831866158033,
    "main_score": 0.5401
  }
}