{
  "dataset_revision": "a6ea5a8cab320b040a23452cc28066d9beae2cee",
  "mteb_dataset_name": "SICK-R",
  "mteb_version": "1.1.2",
  "test": {
    "cos_sim": {
      "pearson": 0.8688402441296468,
      "spearman": 0.8248177103997769
    },
    "euclidean": {
      "pearson": 0.8443508413194389,
      "spearman": 0.8241997021800126
    },
    "evaluation_time": 0.54,
    "manhattan": {
      "pearson": 0.813853414148836,
      "spearman": 0.8025334609879885
    }
  }
}