{
  "dataset_revision": "b0fddb56ed78048fa8b90373c8a3cfc37b684831",
  "mteb_dataset_name": "STSBenchmark",
  "mteb_version": "1.1.2",
  "test": {
    "cos_sim": {
      "pearson": 0.8765879347558169,
      "spearman": 0.8792076973908548
    },
    "euclidean": {
      "pearson": 0.8852010056513545,
      "spearman": 0.8891053657918684
    },
    "evaluation_time": 0.14,
    "manhattan": {
      "pearson": 0.8551102173037368,
      "spearman": 0.8623731423964635
    }
  }
}