{
  "dataset_revision": "70970daeab8776df92f5ea462b6173c0b46fd2d1",
  "mteb_dataset_name": "TwitterSemEval2015",
  "mteb_version": "1.1.2",
  "test": {
    "cos_sim": {
      "accuracy": 0.8754246885617214,
      "accuracy_threshold": 0.7328531430333569,
      "ap": 0.7867311053195467,
      "f1": 0.7205114822546973,
      "f1_threshold": 0.7055134401676459,
      "precision": 0.7127000516262261,
      "recall": 0.7284960422163589
    },
    "dot": {
      "accuracy": 0.8583775406806938,
      "accuracy_threshold": 0.5011845868634123,
      "ap": 0.728609930219882,
      "f1": 0.6763826606875935,
      "f1_threshold": 0.4657939885929992,
      "precision": 0.6406323737612081,
      "recall": 0.716358839050132
    },
    "euclidean": {
      "accuracy": 0.8759015318590928,
      "accuracy_threshold": 0.5880916663062498,
      "ap": 0.7911032808469222,
      "f1": 0.7222789984670415,
      "f1_threshold": 0.6376612761561693,
      "precision": 0.7000990589400693,
      "recall": 0.745910290237467
    },
    "evaluation_time": 1.06,
    "manhattan": {
      "accuracy": 0.868927698635036,
      "accuracy_threshold": 11.684544352239186,
      "ap": 0.77115109726806,
      "f1": 0.7020214624407288,
      "f1_threshold": 12.288086363752383,
      "precision": 0.6659564393939394,
      "recall": 0.7422163588390501
    },
    "max": {
      "accuracy": 0.8759015318590928,
      "ap": 0.7911032808469222,
      "f1": 0.7222789984670415
    }
  }
}