{
  "dataset_revision": "6031580fec1f6af667f0bd2da0a551cf4f0b2375",
  "mteb_dataset_name": "STS14",
  "mteb_version": "1.4.1",
  "test": {
    "cos_sim": {
      "pearson": 0.8486512458680945,
      "spearman": 0.8208641025287472
    },
    "euclidean": {
      "pearson": 0.8268964301063276,
      "spearman": 0.8277811486147453
    },
    "evaluation_time": 0.18,
    "manhattan": {
      "pearson": 0.791363795667881,
      "spearman": 0.79892220705772
    }
  }
}