{
  "dataset_revision": null,
  "mteb_dataset_name": "ArguAna",
  "mteb_version": "1.1.2",
  "test": {
    "evaluation_time": 1.85,
    "map_at_1": 0.28521,
    "map_at_10": 0.45657,
    "map_at_100": 0.46481,
    "map_at_1000": 0.46484,
    "map_at_3": 0.40552,
    "map_at_5": 0.4349,
    "mrr_at_1": 0.29018,
    "mrr_at_10": 0.45855,
    "mrr_at_100": 0.46679,
    "mrr_at_1000": 0.46683,
    "mrr_at_3": 0.40706,
    "mrr_at_5": 0.43676,
    "ndcg_at_1": 0.28521,
    "ndcg_at_10": 0.55086,
    "ndcg_at_100": 0.58391,
    "ndcg_at_1000": 0.58468,
    "ndcg_at_3": 0.44595,
    "ndcg_at_5": 0.49893,
    "precision_at_1": 0.28521,
    "precision_at_10": 0.08514,
    "precision_at_100": 0.00991,
    "precision_at_1000": 0.001,
    "precision_at_3": 0.18777,
    "precision_at_5": 0.13841,
    "recall_at_1": 0.28521,
    "recall_at_10": 0.85135,
    "recall_at_100": 0.99075,
    "recall_at_1000": 0.99644,
    "recall_at_3": 0.5633,
    "recall_at_5": 0.69203
  }
}