{
  "dataset_revision": "eea2b4fe26a775864c896887d910b76a8098ad3f",
  "mteb_dataset_name": "STS22",
  "mteb_version": "1.1.2",
  "test": {
    "en": {
      "cos_sim": {
        "pearson": 0.6826833575220439,
        "spearman": 0.686253154635078
      },
      "euclidean": {
        "pearson": 0.7026497563378756,
        "spearman": 0.6902207450360205
      },
      "manhattan": {
        "pearson": 0.6978232067062181,
        "spearman": 0.6826192487601633
      }
    },
    "evaluation_time": 0.04
  }
}