{
  "dataset_revision": "0fd18e25b25c072e09e0d92ab615fda904d66300",
  "mteb_dataset_name": "Banking77Classification",
  "mteb_version": "1.1.2",
  "test": {
    "accuracy": 0.8355194805194806,
    "accuracy_stderr": 0.00487921231017384,
    "evaluation_time": 11.56,
    "f1": 0.8283279381642051,
    "f1_stderr": 0.005824155150984141,
    "main_score": 0.8355194805194806
  }
}