{
  "dataset_revision": "c22ab2a51041ffd869aaddef7af8d8215647e41a",
  "mteb_dataset_name": "ArguAna",
  "mteb_version": "1.2.0",
  "test": {
    "evaluation_time": 2.15,
    "map_at_1": 0.39403,
    "map_at_10": 0.55993,
    "map_at_100": 0.56525,
    "map_at_1000": 0.56529,
    "map_at_3": 0.5179,
    "map_at_5": 0.54521,
    "mrr_at_1": 0.40114,
    "mrr_at_10": 0.56241,
    "mrr_at_100": 0.56773,
    "mrr_at_1000": 0.56777,
    "mrr_at_3": 0.52003,
    "mrr_at_5": 0.54745,
    "ndcg_at_1": 0.39403,
    "ndcg_at_10": 0.64342,
    "ndcg_at_100": 0.66403,
    "ndcg_at_1000": 0.66483,
    "ndcg_at_3": 0.55909,
    "ndcg_at_5": 0.6083,
    "precision_at_1": 0.39403,
    "precision_at_10": 0.09054,
    "precision_at_100": 0.00991,
    "precision_at_1000": 0.001,
    "precision_at_3": 0.22617,
    "precision_at_5": 0.1596,
    "recall_at_1": 0.39403,
    "recall_at_10": 0.90541,
    "recall_at_100": 0.99075,
    "recall_at_1000": 0.99644,
    "recall_at_3": 0.67852,
    "recall_at_5": 0.79801
  }
}