{
  "dataset_revision": "ae752c7c21bf194d8b67fd573edf7ae58183cbe3",
  "mteb_dataset_name": "STS15",
  "mteb_version": "1.2.0",
  "test": {
    "cos_sim": {
      "pearson": 0.8779067663316599,
      "spearman": 0.8880370158908268
    },
    "euclidean": {
      "pearson": 0.8903781758105198,
      "spearman": 0.8965865256784443
    },
    "evaluation_time": 0.22,
    "manhattan": {
      "pearson": 0.8757951686745925,
      "spearman": 0.8857256475126274
    }
  }
}