{
  "dataset_revision": "ae752c7c21bf194d8b67fd573edf7ae58183cbe3",
  "mteb_dataset_name": "STS15",
  "mteb_version": "1.2.0",
  "test": {
    "cos_sim": {
      "pearson": 0.8733727779030589,
      "spearman": 0.8803416484878178
    },
    "euclidean": {
      "pearson": 0.8902190317780405,
      "spearman": 0.8967032274370484
    },
    "evaluation_time": 0.07,
    "manhattan": {
      "pearson": 0.8431962857999704,
      "spearman": 0.8424970879264327
    }
  }
}