{
  "dataset_revision": "b0fddb56ed78048fa8b90373c8a3cfc37b684831",
  "mteb_dataset_name": "STSBenchmark",
  "mteb_version": "1.2.0",
  "test": {
    "cos_sim": {
      "pearson": 0.8785575194179697,
      "spearman": 0.8848543407896767
    },
    "euclidean": {
      "pearson": 0.8851186573527473,
      "spearman": 0.8881925110979104
    },
    "evaluation_time": 0.04,
    "manhattan": {
      "pearson": 0.8456616008614986,
      "spearman": 0.8528165935981019
    }
  }
}