{
  "dataset_revision": "e8379541af4e31359cca9fbcf4b00f2671dba205",
  "mteb_dataset_name": "AmazonCounterfactualClassification",
  "mteb_version": "1.1.2",
  "test": {
    "en": {
      "accuracy": 0.76,
      "accuracy_stderr": 0.0381972929963331,
      "ap": 0.38849182494552725,
      "ap_stderr": 0.0423814144341637,
      "f1": 0.6985237794009266,
      "f1_stderr": 0.03735100200347168,
      "main_score": 0.76
    },
    "evaluation_time": 10.02
  }
}