{
  "dataset_revision": null,
  "mteb_dataset_name": "ArguAna",
  "mteb_version": "1.1.2",
  "test": {
    "evaluation_time": 9.08,
    "map_at_1": 0.4175,
    "map_at_10": 0.57926,
    "map_at_100": 0.5839,
    "map_at_1000": 0.5839,
    "map_at_3": 0.53568,
    "map_at_5": 0.56513,
    "mrr_at_1": 0.42532,
    "mrr_at_10": 0.58196,
    "mrr_at_100": 0.58661,
    "mrr_at_1000": 0.58661,
    "mrr_at_3": 0.53864,
    "mrr_at_5": 0.56798,
    "ndcg_at_1": 0.4175,
    "ndcg_at_10": 0.66143,
    "ndcg_at_100": 0.67961,
    "ndcg_at_1000": 0.67972,
    "ndcg_at_3": 0.5747,
    "ndcg_at_5": 0.62744,
    "precision_at_1": 0.4175,
    "precision_at_10": 0.09196,
    "precision_at_100": 0.00996,
    "precision_at_1000": 0.001,
    "precision_at_3": 0.22926,
    "precision_at_5": 0.16302,
    "recall_at_1": 0.4175,
    "recall_at_10": 0.91963,
    "recall_at_100": 0.99573,
    "recall_at_1000": 0.99644,
    "recall_at_3": 0.68777,
    "recall_at_5": 0.81508
  }
}