{
  "dataset_revision": "a0d554a64d88156834ff5ae9920b964011b16384",
  "mteb_dataset_name": "STS12",
  "mteb_version": "1.1.2",
  "test": {
    "cos_sim": {
      "pearson": 0.8469939523056182,
      "spearman": 0.7589771886064423
    },
    "euclidean": {
      "pearson": 0.8448967769124633,
      "spearman": 0.7864683857349106
    },
    "evaluation_time": 0.52,
    "manhattan": {
      "pearson": 0.786161146946816,
      "spearman": 0.7693359537743821
    }
  }
}