{
  "dataset_revision": null,
  "mteb_dataset_name": "SciFact",
  "mteb_version": "1.1.2",
  "test": {
    "evaluation_time": 1.12,
    "map_at_1": 0.60761,
    "map_at_10": 0.70688,
    "map_at_100": 0.71058,
    "map_at_1000": 0.71078,
    "map_at_3": 0.67413,
    "map_at_5": 0.69374,
    "mrr_at_1": 0.63667,
    "mrr_at_10": 0.71661,
    "mrr_at_100": 0.7193,
    "mrr_at_1000": 0.71949,
    "mrr_at_3": 0.69222,
    "mrr_at_5": 0.70739,
    "ndcg_at_1": 0.63667,
    "ndcg_at_10": 0.75446,
    "ndcg_at_100": 0.77104,
    "ndcg_at_1000": 0.77535,
    "ndcg_at_3": 0.69876,
    "ndcg_at_5": 0.7278,
    "precision_at_1": 0.63667,
    "precision_at_10": 0.101,
    "precision_at_100": 0.01097,
    "precision_at_1000": 0.00113,
    "precision_at_3": 0.27,
    "precision_at_5": 0.182,
    "recall_at_1": 0.60761,
    "recall_at_10": 0.89156,
    "recall_at_100": 0.96833,
    "recall_at_1000": 1.0,
    "recall_at_3": 0.74256,
    "recall_at_5": 0.81328
  }
}