{
  "dataset_revision": "a6ea5a8cab320b040a23452cc28066d9beae2cee",
  "mteb_dataset_name": "SICK-R",
  "mteb_version": "1.1.2",
  "test": {
    "cos_sim": {
      "pearson": 0.8769352762227811,
      "spearman": 0.8296899993403489
    },
    "euclidean": {
      "pearson": 0.8521594036620698,
      "spearman": 0.829243593807592
    },
    "evaluation_time": 2.11,
    "manhattan": {
      "pearson": 0.8140715823211272,
      "spearman": 0.8027455120056236
    }
  }
}