{
  "dataset_revision": "4885aa143210c98657558c04aaf3dc47cfb54340",
  "mteb_dataset_name": "CQADupstackGamingRetrieval",
  "mteb_version": "1.2.0",
  "test": {
    "evaluation_time": 58.52,
    "map_at_1": 0.4467,
    "map_at_10": 0.58206,
    "map_at_100": 0.59183,
    "map_at_1000": 0.59227,
    "map_at_3": 0.54655,
    "map_at_5": 0.5681,
    "mrr_at_1": 0.50972,
    "mrr_at_10": 0.61449,
    "mrr_at_100": 0.6201,
    "mrr_at_1000": 0.62028,
    "mrr_at_3": 0.58945,
    "mrr_at_5": 0.60484,
    "ndcg_at_1": 0.50972,
    "ndcg_at_10": 0.642,
    "ndcg_at_100": 0.67695,
    "ndcg_at_1000": 0.68463,
    "ndcg_at_3": 0.58497,
    "ndcg_at_5": 0.61542,
    "precision_at_1": 0.50972,
    "precision_at_10": 0.10232,
    "precision_at_100": 0.01285,
    "precision_at_1000": 0.00139,
    "precision_at_3": 0.25914,
    "precision_at_5": 0.17931,
    "recall_at_1": 0.4467,
    "recall_at_10": 0.78451,
    "recall_at_100": 0.93099,
    "recall_at_1000": 0.98386,
    "recall_at_3": 0.63483,
    "recall_at_5": 0.70855
  }
}