{
  "dataset_revision": "90fceea13679c63fe563ded68f3b6f06e50061de",
  "mteb_dataset_name": "CQADupstackMathematicaRetrieval",
  "mteb_version": "1.2.0",
  "test": {
    "evaluation_time": 21.58,
    "map_at_1": 0.18679,
    "map_at_10": 0.27975,
    "map_at_100": 0.29356,
    "map_at_1000": 0.29473,
    "map_at_3": 0.24994,
    "map_at_5": 0.26498,
    "mrr_at_1": 0.2301,
    "mrr_at_10": 0.32731,
    "mrr_at_100": 0.33694,
    "mrr_at_1000": 0.33756,
    "mrr_at_3": 0.29809,
    "mrr_at_5": 0.31395,
    "ndcg_at_1": 0.2301,
    "ndcg_at_10": 0.33927,
    "ndcg_at_100": 0.39939,
    "ndcg_at_1000": 0.42546,
    "ndcg_at_3": 0.28418,
    "ndcg_at_5": 0.30724,
    "precision_at_1": 0.2301,
    "precision_at_10": 0.06455,
    "precision_at_100": 0.01092,
    "precision_at_1000": 0.00143,
    "precision_at_3": 0.13972,
    "precision_at_5": 0.101,
    "recall_at_1": 0.18679,
    "recall_at_10": 0.47408,
    "recall_at_100": 0.7281,
    "recall_at_1000": 0.91286,
    "recall_at_3": 0.32199,
    "recall_at_5": 0.38084
  }
}