{
  "dataset_revision": "4f58c6b202a23cf9a4da393831edf4f9183cad37",
  "mteb_dataset_name": "EmotionClassification",
  "mteb_version": "1.2.0",
  "test": {
    "accuracy": 0.5468,
    "accuracy_stderr": 0.022282504347581757,
    "evaluation_time": 22.15,
    "f1": 0.4842459041572539,
    "f1_stderr": 0.0132353600908712,
    "main_score": 0.5468
  }
}