{
  "dataset_revision": null,
  "mteb_dataset_name": "SCIDOCS",
  "mteb_version": "1.2.0",
  "test": {
    "evaluation_time": 29.34,
    "map_at_1": 0.05208,
    "map_at_10": 0.13967,
    "map_at_100": 0.16575,
    "map_at_1000": 0.16936,
    "map_at_3": 0.09772,
    "map_at_5": 0.1171,
    "mrr_at_1": 0.258,
    "mrr_at_10": 0.375,
    "mrr_at_100": 0.38659,
    "mrr_at_1000": 0.38698,
    "mrr_at_3": 0.341,
    "mrr_at_5": 0.36095,
    "ndcg_at_1": 0.258,
    "ndcg_at_10": 0.22982,
    "ndcg_at_100": 0.32527,
    "ndcg_at_1000": 0.38218,
    "ndcg_at_3": 0.21551,
    "ndcg_at_5": 0.18817,
    "precision_at_1": 0.258,
    "precision_at_10": 0.1212,
    "precision_at_100": 0.02588,
    "precision_at_1000": 0.00395,
    "precision_at_3": 0.20367,
    "precision_at_5": 0.1668,
    "recall_at_1": 0.05208,
    "recall_at_10": 0.24542,
    "recall_at_100": 0.52518,
    "recall_at_1000": 0.80147,
    "recall_at_3": 0.12392,
    "recall_at_5": 0.16917
  }
}