{
  "dataset_revision": "6031580fec1f6af667f0bd2da0a551cf4f0b2375",
  "mteb_dataset_name": "STS14",
  "mteb_version": "1.2.0",
  "test": {
    "cos_sim": {
      "pearson": 0.8591789788913208,
      "spearman": 0.8303372024540762
    },
    "euclidean": {
      "pearson": 0.8481033210540296,
      "spearman": 0.8303372024540762
    },
    "evaluation_time": 1.09,
    "manhattan": {
      "pearson": 0.8467020945891566,
      "spearman": 0.8286556313030625
    }
  }
}