{
  "dataset_revision": "ae752c7c21bf194d8b67fd573edf7ae58183cbe3",
  "mteb_dataset_name": "STS15",
  "mteb_version": "1.2.0",
  "test": {
    "cos_sim": {
      "pearson": 0.8941100491050235,
      "spearman": 0.9005300873868294
    },
    "euclidean": {
      "pearson": 0.8932969437147892,
      "spearman": 0.9005300873868294
    },
    "evaluation_time": 1.65,
    "manhattan": {
      "pearson": 0.894837785967335,
      "spearman": 0.9022736746654569
    }
  }
}