{
  "dataset_revision": "e8379541af4e31359cca9fbcf4b00f2671dba205",
  "mteb_dataset_name": "AmazonCounterfactualClassification",
  "mteb_version": "1.1.2",
  "test": {
    "en": {
      "accuracy": 0.7313432835820896,
      "accuracy_stderr": 0.03593266145863679,
      "ap": 0.359238080868708,
      "ap_stderr": 0.035693754409931576,
      "f1": 0.6714419772806,
      "f1_stderr": 0.03436385070264978,
      "main_score": 0.7313432835820896
    },
    "evaluation_time": 0.56
  }
}