{
  "dataset_revision": "af5e6fb845001ecf41f4c1e033ce921939a2a68d",
  "mteb_dataset_name": "STS17",
  "mteb_version": "1.1.2",
  "test": {
    "en-en": {
      "cos_sim": {
        "pearson": 0.8971279418010794,
        "spearman": 0.8983285895149243
      },
      "euclidean": {
        "pearson": 0.899866263885529,
        "spearman": 0.8952822468476637
      },
      "manhattan": {
        "pearson": 0.8825490963673507,
        "spearman": 0.8742334605039581
      }
    },
    "evaluation_time": 0.04
  }
}