{
  "dataset_revision": null,
  "mteb_dataset_name": "ArguAna",
  "mteb_version": "1.1.2",
  "test": {
    "evaluation_time": 2.06,
    "map_at_1": 0.36486,
    "map_at_10": 0.5355,
    "map_at_100": 0.54139,
    "map_at_1000": 0.54143,
    "map_at_3": 0.49182,
    "map_at_5": 0.51895,
    "mrr_at_1": 0.37411,
    "mrr_at_10": 0.53873,
    "mrr_at_100": 0.54455,
    "mrr_at_1000": 0.54459,
    "mrr_at_3": 0.49538,
    "mrr_at_5": 0.52187,
    "ndcg_at_1": 0.36486,
    "ndcg_at_10": 0.62216,
    "ndcg_at_100": 0.64525,
    "ndcg_at_1000": 0.64604,
    "ndcg_at_3": 0.53387,
    "ndcg_at_5": 0.58278,
    "precision_at_1": 0.36486,
    "precision_at_10": 0.08947,
    "precision_at_100": 0.00991,
    "precision_at_1000": 0.001,
    "precision_at_3": 0.21859,
    "precision_at_5": 0.15491,
    "recall_at_1": 0.36486,
    "recall_at_10": 0.89474,
    "recall_at_100": 0.99075,
    "recall_at_1000": 0.99644,
    "recall_at_3": 0.65576,
    "recall_at_5": 0.77454
  }
}