{
  "dataset_revision": "c22ab2a51041ffd869aaddef7af8d8215647e41a",
  "mteb_dataset_name": "ArguAna",
  "mteb_version": "1.2.0",
  "test": {
    "evaluation_time": 6.89,
    "map_at_1": 0.39616,
    "map_at_10": 0.56511,
    "map_at_100": 0.57033,
    "map_at_1000": 0.57034,
    "map_at_3": 0.5243,
    "map_at_5": 0.54923,
    "mrr_at_1": 0.40398,
    "mrr_at_10": 0.56796,
    "mrr_at_100": 0.57311,
    "mrr_at_1000": 0.57313,
    "mrr_at_3": 0.52715,
    "mrr_at_5": 0.55204,
    "ndcg_at_1": 0.39616,
    "ndcg_at_10": 0.64853,
    "ndcg_at_100": 0.66863,
    "ndcg_at_1000": 0.66902,
    "ndcg_at_3": 0.56576,
    "ndcg_at_5": 0.61063,
    "precision_at_1": 0.39616,
    "precision_at_10": 0.09104,
    "precision_at_100": 0.00994,
    "precision_at_1000": 0.001,
    "precision_at_3": 0.22854,
    "precision_at_5": 0.15889,
    "recall_at_1": 0.39616,
    "recall_at_10": 0.91038,
    "recall_at_100": 0.9936,
    "recall_at_1000": 0.99644,
    "recall_at_3": 0.68563,
    "recall_at_5": 0.79445
  }
}