{
  "dataset_revision": "4d8694f8f0e0100860b497b999b3dbed754a0513",
  "mteb_dataset_name": "STS16",
  "mteb_version": "1.1.2",
  "test": {
    "cos_sim": {
      "pearson": 0.8220237690522231,
      "spearman": 0.8430674935461251
    },
    "euclidean": {
      "pearson": 0.8560369260578774,
      "spearman": 0.8596046916126772
    },
    "evaluation_time": 0.09,
    "manhattan": {
      "pearson": 0.8551346784561574,
      "spearman": 0.8587376737161095
    }
  }
}