{
  "dataset_revision": "a0d554a64d88156834ff5ae9920b964011b16384",
  "mteb_dataset_name": "STS12",
  "mteb_version": "1.2.0",
  "test": {
    "cos_sim": {
      "pearson": 0.8439634751571324,
      "spearman": 0.7597106710635017
    },
    "euclidean": {
      "pearson": 0.8346334816862423,
      "spearman": 0.7502925928967354
    },
    "evaluation_time": 0.04,
    "manhattan": {
      "pearson": 0.8047231525938829,
      "spearman": 0.743685423463996
    }
  }
}