{
  "dataset_revision": "ae752c7c21bf194d8b67fd573edf7ae58183cbe3",
  "mteb_dataset_name": "STS15",
  "mteb_version": "1.2.0",
  "test": {
    "cos_sim": {
      "pearson": 0.8791128654157307,
      "spearman": 0.88900556879855
    },
    "euclidean": {
      "pearson": 0.8967175131492586,
      "spearman": 0.9031394291498567
    },
    "evaluation_time": 0.65,
    "manhattan": {
      "pearson": 0.8749915366581931,
      "spearman": 0.8831901046185713
    }
  }
}