{
  "dataset_revision": "4d8694f8f0e0100860b497b999b3dbed754a0513",
  "mteb_dataset_name": "STS16",
  "mteb_version": "1.1.2",
  "test": {
    "cos_sim": {
      "pearson": 0.8288198526857896,
      "spearman": 0.8507749095242367
    },
    "euclidean": {
      "pearson": 0.8575122973961432,
      "spearman": 0.8610471249921031
    },
    "evaluation_time": 0.18,
    "manhattan": {
      "pearson": 0.8577746449661944,
      "spearman": 0.8613859085785731
    }
  }
}