{
  "dataset_revision": null,
  "mteb_dataset_name": "SciFact",
  "mteb_version": "1.1.2",
  "test": {
    "evaluation_time": 0.99,
    "map_at_1": 0.61428,
    "map_at_10": 0.7044,
    "map_at_100": 0.70918,
    "map_at_1000": 0.70938,
    "map_at_3": 0.67163,
    "map_at_5": 0.6902,
    "mrr_at_1": 0.64333,
    "mrr_at_10": 0.71465,
    "mrr_at_100": 0.71848,
    "mrr_at_1000": 0.71867,
    "mrr_at_3": 0.69111,
    "mrr_at_5": 0.70378,
    "ndcg_at_1": 0.64333,
    "ndcg_at_10": 0.74938,
    "ndcg_at_100": 0.77003,
    "ndcg_at_1000": 0.77395,
    "ndcg_at_3": 0.69444,
    "ndcg_at_5": 0.72029,
    "precision_at_1": 0.64333,
    "precision_at_10": 0.09967,
    "precision_at_100": 0.011,
    "precision_at_1000": 0.00113,
    "precision_at_3": 0.26667,
    "precision_at_5": 0.17867,
    "recall_at_1": 0.61428,
    "recall_at_10": 0.87822,
    "recall_at_100": 0.97167,
    "recall_at_1000": 1.0,
    "recall_at_3": 0.73061,
    "recall_at_5": 0.79411
  }
}