{
  "dataset_revision": "b0fddb56ed78048fa8b90373c8a3cfc37b684831",
  "mteb_dataset_name": "STSBenchmark",
  "mteb_version": "1.1.2",
  "test": {
    "cos_sim": {
      "pearson": 0.8760090624061821,
      "spearman": 0.8818470299695301
    },
    "euclidean": {
      "pearson": 0.8916315457608025,
      "spearman": 0.8937903324780414
    },
    "evaluation_time": 0.32,
    "manhattan": {
      "pearson": 0.8730703316577174,
      "spearman": 0.876807996556901
    }
  }
}