{
  "dataset_revision": null,
  "mteb_dataset_name": "SciFact",
  "mteb_version": "1.1.2",
  "test": {
    "evaluation_time": 0.8,
    "map_at_1": 0.57761,
    "map_at_10": 0.67148,
    "map_at_100": 0.67828,
    "map_at_1000": 0.67852,
    "map_at_3": 0.64772,
    "map_at_5": 0.65872,
    "mrr_at_1": 0.60333,
    "mrr_at_10": 0.67894,
    "mrr_at_100": 0.68447,
    "mrr_at_1000": 0.6847,
    "mrr_at_3": 0.66222,
    "mrr_at_5": 0.66939,
    "ndcg_at_1": 0.60333,
    "ndcg_at_10": 0.71172,
    "ndcg_at_100": 0.73886,
    "ndcg_at_1000": 0.7455,
    "ndcg_at_3": 0.67097,
    "ndcg_at_5": 0.68455,
    "precision_at_1": 0.60333,
    "precision_at_10": 0.09367,
    "precision_at_100": 0.01073,
    "precision_at_1000": 0.00113,
    "precision_at_3": 0.26111,
    "precision_at_5": 0.16733,
    "recall_at_1": 0.57761,
    "recall_at_10": 0.828,
    "recall_at_100": 0.945,
    "recall_at_1000": 0.99667,
    "recall_at_3": 0.71017,
    "recall_at_5": 0.74722
  }
}