{
  "dataset_revision": "eea2b4fe26a775864c896887d910b76a8098ad3f",
  "mteb_dataset_name": "STS22",
  "mteb_version": "1.1.2",
  "test": {
    "en": {
      "cos_sim": {
        "pearson": 0.687295291565572,
        "spearman": 0.693538871408255
      },
      "euclidean": {
        "pearson": 0.7074521238862335,
        "spearman": 0.6974706517625019
      },
      "manhattan": {
        "pearson": 0.7054651618433864,
        "spearman": 0.6887297449099637
      }
    },
    "evaluation_time": 0.09
  }
}