{
  "dataset_revision": "af5e6fb845001ecf41f4c1e033ce921939a2a68d",
  "mteb_dataset_name": "STS17",
  "mteb_version": "1.1.2",
  "test": {
    "en-en": {
      "cos_sim": {
        "pearson": 0.8908353638731427,
        "spearman": 0.8941982485736352
      },
      "euclidean": {
        "pearson": 0.8994681264529131,
        "spearman": 0.8918957132327026
      },
      "manhattan": {
        "pearson": 0.885228378678567,
        "spearman": 0.8743795311933662
      }
    },
    "evaluation_time": 0.02
  }
}