{
  "dataset_revision": "d3fb88f8f02e40887cd149695127462bbcf29b4a",
  "mteb_dataset_name": "BIOSSES",
  "mteb_version": "1.2.0",
  "test": {
    "cos_sim": {
      "pearson": 0.8740813262119844,
      "spearman": 0.8619112054965784
    },
    "euclidean": {
      "pearson": 0.8533454432939424,
      "spearman": 0.8619112054965784
    },
    "evaluation_time": 0.01,
    "manhattan": {
      "pearson": 0.8503280297899123,
      "spearman": 0.8577605085104932
    }
  }
}