{
  "dataset_revision": "4f58c6b202a23cf9a4da393831edf4f9183cad37",
  "mteb_dataset_name": "EmotionClassification",
  "mteb_version": "1.2.0",
  "test": {
    "accuracy": 0.5515,
    "accuracy_stderr": 0.027298351598585586,
    "evaluation_time": 43.32,
    "f1": 0.48415638050388754,
    "f1_stderr": 0.015835163725145773,
    "main_score": 0.5515
  }
}