{
  "dataset_revision": "4d8694f8f0e0100860b497b999b3dbed754a0513",
  "mteb_dataset_name": "STS16",
  "mteb_version": "1.1.2",
  "test": {
    "cos_sim": {
      "pearson": 0.8447400520550746,
      "spearman": 0.8576961672045977
    },
    "euclidean": {
      "pearson": 0.8670446729325342,
      "spearman": 0.8740103200347797
    },
    "evaluation_time": 0.28,
    "manhattan": {
      "pearson": 0.8586989139251056,
      "spearman": 0.8673823758700476
    }
  }
}