{
  "dataset_revision": "e8379541af4e31359cca9fbcf4b00f2671dba205",
  "mteb_dataset_name": "AmazonCounterfactualClassification",
  "mteb_version": "1.2.0",
  "test": {
    "en": {
      "accuracy": 0.7408955223880597,
      "accuracy_stderr": 0.035803478352695366,
      "ap": 0.3686976292507084,
      "ap_stderr": 0.038032896977997194,
      "f1": 0.6804685121661711,
      "f1_stderr": 0.03509270088366417,
      "main_score": 0.7408955223880597
    },
    "evaluation_time": 13.16
  }
}