{
  "dataset_revision": "0fd18e25b25c072e09e0d92ab615fda904d66300",
  "mteb_dataset_name": "Banking77Classification",
  "mteb_version": "1.1.2",
  "test": {
    "accuracy": 0.8543181818181818,
    "accuracy_stderr": 0.004385040462948627,
    "evaluation_time": 62.52,
    "f1": 0.8487245939618753,
    "f1_stderr": 0.005459926742057046,
    "main_score": 0.8543181818181818
  }
}