{
  "dataset_revision": "f46a197baaae43b4f621051089b82a364682dfeb",
  "mteb_dataset_name": "CQADupstackAndroidRetrieval",
  "mteb_version": "1.2.0",
  "test": {
    "evaluation_time": 34.06,
    "map_at_1": 0.33805,
    "map_at_10": 0.45327,
    "map_at_100": 0.46813,
    "map_at_1000": 0.46939,
    "map_at_3": 0.41706,
    "map_at_5": 0.43559,
    "mrr_at_1": 0.41631,
    "mrr_at_10": 0.51819,
    "mrr_at_100": 0.52459,
    "mrr_at_1000": 0.52496,
    "mrr_at_3": 0.49237,
    "mrr_at_5": 0.50753,
    "ndcg_at_1": 0.41631,
    "ndcg_at_10": 0.52131,
    "ndcg_at_100": 0.57308,
    "ndcg_at_1000": 0.59092,
    "ndcg_at_3": 0.4697,
    "ndcg_at_5": 0.49014,
    "precision_at_1": 0.41631,
    "precision_at_10": 0.10057,
    "precision_at_100": 0.01585,
    "precision_at_1000": 0.00205,
    "precision_at_3": 0.22604,
    "precision_at_5": 0.16109,
    "recall_at_1": 0.33805,
    "recall_at_10": 0.64922,
    "recall_at_100": 0.86783,
    "recall_at_1000": 0.97689,
    "recall_at_3": 0.49365,
    "recall_at_5": 0.55428
  }
}