{
  "dataset_revision": "70970daeab8776df92f5ea462b6173c0b46fd2d1",
  "mteb_dataset_name": "TwitterSemEval2015",
  "mteb_version": "1.1.2",
  "test": {
    "cos_sim": {
      "accuracy": 0.8754842939738928,
      "accuracy_threshold": 0.8308813402302957,
      "ap": 0.7892988005021069,
      "f1": 0.7210311383358857,
      "f1_threshold": 0.799957876344583,
      "precision": 0.6982204646564508,
      "recall": 0.7453825857519789
    },
    "dot": {
      "accuracy": 0.8754842939738928,
      "accuracy_threshold": 0.830881340230296,
      "ap": 0.7892988005021069,
      "f1": 0.7210311383358857,
      "f1_threshold": 0.799957876344583,
      "precision": 0.6982204646564508,
      "recall": 0.7453825857519789
    },
    "euclidean": {
      "accuracy": 0.8754842939738928,
      "accuracy_threshold": 0.581581738947621,
      "ap": 0.7892988005021069,
      "f1": 0.7210311383358857,
      "f1_threshold": 0.6325221318737018,
      "precision": 0.6982204646564508,
      "recall": 0.7453825857519789
    },
    "evaluation_time": 20.37,
    "manhattan": {
      "accuracy": 0.8755438993860643,
      "accuracy_threshold": 33.29275003269784,
      "ap": 0.7890624635268972,
      "f1": 0.7203959893387485,
      "f1_threshold": 35.12960112637845,
      "precision": 0.6940572267057961,
      "recall": 0.7488126649076517
    },
    "max": {
      "accuracy": 0.8755438993860643,
      "ap": 0.7892988005021069,
      "f1": 0.7210311383358857
    }
  }
}