{
  "dataset_revision": null,
  "mteb_dataset_name": "ArguAna",
  "mteb_version": "1.1.2",
  "test": {
    "evaluation_time": 2.13,
    "map_at_1": 0.42248,
    "map_at_10": 0.58145,
    "map_at_100": 0.58624,
    "map_at_1000": 0.58628,
    "map_at_3": 0.53995,
    "map_at_5": 0.56612,
    "mrr_at_1": 0.43172,
    "mrr_at_10": 0.58472,
    "mrr_at_100": 0.58957,
    "mrr_at_1000": 0.58961,
    "mrr_at_3": 0.54362,
    "mrr_at_5": 0.56944,
    "ndcg_at_1": 0.42248,
    "ndcg_at_10": 0.66176,
    "ndcg_at_100": 0.68039,
    "ndcg_at_1000": 0.68108,
    "ndcg_at_3": 0.57878,
    "ndcg_at_5": 0.6255,
    "precision_at_1": 0.42248,
    "precision_at_10": 0.09139,
    "precision_at_100": 0.00991,
    "precision_at_1000": 0.001,
    "precision_at_3": 0.23044,
    "precision_at_5": 0.16074,
    "recall_at_1": 0.42248,
    "recall_at_10": 0.91394,
    "recall_at_100": 0.99147,
    "recall_at_1000": 0.99644,
    "recall_at_3": 0.69132,
    "recall_at_5": 0.8037
  }
}