{
  "dataset_revision": "ae752c7c21bf194d8b67fd573edf7ae58183cbe3",
  "mteb_dataset_name": "STS15",
  "mteb_version": "1.1.2",
  "test": {
    "cos_sim": {
      "pearson": 0.8791274034988474,
      "spearman": 0.8915714011095545
    },
    "euclidean": {
      "pearson": 0.8991352544871581,
      "spearman": 0.9047729061146417
    },
    "evaluation_time": 0.42,
    "manhattan": {
      "pearson": 0.8825505276536816,
      "spearman": 0.89094121948706
    }
  }
}