{
  "dataset_revision": "6031580fec1f6af667f0bd2da0a551cf4f0b2375",
  "mteb_dataset_name": "STS14",
  "mteb_version": "1.2.0",
  "test": {
    "cos_sim": {
      "pearson": 0.8677972020093764,
      "spearman": 0.8361956172012517
    },
    "euclidean": {
      "pearson": 0.8656990224505361,
      "spearman": 0.84637927852149
    },
    "evaluation_time": 0.06,
    "manhattan": {
      "pearson": 0.8478095260516844,
      "spearman": 0.8389716507391065
    }
  }
}