{
  "dataset_revision": "0228b52cf27578f30900b9e5271d331663a030d7",
  "mteb_dataset_name": "SciFact",
  "mteb_version": "1.2.0",
  "test": {
    "evaluation_time": 1.33,
    "map_at_1": 0.58928,
    "map_at_10": 0.68552,
    "map_at_100": 0.69116,
    "map_at_1000": 0.69135,
    "map_at_3": 0.65719,
    "map_at_5": 0.67162,
    "mrr_at_1": 0.61667,
    "mrr_at_10": 0.69457,
    "mrr_at_100": 0.69921,
    "mrr_at_1000": 0.69938,
    "mrr_at_3": 0.675,
    "mrr_at_5": 0.685,
    "ndcg_at_1": 0.61667,
    "ndcg_at_10": 0.72956,
    "ndcg_at_100": 0.75452,
    "ndcg_at_1000": 0.75877,
    "ndcg_at_3": 0.68261,
    "ndcg_at_5": 0.70228,
    "precision_at_1": 0.61667,
    "precision_at_10": 0.09733,
    "precision_at_100": 0.01097,
    "precision_at_1000": 0.00113,
    "precision_at_3": 0.26667,
    "precision_at_5": 0.17467,
    "recall_at_1": 0.58928,
    "recall_at_10": 0.85489,
    "recall_at_100": 0.96833,
    "recall_at_1000": 1.0,
    "recall_at_3": 0.72672,
    "recall_at_5": 0.77744
  }
}