{
  "dataset_revision": "7e90230a92c190f1bf69ae9002b8cea547a64cca",
  "mteb_dataset_name": "STS13",
  "mteb_version": "1.2.0",
  "test": {
    "cos_sim": {
      "pearson": 0.8697758681152348,
      "spearman": 0.8759146032561937
    },
    "euclidean": {
      "pearson": 0.8890703328203395,
      "spearman": 0.8921249397145674
    },
    "evaluation_time": 0.03,
    "manhattan": {
      "pearson": 0.8621021678412584,
      "spearman": 0.8641983966931619
    }
  }
}