{
  "dataset_revision": "ae752c7c21bf194d8b67fd573edf7ae58183cbe3",
  "mteb_dataset_name": "STS15",
  "mteb_version": "1.2.0",
  "test": {
    "cos_sim": {
      "pearson": 0.8674456722386953,
      "spearman": 0.88005954337122
    },
    "euclidean": {
      "pearson": 0.8910922210492109,
      "spearman": 0.8968283196417378
    },
    "evaluation_time": 0.05,
    "manhattan": {
      "pearson": 0.8821451068718213,
      "spearman": 0.885103811405671
    }
  }
}