{
  "dataset_revision": "d3fb88f8f02e40887cd149695127462bbcf29b4a",
  "mteb_dataset_name": "BIOSSES",
  "mteb_version": "1.2.0",
  "test": {
    "cos_sim": {
      "pearson": 0.9083813413852837,
      "spearman": 0.8923878035409972
    },
    "euclidean": {
      "pearson": 0.8910058376310674,
      "spearman": 0.8923878035409972
    },
    "evaluation_time": 0.02,
    "manhattan": {
      "pearson": 0.8896168442015342,
      "spearman": 0.8927854029620156
    }
  }
}