{
  "dataset_revision": "6184bc1440d2dbc7612be22b50686b8826d22b32",
  "mteb_dataset_name": "CQADupstackProgrammersRetrieval",
  "mteb_version": "1.2.0",
  "test": {
    "evaluation_time": 5.59,
    "map_at_1": 0.25755,
    "map_at_10": 0.36946,
    "map_at_100": 0.38341,
    "map_at_1000": 0.38447,
    "map_at_3": 0.32948,
    "map_at_5": 0.34998,
    "mrr_at_1": 0.31621,
    "mrr_at_10": 0.42004,
    "mrr_at_100": 0.4288,
    "mrr_at_1000": 0.42928,
    "mrr_at_3": 0.39022,
    "mrr_at_5": 0.40535,
    "ndcg_at_1": 0.31621,
    "ndcg_at_10": 0.43565,
    "ndcg_at_100": 0.49181,
    "ndcg_at_1000": 0.51238,
    "ndcg_at_3": 0.37023,
    "ndcg_at_5": 0.39684,
    "precision_at_1": 0.31621,
    "precision_at_10": 0.0839,
    "precision_at_100": 0.01285,
    "precision_at_1000": 0.00164,
    "precision_at_3": 0.1796,
    "precision_at_5": 0.13059,
    "recall_at_1": 0.25755,
    "recall_at_10": 0.58151,
    "recall_at_100": 0.81637,
    "recall_at_1000": 0.95256,
    "recall_at_3": 0.39882,
    "recall_at_5": 0.46817
  }
}