{
  "dataset_revision": "7e90230a92c190f1bf69ae9002b8cea547a64cca",
  "mteb_dataset_name": "STS13",
  "mteb_version": "1.1.2",
  "test": {
    "cos_sim": {
      "pearson": 0.8857618071139765,
      "spearman": 0.8927201221481302
    },
    "euclidean": {
      "pearson": 0.8851433098480459,
      "spearman": 0.8927201221481302
    },
    "evaluation_time": 0.32,
    "manhattan": {
      "pearson": 0.8836318356330048,
      "spearman": 0.8917959408763637
    }
  }
}