{
  "dataset_revision": "a0d554a64d88156834ff5ae9920b964011b16384",
  "mteb_dataset_name": "STS12",
  "mteb_version": "1.2.0",
  "test": {
    "cos_sim": {
      "pearson": 0.8645138087033942,
      "spearman": 0.7737746652388573
    },
    "euclidean": {
      "pearson": 0.8382910345636023,
      "spearman": 0.7737745197529604
    },
    "evaluation_time": 0.11,
    "manhattan": {
      "pearson": 0.8375976598184799,
      "spearman": 0.7740993461818405
    }
  }
}