{
  "dataset_revision": "eea2b4fe26a775864c896887d910b76a8098ad3f",
  "mteb_dataset_name": "STS22",
  "mteb_version": "1.1.2",
  "test": {
    "en": {
      "cos_sim": {
        "pearson": 0.697755695144466,
        "spearman": 0.7017556493955199
      },
      "euclidean": {
        "pearson": 0.713379759049005,
        "spearman": 0.7017556493955199
      },
      "manhattan": {
        "pearson": 0.7143653190390452,
        "spearman": 0.702310705119303
      }
    },
    "evaluation_time": 0.09
  }
}