{
  "dataset_revision": "b0fddb56ed78048fa8b90373c8a3cfc37b684831",
  "mteb_dataset_name": "STSBenchmark",
  "mteb_version": "1.2.0",
  "test": {
    "cos_sim": {
      "pearson": 0.8719596358478254,
      "spearman": 0.8802978763689051
    },
    "euclidean": {
      "pearson": 0.8811462172128023,
      "spearman": 0.8802978763689051
    },
    "evaluation_time": 0.05,
    "manhattan": {
      "pearson": 0.8800034847932333,
      "spearman": 0.8793059713749892
    }
  }
}