{
  "dataset_revision": "70970daeab8776df92f5ea462b6173c0b46fd2d1",
  "mteb_dataset_name": "TwitterSemEval2015",
  "mteb_version": "1.2.0",
  "test": {
    "cos_sim": {
      "accuracy": 0.870179412290636,
      "accuracy_threshold": 0.8679511547088623,
      "ap": 0.7707531337454235,
      "f1": 0.7091584158415841,
      "f1_threshold": 0.8475695848464966,
      "precision": 0.6678321678321678,
      "recall": 0.7559366754617414
    },
    "dot": {
      "accuracy": 0.870179412290636,
      "accuracy_threshold": 0.8679512143135071,
      "ap": 0.7707532254709606,
      "f1": 0.7091584158415841,
      "f1_threshold": 0.8475696444511414,
      "precision": 0.6678321678321678,
      "recall": 0.7559366754617414
    },
    "euclidean": {
      "accuracy": 0.870179412290636,
      "accuracy_threshold": 0.513904333114624,
      "ap": 0.7707531131948018,
      "f1": 0.7091584158415841,
      "f1_threshold": 0.5521420240402222,
      "precision": 0.6678321678321678,
      "recall": 0.7559366754617414
    },
    "evaluation_time": 3.27,
    "manhattan": {
      "accuracy": 0.8688680932228646,
      "accuracy_threshold": 18.082210540771484,
      "ap": 0.7672470414496269,
      "f1": 0.7061337355455003,
      "f1_threshold": 19.258281707763672,
      "precision": 0.6742678828612578,
      "recall": 0.7411609498680739
    },
    "max": {
      "accuracy": 0.870179412290636,
      "ap": 0.7707532254709606,
      "f1": 0.7091584158415841
    }
  }
}