{
  "dataset_revision": "a6ea5a8cab320b040a23452cc28066d9beae2cee",
  "mteb_dataset_name": "SICK-R",
  "mteb_version": "1.1.2",
  "test": {
    "cos_sim": {
      "pearson": 0.8772424140152233,
      "spearman": 0.8309419099638262
    },
    "euclidean": {
      "pearson": 0.852197864583006,
      "spearman": 0.8307893342296826
    },
    "evaluation_time": 1.5,
    "manhattan": {
      "pearson": 0.8095731339097247,
      "spearman": 0.801682948141852
    }
  }
}