{
  "dataset_revision": "4d8694f8f0e0100860b497b999b3dbed754a0513",
  "mteb_dataset_name": "STS16",
  "mteb_version": "1.1.2",
  "test": {
    "cos_sim": {
      "pearson": 0.8363632988272883,
      "spearman": 0.8525672723672424
    },
    "euclidean": {
      "pearson": 0.8671833877534382,
      "spearman": 0.8721114420093774
    },
    "evaluation_time": 0.24,
    "manhattan": {
      "pearson": 0.8610243405062991,
      "spearman": 0.8676368740054564
    }
  }
}