{
  "dataset_revision": "e8379541af4e31359cca9fbcf4b00f2671dba205",
  "mteb_dataset_name": "AmazonCounterfactualClassification",
  "mteb_version": "1.1.2",
  "test": {
    "en": {
      "accuracy": 0.7320895522388059,
      "accuracy_stderr": 0.037207311780075636,
      "ap": 0.3603277241855366,
      "ap_stderr": 0.036902273071446154,
      "f1": 0.6722641303848876,
      "f1_stderr": 0.035506760083479694,
      "main_score": 0.7320895522388059
    },
    "evaluation_time": 0.54
  }
}