{
  "dataset_revision": "7e90230a92c190f1bf69ae9002b8cea547a64cca",
  "mteb_dataset_name": "STS13",
  "mteb_version": "1.1.2",
  "test": {
    "cos_sim": {
      "pearson": 0.8795766292606657,
      "spearman": 0.8834379546407417
    },
    "euclidean": {
      "pearson": 0.8798556241380976,
      "spearman": 0.8879716794926992
    },
    "evaluation_time": 0.11,
    "manhattan": {
      "pearson": 0.850866931529103,
      "spearman": 0.8563437260433093
    }
  }
}