{
  "dataset_revision": "b0fddb56ed78048fa8b90373c8a3cfc37b684831",
  "mteb_dataset_name": "STSBenchmark",
  "mteb_version": "1.1.2",
  "test": {
    "cos_sim": {
      "pearson": 0.8788337678571687,
      "spearman": 0.881649270212781
    },
    "euclidean": {
      "pearson": 0.8860382955502455,
      "spearman": 0.8908414646815359
    },
    "evaluation_time": 0.1,
    "manhattan": {
      "pearson": 0.8543898054750323,
      "spearman": 0.8624299292328236
    }
  }
}