{
  "dataset_revision": null,
  "mteb_dataset_name": "SciFact",
  "mteb_version": "1.1.2",
  "test": {
    "evaluation_time": 0.38,
    "map_at_1": 0.60594,
    "map_at_10": 0.69996,
    "map_at_100": 0.70451,
    "map_at_1000": 0.70467,
    "map_at_3": 0.67096,
    "map_at_5": 0.68589,
    "mrr_at_1": 0.63333,
    "mrr_at_10": 0.70818,
    "mrr_at_100": 0.71186,
    "mrr_at_1000": 0.712,
    "mrr_at_3": 0.68667,
    "mrr_at_5": 0.69767,
    "ndcg_at_1": 0.63333,
    "ndcg_at_10": 0.74419,
    "ndcg_at_100": 0.76527,
    "ndcg_at_1000": 0.76899,
    "ndcg_at_3": 0.69351,
    "ndcg_at_5": 0.71464,
    "precision_at_1": 0.63333,
    "precision_at_10": 0.099,
    "precision_at_100": 0.011,
    "precision_at_1000": 0.00113,
    "precision_at_3": 0.26778,
    "precision_at_5": 0.17533,
    "recall_at_1": 0.60594,
    "recall_at_10": 0.87256,
    "recall_at_100": 0.97167,
    "recall_at_1000": 1.0,
    "recall_at_3": 0.73072,
    "recall_at_5": 0.78594
  }
}