{
  "dataset_revision": "7e90230a92c190f1bf69ae9002b8cea547a64cca",
  "mteb_dataset_name": "STS13",
  "mteb_version": "1.1.2",
  "test": {
    "cos_sim": {
      "pearson": 0.8704868076130946,
      "spearman": 0.8735569977168653
    },
    "euclidean": {
      "pearson": 0.8596310610424255,
      "spearman": 0.8674413127913759
    },
    "evaluation_time": 0.05,
    "manhattan": {
      "pearson": 0.8386734835083993,
      "spearman": 0.8427424073504771
    }
  }
}