{
  "dataset_revision": "70970daeab8776df92f5ea462b6173c0b46fd2d1",
  "mteb_dataset_name": "TwitterSemEval2015",
  "mteb_version": "1.1.2",
  "test": {
    "cos_sim": {
      "accuracy": 0.87578232103475,
      "accuracy_threshold": 0.7198302222256727,
      "ap": 0.7889522691924157,
      "f1": 0.7194805194805195,
      "f1_threshold": 0.6854640949424631,
      "precision": 0.7084398976982097,
      "recall": 0.7308707124010554
    },
    "dot": {
      "accuracy": 0.8573642486737796,
      "accuracy_threshold": 0.44594267366910045,
      "ap": 0.7229767485293712,
      "f1": 0.6768642447418739,
      "f1_threshold": 0.4167446254901071,
      "precision": 0.654747225647349,
      "recall": 0.7005277044854882
    },
    "euclidean": {
      "accuracy": 0.8756035047982357,
      "accuracy_threshold": 0.5821968093253305,
      "ap": 0.790811313848932,
      "f1": 0.7163474153765416,
      "f1_threshold": 0.6183435166421254,
      "precision": 0.7124217118997912,
      "recall": 0.7203166226912929
    },
    "evaluation_time": 0.41,
    "manhattan": {
      "accuracy": 0.8701198068784646,
      "accuracy_threshold": 9.50625558041742,
      "ap": 0.7743509429149513,
      "f1": 0.7012448132780082,
      "f1_threshold": 10.325817782156353,
      "precision": 0.65236148955495,
      "recall": 0.7580474934036939
    },
    "max": {
      "accuracy": 0.87578232103475,
      "ap": 0.790811313848932,
      "f1": 0.7194805194805195
    }
  }
}