{
  "dataset_revision": "a6ea5a8cab320b040a23452cc28066d9beae2cee",
  "mteb_dataset_name": "SICK-R",
  "mteb_version": "1.1.2",
  "test": {
    "cos_sim": {
      "pearson": 0.863525774154648,
      "spearman": 0.8222899263588415
    },
    "euclidean": {
      "pearson": 0.8423591348132565,
      "spearman": 0.8241491577128278
    },
    "evaluation_time": 0.85,
    "manhattan": {
      "pearson": 0.8200455236053502,
      "spearman": 0.8110642782759591
    }
  }
}