{
  "dataset_revision": "4d8694f8f0e0100860b497b999b3dbed754a0513",
  "mteb_dataset_name": "STS16",
  "mteb_version": "1.1.2",
  "test": {
    "cos_sim": {
      "pearson": 0.8373874817052074,
      "spearman": 0.8546995534506563
    },
    "euclidean": {
      "pearson": 0.8646984863734016,
      "spearman": 0.8692183408005622
    },
    "evaluation_time": 0.11,
    "manhattan": {
      "pearson": 0.8622179620809036,
      "spearman": 0.8673408424281429
    }
  }
}