{
  "dataset_revision": "d66bd1f72af766a5cc4b0ca5e00c162f89e8cc46",
  "mteb_dataset_name": "SprintDuplicateQuestions",
  "mteb_version": "1.2.0",
  "test": {
    "cos_sim": {
      "accuracy": 0.9985742574257426,
      "accuracy_threshold": 0.7856499552726746,
      "ap": 0.9671554368391513,
      "f1": 0.9287833827893175,
      "f1_threshold": 0.7853016257286072,
      "precision": 0.9187866927592955,
      "recall": 0.939
    },
    "dot": {
      "accuracy": 0.9985742574257426,
      "accuracy_threshold": 0.7856500148773193,
      "ap": 0.9671554368391513,
      "f1": 0.9287833827893175,
      "f1_threshold": 0.785301685333252,
      "precision": 0.9187866927592955,
      "recall": 0.939
    },
    "euclidean": {
      "accuracy": 0.9985742574257426,
      "accuracy_threshold": 0.6547519564628601,
      "ap": 0.9671554368391514,
      "f1": 0.9287833827893175,
      "f1_threshold": 0.6552838087081909,
      "precision": 0.9187866927592955,
      "recall": 0.939
    },
    "evaluation_time": 3.25,
    "manhattan": {
      "accuracy": 0.9986138613861386,
      "accuracy_threshold": 23.610198974609375,
      "ap": 0.9673403443158757,
      "f1": 0.9306243805748264,
      "f1_threshold": 23.64423370361328,
      "precision": 0.9223968565815324,
      "recall": 0.939
    },
    "max": {
      "accuracy": 0.9986138613861386,
      "ap": 0.9673403443158757,
      "f1": 0.9306243805748264
    }
  }
}