{
  "dataset_revision": "6031580fec1f6af667f0bd2da0a551cf4f0b2375",
  "mteb_dataset_name": "STS14",
  "mteb_version": "1.2.0",
  "test": {
    "cos_sim": {
      "pearson": 0.8616536924601429,
      "spearman": 0.8413088419207165
    },
    "euclidean": {
      "pearson": 0.8531516426686202,
      "spearman": 0.8413088709567377
    },
    "evaluation_time": 0.19,
    "manhattan": {
      "pearson": 0.8521834106032345,
      "spearman": 0.840790293277977
    }
  }
}