{
  "dataset_revision": "b0fddb56ed78048fa8b90373c8a3cfc37b684831",
  "mteb_dataset_name": "STSBenchmark",
  "mteb_version": "1.1.2",
  "test": {
    "cos_sim": {
      "pearson": 0.8757662251394251,
      "spearman": 0.887079960992636
    },
    "euclidean": {
      "pearson": 0.8837472802470674,
      "spearman": 0.887079960992636
    },
    "evaluation_time": 0.21,
    "manhattan": {
      "pearson": 0.8835336710367063,
      "spearman": 0.8866763300556784
    }
  }
}