{
  "dataset_revision": "70970daeab8776df92f5ea462b6173c0b46fd2d1",
  "mteb_dataset_name": "TwitterSemEval2015",
  "mteb_version": "1.1.2",
  "test": {
    "cos_sim": {
      "accuracy": 0.8751266615008643,
      "accuracy_threshold": 0.8151136040687561,
      "ap": 0.7890363769723424,
      "f1": 0.7198672114402451,
      "f1_threshold": 0.7875744104385376,
      "precision": 0.6974270163285502,
      "recall": 0.7437994722955145
    },
    "dot": {
      "accuracy": 0.8751266615008643,
      "accuracy_threshold": 0.8151136636734009,
      "ap": 0.7890363228934925,
      "f1": 0.7198672114402451,
      "f1_threshold": 0.7875744104385376,
      "precision": 0.6974270163285502,
      "recall": 0.7437994722955145
    },
    "euclidean": {
      "accuracy": 0.8751266615008643,
      "accuracy_threshold": 0.6080894470214844,
      "ap": 0.7890364007167052,
      "f1": 0.7198672114402451,
      "f1_threshold": 0.651806116104126,
      "precision": 0.6974270163285502,
      "recall": 0.7437994722955145
    },
    "evaluation_time": 12.27,
    "manhattan": {
      "accuracy": 0.8759015318590928,
      "accuracy_threshold": 22.339401245117188,
      "ap": 0.788583497954446,
      "f1": 0.7204779458497521,
      "f1_threshold": 23.54716682434082,
      "precision": 0.6951189600196223,
      "recall": 0.7477572559366754
    },
    "max": {
      "accuracy": 0.8759015318590928,
      "ap": 0.7890364007167052,
      "f1": 0.7204779458497521
    }
  }
}