{
  "dataset_revision": "4f58c6b202a23cf9a4da393831edf4f9183cad37",
  "mteb_dataset_name": "EmotionClassification",
  "mteb_version": "1.1.2",
  "test": {
    "accuracy": 0.56135,
    "accuracy_stderr": 0.02275527411392796,
    "evaluation_time": 0.76,
    "f1": 0.4964249837349878,
    "f1_stderr": 0.012754621872766757,
    "main_score": 0.56135
  }
}