{
  "dataset_revision": "c22ab2a51041ffd869aaddef7af8d8215647e41a",
  "mteb_dataset_name": "ArguAna",
  "mteb_version": "1.2.0",
  "test": {
    "evaluation_time": 1.93,
    "map_at_1": 0.3798,
    "map_at_10": 0.54194,
    "map_at_100": 0.54724,
    "map_at_1000": 0.54727,
    "map_at_3": 0.49621,
    "map_at_5": 0.52462,
    "mrr_at_1": 0.38478,
    "mrr_at_10": 0.54417,
    "mrr_at_100": 0.5494,
    "mrr_at_1000": 0.54942,
    "mrr_at_3": 0.4987,
    "mrr_at_5": 0.52665,
    "ndcg_at_1": 0.3798,
    "ndcg_at_10": 0.62928,
    "ndcg_at_100": 0.64993,
    "ndcg_at_1000": 0.65052,
    "ndcg_at_3": 0.53612,
    "ndcg_at_5": 0.5875,
    "precision_at_1": 0.3798,
    "precision_at_10": 0.09061,
    "precision_at_100": 0.00992,
    "precision_at_1000": 0.001,
    "precision_at_3": 0.2174,
    "precision_at_5": 0.15548,
    "recall_at_1": 0.3798,
    "recall_at_10": 0.90612,
    "recall_at_100": 0.99218,
    "recall_at_1000": 0.99644,
    "recall_at_3": 0.6522,
    "recall_at_5": 0.77738
  }
}