{
  "dataset_revision": "e8379541af4e31359cca9fbcf4b00f2671dba205",
  "mteb_dataset_name": "AmazonCounterfactualClassification",
  "mteb_version": "1.2.0",
  "test": {
    "en": {
      "accuracy": 0.7422388059701494,
      "accuracy_stderr": 0.034399990156816045,
      "ap": 0.3697976472824118,
      "ap_stderr": 0.03548063765535292,
      "f1": 0.6817472941399082,
      "f1_stderr": 0.033137946830322736,
      "main_score": 0.7422388059701494
    },
    "evaluation_time": 0.59
  }
}