{
  "dataset_revision": "70970daeab8776df92f5ea462b6173c0b46fd2d1",
  "mteb_dataset_name": "TwitterSemEval2015",
  "mteb_version": "1.2.0",
  "test": {
    "cos_sim": {
      "accuracy": 0.8757227156225785,
      "accuracy_threshold": 0.8364981349591555,
      "ap": 0.7912843980836698,
      "f1": 0.7227825187483837,
      "f1_threshold": 0.817467779702114,
      "precision": 0.7086713995943205,
      "recall": 0.737467018469657
    },
    "dot": {
      "accuracy": 0.8757227156225785,
      "accuracy_threshold": 0.8364981349591558,
      "ap": 0.7912843980836698,
      "f1": 0.7227825187483837,
      "f1_threshold": 0.8174677797021145,
      "precision": 0.7086713995943205,
      "recall": 0.737467018469657
    },
    "euclidean": {
      "accuracy": 0.8757227156225785,
      "accuracy_threshold": 0.5718423995933393,
      "ap": 0.7912843980836698,
      "f1": 0.7227825187483837,
      "f1_threshold": 0.6042056277415593,
      "precision": 0.7086713995943205,
      "recall": 0.737467018469657
    },
    "evaluation_time": 11.94,
    "manhattan": {
      "accuracy": 0.8750074506765214,
      "accuracy_threshold": 34.09098726938322,
      "ap": 0.7887191578026534,
      "f1": 0.7193093817443188,
      "f1_threshold": 36.39910948460892,
      "precision": 0.6931734768779055,
      "recall": 0.7474934036939314
    },
    "max": {
      "accuracy": 0.8757227156225785,
      "ap": 0.7912843980836698,
      "f1": 0.7227825187483837
    }
  }
}