{
  "dataset_revision": "7e90230a92c190f1bf69ae9002b8cea547a64cca",
  "mteb_dataset_name": "STS13",
  "mteb_version": "1.1.2",
  "test": {
    "cos_sim": {
      "pearson": 0.8736549641417058,
      "spearman": 0.8802326636273635
    },
    "euclidean": {
      "pearson": 0.8909210161091478,
      "spearman": 0.897686590639229
    },
    "evaluation_time": 0.3,
    "manhattan": {
      "pearson": 0.8803331304275547,
      "spearman": 0.8866166212443903
    }
  }
}