{
  "dataset_revision": "eea2b4fe26a775864c896887d910b76a8098ad3f",
  "mteb_dataset_name": "STS22",
  "mteb_version": "1.1.2",
  "test": {
    "en": {
      "cos_sim": {
        "pearson": 0.6870452400403102,
        "spearman": 0.6966901555174755
      },
      "euclidean": {
        "pearson": 0.7108840651551697,
        "spearman": 0.7005267137020997
      },
      "manhattan": {
        "pearson": 0.7144622207255459,
        "spearman": 0.7022333879730284
      }
    },
    "evaluation_time": 0.07
  }
}