{
  "dataset_revision": "46989137a86843e03a6195de44b09deda022eec7",
  "mteb_dataset_name": "CQADupstackTexRetrieval",
  "mteb_version": "1.2.0",
  "test": {
    "evaluation_time": 21.43,
    "map_at_1": 0.17984,
    "map_at_10": 0.25885,
    "map_at_100": 0.27119,
    "map_at_1000": 0.27243,
    "map_at_3": 0.23401,
    "map_at_5": 0.24681,
    "mrr_at_1": 0.21886,
    "mrr_at_10": 0.29884,
    "mrr_at_100": 0.30873,
    "mrr_at_1000": 0.30946,
    "mrr_at_3": 0.27541,
    "mrr_at_5": 0.28781,
    "ndcg_at_1": 0.21886,
    "ndcg_at_10": 0.30955,
    "ndcg_at_100": 0.36709,
    "ndcg_at_1000": 0.39412,
    "ndcg_at_3": 0.26426,
    "ndcg_at_5": 0.28321,
    "precision_at_1": 0.21886,
    "precision_at_10": 0.05747,
    "precision_at_100": 0.01013,
    "precision_at_1000": 0.00142,
    "precision_at_3": 0.12583,
    "precision_at_5": 0.09064,
    "recall_at_1": 0.17984,
    "recall_at_10": 0.42236,
    "recall_at_100": 0.67972,
    "recall_at_1000": 0.86942,
    "recall_at_3": 0.29433,
    "recall_at_5": 0.34364
  }
}