{
  "dataset_revision": "d66bd1f72af766a5cc4b0ca5e00c162f89e8cc46",
  "mteb_dataset_name": "SprintDuplicateQuestions",
  "mteb_version": "1.2.0",
  "test": {
    "cos_sim": {
      "accuracy": 0.9985841584158416,
      "accuracy_threshold": 0.8366916179656982,
      "ap": 0.9673144833075737,
      "f1": 0.9281437125748503,
      "f1_threshold": 0.8259966969490051,
      "precision": 0.9262948207171314,
      "recall": 0.93
    },
    "dot": {
      "accuracy": 0.9985841584158416,
      "accuracy_threshold": 0.8366917371749878,
      "ap": 0.9673144592575275,
      "f1": 0.9281437125748503,
      "f1_threshold": 0.8259967565536499,
      "precision": 0.9262948207171314,
      "recall": 0.93
    },
    "euclidean": {
      "accuracy": 0.9985841584158416,
      "accuracy_threshold": 0.5715039372444153,
      "ap": 0.9673144592575272,
      "f1": 0.9281437125748503,
      "f1_threshold": 0.5899208784103394,
      "precision": 0.9262948207171314,
      "recall": 0.93
    },
    "evaluation_time": 5.91,
    "manhattan": {
      "accuracy": 0.9985742574257426,
      "accuracy_threshold": 24.544147491455078,
      "ap": 0.9673131506631659,
      "f1": 0.9292035398230089,
      "f1_threshold": 25.431623458862305,
      "precision": 0.913926499032882,
      "recall": 0.945
    },
    "max": {
      "accuracy": 0.9985841584158416,
      "ap": 0.9673144833075737,
      "f1": 0.9292035398230089
    }
  }
}