{
  "dataset_revision": "ae752c7c21bf194d8b67fd573edf7ae58183cbe3",
  "mteb_dataset_name": "STS15",
  "mteb_version": "1.1.2",
  "test": {
    "cos_sim": {
      "pearson": 0.8765748317946401,
      "spearman": 0.8857825689554795
    },
    "euclidean": {
      "pearson": 0.8796980583502656,
      "spearman": 0.8857825689554795
    },
    "evaluation_time": 1.26,
    "manhattan": {
      "pearson": 0.8820598748957408,
      "spearman": 0.8884329400932842
    }
  }
}