{
  "dataset_revision": "70970daeab8776df92f5ea462b6173c0b46fd2d1",
  "mteb_dataset_name": "TwitterSemEval2015",
  "mteb_version": "1.2.0",
  "test": {
    "cos_sim": {
      "accuracy": 0.87494784526435,
      "accuracy_threshold": 0.8342012166976929,
      "ap": 0.7903414133462494,
      "f1": 0.7203972498090144,
      "f1_threshold": 0.8190604448318481,
      "precision": 0.6961122047244095,
      "recall": 0.7464379947229551
    },
    "dot": {
      "accuracy": 0.87494784526435,
      "accuracy_threshold": 0.8342012166976929,
      "ap": 0.7903414564385123,
      "f1": 0.7203972498090144,
      "f1_threshold": 0.8190604448318481,
      "precision": 0.6961122047244095,
      "recall": 0.7464379947229551
    },
    "euclidean": {
      "accuracy": 0.87494784526435,
      "accuracy_threshold": 0.5758451223373413,
      "ap": 0.7903415113250228,
      "f1": 0.7203972498090144,
      "f1_threshold": 0.6015639305114746,
      "precision": 0.6961122047244095,
      "recall": 0.7464379947229551
    },
    "evaluation_time": 13.21,
    "manhattan": {
      "accuracy": 0.8746498182034929,
      "accuracy_threshold": 24.214183807373047,
      "ap": 0.7879552461700875,
      "f1": 0.7177522349936143,
      "f1_threshold": 25.332870483398438,
      "precision": 0.6955445544554455,
      "recall": 0.741424802110818
    },
    "max": {
      "accuracy": 0.87494784526435,
      "ap": 0.7903415113250228,
      "f1": 0.7203972498090144
    }
  }
}