{
  "dataset_revision": "0fd18e25b25c072e09e0d92ab615fda904d66300",
  "mteb_dataset_name": "Banking77Classification",
  "mteb_version": "1.1.2",
  "test": {
    "accuracy": 0.8443181818181819,
    "accuracy_stderr": 0.006359410868524231,
    "evaluation_time": 12.2,
    "f1": 0.8380661043709908,
    "f1_stderr": 0.007334786671356685,
    "main_score": 0.8443181818181819
  }
}