{
  "dataset_revision": "a0d554a64d88156834ff5ae9920b964011b16384",
  "mteb_dataset_name": "STS12",
  "mteb_version": "1.1.2",
  "test": {
    "cos_sim": {
      "pearson": 0.8391368972597262,
      "spearman": 0.750275190661139
    },
    "euclidean": {
      "pearson": 0.837926325218933,
      "spearman": 0.7753819394678512
    },
    "evaluation_time": 0.59,
    "manhattan": {
      "pearson": 0.778372406185288,
      "spearman": 0.7588431768901537
    }
  }
}