{
  "dataset_revision": "eea2b4fe26a775864c896887d910b76a8098ad3f",
  "mteb_dataset_name": "STS22",
  "mteb_version": "1.1.2",
  "test": {
    "en": {
      "cos_sim": {
        "pearson": 0.6868096109865865,
        "spearman": 0.6934526017503062
      },
      "euclidean": {
        "pearson": 0.7080108192807374,
        "spearman": 0.6946652601497739
      },
      "manhattan": {
        "pearson": 0.7037142603089104,
        "spearman": 0.6862124614001965
      }
    },
    "evaluation_time": 0.07
  }
}