{
  "dataset_revision": "a0d554a64d88156834ff5ae9920b964011b16384",
  "mteb_dataset_name": "STS12",
  "mteb_version": "1.1.2",
  "test": {
    "cos_sim": {
      "pearson": 0.8517460591220661,
      "spearman": 0.7626676463647881
    },
    "euclidean": {
      "pearson": 0.8568467938528196,
      "spearman": 0.7921635338411525
    },
    "evaluation_time": 0.7,
    "manhattan": {
      "pearson": 0.8274421919206426,
      "spearman": 0.7867469555881479
    }
  }
}