{
  "dataset_revision": null,
  "mteb_dataset_name": "SciFact",
  "mteb_version": "1.1.2",
  "test": {
    "evaluation_time": 0.79,
    "map_at_1": 0.59361,
    "map_at_10": 0.68906,
    "map_at_100": 0.69409,
    "map_at_1000": 0.69428,
    "map_at_3": 0.66146,
    "map_at_5": 0.67685,
    "mrr_at_1": 0.61667,
    "mrr_at_10": 0.6959,
    "mrr_at_100": 0.70013,
    "mrr_at_1000": 0.7003,
    "mrr_at_3": 0.67611,
    "mrr_at_5": 0.68794,
    "ndcg_at_1": 0.61667,
    "ndcg_at_10": 0.73224,
    "ndcg_at_100": 0.75483,
    "ndcg_at_1000": 0.75978,
    "ndcg_at_3": 0.68604,
    "ndcg_at_5": 0.70875,
    "precision_at_1": 0.61667,
    "precision_at_10": 0.097,
    "precision_at_100": 0.01087,
    "precision_at_1000": 0.00113,
    "precision_at_3": 0.26778,
    "precision_at_5": 0.176,
    "recall_at_1": 0.59361,
    "recall_at_10": 0.85589,
    "recall_at_100": 0.95833,
    "recall_at_1000": 0.99667,
    "recall_at_3": 0.73117,
    "recall_at_5": 0.78928
  }
}