{
  "dataset_revision": null,
  "mteb_dataset_name": "ArguAna",
  "mteb_version": "1.1.2",
  "test": {
    "evaluation_time": 1.86,
    "map_at_1": 0.40043,
    "map_at_10": 0.56506,
    "map_at_100": 0.56995,
    "map_at_1000": 0.56999,
    "map_at_3": 0.5224,
    "map_at_5": 0.54943,
    "mrr_at_1": 0.40825,
    "mrr_at_10": 0.56821,
    "mrr_at_100": 0.57297,
    "mrr_at_1000": 0.57301,
    "mrr_at_3": 0.52572,
    "mrr_at_5": 0.55232,
    "ndcg_at_1": 0.40043,
    "ndcg_at_10": 0.64869,
    "ndcg_at_100": 0.66771,
    "ndcg_at_1000": 0.66851,
    "ndcg_at_3": 0.56281,
    "ndcg_at_5": 0.61118,
    "precision_at_1": 0.40043,
    "precision_at_10": 0.09118,
    "precision_at_100": 0.00991,
    "precision_at_1000": 0.001,
    "precision_at_3": 0.22665,
    "precision_at_5": 0.15932,
    "recall_at_1": 0.40043,
    "recall_at_10": 0.91181,
    "recall_at_100": 0.99075,
    "recall_at_1000": 0.99644,
    "recall_at_3": 0.67994,
    "recall_at_5": 0.79659
  }
}