{
  "dataset_revision": null,
  "mteb_dataset_name": "SciFact",
  "mteb_version": "1.1.2",
  "test": {
    "evaluation_time": 0.71,
    "map_at_1": 0.61094,
    "map_at_10": 0.70953,
    "map_at_100": 0.71404,
    "map_at_1000": 0.71427,
    "map_at_3": 0.6782,
    "map_at_5": 0.69768,
    "mrr_at_1": 0.64,
    "mrr_at_10": 0.71912,
    "mrr_at_100": 0.72262,
    "mrr_at_1000": 0.72283,
    "mrr_at_3": 0.69556,
    "mrr_at_5": 0.71172,
    "ndcg_at_1": 0.64,
    "ndcg_at_10": 0.75435,
    "ndcg_at_100": 0.7731,
    "ndcg_at_1000": 0.77785,
    "ndcg_at_3": 0.70209,
    "ndcg_at_5": 0.732,
    "precision_at_1": 0.64,
    "precision_at_10": 0.1,
    "precision_at_100": 0.01093,
    "precision_at_1000": 0.00113,
    "precision_at_3": 0.27111,
    "precision_at_5": 0.18267,
    "recall_at_1": 0.61094,
    "recall_at_10": 0.88156,
    "recall_at_100": 0.965,
    "recall_at_1000": 1.0,
    "recall_at_3": 0.74367,
    "recall_at_5": 0.81828
  }
}