{
  "dataset_revision": "e8379541af4e31359cca9fbcf4b00f2671dba205",
  "mteb_dataset_name": "AmazonCounterfactualClassification",
  "mteb_version": "1.2.0",
  "test": {
    "en": {
      "accuracy": 0.7359701492537314,
      "accuracy_stderr": 0.03538572733836158,
      "ap": 0.36379782594564675,
      "ap_stderr": 0.036201307392573254,
      "f1": 0.6758587896138354,
      "f1_stderr": 0.03421783834442049,
      "main_score": 0.7359701492537314
    },
    "evaluation_time": 2.94
  }
}