{
  "dataset_revision": "ae752c7c21bf194d8b67fd573edf7ae58183cbe3",
  "mteb_dataset_name": "STS15",
  "mteb_version": "1.2.0",
  "test": {
    "cos_sim": {
      "pearson": 0.8854462280118612,
      "spearman": 0.8955218189525596
    },
    "euclidean": {
      "pearson": 0.8889295461156963,
      "spearman": 0.8955218189525596
    },
    "evaluation_time": 0.77,
    "manhattan": {
      "pearson": 0.8903786024570798,
      "spearman": 0.8973530399274756
    }
  }
}