{
  "dataset_revision": "d7c0de2777da35d6aae2200a62c6e0e5af397c4c",
  "mteb_dataset_name": "ToxicConversationsClassification",
  "mteb_version": "1.2.0",
  "test": {
    "accuracy": 0.724958,
    "accuracy_stderr": 0.04466060138421786,
    "ap": 0.1542650400706096,
    "ap_stderr": 0.012047177019802426,
    "evaluation_time": 13.37,
    "f1": 0.5607614907208409,
    "f1_stderr": 0.028498141649768483,
    "main_score": 0.724958
  }
}