{
  "dataset_revision": "e8379541af4e31359cca9fbcf4b00f2671dba205",
  "mteb_dataset_name": "AmazonCounterfactualClassification",
  "mteb_version": "1.1.2",
  "test": {
    "en": {
      "accuracy": 0.7413432835820896,
      "accuracy_stderr": 0.035168499341836905,
      "ap": 0.36737670326519367,
      "ap_stderr": 0.03556909213554674,
      "f1": 0.6801649009587774,
      "f1_stderr": 0.03367454936762738,
      "main_score": 0.7413432835820896
    },
    "evaluation_time": 0.85
  }
}