{
  "dataset_revision": "eea2b4fe26a775864c896887d910b76a8098ad3f",
  "mteb_dataset_name": "STS22",
  "mteb_version": "1.1.2",
  "test": {
    "en": {
      "cos_sim": {
        "pearson": 0.6879522878875595,
        "spearman": 0.6944064511759278
      },
      "euclidean": {
        "pearson": 0.706360576267801,
        "spearman": 0.6951869474209543
      },
      "manhattan": {
        "pearson": 0.7089319569258745,
        "spearman": 0.6918077811963975
      }
    },
    "evaluation_time": 0.05
  }
}