{
  "dataset_revision": null,
  "mteb_dataset_name": "CQADupstackPhysicsRetrieval",
  "mteb_version": "1.1.2",
  "test": {
    "evaluation_time": 9.86,
    "map_at_1": 0.30486,
    "map_at_10": 0.41615,
    "map_at_100": 0.42975,
    "map_at_1000": 0.43084,
    "map_at_3": 0.38295,
    "map_at_5": 0.40244,
    "mrr_at_1": 0.37536,
    "mrr_at_10": 0.473,
    "mrr_at_100": 0.48197,
    "mrr_at_1000": 0.4824,
    "mrr_at_3": 0.44947,
    "mrr_at_5": 0.46343,
    "ndcg_at_1": 0.37536,
    "ndcg_at_10": 0.47767,
    "ndcg_at_100": 0.53223,
    "ndcg_at_1000": 0.55198,
    "ndcg_at_3": 0.42647,
    "ndcg_at_5": 0.4523,
    "precision_at_1": 0.37536,
    "precision_at_10": 0.08604,
    "precision_at_100": 0.01319,
    "precision_at_1000": 0.00167,
    "precision_at_3": 0.20276,
    "precision_at_5": 0.14398,
    "recall_at_1": 0.30486,
    "recall_at_10": 0.60294,
    "recall_at_100": 0.82646,
    "recall_at_1000": 0.95339,
    "recall_at_3": 0.46119,
    "recall_at_5": 0.52765
  }
}