{
  "dataset_revision": "d80d48c1eb48d3562165c59d59d0034df9fff0bf",
  "mteb_dataset_name": "MTOPDomainClassification",
  "mteb_version": "1.1.2",
  "test": {
    "en": {
      "accuracy": 0.9350205198358411,
      "accuracy_stderr": 0.005689913636959079,
      "f1": 0.9331348372050684,
      "f1_stderr": 0.004789075971041826,
      "main_score": 0.9350205198358411
    },
    "evaluation_time": 0.91
  }
}