{
  "dataset_revision": "ae001d0e6b1228650b7bd1c2c65fb50ad11a8aba",
  "mteb_dataset_name": "MTOPIntentClassification",
  "mteb_version": "1.1.2",
  "test": {
    "en": {
      "accuracy": 0.667578659370725,
      "accuracy_stderr": 0.02016669321544133,
      "f1": 0.49758204736184536,
      "f1_stderr": 0.0071841437584639544,
      "main_score": 0.667578659370725
    },
    "evaluation_time": 14.09
  }
}