{
  "dataset_revision": null,
  "mteb_dataset_name": "SCIDOCS",
  "mteb_version": "1.1.2",
  "test": {
    "evaluation_time": 7.09,
    "map_at_1": 0.04878,
    "map_at_10": 0.13199,
    "map_at_100": 0.15985,
    "map_at_1000": 0.16402,
    "map_at_3": 0.09153,
    "map_at_5": 0.11214,
    "mrr_at_1": 0.241,
    "mrr_at_10": 0.36126,
    "mrr_at_100": 0.37409,
    "mrr_at_1000": 0.37448,
    "mrr_at_3": 0.32467,
    "mrr_at_5": 0.34452,
    "ndcg_at_1": 0.241,
    "ndcg_at_10": 0.22012,
    "ndcg_at_100": 0.32161,
    "ndcg_at_1000": 0.38483,
    "ndcg_at_3": 0.20382,
    "ndcg_at_5": 0.18127,
    "precision_at_1": 0.241,
    "precision_at_10": 0.1165,
    "precision_at_100": 0.0262,
    "precision_at_1000": 0.00412,
    "precision_at_3": 0.19333,
    "precision_at_5": 0.1628,
    "recall_at_1": 0.04878,
    "recall_at_10": 0.23632,
    "recall_at_100": 0.53157,
    "recall_at_1000": 0.83587,
    "recall_at_3": 0.11748,
    "recall_at_5": 0.16498
  }
}