{
  "dataset_revision": "6031580fec1f6af667f0bd2da0a551cf4f0b2375",
  "mteb_dataset_name": "STS14",
  "mteb_version": "1.1.2",
  "test": {
    "cos_sim": {
      "pearson": 0.8671957295610605,
      "spearman": 0.8501782127339227
    },
    "euclidean": {
      "pearson": 0.8610060536020976,
      "spearman": 0.8501782690758288
    },
    "evaluation_time": 0.17,
    "manhattan": {
      "pearson": 0.8608791752425381,
      "spearman": 0.8499894532524492
    }
  }
}