{
  "dataset_revision": "d66bd1f72af766a5cc4b0ca5e00c162f89e8cc46",
  "mteb_dataset_name": "SprintDuplicateQuestions",
  "mteb_version": "1.1.2",
  "test": {
    "cos_sim": {
      "accuracy": 0.9984752475247525,
      "accuracy_threshold": 0.835158692823746,
      "ap": 0.964160381102364,
      "f1": 0.9215086646279306,
      "f1_threshold": 0.835158692823746,
      "precision": 0.9397089397089398,
      "recall": 0.904
    },
    "dot": {
      "accuracy": 0.9984752475247525,
      "accuracy_threshold": 0.835158692823746,
      "ap": 0.964160381102364,
      "f1": 0.9215086646279306,
      "f1_threshold": 0.835158692823746,
      "precision": 0.9397089397089398,
      "recall": 0.904
    },
    "euclidean": {
      "accuracy": 0.9984752475247525,
      "accuracy_threshold": 0.5741799409592806,
      "ap": 0.964160381102364,
      "f1": 0.9215086646279306,
      "f1_threshold": 0.5741799409592806,
      "precision": 0.9397089397089398,
      "recall": 0.904
    },
    "evaluation_time": 25.53,
    "manhattan": {
      "accuracy": 0.9984059405940594,
      "accuracy_threshold": 20.529393623596448,
      "ap": 0.9633386454939669,
      "f1": 0.9195855944745931,
      "f1_threshold": 21.159051338996953,
      "precision": 0.9074975657254138,
      "recall": 0.932
    },
    "max": {
      "accuracy": 0.9984752475247525,
      "ap": 0.964160381102364,
      "f1": 0.9215086646279306
    }
  }
}