{
  "dataset_revision": "6031580fec1f6af667f0bd2da0a551cf4f0b2375",
  "mteb_dataset_name": "STS14",
  "mteb_version": "1.2.0",
  "test": {
    "cos_sim": {
      "pearson": 0.8625033544120484,
      "spearman": 0.8281049910109122
    },
    "euclidean": {
      "pearson": 0.8540767754142758,
      "spearman": 0.8281049910109122
    },
    "evaluation_time": 0.31,
    "manhattan": {
      "pearson": 0.8493434080161373,
      "spearman": 0.8223168063173252
    }
  }
}