{
  "dataset_revision": "b0fddb56ed78048fa8b90373c8a3cfc37b684831",
  "mteb_dataset_name": "STSBenchmark",
  "mteb_version": "1.2.0",
  "test": {
    "cos_sim": {
      "pearson": 0.8780721501159708,
      "spearman": 0.8830955867240672
    },
    "euclidean": {
      "pearson": 0.8846461069703447,
      "spearman": 0.8830955867240672
    },
    "evaluation_time": 0.14,
    "manhattan": {
      "pearson": 0.882920321077583,
      "spearman": 0.8810370306906353
    }
  }
}