{
  "dataset_revision": "a0d554a64d88156834ff5ae9920b964011b16384",
  "mteb_dataset_name": "STS12",
  "mteb_version": "1.1.2",
  "test": {
    "cos_sim": {
      "pearson": 0.8441211664791787,
      "spearman": 0.7576340077543209
    },
    "euclidean": {
      "pearson": 0.8494153024858161,
      "spearman": 0.7853198099424392
    },
    "evaluation_time": 0.61,
    "manhattan": {
      "pearson": 0.820455379467359,
      "spearman": 0.7807974317377043
    }
  }
}