{
  "dataset_revision": "b0fddb56ed78048fa8b90373c8a3cfc37b684831",
  "mteb_dataset_name": "STSBenchmark",
  "mteb_version": "1.1.2",
  "test": {
    "cos_sim": {
      "pearson": 0.8744761182490502,
      "spearman": 0.8824008699916289
    },
    "euclidean": {
      "pearson": 0.8899622763262014,
      "spearman": 0.893239039731539
    },
    "evaluation_time": 0.27,
    "manhattan": {
      "pearson": 0.8810759156509792,
      "spearman": 0.8836186693096266
    }
  }
}