{
  "dataset_revision": null,
  "mteb_dataset_name": "SciFact",
  "mteb_version": "1.1.2",
  "test": {
    "evaluation_time": 1.07,
    "map_at_1": 0.62094,
    "map_at_10": 0.71606,
    "map_at_100": 0.72123,
    "map_at_1000": 0.72142,
    "map_at_3": 0.68681,
    "map_at_5": 0.70421,
    "mrr_at_1": 0.65,
    "mrr_at_10": 0.72493,
    "mrr_at_100": 0.729,
    "mrr_at_1000": 0.72917,
    "mrr_at_3": 0.70222,
    "mrr_at_5": 0.71756,
    "ndcg_at_1": 0.65,
    "ndcg_at_10": 0.75779,
    "ndcg_at_100": 0.77886,
    "ndcg_at_1000": 0.78308,
    "ndcg_at_3": 0.70971,
    "ndcg_at_5": 0.73605,
    "precision_at_1": 0.65,
    "precision_at_10": 0.09933,
    "precision_at_100": 0.01097,
    "precision_at_1000": 0.00113,
    "precision_at_3": 0.27333,
    "precision_at_5": 0.182,
    "recall_at_1": 0.62094,
    "recall_at_10": 0.87489,
    "recall_at_100": 0.96833,
    "recall_at_1000": 1.0,
    "recall_at_3": 0.75033,
    "recall_at_5": 0.81494
  }
}