{
  "dataset_revision": "4885aa143210c98657558c04aaf3dc47cfb54340",
  "mteb_dataset_name": "CQADupstackGamingRetrieval",
  "mteb_version": "1.2.0",
  "test": {
    "evaluation_time": 9.02,
    "map_at_1": 0.42858,
    "map_at_10": 0.5642,
    "map_at_100": 0.5742,
    "map_at_1000": 0.57467,
    "map_at_3": 0.52836,
    "map_at_5": 0.55039,
    "mrr_at_1": 0.48966,
    "mrr_at_10": 0.5966,
    "mrr_at_100": 0.60283,
    "mrr_at_1000": 0.60304,
    "mrr_at_3": 0.5722,
    "mrr_at_5": 0.5875,
    "ndcg_at_1": 0.48966,
    "ndcg_at_10": 0.62493,
    "ndcg_at_100": 0.66176,
    "ndcg_at_1000": 0.67009,
    "ndcg_at_3": 0.5683,
    "ndcg_at_5": 0.59887,
    "precision_at_1": 0.48966,
    "precision_at_10": 0.10056,
    "precision_at_100": 0.0128,
    "precision_at_1000": 0.00138,
    "precision_at_3": 0.25434,
    "precision_at_5": 0.17605,
    "recall_at_1": 0.42858,
    "recall_at_10": 0.76974,
    "recall_at_100": 0.92565,
    "recall_at_1000": 0.98324,
    "recall_at_3": 0.6212,
    "recall_at_5": 0.69528
  }
}