{
  "dataset_revision": "90fceea13679c63fe563ded68f3b6f06e50061de",
  "mteb_dataset_name": "CQADupstackMathematicaRetrieval",
  "mteb_version": "1.2.0",
  "test": {
    "evaluation_time": 3.33,
    "map_at_1": 0.19893,
    "map_at_10": 0.29682,
    "map_at_100": 0.31029,
    "map_at_1000": 0.31138,
    "map_at_3": 0.26788,
    "map_at_5": 0.28432,
    "mrr_at_1": 0.25,
    "mrr_at_10": 0.34771,
    "mrr_at_100": 0.35725,
    "mrr_at_1000": 0.35783,
    "mrr_at_3": 0.31944,
    "mrr_at_5": 0.33717,
    "ndcg_at_1": 0.25,
    "ndcg_at_10": 0.35497,
    "ndcg_at_100": 0.4149,
    "ndcg_at_1000": 0.4395,
    "ndcg_at_3": 0.3039,
    "ndcg_at_5": 0.32927,
    "precision_at_1": 0.25,
    "precision_at_10": 0.06604,
    "precision_at_100": 0.01095,
    "precision_at_1000": 0.00144,
    "precision_at_3": 0.14801,
    "precision_at_5": 0.10746,
    "recall_at_1": 0.19893,
    "recall_at_10": 0.48041,
    "recall_at_100": 0.7382,
    "recall_at_1000": 0.90903,
    "recall_at_3": 0.34297,
    "recall_at_5": 0.4067
  }
}