{
  "dataset_revision": "3d86128a09e091d6018b6d26cad27f2739fc2db7",
  "mteb_dataset_name": "ImdbClassification",
  "mteb_version": "1.2.0",
  "test": {
    "accuracy": 0.9363159999999999,
    "accuracy_stderr": 0.004615745226937907,
    "ap": 0.9077514242092508,
    "ap_stderr": 0.00821327845447175,
    "evaluation_time": 2.22,
    "f1": 0.9362749738277216,
    "f1_stderr": 0.004646429800915228,
    "main_score": 0.9363159999999999
  }
}