{
  "dataset_revision": "af5e6fb845001ecf41f4c1e033ce921939a2a68d",
  "mteb_dataset_name": "STS17",
  "mteb_version": "1.1.2",
  "test": {
    "en-en": {
      "cos_sim": {
        "pearson": 0.8946124466632731,
        "spearman": 0.8941632684874876
      },
      "euclidean": {
        "pearson": 0.8979170698761101,
        "spearman": 0.8941632684874876
      },
      "manhattan": {
        "pearson": 0.8995211792919936,
        "spearman": 0.8971365758100444
      }
    },
    "evaluation_time": 0.11
  }
}