{
  "dataset_revision": "7e90230a92c190f1bf69ae9002b8cea547a64cca",
  "mteb_dataset_name": "STS13",
  "mteb_version": "1.1.2",
  "test": {
    "cos_sim": {
      "pearson": 0.8624817056857373,
      "spearman": 0.8700592866225615
    },
    "euclidean": {
      "pearson": 0.8633777918946625,
      "spearman": 0.8700592866225615
    },
    "evaluation_time": 0.32,
    "manhattan": {
      "pearson": 0.8624895240063395,
      "spearman": 0.8683875950635994
    }
  }
}