{
  "dataset_revision": "eea2b4fe26a775864c896887d910b76a8098ad3f",
  "mteb_dataset_name": "STS22",
  "mteb_version": "1.1.2",
  "test": {
    "en": {
      "cos_sim": {
        "pearson": 0.6891237098826104,
        "spearman": 0.691835452596117
      },
      "euclidean": {
        "pearson": 0.7044561203305074,
        "spearman": 0.6908425376650094
      },
      "manhattan": {
        "pearson": 0.7062996379771014,
        "spearman": 0.691369921989073
      }
    },
    "evaluation_time": 0.06
  }
}