{
  "dataset_revision": "ae752c7c21bf194d8b67fd573edf7ae58183cbe3",
  "mteb_dataset_name": "STS15",
  "mteb_version": "1.2.0",
  "test": {
    "cos_sim": {
      "pearson": 0.8630396524978929,
      "spearman": 0.8822193639045892
    },
    "euclidean": {
      "pearson": 0.8850455127238808,
      "spearman": 0.8881813853022096
    },
    "evaluation_time": 0.2,
    "manhattan": {
      "pearson": 0.884764602091795,
      "spearman": 0.8881344517865888
    }
  }
}