{
  "dataset_revision": "7e90230a92c190f1bf69ae9002b8cea547a64cca",
  "mteb_dataset_name": "STS13",
  "mteb_version": "1.2.0",
  "test": {
    "cos_sim": {
      "pearson": 0.8694691329513722,
      "spearman": 0.8721733398486414
    },
    "euclidean": {
      "pearson": 0.8683503055093016,
      "spearman": 0.874106458483299
    },
    "evaluation_time": 0.15,
    "manhattan": {
      "pearson": 0.8414979150337976,
      "spearman": 0.8453766223919019
    }
  }
}