{
  "dataset_revision": "af5e6fb845001ecf41f4c1e033ce921939a2a68d",
  "mteb_dataset_name": "STS17",
  "mteb_version": "1.1.2",
  "test": {
    "en-en": {
      "cos_sim": {
        "pearson": 0.9058137947888587,
        "spearman": 0.9068387447591499
      },
      "euclidean": {
        "pearson": 0.9075158389835767,
        "spearman": 0.9033549588167669
      },
      "manhattan": {
        "pearson": 0.8889977927506826,
        "spearman": 0.8824541651452249
      }
    },
    "evaluation_time": 0.06
  }
}