{
  "dataset_revision": "4f58c6b202a23cf9a4da393831edf4f9183cad37",
  "mteb_dataset_name": "EmotionClassification",
  "mteb_version": "1.2.0",
  "test": {
    "accuracy": 0.56645,
    "accuracy_stderr": 0.016895931462929153,
    "evaluation_time": 0.46,
    "f1": 0.5093335479381873,
    "f1_stderr": 0.00960211330328793,
    "main_score": 0.56645
  }
}