{
  "dataset_revision": "af5e6fb845001ecf41f4c1e033ce921939a2a68d",
  "mteb_dataset_name": "STS17",
  "mteb_version": "1.2.0",
  "test": {
    "en-en": {
      "cos_sim": {
        "pearson": 0.8991799324693532,
        "spearman": 0.8995824910645275
      },
      "euclidean": {
        "pearson": 0.9100985197087733,
        "spearman": 0.9048902386417563
      },
      "manhattan": {
        "pearson": 0.896529027609757,
        "spearman": 0.889860717891317
      }
    },
    "evaluation_time": 0.01
  }
}