{
  "dataset_revision": "ae752c7c21bf194d8b67fd573edf7ae58183cbe3",
  "mteb_dataset_name": "STS15",
  "mteb_version": "1.2.0",
  "test": {
    "cos_sim": {
      "pearson": 0.8551078065549798,
      "spearman": 0.8714068645944776
    },
    "euclidean": {
      "pearson": 0.872140121054263,
      "spearman": 0.8774060072989646
    },
    "evaluation_time": 0.03,
    "manhattan": {
      "pearson": 0.8879946501518795,
      "spearman": 0.8935174772420618
    }
  }
}