{
  "dataset_revision": "eea2b4fe26a775864c896887d910b76a8098ad3f",
  "mteb_dataset_name": "STS22",
  "mteb_version": "1.2.0",
  "test": {
    "en": {
      "cos_sim": {
        "pearson": 0.6757090934886043,
        "spearman": 0.6908612565530547
      },
      "euclidean": {
        "pearson": 0.7050751071604453,
        "spearman": 0.6961147531762516
      },
      "manhattan": {
        "pearson": 0.7068325228048662,
        "spearman": 0.693721177100524
      }
    },
    "evaluation_time": 0.04
  }
}