{
  "dataset_revision": "1399c76144fd37290681b995c656ef9b2e06e26d",
  "mteb_dataset_name": "AmazonReviewsClassification",
  "mteb_version": "1.2.0",
  "test": {
    "en": {
      "accuracy": 0.5145,
      "accuracy_stderr": 0.011932895708921613,
      "f1": 0.49976216004883767,
      "f1_stderr": 0.018244846544275613,
      "main_score": 0.5145
    },
    "evaluation_time": 14.76
  }
}