{
  "dataset_revision": "0fd18e25b25c072e09e0d92ab615fda904d66300",
  "mteb_dataset_name": "Banking77Classification",
  "mteb_version": "1.1.2",
  "test": {
    "accuracy": 0.8307792207792207,
    "accuracy_stderr": 0.0062769069992698896,
    "evaluation_time": 25.8,
    "f1": 0.822567353985292,
    "f1_stderr": 0.007266664938792751,
    "main_score": 0.8307792207792207
  }
}