{
  "dataset_revision": "6c6430d3a6d36f8d2a829195bc5dc94d7e063e53",
  "mteb_dataset_name": "CQADupstackUnixRetrieval",
  "mteb_version": "1.2.0",
  "test": {
    "evaluation_time": 47.11,
    "map_at_1": 0.30401,
    "map_at_10": 0.40634,
    "map_at_100": 0.41822,
    "map_at_1000": 0.41912,
    "map_at_3": 0.37633,
    "map_at_5": 0.3935,
    "mrr_at_1": 0.35821,
    "mrr_at_10": 0.45026,
    "mrr_at_100": 0.45815,
    "mrr_at_1000": 0.45863,
    "mrr_at_3": 0.42553,
    "mrr_at_5": 0.43957,
    "ndcg_at_1": 0.35821,
    "ndcg_at_10": 0.46397,
    "ndcg_at_100": 0.51597,
    "ndcg_at_1000": 0.53558,
    "ndcg_at_3": 0.41241,
    "ndcg_at_5": 0.43708,
    "precision_at_1": 0.35821,
    "precision_at_10": 0.07808,
    "precision_at_100": 0.01173,
    "precision_at_1000": 0.00145,
    "precision_at_3": 0.1875,
    "precision_at_5": 0.13116,
    "recall_at_1": 0.30401,
    "recall_at_10": 0.59356,
    "recall_at_100": 0.81784,
    "recall_at_1000": 0.95226,
    "recall_at_3": 0.45507,
    "recall_at_5": 0.51749
  }
}