{
  "dataset_revision": "5003b3064772da1887988e05400cf3806fe491f2",
  "mteb_dataset_name": "CQADupstackGisRetrieval",
  "mteb_version": "1.2.0",
  "test": {
    "evaluation_time": 36.23,
    "map_at_1": 0.29681,
    "map_at_10": 0.39536,
    "map_at_100": 0.40579,
    "map_at_1000": 0.40649,
    "map_at_3": 0.36509,
    "map_at_5": 0.38328,
    "mrr_at_1": 0.3209,
    "mrr_at_10": 0.41714,
    "mrr_at_100": 0.42605,
    "mrr_at_1000": 0.42657,
    "mrr_at_3": 0.39021,
    "mrr_at_5": 0.40665,
    "ndcg_at_1": 0.3209,
    "ndcg_at_10": 0.4506,
    "ndcg_at_100": 0.49949,
    "ndcg_at_1000": 0.51667,
    "ndcg_at_3": 0.39276,
    "ndcg_at_5": 0.42308,
    "precision_at_1": 0.3209,
    "precision_at_10": 0.0687,
    "precision_at_100": 0.00982,
    "precision_at_1000": 0.00116,
    "precision_at_3": 0.16573,
    "precision_at_5": 0.11729,
    "recall_at_1": 0.29681,
    "recall_at_10": 0.60065,
    "recall_at_100": 0.8182,
    "recall_at_1000": 0.94517,
    "recall_at_3": 0.44439,
    "recall_at_5": 0.51639
  }
}