{
  "dataset_revision": "27a168819829fe9bcd655c2df245fb19452e8e06",
  "mteb_dataset_name": "FiQA2018",
  "mteb_version": "1.2.0",
  "test": {
    "evaluation_time": 46.65,
    "map_at_1": 0.23633,
    "map_at_10": 0.38691,
    "map_at_100": 0.40738,
    "map_at_1000": 0.40909,
    "map_at_3": 0.33546,
    "map_at_5": 0.36582,
    "mrr_at_1": 0.46759,
    "mrr_at_10": 0.55566,
    "mrr_at_100": 0.56225,
    "mrr_at_1000": 0.56251,
    "mrr_at_3": 0.53061,
    "mrr_at_5": 0.54434,
    "ndcg_at_1": 0.46759,
    "ndcg_at_10": 0.47091,
    "ndcg_at_100": 0.53833,
    "ndcg_at_1000": 0.5646,
    "ndcg_at_3": 0.42877,
    "ndcg_at_5": 0.44456,
    "precision_at_1": 0.46759,
    "precision_at_10": 0.13056,
    "precision_at_100": 0.0202,
    "precision_at_1000": 0.00248,
    "precision_at_3": 0.28704,
    "precision_at_5": 0.21173,
    "recall_at_1": 0.23633,
    "recall_at_10": 0.54537,
    "recall_at_100": 0.78894,
    "recall_at_1000": 0.94671,
    "recall_at_3": 0.38474,
    "recall_at_5": 0.46056
  }
}