{
  "dataset_revision": "ae001d0e6b1228650b7bd1c2c65fb50ad11a8aba",
  "mteb_dataset_name": "MTOPIntentClassification",
  "mteb_version": "1.2.0",
  "test": {
    "en": {
      "accuracy": 0.6196306429548564,
      "accuracy_stderr": 0.021373549133289056,
      "f1": 0.4503270650741604,
      "f1_stderr": 0.007119869229029105,
      "main_score": 0.6196306429548564
    },
    "evaluation_time": 26.2
  }
}