{
  "dataset_revision": "d66bd1f72af766a5cc4b0ca5e00c162f89e8cc46",
  "mteb_dataset_name": "SprintDuplicateQuestions",
  "mteb_version": "1.2.0",
  "test": {
    "cos_sim": {
      "accuracy": 0.9985049504950495,
      "accuracy_threshold": 0.8764648835737637,
      "ap": 0.9651586577229798,
      "f1": 0.9246031746031745,
      "f1_threshold": 0.8747883135300334,
      "precision": 0.9173228346456693,
      "recall": 0.932
    },
    "dot": {
      "accuracy": 0.9985049504950495,
      "accuracy_threshold": 0.8764648835737638,
      "ap": 0.9651586577229798,
      "f1": 0.9246031746031745,
      "f1_threshold": 0.8747883135300333,
      "precision": 0.9173228346456693,
      "recall": 0.932
    },
    "euclidean": {
      "accuracy": 0.9985049504950495,
      "accuracy_threshold": 0.4970615980782104,
      "ap": 0.9651586577229798,
      "f1": 0.9246031746031745,
      "f1_threshold": 0.5004231885209649,
      "precision": 0.9173228346456693,
      "recall": 0.932
    },
    "evaluation_time": 36.94,
    "manhattan": {
      "accuracy": 0.9984950495049505,
      "accuracy_threshold": 21.381606281619987,
      "ap": 0.9648372677283807,
      "f1": 0.9232283464566928,
      "f1_threshold": 22.212679216932507,
      "precision": 0.9089147286821705,
      "recall": 0.938
    },
    "max": {
      "accuracy": 0.9985049504950495,
      "ap": 0.9651586577229798,
      "f1": 0.9246031746031745
    }
  }
}