{
  "dataset_revision": "70970daeab8776df92f5ea462b6173c0b46fd2d1",
  "mteb_dataset_name": "TwitterSemEval2015",
  "mteb_version": "1.2.0",
  "test": {
    "cos_sim": {
      "accuracy": 0.8711330988853788,
      "accuracy_threshold": 0.8933348962950656,
      "ap": 0.772022487876485,
      "f1": 0.7069249272059754,
      "f1_threshold": 0.8795191121905952,
      "precision": 0.6794840593818448,
      "recall": 0.7366754617414248
    },
    "dot": {
      "accuracy": 0.8711330988853788,
      "accuracy_threshold": 0.8933348962950657,
      "ap": 0.772022487876485,
      "f1": 0.7069249272059754,
      "f1_threshold": 0.8795191121905952,
      "precision": 0.6794840593818448,
      "recall": 0.7366754617414248
    },
    "euclidean": {
      "accuracy": 0.8711330988853788,
      "accuracy_threshold": 0.46187683126456125,
      "ap": 0.772022487876485,
      "f1": 0.7069249272059754,
      "f1_threshold": 0.49087857416883474,
      "precision": 0.6794840593818448,
      "recall": 0.7366754617414248
    },
    "evaluation_time": 7.88,
    "manhattan": {
      "accuracy": 0.870179412290636,
      "accuracy_threshold": 20.088942551394453,
      "ap": 0.7694998408315149,
      "f1": 0.7030539311241066,
      "f1_threshold": 21.2218740326582,
      "precision": 0.6927016645326505,
      "recall": 0.7137203166226913
    },
    "max": {
      "accuracy": 0.8711330988853788,
      "ap": 0.772022487876485,
      "f1": 0.7069249272059754
    }
  }
}