{
  "dataset_revision": null,
  "mteb_dataset_name": "SciFact",
  "mteb_version": "1.1.2",
  "test": {
    "evaluation_time": 0.79,
    "map_at_1": 0.58094,
    "map_at_10": 0.67122,
    "map_at_100": 0.67774,
    "map_at_1000": 0.67805,
    "map_at_3": 0.64524,
    "map_at_5": 0.65776,
    "mrr_at_1": 0.60667,
    "mrr_at_10": 0.67903,
    "mrr_at_100": 0.68477,
    "mrr_at_1000": 0.68507,
    "mrr_at_3": 0.66167,
    "mrr_at_5": 0.66967,
    "ndcg_at_1": 0.60667,
    "ndcg_at_10": 0.71184,
    "ndcg_at_100": 0.73821,
    "ndcg_at_1000": 0.74552,
    "ndcg_at_3": 0.66869,
    "ndcg_at_5": 0.68412,
    "precision_at_1": 0.60667,
    "precision_at_10": 0.09433,
    "precision_at_100": 0.0107,
    "precision_at_1000": 0.00113,
    "precision_at_3": 0.25889,
    "precision_at_5": 0.16733,
    "recall_at_1": 0.58094,
    "recall_at_10": 0.82867,
    "recall_at_100": 0.94167,
    "recall_at_1000": 0.99667,
    "recall_at_3": 0.70839,
    "recall_at_5": 0.74722
  }
}