{
  "dataset_revision": "eea2b4fe26a775864c896887d910b76a8098ad3f",
  "mteb_dataset_name": "STS22",
  "mteb_version": "1.1.2",
  "test": {
    "en": {
      "cos_sim": {
        "pearson": 0.6771679469238606,
        "spearman": 0.6959747684482595
      },
      "euclidean": {
        "pearson": 0.7075578322557899,
        "spearman": 0.6994035804193715
      },
      "manhattan": {
        "pearson": 0.7101554145021819,
        "spearman": 0.7009906165797485
      }
    },
    "evaluation_time": 0.06
  }
}