{
  "dataset_revision": "c22ab2a51041ffd869aaddef7af8d8215647e41a",
  "mteb_dataset_name": "ArguAna",
  "mteb_version": "1.2.0",
  "test": {
    "evaluation_time": 1.86,
    "map_at_1": 0.25249,
    "map_at_10": 0.40817,
    "map_at_100": 0.41851,
    "map_at_1000": 0.41858,
    "map_at_3": 0.35028,
    "map_at_5": 0.38467,
    "mrr_at_1": 0.25462,
    "mrr_at_10": 0.40933,
    "mrr_at_100": 0.4196,
    "mrr_at_1000": 0.41966,
    "mrr_at_3": 0.35147,
    "mrr_at_5": 0.38589,
    "ndcg_at_1": 0.25249,
    "ndcg_at_10": 0.50335,
    "ndcg_at_100": 0.5448,
    "ndcg_at_1000": 0.54623,
    "ndcg_at_3": 0.38402,
    "ndcg_at_5": 0.44636,
    "precision_at_1": 0.25249,
    "precision_at_10": 0.08108,
    "precision_at_100": 0.00986,
    "precision_at_1000": 0.001,
    "precision_at_3": 0.16074,
    "precision_at_5": 0.12688,
    "recall_at_1": 0.25249,
    "recall_at_10": 0.81081,
    "recall_at_100": 0.98578,
    "recall_at_1000": 0.99644,
    "recall_at_3": 0.48222,
    "recall_at_5": 0.63442
  }
}