{
  "dataset_revision": "ae752c7c21bf194d8b67fd573edf7ae58183cbe3",
  "mteb_dataset_name": "STS15",
  "mteb_version": "1.2.0",
  "test": {
    "cos_sim": {
      "pearson": 0.869180067582747,
      "spearman": 0.8772325086574421
    },
    "euclidean": {
      "pearson": 0.8828011998398786,
      "spearman": 0.889261853975524
    },
    "evaluation_time": 0.09,
    "manhattan": {
      "pearson": 0.8334775806287391,
      "spearman": 0.8324918942416855
    }
  }
}