{
  "dataset_revision": "ae752c7c21bf194d8b67fd573edf7ae58183cbe3",
  "mteb_dataset_name": "STS15",
  "mteb_version": "1.2.0",
  "test": {
    "cos_sim": {
      "pearson": 0.8750724760122504,
      "spearman": 0.8843920250100932
    },
    "euclidean": {
      "pearson": 0.8874150867821222,
      "spearman": 0.8939963926141468
    },
    "evaluation_time": 0.3,
    "manhattan": {
      "pearson": 0.8562561788864569,
      "spearman": 0.8621965096427603
    }
  }
}