{
  "dataset_revision": null,
  "mteb_dataset_name": "SciFact",
  "mteb_version": "1.1.2",
  "test": {
    "evaluation_time": 0.54,
    "map_at_1": 0.60094,
    "map_at_10": 0.70829,
    "map_at_100": 0.71287,
    "map_at_1000": 0.71309,
    "map_at_3": 0.68407,
    "map_at_5": 0.7008,
    "mrr_at_1": 0.63,
    "mrr_at_10": 0.71773,
    "mrr_at_100": 0.72107,
    "mrr_at_1000": 0.72128,
    "mrr_at_3": 0.70111,
    "mrr_at_5": 0.71378,
    "ndcg_at_1": 0.63,
    "ndcg_at_10": 0.75163,
    "ndcg_at_100": 0.77087,
    "ndcg_at_1000": 0.77634,
    "ndcg_at_3": 0.71391,
    "ndcg_at_5": 0.73846,
    "precision_at_1": 0.63,
    "precision_at_10": 0.09867,
    "precision_at_100": 0.01087,
    "precision_at_1000": 0.00113,
    "precision_at_3": 0.28222,
    "precision_at_5": 0.186,
    "recall_at_1": 0.60094,
    "recall_at_10": 0.87156,
    "recall_at_100": 0.95833,
    "recall_at_1000": 1.0,
    "recall_at_3": 0.77311,
    "recall_at_5": 0.83494
  }
}