{
  "dataset_revision": "ae752c7c21bf194d8b67fd573edf7ae58183cbe3",
  "mteb_dataset_name": "STS15",
  "mteb_version": "1.1.2",
  "test": {
    "cos_sim": {
      "pearson": 0.8666696192136512,
      "spearman": 0.8791182639730578
    },
    "euclidean": {
      "pearson": 0.885051157388759,
      "spearman": 0.8916603980698283
    },
    "evaluation_time": 0.22,
    "manhattan": {
      "pearson": 0.8554588206905926,
      "spearman": 0.8621860755240532
    }
  }
}