{
  "dataset_revision": "70970daeab8776df92f5ea462b6173c0b46fd2d1",
  "mteb_dataset_name": "TwitterSemEval2015",
  "mteb_version": "1.1.2",
  "test": {
    "cos_sim": {
      "accuracy": 0.8760803480956071,
      "accuracy_threshold": 0.7341829150259762,
      "ap": 0.7867167539399295,
      "f1": 0.7192778852353321,
      "f1_threshold": 0.7052890133834893,
      "precision": 0.7034047919293821,
      "recall": 0.7358839050131926
    },
    "dot": {
      "accuracy": 0.8579006973833224,
      "accuracy_threshold": 0.35538572821397285,
      "ap": 0.7310277224486993,
      "f1": 0.6749786089720083,
      "f1_threshold": 0.327224551102872,
      "precision": 0.6287861534957868,
      "recall": 0.7284960422163589
    },
    "euclidean": {
      "accuracy": 0.8759015318590928,
      "accuracy_threshold": 0.49801726854515577,
      "ap": 0.789938255092996,
      "f1": 0.7220792588780238,
      "f1_threshold": 0.5298879530032705,
      "precision": 0.7046710195881467,
      "recall": 0.7403693931398417
    },
    "evaluation_time": 1.59,
    "manhattan": {
      "accuracy": 0.8709542826488645,
      "accuracy_threshold": 8.09314325690434,
      "ap": 0.7741688281870163,
      "f1": 0.705183718916244,
      "f1_threshold": 8.805373083227906,
      "precision": 0.6638714185883997,
      "recall": 0.7519788918205804
    },
    "max": {
      "accuracy": 0.8760803480956071,
      "ap": 0.789938255092996,
      "f1": 0.7220792588780238
    }
  }
}