{
  "dataset_revision": "4f58c6b202a23cf9a4da393831edf4f9183cad37",
  "mteb_dataset_name": "EmotionClassification",
  "mteb_version": "1.1.2",
  "test": {
    "accuracy": 0.54775,
    "accuracy_stderr": 0.025812061134283724,
    "evaluation_time": 0.56,
    "f1": 0.480357709435136,
    "f1_stderr": 0.015259748890173229,
    "main_score": 0.54775
  }
}