{
  "dataset_revision": "eea2b4fe26a775864c896887d910b76a8098ad3f",
  "mteb_dataset_name": "STS22",
  "mteb_version": "1.1.2",
  "test": {
    "en": {
      "cos_sim": {
        "pearson": 0.6843252921219697,
        "spearman": 0.688731372639359
      },
      "euclidean": {
        "pearson": 0.6985667253467439,
        "spearman": 0.6814440281367867
      },
      "manhattan": {
        "pearson": 0.7016765035497098,
        "spearman": 0.6822562651050207
      }
    },
    "evaluation_time": 0.05
  }
}