{
  "dataset_revision": "1399c76144fd37290681b995c656ef9b2e06e26d",
  "mteb_dataset_name": "AmazonReviewsClassification",
  "mteb_version": "1.1.2",
  "test": {
    "en": {
      "accuracy": 0.5287,
      "accuracy_stderr": 0.009994898698836309,
      "f1": 0.5115053273540282,
      "f1_stderr": 0.017886412015371136,
      "main_score": 0.5287
    },
    "evaluation_time": 7.12
  }
}