{
  "dataset_revision": null,
  "mteb_dataset_name": "CQADupstackStatsRetrieval",
  "mteb_version": "1.1.2",
  "test": {
    "evaluation_time": 38.54,
    "map_at_1": 0.2881,
    "map_at_10": 0.35981,
    "map_at_100": 0.3694,
    "map_at_1000": 0.37044,
    "map_at_3": 0.33675,
    "map_at_5": 0.34982,
    "mrr_at_1": 0.32822,
    "mrr_at_10": 0.39165,
    "mrr_at_100": 0.3997,
    "mrr_at_1000": 0.40046,
    "mrr_at_3": 0.37142,
    "mrr_at_5": 0.38292,
    "ndcg_at_1": 0.32822,
    "ndcg_at_10": 0.40137,
    "ndcg_at_100": 0.44683,
    "ndcg_at_1000": 0.47192,
    "ndcg_at_3": 0.35989,
    "ndcg_at_5": 0.38037,
    "precision_at_1": 0.32822,
    "precision_at_10": 0.0612,
    "precision_at_100": 0.00913,
    "precision_at_1000": 0.0012,
    "precision_at_3": 0.15184,
    "precision_at_5": 0.10429,
    "recall_at_1": 0.2881,
    "recall_at_10": 0.49802,
    "recall_at_100": 0.70257,
    "recall_at_1000": 0.88512,
    "recall_at_3": 0.38455,
    "recall_at_5": 0.43725
  }
}