{
  "dataset_revision": "d80d48c1eb48d3562165c59d59d0034df9fff0bf",
  "mteb_dataset_name": "MTOPDomainClassification",
  "mteb_version": "1.1.2",
  "test": {
    "en": {
      "accuracy": 0.9481304149566803,
      "accuracy_stderr": 0.003950689341350543,
      "f1": 0.9462157409859705,
      "f1_stderr": 0.0036056861975805364,
      "main_score": 0.9481304149566803
    },
    "evaluation_time": 12.7
  }
}