{
  "dataset_revision": null,
  "mteb_dataset_name": "SciFact",
  "mteb_version": "1.1.2",
  "test": {
    "evaluation_time": 29.42,
    "map_at_1": 0.61494,
    "map_at_10": 0.71142,
    "map_at_100": 0.71602,
    "map_at_1000": 0.71624,
    "map_at_3": 0.68185,
    "map_at_5": 0.69919,
    "mrr_at_1": 0.64667,
    "mrr_at_10": 0.72151,
    "mrr_at_100": 0.72523,
    "mrr_at_1000": 0.72542,
    "mrr_at_3": 0.69944,
    "mrr_at_5": 0.71378,
    "ndcg_at_1": 0.64667,
    "ndcg_at_10": 0.75592,
    "ndcg_at_100": 0.77574,
    "ndcg_at_1000": 0.7797,
    "ndcg_at_3": 0.70787,
    "ndcg_at_5": 0.73311,
    "precision_at_1": 0.64667,
    "precision_at_10": 0.10033,
    "precision_at_100": 0.011,
    "precision_at_1000": 0.00113,
    "precision_at_3": 0.27667,
    "precision_at_5": 0.18267,
    "recall_at_1": 0.61494,
    "recall_at_10": 0.88222,
    "recall_at_100": 0.97167,
    "recall_at_1000": 1.0,
    "recall_at_3": 0.75406,
    "recall_at_5": 0.81911
  }
}