{
  "dataset_revision": null,
  "mteb_dataset_name": "SciFact",
  "mteb_version": "1.1.2",
  "test": {
    "evaluation_time": 0.61,
    "map_at_1": 0.60761,
    "map_at_10": 0.70792,
    "map_at_100": 0.71216,
    "map_at_1000": 0.71239,
    "map_at_3": 0.6808,
    "map_at_5": 0.6946,
    "mrr_at_1": 0.63667,
    "mrr_at_10": 0.71658,
    "mrr_at_100": 0.72031,
    "mrr_at_1000": 0.72052,
    "mrr_at_3": 0.69722,
    "mrr_at_5": 0.70822,
    "ndcg_at_1": 0.63667,
    "ndcg_at_10": 0.75248,
    "ndcg_at_100": 0.7716,
    "ndcg_at_1000": 0.77635,
    "ndcg_at_3": 0.7084,
    "ndcg_at_5": 0.72776,
    "precision_at_1": 0.63667,
    "precision_at_10": 0.1,
    "precision_at_100": 0.01093,
    "precision_at_1000": 0.00113,
    "precision_at_3": 0.27778,
    "precision_at_5": 0.18067,
    "recall_at_1": 0.60761,
    "recall_at_10": 0.87822,
    "recall_at_100": 0.965,
    "recall_at_1000": 1.0,
    "recall_at_3": 0.762,
    "recall_at_5": 0.80994
  }
}