{
  "dataset_revision": "ae752c7c21bf194d8b67fd573edf7ae58183cbe3",
  "mteb_dataset_name": "STS15",
  "mteb_version": "1.1.2",
  "test": {
    "cos_sim": {
      "pearson": 0.8761825824963388,
      "spearman": 0.8885981637290882
    },
    "euclidean": {
      "pearson": 0.894275818510148,
      "spearman": 0.90037213315771
    },
    "evaluation_time": 0.31,
    "manhattan": {
      "pearson": 0.8624073994154289,
      "spearman": 0.8693733636259987
    }
  }
}