{
  "dataset_revision": "a0d554a64d88156834ff5ae9920b964011b16384",
  "mteb_dataset_name": "STS12",
  "mteb_version": "1.1.2",
  "test": {
    "cos_sim": {
      "pearson": 0.8434021080176829,
      "spearman": 0.7504189541032704
    },
    "euclidean": {
      "pearson": 0.8433447267505679,
      "spearman": 0.7845250505742295
    },
    "evaluation_time": 0.25,
    "manhattan": {
      "pearson": 0.768991864977414,
      "spearman": 0.7598517287642665
    }
  }
}