{
  "dataset_revision": "eea2b4fe26a775864c896887d910b76a8098ad3f",
  "mteb_dataset_name": "STS22",
  "mteb_version": "1.1.2",
  "test": {
    "en": {
      "cos_sim": {
        "pearson": 0.6787743939309296,
        "spearman": 0.6892774758514681
      },
      "euclidean": {
        "pearson": 0.6968486815758066,
        "spearman": 0.6838465567241883
      },
      "manhattan": {
        "pearson": 0.6978011126016196,
        "spearman": 0.6791416049071936
      }
    },
    "evaluation_time": 0.08
  }
}