{
  "dataset_revision": "c22ab2a51041ffd869aaddef7af8d8215647e41a",
  "mteb_dataset_name": "ArguAna",
  "mteb_version": "1.2.0",
  "test": {
    "evaluation_time": 3.36,
    "map_at_1": 0.33784,
    "map_at_10": 0.50987,
    "map_at_100": 0.51641,
    "map_at_1000": 0.51645,
    "map_at_3": 0.46313,
    "map_at_5": 0.49187,
    "mrr_at_1": 0.34353,
    "mrr_at_10": 0.51213,
    "mrr_at_100": 0.51868,
    "mrr_at_1000": 0.51872,
    "mrr_at_3": 0.4655,
    "mrr_at_5": 0.49403,
    "ndcg_at_1": 0.33784,
    "ndcg_at_10": 0.59948,
    "ndcg_at_100": 0.62545,
    "ndcg_at_1000": 0.62613,
    "ndcg_at_3": 0.5047,
    "ndcg_at_5": 0.55636,
    "precision_at_1": 0.33784,
    "precision_at_10": 0.08826,
    "precision_at_100": 0.00991,
    "precision_at_1000": 0.001,
    "precision_at_3": 0.20839,
    "precision_at_5": 0.15007,
    "recall_at_1": 0.33784,
    "recall_at_10": 0.88265,
    "recall_at_100": 0.99147,
    "recall_at_1000": 0.99644,
    "recall_at_3": 0.62518,
    "recall_at_5": 0.75036
  }
}