{
  "dataset_revision": "4885aa143210c98657558c04aaf3dc47cfb54340",
  "mteb_dataset_name": "CQADupstackGamingRetrieval",
  "mteb_version": "1.2.0",
  "test": {
    "evaluation_time": 12.69,
    "map_at_1": 0.44341,
    "map_at_10": 0.57731,
    "map_at_100": 0.58728,
    "map_at_1000": 0.58776,
    "map_at_3": 0.54194,
    "map_at_5": 0.56274,
    "mrr_at_1": 0.50784,
    "mrr_at_10": 0.6098,
    "mrr_at_100": 0.61568,
    "mrr_at_1000": 0.61592,
    "mrr_at_3": 0.58422,
    "mrr_at_5": 0.5999,
    "ndcg_at_1": 0.50784,
    "ndcg_at_10": 0.63661,
    "ndcg_at_100": 0.67197,
    "ndcg_at_1000": 0.68039,
    "ndcg_at_3": 0.57985,
    "ndcg_at_5": 0.6092,
    "precision_at_1": 0.50784,
    "precision_at_10": 0.1015,
    "precision_at_100": 0.01279,
    "precision_at_1000": 0.00138,
    "precision_at_3": 0.25789,
    "precision_at_5": 0.1768,
    "recall_at_1": 0.44341,
    "recall_at_10": 0.77746,
    "recall_at_100": 0.92396,
    "recall_at_1000": 0.98168,
    "recall_at_3": 0.62791,
    "recall_at_5": 0.70018
  }
}