{
  "dataset_revision": "f46a197baaae43b4f621051089b82a364682dfeb",
  "mteb_dataset_name": "CQADupstackAndroidRetrieval",
  "mteb_version": "1.2.0",
  "test": {
    "evaluation_time": 5.82,
    "map_at_1": 0.35022,
    "map_at_10": 0.4759,
    "map_at_100": 0.49141,
    "map_at_1000": 0.4925,
    "map_at_3": 0.43921,
    "map_at_5": 0.45889,
    "mrr_at_1": 0.43634,
    "mrr_at_10": 0.5396,
    "mrr_at_100": 0.54583,
    "mrr_at_1000": 0.54616,
    "mrr_at_3": 0.51526,
    "mrr_at_5": 0.53,
    "ndcg_at_1": 0.43634,
    "ndcg_at_10": 0.54345,
    "ndcg_at_100": 0.59494,
    "ndcg_at_1000": 0.61013,
    "ndcg_at_3": 0.49549,
    "ndcg_at_5": 0.51694,
    "precision_at_1": 0.43634,
    "precision_at_10": 0.10458,
    "precision_at_100": 0.01648,
    "precision_at_1000": 0.00207,
    "precision_at_3": 0.24034,
    "precision_at_5": 0.17139,
    "recall_at_1": 0.35022,
    "recall_at_10": 0.66872,
    "recall_at_100": 0.88394,
    "recall_at_1000": 0.97683,
    "recall_at_3": 0.52141,
    "recall_at_5": 0.58709
  }
}