{
  "dataset_revision": "4f58c6b202a23cf9a4da393831edf4f9183cad37",
  "mteb_dataset_name": "EmotionClassification",
  "mteb_version": "1.2.0",
  "test": {
    "accuracy": 0.5527,
    "accuracy_stderr": 0.023129202320875647,
    "evaluation_time": 10.73,
    "f1": 0.4919442278008283,
    "f1_stderr": 0.013583367121741572,
    "main_score": 0.5527
  }
}