{
  "dataset_revision": "4d8694f8f0e0100860b497b999b3dbed754a0513",
  "mteb_dataset_name": "STS16",
  "mteb_version": "1.2.0",
  "test": {
    "cos_sim": {
      "pearson": 0.8625946233395243,
      "spearman": 0.8747402600607185
    },
    "euclidean": {
      "pearson": 0.8678496842573569,
      "spearman": 0.8747402600607185
    },
    "evaluation_time": 0.11,
    "manhattan": {
      "pearson": 0.8678572912404019,
      "spearman": 0.8750941407468548
    }
  }
}