{
  "dataset_revision": "a0d554a64d88156834ff5ae9920b964011b16384",
  "mteb_dataset_name": "STS12",
  "mteb_version": "1.2.0",
  "test": {
    "cos_sim": {
      "pearson": 0.8637670880148401,
      "spearman": 0.7762413460624744
    },
    "euclidean": {
      "pearson": 0.8296802783853379,
      "spearman": 0.7762413460624744
    },
    "evaluation_time": 0.29,
    "manhattan": {
      "pearson": 0.8343992592355869,
      "spearman": 0.7819739212546112
    }
  }
}