{
  "dataset_revision": "af5e6fb845001ecf41f4c1e033ce921939a2a68d",
  "mteb_dataset_name": "STS17",
  "mteb_version": "1.1.2",
  "test": {
    "en-en": {
      "cos_sim": {
        "pearson": 0.9104611221723616,
        "spearman": 0.9083886316530799
      },
      "euclidean": {
        "pearson": 0.9108935313661761,
        "spearman": 0.9083886316530799
      },
      "manhattan": {
        "pearson": 0.9104422705921185,
        "spearman": 0.9077989673437326
      }
    },
    "evaluation_time": 0.16
  }
}