{
  "dataset_revision": "eea2b4fe26a775864c896887d910b76a8098ad3f",
  "mteb_dataset_name": "STS22",
  "mteb_version": "1.1.2",
  "test": {
    "en": {
      "cos_sim": {
        "pearson": 0.6792114136914652,
        "spearman": 0.6792172943240731
      },
      "euclidean": {
        "pearson": 0.6954558637474275,
        "spearman": 0.6792172943240731
      },
      "manhattan": {
        "pearson": 0.6964980841441828,
        "spearman": 0.681908744879133
      }
    },
    "evaluation_time": 0.58
  }
}