{
  "dataset_revision": "b0fddb56ed78048fa8b90373c8a3cfc37b684831",
  "mteb_dataset_name": "STSBenchmark",
  "mteb_version": "1.1.2",
  "test": {
    "cos_sim": {
      "pearson": 0.8834897263962312,
      "spearman": 0.8962123334270404
    },
    "euclidean": {
      "pearson": 0.8934117451475465,
      "spearman": 0.8962123334270404
    },
    "evaluation_time": 0.74,
    "manhattan": {
      "pearson": 0.8933371614301501,
      "spearman": 0.8964590137032454
    }
  }
}