{
  "dataset_revision": "a0d554a64d88156834ff5ae9920b964011b16384",
  "mteb_dataset_name": "STS12",
  "mteb_version": "1.1.2",
  "test": {
    "cos_sim": {
      "pearson": 0.8411094485607139,
      "spearman": 0.751653027081549
    },
    "euclidean": {
      "pearson": 0.8466485083129572,
      "spearman": 0.7794478234478447
    },
    "evaluation_time": 0.3,
    "manhattan": {
      "pearson": 0.8316333819867385,
      "spearman": 0.7769283109204059
    }
  }
}