{
  "dataset_revision": "b0fddb56ed78048fa8b90373c8a3cfc37b684831",
  "mteb_dataset_name": "STSBenchmark",
  "mteb_version": "1.1.2",
  "test": {
    "cos_sim": {
      "pearson": 0.8663947536958636,
      "spearman": 0.8728813528994634
    },
    "euclidean": {
      "pearson": 0.8809820486945228,
      "spearman": 0.8848127505597067
    },
    "evaluation_time": 0.15,
    "manhattan": {
      "pearson": 0.8782969603010422,
      "spearman": 0.8806216667090694
    }
  }
}