{
  "dataset_revision": null,
  "mteb_dataset_name": "ArguAna",
  "mteb_version": "1.1.2",
  "test": {
    "evaluation_time": 2.5,
    "map_at_1": 0.3926,
    "map_at_10": 0.56057,
    "map_at_100": 0.56574,
    "map_at_1000": 0.56579,
    "map_at_3": 0.51814,
    "map_at_5": 0.54509,
    "mrr_at_1": 0.40043,
    "mrr_at_10": 0.56364,
    "mrr_at_100": 0.56881,
    "mrr_at_1000": 0.56885,
    "mrr_at_3": 0.5211,
    "mrr_at_5": 0.54816,
    "ndcg_at_1": 0.3926,
    "ndcg_at_10": 0.64441,
    "ndcg_at_100": 0.66441,
    "ndcg_at_1000": 0.66531,
    "ndcg_at_3": 0.55931,
    "ndcg_at_5": 0.60746,
    "precision_at_1": 0.3926,
    "precision_at_10": 0.09075,
    "precision_at_100": 0.0099,
    "precision_at_1000": 0.001,
    "precision_at_3": 0.22617,
    "precision_at_5": 0.15889,
    "recall_at_1": 0.3926,
    "recall_at_10": 0.90754,
    "recall_at_100": 0.99004,
    "recall_at_1000": 0.99644,
    "recall_at_3": 0.67852,
    "recall_at_5": 0.79445
  }
}