{
  "dataset_revision": "6031580fec1f6af667f0bd2da0a551cf4f0b2375",
  "mteb_dataset_name": "STS14",
  "mteb_version": "1.1.2",
  "test": {
    "cos_sim": {
      "pearson": 0.864273130939209,
      "spearman": 0.8339814214723507
    },
    "euclidean": {
      "pearson": 0.8656882016106813,
      "spearman": 0.8524713406536819
    },
    "evaluation_time": 0.76,
    "manhattan": {
      "pearson": 0.854327734345734,
      "spearman": 0.8450829839354603
    }
  }
}