{
  "dataset_revision": "d80d48c1eb48d3562165c59d59d0034df9fff0bf",
  "mteb_dataset_name": "MTOPDomainClassification",
  "mteb_version": "1.2.0",
  "test": {
    "en": {
      "accuracy": 0.948358413132695,
      "accuracy_stderr": 0.004211799635638649,
      "f1": 0.946369232618604,
      "f1_stderr": 0.003841026735943967,
      "main_score": 0.948358413132695
    },
    "evaluation_time": 14.53
  }
}