{
  "dataset_revision": "0228b52cf27578f30900b9e5271d331663a030d7",
  "mteb_dataset_name": "SciFact",
  "mteb_version": "1.2.0",
  "test": {
    "evaluation_time": 6.98,
    "map_at_1": 0.62094,
    "map_at_10": 0.71189,
    "map_at_100": 0.71691,
    "map_at_1000": 0.71705,
    "map_at_3": 0.68013,
    "map_at_5": 0.6983,
    "mrr_at_1": 0.65,
    "mrr_at_10": 0.72105,
    "mrr_at_100": 0.72516,
    "mrr_at_1000": 0.72528,
    "mrr_at_3": 0.69667,
    "mrr_at_5": 0.71233,
    "ndcg_at_1": 0.65,
    "ndcg_at_10": 0.75522,
    "ndcg_at_100": 0.77677,
    "ndcg_at_1000": 0.77971,
    "ndcg_at_3": 0.70133,
    "ndcg_at_5": 0.72876,
    "precision_at_1": 0.65,
    "precision_at_10": 0.1,
    "precision_at_100": 0.01107,
    "precision_at_1000": 0.00113,
    "precision_at_3": 0.27,
    "precision_at_5": 0.18,
    "recall_at_1": 0.62094,
    "recall_at_10": 0.87989,
    "recall_at_100": 0.97833,
    "recall_at_1000": 1.0,
    "recall_at_3": 0.73406,
    "recall_at_5": 0.80411
  }
}