{
  "dataset_revision": "eea2b4fe26a775864c896887d910b76a8098ad3f",
  "mteb_dataset_name": "STS22",
  "mteb_version": "1.2.0",
  "test": {
    "en": {
      "cos_sim": {
        "pearson": 0.6870749970184524,
        "spearman": 0.6890097143659483
      },
      "euclidean": {
        "pearson": 0.7039842452170393,
        "spearman": 0.6890097143659483
      },
      "manhattan": {
        "pearson": 0.7040852770056786,
        "spearman": 0.6886923071338727
      }
    },
    "evaluation_time": 0.22
  }
}