{
  "dataset_revision": "a0d554a64d88156834ff5ae9920b964011b16384",
  "mteb_dataset_name": "STS12",
  "mteb_version": "1.1.2",
  "test": {
    "cos_sim": {
      "pearson": 0.8351144083784963,
      "spearman": 0.7479065250176399
    },
    "euclidean": {
      "pearson": 0.8316588576746707,
      "spearman": 0.7695614066491128
    },
    "evaluation_time": 0.36,
    "manhattan": {
      "pearson": 0.7652787784462323,
      "spearman": 0.7510685247261565
    }
  }
}