{
  "dataset_revision": "ae752c7c21bf194d8b67fd573edf7ae58183cbe3",
  "mteb_dataset_name": "STS15",
  "mteb_version": "1.1.2",
  "test": {
    "cos_sim": {
      "pearson": 0.8788387738524034,
      "spearman": 0.8897373595194323
    },
    "euclidean": {
      "pearson": 0.8941275819275271,
      "spearman": 0.8999627275667464
    },
    "evaluation_time": 0.39,
    "manhattan": {
      "pearson": 0.878739773200764,
      "spearman": 0.8874286871965055
    }
  }
}