{
  "dataset_revision": "b0fddb56ed78048fa8b90373c8a3cfc37b684831",
  "mteb_dataset_name": "STSBenchmark",
  "mteb_version": "1.1.2",
  "test": {
    "cos_sim": {
      "pearson": 0.8790714870461322,
      "spearman": 0.8852711822827168
    },
    "euclidean": {
      "pearson": 0.894535803170108,
      "spearman": 0.8970837238803787
    },
    "evaluation_time": 0.21,
    "manhattan": {
      "pearson": 0.8731414125912439,
      "spearman": 0.8777860931179978
    }
  }
}