{
  "dataset_revision": "0fd18e25b25c072e09e0d92ab615fda904d66300",
  "mteb_dataset_name": "Banking77Classification",
  "mteb_version": "1.1.2",
  "test": {
    "accuracy": 0.8439935064935066,
    "accuracy_stderr": 0.005341377826508053,
    "evaluation_time": 11.71,
    "f1": 0.8385820328035749,
    "f1_stderr": 0.005953926527958618,
    "main_score": 0.8439935064935066
  }
}