{
  "dataset_revision": null,
  "mteb_dataset_name": "ArguAna",
  "mteb_version": "1.1.2",
  "test": {
    "evaluation_time": 2.05,
    "map_at_1": 0.40967,
    "map_at_10": 0.57025,
    "map_at_100": 0.57541,
    "map_at_1000": 0.57546,
    "map_at_3": 0.53141,
    "map_at_5": 0.55563,
    "mrr_at_1": 0.41821,
    "mrr_at_10": 0.57346,
    "mrr_at_100": 0.57856,
    "mrr_at_1000": 0.5786,
    "mrr_at_3": 0.53461,
    "mrr_at_5": 0.5584,
    "ndcg_at_1": 0.40967,
    "ndcg_at_10": 0.65106,
    "ndcg_at_100": 0.67136,
    "ndcg_at_1000": 0.67233,
    "ndcg_at_3": 0.57238,
    "ndcg_at_5": 0.61618,
    "precision_at_1": 0.40967,
    "precision_at_10": 0.09047,
    "precision_at_100": 0.00989,
    "precision_at_1000": 0.001,
    "precision_at_3": 0.23044,
    "precision_at_5": 0.1596,
    "recall_at_1": 0.40967,
    "recall_at_10": 0.90469,
    "recall_at_100": 0.98933,
    "recall_at_1000": 0.99644,
    "recall_at_3": 0.69132,
    "recall_at_5": 0.79801
  }
}