{
  "dataset_revision": "ae752c7c21bf194d8b67fd573edf7ae58183cbe3",
  "mteb_dataset_name": "STS15",
  "mteb_version": "1.1.2",
  "test": {
    "cos_sim": {
      "pearson": 0.8766684115777637,
      "spearman": 0.8853504142721075
    },
    "euclidean": {
      "pearson": 0.8832149051008529,
      "spearman": 0.8893583231972315
    },
    "evaluation_time": 0.37,
    "manhattan": {
      "pearson": 0.8639776014908691,
      "spearman": 0.8735436568877304
    }
  }
}