{
  "dataset_revision": "7e90230a92c190f1bf69ae9002b8cea547a64cca",
  "mteb_dataset_name": "STS13",
  "mteb_version": "1.1.2",
  "test": {
    "cos_sim": {
      "pearson": 0.8716162226804598,
      "spearman": 0.8744715129150021
    },
    "euclidean": {
      "pearson": 0.8654388223338956,
      "spearman": 0.8725936859297969
    },
    "evaluation_time": 0.18,
    "manhattan": {
      "pearson": 0.8406008559003834,
      "spearman": 0.8454383325847238
    }
  }
}