{
  "dataset_revision": "e8379541af4e31359cca9fbcf4b00f2671dba205",
  "mteb_dataset_name": "AmazonCounterfactualClassification",
  "mteb_version": "1.1.2",
  "test": {
    "en": {
      "accuracy": 0.7143283582089552,
      "accuracy_stderr": 0.03828700051654927,
      "ap": 0.3369995123220776,
      "ap_stderr": 0.035719142911674134,
      "f1": 0.6521815185569524,
      "f1_stderr": 0.03679467116327521,
      "main_score": 0.7143283582089552
    },
    "evaluation_time": 0.53
  }
}