{
  "dataset_revision": "e8379541af4e31359cca9fbcf4b00f2671dba205",
  "mteb_dataset_name": "AmazonCounterfactualClassification",
  "mteb_version": "1.1.2",
  "test": {
    "en": {
      "accuracy": 0.7420895522388059,
      "accuracy_stderr": 0.03490623279577549,
      "ap": 0.37366858379273654,
      "ap_stderr": 0.033613276839511486,
      "f1": 0.6835645459489786,
      "f1_stderr": 0.03222065262559306,
      "main_score": 0.7420895522388059
    },
    "evaluation_time": 0.94
  }
}