{
  "dataset_revision": null,
  "mteb_dataset_name": "SciFact",
  "mteb_version": "1.1.2",
  "test": {
    "evaluation_time": 1.12,
    "map_at_1": 0.61161,
    "map_at_10": 0.7042,
    "map_at_100": 0.70962,
    "map_at_1000": 0.70981,
    "map_at_3": 0.67446,
    "map_at_5": 0.69348,
    "mrr_at_1": 0.64333,
    "mrr_at_10": 0.71469,
    "mrr_at_100": 0.71884,
    "mrr_at_1000": 0.71902,
    "mrr_at_3": 0.69167,
    "mrr_at_5": 0.7075,
    "ndcg_at_1": 0.64333,
    "ndcg_at_10": 0.74769,
    "ndcg_at_100": 0.7701,
    "ndcg_at_1000": 0.77401,
    "ndcg_at_3": 0.69822,
    "ndcg_at_5": 0.72634,
    "precision_at_1": 0.64333,
    "precision_at_10": 0.09867,
    "precision_at_100": 0.011,
    "precision_at_1000": 0.00113,
    "precision_at_3": 0.27111,
    "precision_at_5": 0.18133,
    "recall_at_1": 0.61161,
    "recall_at_10": 0.87089,
    "recall_at_100": 0.97167,
    "recall_at_1000": 1.0,
    "recall_at_3": 0.73839,
    "recall_at_5": 0.80911
  }
}