{
  "dataset_revision": null,
  "mteb_dataset_name": "ArguAna",
  "mteb_version": "1.1.2",
  "test": {
    "evaluation_time": 1.86,
    "map_at_1": 0.37624,
    "map_at_10": 0.53943,
    "map_at_100": 0.54515,
    "map_at_1000": 0.54519,
    "map_at_3": 0.4917,
    "map_at_5": 0.52293,
    "mrr_at_1": 0.38265,
    "mrr_at_10": 0.54193,
    "mrr_at_100": 0.54771,
    "mrr_at_1000": 0.54775,
    "mrr_at_3": 0.49467,
    "mrr_at_5": 0.525,
    "ndcg_at_1": 0.37624,
    "ndcg_at_10": 0.62598,
    "ndcg_at_100": 0.64803,
    "ndcg_at_1000": 0.64884,
    "ndcg_at_3": 0.53012,
    "ndcg_at_5": 0.58638,
    "precision_at_1": 0.37624,
    "precision_at_10": 0.08997,
    "precision_at_100": 0.00991,
    "precision_at_1000": 0.001,
    "precision_at_3": 0.21385,
    "precision_at_5": 0.15562,
    "recall_at_1": 0.37624,
    "recall_at_10": 0.89972,
    "recall_at_100": 0.99075,
    "recall_at_1000": 0.99644,
    "recall_at_3": 0.64154,
    "recall_at_5": 0.77809
  }
}