{
  "dataset_revision": "4f58c6b202a23cf9a4da393831edf4f9183cad37",
  "mteb_dataset_name": "EmotionClassification",
  "mteb_version": "1.1.2",
  "test": {
    "accuracy": 0.42715000000000003,
    "accuracy_stderr": 0.024472484548978674,
    "evaluation_time": 2.85,
    "f1": 0.39802287219581256,
    "f1_stderr": 0.0206024990614699,
    "main_score": 0.42715000000000003
  }
}