{
  "dataset_revision": "4f58c6b202a23cf9a4da393831edf4f9183cad37",
  "mteb_dataset_name": "EmotionClassification",
  "mteb_version": "1.1.2",
  "test": {
    "accuracy": 0.5479499999999999,
    "accuracy_stderr": 0.02735548391090899,
    "evaluation_time": 1.87,
    "f1": 0.48475267510369824,
    "f1_stderr": 0.016954899390257468,
    "main_score": 0.5479499999999999
  }
}