{
  "dataset_revision": "6031580fec1f6af667f0bd2da0a551cf4f0b2375",
  "mteb_dataset_name": "STS14",
  "mteb_version": "1.1.2",
  "test": {
    "cos_sim": {
      "pearson": 0.846789122519854,
      "spearman": 0.8149825658490614
    },
    "euclidean": {
      "pearson": 0.8541877108782353,
      "spearman": 0.834057950214568
    },
    "evaluation_time": 0.51,
    "manhattan": {
      "pearson": 0.8534155697831943,
      "spearman": 0.8335276213111309
    }
  }
}