{
  "dataset_revision": null,
  "mteb_dataset_name": "ArguAna",
  "mteb_version": "1.1.2",
  "test": {
    "evaluation_time": 2.41,
    "map_at_1": 0.37553,
    "map_at_10": 0.54406,
    "map_at_100": 0.54977,
    "map_at_1000": 0.5498,
    "map_at_3": 0.49964,
    "map_at_5": 0.5282,
    "mrr_at_1": 0.38336,
    "mrr_at_10": 0.54705,
    "mrr_at_100": 0.55269,
    "mrr_at_1000": 0.55272,
    "mrr_at_3": 0.50403,
    "mrr_at_5": 0.53113,
    "ndcg_at_1": 0.37553,
    "ndcg_at_10": 0.63014,
    "ndcg_at_100": 0.65217,
    "ndcg_at_1000": 0.65276,
    "ndcg_at_3": 0.54061,
    "ndcg_at_5": 0.59212,
    "precision_at_1": 0.37553,
    "precision_at_10": 0.09011,
    "precision_at_100": 0.00992,
    "precision_at_1000": 0.001,
    "precision_at_3": 0.21977,
    "precision_at_5": 0.1569,
    "recall_at_1": 0.37553,
    "recall_at_10": 0.90114,
    "recall_at_100": 0.99218,
    "recall_at_1000": 0.99644,
    "recall_at_3": 0.65932,
    "recall_at_5": 0.7845
  }
}