{
  "dataset_revision": "0fd18e25b25c072e09e0d92ab615fda904d66300",
  "mteb_dataset_name": "Banking77Classification",
  "mteb_version": "1.1.2",
  "test": {
    "accuracy": 0.8453246753246754,
    "accuracy_stderr": 0.004614960236683476,
    "evaluation_time": 11.26,
    "f1": 0.8381731660063355,
    "f1_stderr": 0.005871330188919072,
    "main_score": 0.8453246753246754
  }
}