{
  "dataset_revision": null,
  "mteb_dataset_name": "ArguAna",
  "mteb_version": "1.1.2",
  "test": {
    "evaluation_time": 1.93,
    "map_at_1": 0.37696,
    "map_at_10": 0.54433,
    "map_at_100": 0.55013,
    "map_at_1000": 0.55017,
    "map_at_3": 0.49929,
    "map_at_5": 0.52888,
    "mrr_at_1": 0.38549,
    "mrr_at_10": 0.54757,
    "mrr_at_100": 0.55329,
    "mrr_at_1000": 0.55334,
    "mrr_at_3": 0.50273,
    "mrr_at_5": 0.53182,
    "ndcg_at_1": 0.37696,
    "ndcg_at_10": 0.62987,
    "ndcg_at_100": 0.65216,
    "ndcg_at_1000": 0.65296,
    "ndcg_at_3": 0.53962,
    "ndcg_at_5": 0.59294,
    "precision_at_1": 0.37696,
    "precision_at_10": 0.0899,
    "precision_at_100": 0.00991,
    "precision_at_1000": 0.001,
    "precision_at_3": 0.21882,
    "precision_at_5": 0.15718,
    "recall_at_1": 0.37696,
    "recall_at_10": 0.899,
    "recall_at_100": 0.99075,
    "recall_at_1000": 0.99644,
    "recall_at_3": 0.65647,
    "recall_at_5": 0.78592
  }
}