{
  "dataset_revision": "4f58c6b202a23cf9a4da393831edf4f9183cad37",
  "mteb_dataset_name": "EmotionClassification",
  "mteb_version": "1.1.2",
  "test": {
    "accuracy": 0.5665,
    "accuracy_stderr": 0.022582072535531367,
    "evaluation_time": 1.0,
    "f1": 0.5049275118917643,
    "f1_stderr": 0.012978517522801629,
    "main_score": 0.5665
  }
}