{
  "dataset_revision": "ae752c7c21bf194d8b67fd573edf7ae58183cbe3",
  "mteb_dataset_name": "STS15",
  "mteb_version": "1.1.2",
  "test": {
    "cos_sim": {
      "pearson": 0.8761560875698665,
      "spearman": 0.8897844322752643
    },
    "euclidean": {
      "pearson": 0.8957817761739295,
      "spearman": 0.900961757176175
    },
    "evaluation_time": 0.45,
    "manhattan": {
      "pearson": 0.8875432941724736,
      "spearman": 0.8945930180130112
    }
  }
}