{
  "dataset_revision": "eea2b4fe26a775864c896887d910b76a8098ad3f",
  "mteb_dataset_name": "STS22",
  "mteb_version": "1.1.2",
  "test": {
    "en": {
      "cos_sim": {
        "pearson": 0.6848036990018727,
        "spearman": 0.6937105968594548
      },
      "euclidean": {
        "pearson": 0.7073136914870649,
        "spearman": 0.6969888438615054
      },
      "manhattan": {
        "pearson": 0.7096902288523461,
        "spearman": 0.6980753532328405
      }
    },
    "evaluation_time": 0.06
  }
}