{
  "dataset_revision": "65ac3a16b8e91f9cee4c9828cc7c335575432a2a",
  "mteb_dataset_name": "CQADupstackStatsRetrieval",
  "mteb_version": "1.2.0",
  "test": {
    "evaluation_time": 57.82,
    "map_at_1": 0.26828,
    "map_at_10": 0.33897,
    "map_at_100": 0.34849,
    "map_at_1000": 0.34958,
    "map_at_3": 0.31816,
    "map_at_5": 0.32767,
    "mrr_at_1": 0.30215,
    "mrr_at_10": 0.36994,
    "mrr_at_100": 0.37764,
    "mrr_at_1000": 0.37848,
    "mrr_at_3": 0.35123,
    "mrr_at_5": 0.35943,
    "ndcg_at_1": 0.30215,
    "ndcg_at_10": 0.37973,
    "ndcg_at_100": 0.42511,
    "ndcg_at_1000": 0.45228,
    "ndcg_at_3": 0.34124,
    "ndcg_at_5": 0.35549,
    "precision_at_1": 0.30215,
    "precision_at_10": 0.05767,
    "precision_at_100": 0.00876,
    "precision_at_1000": 0.00118,
    "precision_at_3": 0.14366,
    "precision_at_5": 0.09632,
    "recall_at_1": 0.26828,
    "recall_at_10": 0.47542,
    "recall_at_100": 0.67947,
    "recall_at_1000": 0.88017,
    "recall_at_3": 0.36979,
    "recall_at_5": 0.40479
  }
}