{
  "dataset_revision": "af5e6fb845001ecf41f4c1e033ce921939a2a68d",
  "mteb_dataset_name": "STS17",
  "mteb_version": "1.1.2",
  "test": {
    "en-en": {
      "cos_sim": {
        "pearson": 0.8987134957141454,
        "spearman": 0.8980798849463797
      },
      "euclidean": {
        "pearson": 0.9024637640172516,
        "spearman": 0.8980798849463797
      },
      "manhattan": {
        "pearson": 0.9030915467877174,
        "spearman": 0.8983381994287013
      }
    },
    "evaluation_time": 0.09
  }
}