{
  "dataset_revision": "af5e6fb845001ecf41f4c1e033ce921939a2a68d",
  "mteb_dataset_name": "STS17",
  "mteb_version": "1.2.0",
  "test": {
    "en-en": {
      "cos_sim": {
        "pearson": 0.8966826171589033,
        "spearman": 0.8959853081395778
      },
      "euclidean": {
        "pearson": 0.9014958910419071,
        "spearman": 0.8959853081395778
      },
      "manhattan": {
        "pearson": 0.9026640364699948,
        "spearman": 0.8975536460679594
      }
    },
    "evaluation_time": 0.07
  }
}