{
  "dataset_revision": "eea2b4fe26a775864c896887d910b76a8098ad3f",
  "mteb_dataset_name": "STS22",
  "mteb_version": "1.2.0",
  "test": {
    "en": {
      "cos_sim": {
        "pearson": 0.688070326684462,
        "spearman": 0.6930839210422802
      },
      "euclidean": {
        "pearson": 0.7050428402741865,
        "spearman": 0.6930839210422802
      },
      "manhattan": {
        "pearson": 0.7056626387722204,
        "spearman": 0.6944390057638329
      }
    },
    "evaluation_time": 0.09
  }
}