{
  "dataset_revision": "70970daeab8776df92f5ea462b6173c0b46fd2d1",
  "mteb_dataset_name": "TwitterSemEval2015",
  "mteb_version": "1.2.0",
  "test": {
    "cos_sim": {
      "accuracy": 0.8751862669130357,
      "accuracy_threshold": 0.8168098330497742,
      "ap": 0.7856204120461939,
      "f1": 0.7182251190774631,
      "f1_threshold": 0.7849595546722412,
      "precision": 0.6840974212034384,
      "recall": 0.7559366754617414
    },
    "dot": {
      "accuracy": 0.8751862669130357,
      "accuracy_threshold": 0.8168098330497742,
      "ap": 0.7856202124913879,
      "f1": 0.7182251190774631,
      "f1_threshold": 0.7849596738815308,
      "precision": 0.6840974212034384,
      "recall": 0.7559366754617414
    },
    "euclidean": {
      "accuracy": 0.8751862669130357,
      "accuracy_threshold": 0.6052935719490051,
      "ap": 0.7856202352311618,
      "f1": 0.7182251190774631,
      "f1_threshold": 0.6558054685592651,
      "precision": 0.6840974212034384,
      "recall": 0.7559366754617414
    },
    "evaluation_time": 6.04,
    "manhattan": {
      "accuracy": 0.8756035047982357,
      "accuracy_threshold": 29.772188186645508,
      "ap": 0.7864547841443904,
      "f1": 0.7192192192192193,
      "f1_threshold": 32.09701156616211,
      "precision": 0.6839600190385531,
      "recall": 0.758311345646438
    },
    "max": {
      "accuracy": 0.8756035047982357,
      "ap": 0.7864547841443904,
      "f1": 0.7192192192192193
    }
  }
}