{
  "dataset_revision": "e8379541af4e31359cca9fbcf4b00f2671dba205",
  "mteb_dataset_name": "AmazonCounterfactualClassification",
  "mteb_version": "1.1.2",
  "test": {
    "en": {
      "accuracy": 0.764776119402985,
      "accuracy_stderr": 0.03922960497995734,
      "ap": 0.3970820864182447,
      "ap_stderr": 0.04353596853348214,
      "f1": 0.7046365757660586,
      "f1_stderr": 0.03772687332887009,
      "main_score": 0.764776119402985
    },
    "evaluation_time": 1.9
  }
}