{
  "dataset_revision": "a0d554a64d88156834ff5ae9920b964011b16384",
  "mteb_dataset_name": "STS12",
  "mteb_version": "1.1.2",
  "test": {
    "cos_sim": {
      "pearson": 0.8439648576932284,
      "spearman": 0.7560130936078557
    },
    "euclidean": {
      "pearson": 0.8480247810131731,
      "spearman": 0.7818300794926045
    },
    "evaluation_time": 0.51,
    "manhattan": {
      "pearson": 0.819862142008511,
      "spearman": 0.7776686172219376
    }
  }
}