{
  "dataset_revision": "1399c76144fd37290681b995c656ef9b2e06e26d",
  "mteb_dataset_name": "AmazonReviewsClassification",
  "mteb_version": "1.2.0",
  "test": {
    "en": {
      "accuracy": 0.5288800000000001,
      "accuracy_stderr": 0.010248980437097134,
      "f1": 0.5137980439728314,
      "f1_stderr": 0.017406524716794568,
      "main_score": 0.5288800000000001
    },
    "evaluation_time": 191.06
  }
}