{
  "dataset_revision": "6031580fec1f6af667f0bd2da0a551cf4f0b2375",
  "mteb_dataset_name": "STS14",
  "mteb_version": "1.2.0",
  "test": {
    "cos_sim": {
      "pearson": 0.8674760585233053,
      "spearman": 0.8465215469431153
    },
    "euclidean": {
      "pearson": 0.8591578790725658,
      "spearman": 0.8465215469431153
    },
    "evaluation_time": 1.82,
    "manhattan": {
      "pearson": 0.8578780776628167,
      "spearman": 0.8456146500246804
    }
  }
}