{
  "dataset_revision": "d7c0de2777da35d6aae2200a62c6e0e5af397c4c",
  "mteb_dataset_name": "ToxicConversationsClassification",
  "mteb_version": "1.2.0",
  "test": {
    "accuracy": 0.735586,
    "accuracy_stderr": 0.044785847809324764,
    "ap": 0.1632405766497776,
    "ap_stderr": 0.013374783206954939,
    "evaluation_time": 128.39,
    "f1": 0.5713327995492578,
    "f1_stderr": 0.0294034933668428,
    "main_score": 0.735586
  }
}