{
  "dataset_revision": "a6ea5a8cab320b040a23452cc28066d9beae2cee",
  "mteb_dataset_name": "SICK-R",
  "mteb_version": "1.1.2",
  "test": {
    "cos_sim": {
      "pearson": 0.8794880090386874,
      "spearman": 0.8301591399861408
    },
    "euclidean": {
      "pearson": 0.8547580433082039,
      "spearman": 0.8301591399861408
    },
    "evaluation_time": 5.42,
    "manhattan": {
      "pearson": 0.8554146470626389,
      "spearman": 0.8289219164909661
    }
  }
}