{
  "dataset_revision": "4ffe81d471b1924886b33c7567bfb200e9eec5c4",
  "mteb_dataset_name": "CQADupstackWordpressRetrieval",
  "mteb_version": "1.2.0",
  "test": {
    "evaluation_time": 65.03,
    "map_at_1": 0.23148,
    "map_at_10": 0.31881,
    "map_at_100": 0.32739,
    "map_at_1000": 0.32841,
    "map_at_3": 0.29251,
    "map_at_5": 0.30849,
    "mrr_at_1": 0.25139,
    "mrr_at_10": 0.34045,
    "mrr_at_100": 0.34786,
    "mrr_at_1000": 0.34859,
    "mrr_at_3": 0.31577,
    "mrr_at_5": 0.33093,
    "ndcg_at_1": 0.25139,
    "ndcg_at_10": 0.37003,
    "ndcg_at_100": 0.41435,
    "ndcg_at_1000": 0.43929,
    "ndcg_at_3": 0.3201,
    "ndcg_at_5": 0.3469,
    "precision_at_1": 0.25139,
    "precision_at_10": 0.05841,
    "precision_at_100": 0.00871,
    "precision_at_1000": 0.00121,
    "precision_at_3": 0.13863,
    "precision_at_5": 0.09945,
    "recall_at_1": 0.23148,
    "recall_at_10": 0.50639,
    "recall_at_100": 0.71267,
    "recall_at_1000": 0.89661,
    "recall_at_3": 0.37431,
    "recall_at_5": 0.4384
  }
}