{
  "dataset_revision": "ae752c7c21bf194d8b67fd573edf7ae58183cbe3",
  "mteb_dataset_name": "STS15",
  "mteb_version": "1.1.2",
  "test": {
    "cos_sim": {
      "pearson": 0.8900987965164266,
      "spearman": 0.8994928120947067
    },
    "euclidean": {
      "pearson": 0.8924660310959153,
      "spearman": 0.8994928120947067
    },
    "evaluation_time": 3.62,
    "manhattan": {
      "pearson": 0.8925764143159645,
      "spearman": 0.8997435588032134
    }
  }
}