{
  "dataset_revision": null,
  "mteb_dataset_name": "ArguAna",
  "mteb_version": "1.1.2",
  "test": {
    "evaluation_time": 2.23,
    "map_at_1": 0.37767,
    "map_at_10": 0.54952,
    "map_at_100": 0.55525,
    "map_at_1000": 0.55529,
    "map_at_3": 0.50936,
    "map_at_5": 0.5339,
    "mrr_at_1": 0.38549,
    "mrr_at_10": 0.55235,
    "mrr_at_100": 0.55808,
    "mrr_at_1000": 0.55813,
    "mrr_at_3": 0.51185,
    "mrr_at_5": 0.5365,
    "ndcg_at_1": 0.37767,
    "ndcg_at_10": 0.63377,
    "ndcg_at_100": 0.65609,
    "ndcg_at_1000": 0.65699,
    "ndcg_at_3": 0.55277,
    "ndcg_at_5": 0.59655,
    "precision_at_1": 0.37767,
    "precision_at_10": 0.08976,
    "precision_at_100": 0.0099,
    "precision_at_1000": 0.001,
    "precision_at_3": 0.22617,
    "precision_at_5": 0.15676,
    "recall_at_1": 0.37767,
    "recall_at_10": 0.89758,
    "recall_at_100": 0.99004,
    "recall_at_1000": 0.99644,
    "recall_at_3": 0.67852,
    "recall_at_5": 0.78378
  }
}