{
  "dataset_revision": "4f58c6b202a23cf9a4da393831edf4f9183cad37",
  "mteb_dataset_name": "EmotionClassification",
  "mteb_version": "1.1.2",
  "test": {
    "accuracy": 0.55805,
    "accuracy_stderr": 0.025536689292075428,
    "evaluation_time": 2.09,
    "f1": 0.49451871796304453,
    "f1_stderr": 0.015623515737652777,
    "main_score": 0.55805
  }
}