{
  "dataset_revision": "ae752c7c21bf194d8b67fd573edf7ae58183cbe3",
  "mteb_dataset_name": "STS15",
  "mteb_version": "1.1.2",
  "test": {
    "cos_sim": {
      "pearson": 0.880683810196509,
      "spearman": 0.890505232139023
    },
    "euclidean": {
      "pearson": 0.8949631417480756,
      "spearman": 0.90147557557617
    },
    "evaluation_time": 0.54,
    "manhattan": {
      "pearson": 0.8726739195726826,
      "spearman": 0.8822192226625218
    }
  }
}