{
  "dataset_revision": null,
  "mteb_dataset_name": "SciFact",
  "mteb_version": "1.1.2",
  "test": {
    "evaluation_time": 1.14,
    "map_at_1": 0.60861,
    "map_at_10": 0.69194,
    "map_at_100": 0.6972,
    "map_at_1000": 0.69746,
    "map_at_3": 0.6672,
    "map_at_5": 0.67909,
    "mrr_at_1": 0.63333,
    "mrr_at_10": 0.69884,
    "mrr_at_100": 0.70327,
    "mrr_at_1000": 0.70351,
    "mrr_at_3": 0.68111,
    "mrr_at_5": 0.68944,
    "ndcg_at_1": 0.63333,
    "ndcg_at_10": 0.73204,
    "ndcg_at_100": 0.75458,
    "ndcg_at_1000": 0.76092,
    "ndcg_at_3": 0.68914,
    "ndcg_at_5": 0.70494,
    "precision_at_1": 0.63333,
    "precision_at_10": 0.096,
    "precision_at_100": 0.01077,
    "precision_at_1000": 0.00113,
    "precision_at_3": 0.26667,
    "precision_at_5": 0.172,
    "recall_at_1": 0.60861,
    "recall_at_10": 0.84922,
    "recall_at_100": 0.94833,
    "recall_at_1000": 0.99667,
    "recall_at_3": 0.72783,
    "recall_at_5": 0.76844
  }
}