{
  "dataset_revision": null,
  "mteb_dataset_name": "SciFact",
  "mteb_version": "1.1.2",
  "test": {
    "evaluation_time": 0.85,
    "map_at_1": 0.61094,
    "map_at_10": 0.70506,
    "map_at_100": 0.71003,
    "map_at_1000": 0.7102,
    "map_at_3": 0.67402,
    "map_at_5": 0.69092,
    "mrr_at_1": 0.64,
    "mrr_at_10": 0.71431,
    "mrr_at_100": 0.71822,
    "mrr_at_1000": 0.71837,
    "mrr_at_3": 0.69,
    "mrr_at_5": 0.7045,
    "ndcg_at_1": 0.64,
    "ndcg_at_10": 0.74929,
    "ndcg_at_100": 0.77032,
    "ndcg_at_1000": 0.77409,
    "ndcg_at_3": 0.69614,
    "ndcg_at_5": 0.72114,
    "precision_at_1": 0.64,
    "precision_at_10": 0.09933,
    "precision_at_100": 0.011,
    "precision_at_1000": 0.00113,
    "precision_at_3": 0.26778,
    "precision_at_5": 0.178,
    "recall_at_1": 0.61094,
    "recall_at_10": 0.87589,
    "recall_at_100": 0.97167,
    "recall_at_1000": 1.0,
    "recall_at_3": 0.73239,
    "recall_at_5": 0.79494
  }
}