{
  "dataset_revision": "a0d554a64d88156834ff5ae9920b964011b16384",
  "mteb_dataset_name": "STS12",
  "mteb_version": "1.1.2",
  "test": {
    "cos_sim": {
      "pearson": 0.8506521869782917,
      "spearman": 0.7622683208872489
    },
    "euclidean": {
      "pearson": 0.8453527922595958,
      "spearman": 0.7926554888990971
    },
    "evaluation_time": 0.54,
    "manhattan": {
      "pearson": 0.7918387695207901,
      "spearman": 0.7804354735299934
    }
  }
}