{
  "dataset_revision": null,
  "mteb_dataset_name": "ArguAna",
  "mteb_version": "1.1.2",
  "test": {
    "evaluation_time": 2.07,
    "map_at_1": 0.36913,
    "map_at_10": 0.53574,
    "map_at_100": 0.54151,
    "map_at_1000": 0.54154,
    "map_at_3": 0.49111,
    "map_at_5": 0.51874,
    "mrr_at_1": 0.37624,
    "mrr_at_10": 0.53844,
    "mrr_at_100": 0.54414,
    "mrr_at_1000": 0.54417,
    "mrr_at_3": 0.49395,
    "mrr_at_5": 0.52112,
    "ndcg_at_1": 0.36913,
    "ndcg_at_10": 0.62291,
    "ndcg_at_100": 0.64549,
    "ndcg_at_1000": 0.64608,
    "ndcg_at_3": 0.5322,
    "ndcg_at_5": 0.58215,
    "precision_at_1": 0.36913,
    "precision_at_10": 0.08983,
    "precision_at_100": 0.00992,
    "precision_at_1000": 0.001,
    "precision_at_3": 0.21716,
    "precision_at_5": 0.15462,
    "recall_at_1": 0.36913,
    "recall_at_10": 0.89829,
    "recall_at_100": 0.99218,
    "recall_at_1000": 0.99644,
    "recall_at_3": 0.65149,
    "recall_at_5": 0.77312
  }
}