{
  "dataset_revision": null,
  "mteb_dataset_name": "SciFact",
  "mteb_version": "1.1.2",
  "test": {
    "evaluation_time": 0.8,
    "map_at_1": 0.60694,
    "map_at_10": 0.69835,
    "map_at_100": 0.70342,
    "map_at_1000": 0.70364,
    "map_at_3": 0.66581,
    "map_at_5": 0.68446,
    "mrr_at_1": 0.63333,
    "mrr_at_10": 0.70744,
    "mrr_at_100": 0.71159,
    "mrr_at_1000": 0.71179,
    "mrr_at_3": 0.685,
    "mrr_at_5": 0.6975,
    "ndcg_at_1": 0.63333,
    "ndcg_at_10": 0.74327,
    "ndcg_at_100": 0.76496,
    "ndcg_at_1000": 0.76934,
    "ndcg_at_3": 0.68957,
    "ndcg_at_5": 0.7156,
    "precision_at_1": 0.63333,
    "precision_at_10": 0.099,
    "precision_at_100": 0.01097,
    "precision_at_1000": 0.00113,
    "precision_at_3": 0.26556,
    "precision_at_5": 0.178,
    "recall_at_1": 0.60694,
    "recall_at_10": 0.87156,
    "recall_at_100": 0.96833,
    "recall_at_1000": 1.0,
    "recall_at_3": 0.72922,
    "recall_at_5": 0.79244
  }
}