{
  "dataset_revision": "eea2b4fe26a775864c896887d910b76a8098ad3f",
  "mteb_dataset_name": "STS22",
  "mteb_version": "1.1.2",
  "test": {
    "en": {
      "cos_sim": {
        "pearson": 0.6801716618108818,
        "spearman": 0.6904942035744239
      },
      "euclidean": {
        "pearson": 0.7023190379091614,
        "spearman": 0.6923091218501372
      },
      "manhattan": {
        "pearson": 0.7052833054625621,
        "spearman": 0.6897853274227888
      }
    },
    "evaluation_time": 0.07
  }
}