{
  "dataset_revision": "70970daeab8776df92f5ea462b6173c0b46fd2d1",
  "mteb_dataset_name": "TwitterSemEval2015",
  "mteb_version": "1.1.2",
  "test": {
    "cos_sim": {
      "accuracy": 0.8770340346903499,
      "accuracy_threshold": 0.7257176730828587,
      "ap": 0.7896478740849013,
      "f1": 0.722982661973667,
      "f1_threshold": 0.6981228315637368,
      "precision": 0.714506570471528,
      "recall": 0.7316622691292876
    },
    "dot": {
      "accuracy": 0.858675567741551,
      "accuracy_threshold": 0.40565318314251664,
      "ap": 0.7302172095139299,
      "f1": 0.675370323876475,
      "f1_threshold": 0.37889538349404656,
      "precision": 0.6441570881226054,
      "recall": 0.7097625329815304
    },
    "euclidean": {
      "accuracy": 0.8767956130416642,
      "accuracy_threshold": 0.5499381726174842,
      "ap": 0.792186848063166,
      "f1": 0.7210055721135156,
      "f1_threshold": 0.5800671355871936,
      "precision": 0.7084288260758849,
      "recall": 0.7340369393139842
    },
    "evaluation_time": 1.42,
    "manhattan": {
      "accuracy": 0.8670203254455504,
      "accuracy_threshold": 11.77808361458525,
      "ap": 0.7646930798870251,
      "f1": 0.6965082698871095,
      "f1_threshold": 12.261896207054253,
      "precision": 0.6930512016718914,
      "recall": 0.7
    },
    "max": {
      "accuracy": 0.8770340346903499,
      "ap": 0.792186848063166,
      "f1": 0.722982661973667
    }
  }
}