{
  "dataset_revision": "e8379541af4e31359cca9fbcf4b00f2671dba205",
  "mteb_dataset_name": "AmazonCounterfactualClassification",
  "mteb_version": "1.1.2",
  "test": {
    "en": {
      "accuracy": 0.7364179104477612,
      "accuracy_stderr": 0.037356393179526604,
      "ap": 0.3682001528173669,
      "ap_stderr": 0.036097040990661765,
      "f1": 0.6781609469051024,
      "f1_stderr": 0.03476987114314742,
      "main_score": 0.7364179104477612
    },
    "evaluation_time": 0.48
  }
}