{
  "dataset_revision": "a6ea5a8cab320b040a23452cc28066d9beae2cee",
  "mteb_dataset_name": "SICK-R",
  "mteb_version": "1.1.2",
  "test": {
    "cos_sim": {
      "pearson": 0.8724649915561002,
      "spearman": 0.8293404690318137
    },
    "euclidean": {
      "pearson": 0.8549376314616741,
      "spearman": 0.8277981050284192
    },
    "evaluation_time": 1.35,
    "manhattan": {
      "pearson": 0.849678503066852,
      "spearman": 0.8247383376603886
    }
  }
}