{
  "dataset_revision": "eea2b4fe26a775864c896887d910b76a8098ad3f",
  "mteb_dataset_name": "STS22",
  "mteb_version": "1.1.2",
  "test": {
    "en": {
      "cos_sim": {
        "pearson": 0.680724031928691,
        "spearman": 0.69819906066688
      },
      "euclidean": {
        "pearson": 0.7091053354631002,
        "spearman": 0.7024051134242281
      },
      "manhattan": {
        "pearson": 0.7140965652780721,
        "spearman": 0.7057948598898539
      }
    },
    "evaluation_time": 0.05
  }
}