{
  "dataset_revision": "4d8694f8f0e0100860b497b999b3dbed754a0513",
  "mteb_dataset_name": "STS16",
  "mteb_version": "1.1.2",
  "test": {
    "cos_sim": {
      "pearson": 0.8415547186507947,
      "spearman": 0.8562225180724541
    },
    "euclidean": {
      "pearson": 0.8680928080322908,
      "spearman": 0.8739128711386737
    },
    "evaluation_time": 0.24,
    "manhattan": {
      "pearson": 0.8600363726641443,
      "spearman": 0.8679548288480899
    }
  }
}