{
  "dataset_revision": "eea2b4fe26a775864c896887d910b76a8098ad3f",
  "mteb_dataset_name": "STS22",
  "mteb_version": "1.1.2",
  "test": {
    "en": {
      "cos_sim": {
        "pearson": 0.6862382820207541,
        "spearman": 0.6925166573480327
      },
      "euclidean": {
        "pearson": 0.7064608873314975,
        "spearman": 0.6941924047604514
      },
      "manhattan": {
        "pearson": 0.7035952384392185,
        "spearman": 0.6859113314620737
      }
    },
    "evaluation_time": 0.07
  }
}