{
  "dataset_revision": "a0d554a64d88156834ff5ae9920b964011b16384",
  "mteb_dataset_name": "STS12",
  "mteb_version": "1.2.0",
  "test": {
    "cos_sim": {
      "pearson": 0.8522869275014168,
      "spearman": 0.7630854776910421
    },
    "euclidean": {
      "pearson": 0.844476034063105,
      "spearman": 0.7907979573897062
    },
    "evaluation_time": 0.22,
    "manhattan": {
      "pearson": 0.7973308781873054,
      "spearman": 0.7808549431638157
    }
  }
}