{
  "dataset_revision": "ae752c7c21bf194d8b67fd573edf7ae58183cbe3",
  "mteb_dataset_name": "STS15",
  "mteb_version": "1.2.0",
  "test": {
    "cos_sim": {
      "pearson": 0.8741606671038504,
      "spearman": 0.8803001853775579
    },
    "euclidean": {
      "pearson": 0.8872133534470973,
      "spearman": 0.8936651290301181
    },
    "evaluation_time": 0.07,
    "manhattan": {
      "pearson": 0.8327744587515443,
      "spearman": 0.8321150426117452
    }
  }
}