{
  "dataset_revision": "4d8694f8f0e0100860b497b999b3dbed754a0513",
  "mteb_dataset_name": "STS16",
  "mteb_version": "1.2.0",
  "test": {
    "cos_sim": {
      "pearson": 0.8435166646176789,
      "spearman": 0.8575869157184914
    },
    "euclidean": {
      "pearson": 0.8678839426744573,
      "spearman": 0.8734671455064286
    },
    "evaluation_time": 0.18,
    "manhattan": {
      "pearson": 0.8594706948929814,
      "spearman": 0.8668715371547321
    }
  }
}