{
  "dataset_revision": null,
  "mteb_dataset_name": "SciFact",
  "mteb_version": "1.1.2",
  "test": {
    "evaluation_time": 0.58,
    "map_at_1": 0.60761,
    "map_at_10": 0.70023,
    "map_at_100": 0.70549,
    "map_at_1000": 0.70563,
    "map_at_3": 0.67124,
    "map_at_5": 0.68633,
    "mrr_at_1": 0.63667,
    "mrr_at_10": 0.71027,
    "mrr_at_100": 0.71429,
    "mrr_at_1000": 0.71442,
    "mrr_at_3": 0.68778,
    "mrr_at_5": 0.70044,
    "ndcg_at_1": 0.63667,
    "ndcg_at_10": 0.74474,
    "ndcg_at_100": 0.76712,
    "ndcg_at_1000": 0.7704,
    "ndcg_at_3": 0.69421,
    "ndcg_at_5": 0.71631,
    "precision_at_1": 0.63667,
    "precision_at_10": 0.09867,
    "precision_at_100": 0.01103,
    "precision_at_1000": 0.00113,
    "precision_at_3": 0.26778,
    "precision_at_5": 0.176,
    "recall_at_1": 0.60761,
    "recall_at_10": 0.87189,
    "recall_at_100": 0.975,
    "recall_at_1000": 1.0,
    "recall_at_3": 0.73239,
    "recall_at_5": 0.78928
  }
}