{
  "dataset_revision": "b0fddb56ed78048fa8b90373c8a3cfc37b684831",
  "mteb_dataset_name": "STSBenchmark",
  "mteb_version": "1.1.2",
  "test": {
    "cos_sim": {
      "pearson": 0.8723229852264887,
      "spearman": 0.8769048342624391
    },
    "euclidean": {
      "pearson": 0.8889730067114724,
      "spearman": 0.8906904927881452
    },
    "evaluation_time": 0.17,
    "manhattan": {
      "pearson": 0.8682406233420183,
      "spearman": 0.8726807503648232
    }
  }
}