{
  "dataset_revision": "70970daeab8776df92f5ea462b6173c0b46fd2d1",
  "mteb_dataset_name": "TwitterSemEval2015",
  "mteb_version": "1.1.2",
  "test": {
    "cos_sim": {
      "accuracy": 0.8726232341896645,
      "accuracy_threshold": 0.7446990891823178,
      "ap": 0.7776572335907901,
      "f1": 0.7114042877077255,
      "f1_threshold": 0.7159716321920913,
      "precision": 0.6850720742731493,
      "recall": 0.7398416886543535
    },
    "dot": {
      "accuracy": 0.8561125350181796,
      "accuracy_threshold": 0.4580627608409057,
      "ap": 0.7262272561442302,
      "f1": 0.6691140479686736,
      "f1_threshold": 0.42158349898267894,
      "precision": 0.6239160200821543,
      "recall": 0.7213720316622692
    },
    "euclidean": {
      "accuracy": 0.8747094236156643,
      "accuracy_threshold": 0.5448176497330217,
      "ap": 0.7824953519102246,
      "f1": 0.7154450925691098,
      "f1_threshold": 0.5829336406883606,
      "precision": 0.688720703125,
      "recall": 0.7443271767810027
    },
    "evaluation_time": 1.29,
    "manhattan": {
      "accuracy": 0.8670203254455504,
      "accuracy_threshold": 10.044386124765047,
      "ap": 0.7618583614423472,
      "f1": 0.6951925497105462,
      "f1_threshold": 10.7114796973049,
      "precision": 0.6645813282001924,
      "recall": 0.7287598944591029
    },
    "max": {
      "accuracy": 0.8747094236156643,
      "ap": 0.7824953519102246,
      "f1": 0.7154450925691098
    }
  }
}