{
  "dataset_revision": "7e90230a92c190f1bf69ae9002b8cea547a64cca",
  "mteb_dataset_name": "STS13",
  "mteb_version": "1.2.0",
  "test": {
    "cos_sim": {
      "pearson": 0.8727074352101616,
      "spearman": 0.8770039370120517
    },
    "euclidean": {
      "pearson": 0.8867029585272158,
      "spearman": 0.8929860761920352
    },
    "evaluation_time": 0.06,
    "manhattan": {
      "pearson": 0.8685284044486059,
      "spearman": 0.8751066266247528
    }
  }
}