{
  "dataset_revision": "6031580fec1f6af667f0bd2da0a551cf4f0b2375",
  "mteb_dataset_name": "STS14",
  "mteb_version": "1.1.2",
  "test": {
    "cos_sim": {
      "pearson": 0.862592023041143,
      "spearman": 0.8308197884562175
    },
    "euclidean": {
      "pearson": 0.8699082852350184,
      "spearman": 0.8512035354492049
    },
    "evaluation_time": 0.42,
    "manhattan": {
      "pearson": 0.8606050737411625,
      "spearman": 0.8456695114557027
    }
  }
}