{
  "dataset_revision": "e8379541af4e31359cca9fbcf4b00f2671dba205",
  "mteb_dataset_name": "AmazonCounterfactualClassification",
  "mteb_version": "1.2.0",
  "test": {
    "en": {
      "accuracy": 0.7458208955223881,
      "accuracy_stderr": 0.03319377482990193,
      "ap": 0.3730275007943437,
      "ap_stderr": 0.03357618386883073,
      "f1": 0.6850313662644371,
      "f1_stderr": 0.031451418936360366,
      "main_score": 0.7458208955223881
    },
    "evaluation_time": 9.29
  }
}