{
  "dataset_revision": null,
  "mteb_dataset_name": "SCIDOCS",
  "mteb_version": "1.2.0",
  "test": {
    "evaluation_time": 6.17,
    "map_at_1": 0.04958,
    "map_at_10": 0.13776,
    "map_at_100": 0.16564,
    "map_at_1000": 0.16971,
    "map_at_3": 0.09412,
    "map_at_5": 0.11597,
    "mrr_at_1": 0.245,
    "mrr_at_10": 0.37117,
    "mrr_at_100": 0.38222,
    "mrr_at_1000": 0.38257,
    "mrr_at_3": 0.32983,
    "mrr_at_5": 0.35348,
    "ndcg_at_1": 0.245,
    "ndcg_at_10": 0.2292,
    "ndcg_at_100": 0.33004,
    "ndcg_at_1000": 0.3909,
    "ndcg_at_3": 0.2086,
    "ndcg_at_5": 0.18748,
    "precision_at_1": 0.245,
    "precision_at_10": 0.1223,
    "precision_at_100": 0.02678,
    "precision_at_1000": 0.00412,
    "precision_at_3": 0.198,
    "precision_at_5": 0.1692,
    "recall_at_1": 0.04958,
    "recall_at_10": 0.24777,
    "recall_at_100": 0.54347,
    "recall_at_1000": 0.8367,
    "recall_at_3": 0.12038,
    "recall_at_5": 0.17152
  }
}