{
  "dataset_revision": "ae752c7c21bf194d8b67fd573edf7ae58183cbe3",
  "mteb_dataset_name": "STS15",
  "mteb_version": "1.2.0",
  "test": {
    "cos_sim": {
      "pearson": 0.8811479506667065,
      "spearman": 0.890552251808877
    },
    "euclidean": {
      "pearson": 0.884209294880279,
      "spearman": 0.8905514080633345
    },
    "evaluation_time": 0.2,
    "manhattan": {
      "pearson": 0.8853730739690407,
      "spearman": 0.8917935233771681
    }
  }
}