{
  "dataset_revision": "b0fddb56ed78048fa8b90373c8a3cfc37b684831",
  "mteb_dataset_name": "STSBenchmark",
  "mteb_version": "1.1.2",
  "test": {
    "cos_sim": {
      "pearson": 0.8730267526630013,
      "spearman": 0.88472864923215
    },
    "euclidean": {
      "pearson": 0.8793807822918274,
      "spearman": 0.88472864923215
    },
    "evaluation_time": 0.28,
    "manhattan": {
      "pearson": 0.8803498014739233,
      "spearman": 0.8852456201888507
    }
  }
}