{
  "dataset_revision": "70970daeab8776df92f5ea462b6173c0b46fd2d1",
  "mteb_dataset_name": "TwitterSemEval2015",
  "mteb_version": "1.2.0",
  "test": {
    "cos_sim": {
      "accuracy": 0.8760207426834357,
      "accuracy_threshold": 0.8155783414840698,
      "ap": 0.7921593374311108,
      "f1": 0.7239014478028957,
      "f1_threshold": 0.784979522228241,
      "precision": 0.6978452497551421,
      "recall": 0.7519788918205804
    },
    "dot": {
      "accuracy": 0.8760207426834357,
      "accuracy_threshold": 0.8155783414840698,
      "ap": 0.7921595204174643,
      "f1": 0.7239014478028957,
      "f1_threshold": 0.784979522228241,
      "precision": 0.6978452497551421,
      "recall": 0.7519788918205804
    },
    "euclidean": {
      "accuracy": 0.8760207426834357,
      "accuracy_threshold": 0.6073246002197266,
      "ap": 0.7921594138815904,
      "f1": 0.7239014478028957,
      "f1_threshold": 0.6557750701904297,
      "precision": 0.6978452497551421,
      "recall": 0.7519788918205804
    },
    "evaluation_time": 7.65,
    "manhattan": {
      "accuracy": 0.8758419264469214,
      "accuracy_threshold": 27.267610549926758,
      "ap": 0.7915620661397461,
      "f1": 0.721836760439006,
      "f1_threshold": 28.70547866821289,
      "precision": 0.6915639352187576,
      "recall": 0.7548812664907651
    },
    "max": {
      "accuracy": 0.8760207426834357,
      "ap": 0.7921595204174643,
      "f1": 0.7239014478028957
    }
  }
}