{
  "dataset_revision": "af5e6fb845001ecf41f4c1e033ce921939a2a68d",
  "mteb_dataset_name": "STS17",
  "mteb_version": "1.2.0",
  "test": {
    "en-en": {
      "cos_sim": {
        "pearson": 0.8976420358480222,
        "spearman": 0.9003954897700489
      },
      "euclidean": {
        "pearson": 0.9044373279137214,
        "spearman": 0.8969697477068781
      },
      "manhattan": {
        "pearson": 0.9028786050082149,
        "spearman": 0.8978603945157163
      }
    },
    "evaluation_time": 0.05
  }
}