{
  "dataset_revision": null,
  "mteb_dataset_name": "SciFact",
  "mteb_version": "1.1.2",
  "test": {
    "evaluation_time": 0.79,
    "map_at_1": 0.61761,
    "map_at_10": 0.71533,
    "map_at_100": 0.71934,
    "map_at_1000": 0.71958,
    "map_at_3": 0.68413,
    "map_at_5": 0.70277,
    "mrr_at_1": 0.64667,
    "mrr_at_10": 0.72405,
    "mrr_at_100": 0.72697,
    "mrr_at_1000": 0.72719,
    "mrr_at_3": 0.7,
    "mrr_at_5": 0.71517,
    "ndcg_at_1": 0.64667,
    "ndcg_at_10": 0.76003,
    "ndcg_at_100": 0.777,
    "ndcg_at_1000": 0.78179,
    "ndcg_at_3": 0.70744,
    "ndcg_at_5": 0.73519,
    "precision_at_1": 0.64667,
    "precision_at_10": 0.10067,
    "precision_at_100": 0.01093,
    "precision_at_1000": 0.00113,
    "precision_at_3": 0.27333,
    "precision_at_5": 0.18267,
    "recall_at_1": 0.61761,
    "recall_at_10": 0.88822,
    "recall_at_100": 0.965,
    "recall_at_1000": 1.0,
    "recall_at_3": 0.74867,
    "recall_at_5": 0.81744
  }
}