{
  "dataset_revision": "70970daeab8776df92f5ea462b6173c0b46fd2d1",
  "mteb_dataset_name": "TwitterSemEval2015",
  "mteb_version": "1.1.2",
  "test": {
    "cos_sim": {
      "accuracy": 0.87453060737915,
      "accuracy_threshold": 0.729265797196853,
      "ap": 0.7815738902135618,
      "f1": 0.7156862745098039,
      "f1_threshold": 0.6968928630698648,
      "precision": 0.6833893422947671,
      "recall": 0.7511873350923483
    },
    "dot": {
      "accuracy": 0.8545031888895511,
      "accuracy_threshold": 0.35329293216339075,
      "ap": 0.7222414782123419,
      "f1": 0.667991553844243,
      "f1_threshold": 0.33020779057157074,
      "precision": 0.6310725181882187,
      "recall": 0.7094986807387863
    },
    "euclidean": {
      "accuracy": 0.8742921857304643,
      "accuracy_threshold": 0.5109449784095045,
      "ap": 0.7857053102737427,
      "f1": 0.7185109637939826,
      "f1_threshold": 0.532904469665265,
      "precision": 0.6951159348791317,
      "recall": 0.7435356200527704
    },
    "evaluation_time": 1.32,
    "manhattan": {
      "accuracy": 0.8638612386004649,
      "accuracy_threshold": 9.915060268973676,
      "ap": 0.7581063730140788,
      "f1": 0.691849935316947,
      "f1_threshold": 10.682338724218477,
      "precision": 0.6786802030456853,
      "recall": 0.7055408970976254
    },
    "max": {
      "accuracy": 0.87453060737915,
      "ap": 0.7857053102737427,
      "f1": 0.7185109637939826
    }
  }
}