{
  "dataset_revision": "a0d554a64d88156834ff5ae9920b964011b16384",
  "mteb_dataset_name": "STS12",
  "mteb_version": "1.1.2",
  "test": {
    "cos_sim": {
      "pearson": 0.848181735030297,
      "spearman": 0.7608121311414938
    },
    "euclidean": {
      "pearson": 0.84640354968717,
      "spearman": 0.7932698946992419
    },
    "evaluation_time": 0.53,
    "manhattan": {
      "pearson": 0.7967038033254297,
      "spearman": 0.7824735321514281
    }
  }
}