{
  "dataset_revision": "70970daeab8776df92f5ea462b6173c0b46fd2d1",
  "mteb_dataset_name": "TwitterSemEval2015",
  "mteb_version": "1.1.2",
  "test": {
    "cos_sim": {
      "accuracy": 0.8758419264469214,
      "accuracy_threshold": 0.7325723636542254,
      "ap": 0.785804990928986,
      "f1": 0.7189083820662768,
      "f1_threshold": 0.7028852833037111,
      "precision": 0.7083226632522407,
      "recall": 0.7298153034300792
    },
    "dot": {
      "accuracy": 0.8579603027954938,
      "accuracy_threshold": 0.37002280264388354,
      "ap": 0.7292941747007713,
      "f1": 0.6743927999013686,
      "f1_threshold": 0.34388349547339,
      "precision": 0.6329553344133303,
      "recall": 0.7216358839050132
    },
    "euclidean": {
      "accuracy": 0.8755438993860643,
      "accuracy_threshold": 0.5252492823914545,
      "ap": 0.7893048217242666,
      "f1": 0.7220197813638729,
      "f1_threshold": 0.5466111350562575,
      "precision": 0.7123780174627632,
      "recall": 0.7319261213720316
    },
    "evaluation_time": 1.87,
    "manhattan": {
      "accuracy": 0.8679144066281218,
      "accuracy_threshold": 10.323636669991767,
      "ap": 0.7657354351134926,
      "f1": 0.6978461538461539,
      "f1_threshold": 11.036186881971343,
      "precision": 0.6539792387543253,
      "recall": 0.7480211081794196
    },
    "max": {
      "accuracy": 0.8758419264469214,
      "ap": 0.7893048217242666,
      "f1": 0.7220197813638729
    }
  }
}