{
  "dataset_revision": "e8379541af4e31359cca9fbcf4b00f2671dba205",
  "mteb_dataset_name": "AmazonCounterfactualClassification",
  "mteb_version": "1.1.2",
  "test": {
    "en": {
      "accuracy": 0.7517910447761194,
      "accuracy_stderr": 0.03508605720387532,
      "ap": 0.37990152738827565,
      "ap_stderr": 0.037647499414818195,
      "f1": 0.6909425267431158,
      "f1_stderr": 0.034095939953573004,
      "main_score": 0.7517910447761194
    },
    "evaluation_time": 0.94
  }
}