{
  "dataset_revision": null,
  "mteb_dataset_name": "ArguAna",
  "mteb_version": "1.1.2",
  "test": {
    "evaluation_time": 2.26,
    "map_at_1": 0.38265,
    "map_at_10": 0.55167,
    "map_at_100": 0.55711,
    "map_at_1000": 0.55715,
    "map_at_3": 0.50865,
    "map_at_5": 0.53689,
    "mrr_at_1": 0.38905,
    "mrr_at_10": 0.55429,
    "mrr_at_100": 0.55967,
    "mrr_at_1000": 0.5597,
    "mrr_at_3": 0.51233,
    "mrr_at_5": 0.53932,
    "ndcg_at_1": 0.38265,
    "ndcg_at_10": 0.63711,
    "ndcg_at_100": 0.658,
    "ndcg_at_1000": 0.65869,
    "ndcg_at_3": 0.55074,
    "ndcg_at_5": 0.60152,
    "precision_at_1": 0.38265,
    "precision_at_10": 0.09054,
    "precision_at_100": 0.00991,
    "precision_at_1000": 0.001,
    "precision_at_3": 0.22428,
    "precision_at_5": 0.15917,
    "recall_at_1": 0.38265,
    "recall_at_10": 0.90541,
    "recall_at_100": 0.99147,
    "recall_at_1000": 0.99644,
    "recall_at_3": 0.67283,
    "recall_at_5": 0.79587
  }
}