{
  "dataset_revision": "0fd18e25b25c072e09e0d92ab615fda904d66300",
  "mteb_dataset_name": "Banking77Classification",
  "mteb_version": "1.1.2",
  "test": {
    "accuracy": 0.8447727272727272,
    "accuracy_stderr": 0.0045696249762623,
    "evaluation_time": 11.7,
    "f1": 0.8379622740018371,
    "f1_stderr": 0.005908966455511652,
    "main_score": 0.8447727272727272
  }
}