{
  "dataset_revision": "a0d554a64d88156834ff5ae9920b964011b16384",
  "mteb_dataset_name": "STS12",
  "mteb_version": "1.1.2",
  "test": {
    "cos_sim": {
      "pearson": 0.8491054887459034,
      "spearman": 0.7594624347167361
    },
    "euclidean": {
      "pearson": 0.8509793614936683,
      "spearman": 0.7896715534542369
    },
    "evaluation_time": 0.58,
    "manhattan": {
      "pearson": 0.8200810547770311,
      "spearman": 0.7851080398887806
    }
  }
}