{
  "dataset_revision": "b0fddb56ed78048fa8b90373c8a3cfc37b684831",
  "mteb_dataset_name": "STSBenchmark",
  "mteb_version": "1.1.2",
  "test": {
    "cos_sim": {
      "pearson": 0.8768443407797014,
      "spearman": 0.8783811431112994
    },
    "euclidean": {
      "pearson": 0.882641394776657,
      "spearman": 0.8876772719221008
    },
    "evaluation_time": 0.23,
    "manhattan": {
      "pearson": 0.8488124564794283,
      "spearman": 0.8574254214836724
    }
  }
}