{
  "dataset_revision": "70970daeab8776df92f5ea462b6173c0b46fd2d1",
  "mteb_dataset_name": "TwitterSemEval2015",
  "mteb_version": "1.1.2",
  "test": {
    "cos_sim": {
      "accuracy": 0.8788818024676641,
      "accuracy_threshold": 0.7331286067417452,
      "ap": 0.791468801106123,
      "f1": 0.7214623545954237,
      "f1_threshold": 0.7016495766769557,
      "precision": 0.6997272501859658,
      "recall": 0.7445910290237467
    },
    "dot": {
      "accuracy": 0.8624903141205221,
      "accuracy_threshold": 0.40089031619587134,
      "ap": 0.7454933902436818,
      "f1": 0.6861332322083176,
      "f1_threshold": 0.3717519995621274,
      "precision": 0.658578015044892,
      "recall": 0.7160949868073878
    },
    "euclidean": {
      "accuracy": 0.879716278238064,
      "accuracy_threshold": 0.5301530657836979,
      "ap": 0.7958490588637225,
      "f1": 0.7255922936735224,
      "f1_threshold": 0.5593329552943487,
      "precision": 0.7160842754367934,
      "recall": 0.7353562005277045
    },
    "evaluation_time": 2.39,
    "manhattan": {
      "accuracy": 0.8736365261965786,
      "accuracy_threshold": 10.785721054939858,
      "ap": 0.7799340586268393,
      "f1": 0.7107225507842633,
      "f1_threshold": 11.204454341930198,
      "precision": 0.6930792377131394,
      "recall": 0.729287598944591
    },
    "max": {
      "accuracy": 0.879716278238064,
      "ap": 0.7958490588637225,
      "f1": 0.7255922936735224
    }
  }
}