{
  "dataset_revision": null,
  "mteb_dataset_name": "ArguAna",
  "mteb_version": "1.1.2",
  "test": {
    "evaluation_time": 1.65,
    "map_at_1": 0.37269,
    "map_at_10": 0.53526,
    "map_at_100": 0.54101,
    "map_at_1000": 0.54104,
    "map_at_3": 0.48898,
    "map_at_5": 0.51629,
    "mrr_at_1": 0.38336,
    "mrr_at_10": 0.53928,
    "mrr_at_100": 0.54497,
    "mrr_at_1000": 0.545,
    "mrr_at_3": 0.49324,
    "mrr_at_5": 0.52038,
    "ndcg_at_1": 0.37269,
    "ndcg_at_10": 0.62279,
    "ndcg_at_100": 0.64487,
    "ndcg_at_1000": 0.64556,
    "ndcg_at_3": 0.5284,
    "ndcg_at_5": 0.57762,
    "precision_at_1": 0.37269,
    "precision_at_10": 0.09004,
    "precision_at_100": 0.00991,
    "precision_at_1000": 0.001,
    "precision_at_3": 0.21432,
    "precision_at_5": 0.15249,
    "recall_at_1": 0.37269,
    "recall_at_10": 0.90043,
    "recall_at_100": 0.99147,
    "recall_at_1000": 0.99644,
    "recall_at_3": 0.64296,
    "recall_at_5": 0.76245
  }
}