{
  "dataset_revision": "a0d554a64d88156834ff5ae9920b964011b16384",
  "mteb_dataset_name": "STS12",
  "mteb_version": "1.1.2",
  "test": {
    "cos_sim": {
      "pearson": 0.8391100256503413,
      "spearman": 0.7451022648598221
    },
    "euclidean": {
      "pearson": 0.8388969293705819,
      "spearman": 0.772387530671428
    },
    "evaluation_time": 0.32,
    "manhattan": {
      "pearson": 0.7930967540066456,
      "spearman": 0.7627737935559542
    }
  }
}