{
  "dataset_revision": "ae752c7c21bf194d8b67fd573edf7ae58183cbe3",
  "mteb_dataset_name": "STS15",
  "mteb_version": "1.1.2",
  "test": {
    "cos_sim": {
      "pearson": 0.873425534311749,
      "spearman": 0.8871569468009376
    },
    "euclidean": {
      "pearson": 0.8947765181197983,
      "spearman": 0.9003604923646483
    },
    "evaluation_time": 0.31,
    "manhattan": {
      "pearson": 0.8769530421153571,
      "spearman": 0.8853969082691061
    }
  }
}