{
  "dataset_revision": "70970daeab8776df92f5ea462b6173c0b46fd2d1",
  "mteb_dataset_name": "TwitterSemEval2015",
  "mteb_version": "1.1.2",
  "test": {
    "cos_sim": {
      "accuracy": 0.8723252071288073,
      "accuracy_threshold": 0.7611005890050531,
      "ap": 0.7736318498461899,
      "f1": 0.7089552238805971,
      "f1_threshold": 0.7267671066257366,
      "precision": 0.691863385233551,
      "recall": 0.7269129287598944
    },
    "dot": {
      "accuracy": 0.8619538654109793,
      "accuracy_threshold": 0.38832038291674903,
      "ap": 0.7414126559332901,
      "f1": 0.682902949455391,
      "f1_threshold": 0.3531174184511335,
      "precision": 0.6368409039032185,
      "recall": 0.7361477572559367
    },
    "euclidean": {
      "accuracy": 0.8726828396018358,
      "accuracy_threshold": 0.4856450842089657,
      "ap": 0.7765309444907191,
      "f1": 0.7136244213686975,
      "f1_threshold": 0.5276053346327148,
      "precision": 0.6785629312395908,
      "recall": 0.7525065963060686
    },
    "evaluation_time": 1.17,
    "manhattan": {
      "accuracy": 0.8645168981343506,
      "accuracy_threshold": 9.287424648007478,
      "ap": 0.7539679218515586,
      "f1": 0.6897991129663449,
      "f1_threshold": 9.952535302730915,
      "precision": 0.6821465428276574,
      "recall": 0.6976253298153035
    },
    "max": {
      "accuracy": 0.8726828396018358,
      "ap": 0.7765309444907191,
      "f1": 0.7136244213686975
    }
  }
}