{
  "dataset_revision": "4f58c6b202a23cf9a4da393831edf4f9183cad37",
  "mteb_dataset_name": "EmotionClassification",
  "mteb_version": "1.1.2",
  "test": {
    "accuracy": 0.5588499999999998,
    "accuracy_stderr": 0.02121090521406383,
    "evaluation_time": 1.5,
    "f1": 0.4981887055705861,
    "f1_stderr": 0.011659426824066845,
    "main_score": 0.5588499999999998
  }
}