{
  "dataset_revision": "4f58c6b202a23cf9a4da393831edf4f9183cad37",
  "mteb_dataset_name": "EmotionClassification",
  "mteb_version": "1.2.0",
  "test": {
    "accuracy": 0.45355,
    "accuracy_stderr": 0.02583355376250043,
    "evaluation_time": 0.38,
    "f1": 0.3985006999270968,
    "f1_stderr": 0.017596193450997395,
    "main_score": 0.45355
  }
}