{
  "dataset_revision": "0fd18e25b25c072e09e0d92ab615fda904d66300",
  "mteb_dataset_name": "Banking77Classification",
  "mteb_version": "1.1.2",
  "test": {
    "accuracy": 0.8210714285714287,
    "accuracy_stderr": 0.005026599008089475,
    "evaluation_time": 10.99,
    "f1": 0.8108899417955227,
    "f1_stderr": 0.005640478070768573,
    "main_score": 0.8210714285714287
  }
}