{
  "dataset_revision": null,
  "mteb_dataset_name": "SciFact",
  "mteb_version": "1.1.2",
  "test": {
    "evaluation_time": 0.71,
    "map_at_1": 0.59761,
    "map_at_10": 0.69215,
    "map_at_100": 0.69592,
    "map_at_1000": 0.69619,
    "map_at_3": 0.66143,
    "map_at_5": 0.67992,
    "mrr_at_1": 0.62333,
    "mrr_at_10": 0.69971,
    "mrr_at_100": 0.70271,
    "mrr_at_1000": 0.70297,
    "mrr_at_3": 0.67778,
    "mrr_at_5": 0.69161,
    "ndcg_at_1": 0.62333,
    "ndcg_at_10": 0.73653,
    "ndcg_at_100": 0.75386,
    "ndcg_at_1000": 0.76024,
    "ndcg_at_3": 0.68395,
    "ndcg_at_5": 0.71121,
    "precision_at_1": 0.62333,
    "precision_at_10": 0.098,
    "precision_at_100": 0.01073,
    "precision_at_1000": 0.00112,
    "precision_at_3": 0.26333,
    "precision_at_5": 0.176,
    "recall_at_1": 0.59761,
    "recall_at_10": 0.86589,
    "recall_at_100": 0.945,
    "recall_at_1000": 0.99333,
    "recall_at_3": 0.722,
    "recall_at_5": 0.79111
  }
}