{
  "dataset_revision": "a0d554a64d88156834ff5ae9920b964011b16384",
  "mteb_dataset_name": "STS12",
  "mteb_version": "1.1.2",
  "test": {
    "cos_sim": {
      "pearson": 0.8271378993900413,
      "spearman": 0.7391764798699655
    },
    "euclidean": {
      "pearson": 0.840874426635844,
      "spearman": 0.7700968543972678
    },
    "evaluation_time": 0.26,
    "manhattan": {
      "pearson": 0.8284790082948273,
      "spearman": 0.7675875122364372
    }
  }
}