{
  "dataset_revision": "eea2b4fe26a775864c896887d910b76a8098ad3f",
  "mteb_dataset_name": "STS22",
  "mteb_version": "1.1.2",
  "test": {
    "en": {
      "cos_sim": {
        "pearson": 0.6776130145298257,
        "spearman": 0.6924629422779891
      },
      "euclidean": {
        "pearson": 0.6990596651974602,
        "spearman": 0.6873030400950196
      },
      "manhattan": {
        "pearson": 0.709614207492563,
        "spearman": 0.698177086320044
      }
    },
    "evaluation_time": 0.04
  }
}