{
  "dataset_revision": null,
  "mteb_dataset_name": "CQADupstackWebmastersRetrieval",
  "mteb_version": "1.1.2",
  "test": {
    "evaluation_time": 8.42,
    "map_at_1": 0.26612,
    "map_at_10": 0.37209,
    "map_at_100": 0.38879,
    "map_at_1000": 0.39098,
    "map_at_3": 0.33764,
    "map_at_5": 0.35664,
    "mrr_at_1": 0.32411,
    "mrr_at_10": 0.42365,
    "mrr_at_100": 0.43286,
    "mrr_at_1000": 0.43327,
    "mrr_at_3": 0.39427,
    "mrr_at_5": 0.41136,
    "ndcg_at_1": 0.32411,
    "ndcg_at_10": 0.43869,
    "ndcg_at_100": 0.4982,
    "ndcg_at_1000": 0.51794,
    "ndcg_at_3": 0.38271,
    "ndcg_at_5": 0.40891,
    "precision_at_1": 0.32411,
    "precision_at_10": 0.08538,
    "precision_at_100": 0.01682,
    "precision_at_1000": 0.00251,
    "precision_at_3": 0.18248,
    "precision_at_5": 0.1336,
    "recall_at_1": 0.26612,
    "recall_at_10": 0.57124,
    "recall_at_100": 0.82911,
    "recall_at_1000": 0.94752,
    "recall_at_3": 0.41061,
    "recall_at_5": 0.48143
  }
}