{
  "dataset_revision": null,
  "mteb_dataset_name": "NFCorpus",
  "mteb_version": "1.1.2",
  "test": {
    "evaluation_time": 2.14,
    "map_at_1": 0.0728,
    "map_at_10": 0.15508,
    "map_at_100": 0.19817,
    "map_at_1000": 0.21481,
    "map_at_3": 0.11376,
    "map_at_5": 0.13305,
    "mrr_at_1": 0.49226,
    "mrr_at_10": 0.58912,
    "mrr_at_100": 0.59336,
    "mrr_at_1000": 0.5937,
    "mrr_at_3": 0.56708,
    "mrr_at_5": 0.58148,
    "ndcg_at_1": 0.47988,
    "ndcg_at_10": 0.39,
    "ndcg_at_100": 0.36674,
    "ndcg_at_1000": 0.45423,
    "ndcg_at_3": 0.43698,
    "ndcg_at_5": 0.42449,
    "precision_at_1": 0.49226,
    "precision_at_10": 0.28947,
    "precision_at_100": 0.09297,
    "precision_at_1000": 0.02238,
    "precision_at_3": 0.4066,
    "precision_at_5": 0.36966,
    "recall_at_1": 0.0728,
    "recall_at_10": 0.19709,
    "recall_at_100": 0.37266,
    "recall_at_1000": 0.69156,
    "recall_at_3": 0.1238,
    "recall_at_5": 0.15457
  }
}