{
  "dataset_revision": "ae752c7c21bf194d8b67fd573edf7ae58183cbe3",
  "mteb_dataset_name": "STS15",
  "mteb_version": "1.1.2",
  "test": {
    "cos_sim": {
      "pearson": 0.8912561248442683,
      "spearman": 0.8995259808479725
    },
    "euclidean": {
      "pearson": 0.8923660288804522,
      "spearman": 0.8995259808479725
    },
    "evaluation_time": 0.49,
    "manhattan": {
      "pearson": 0.8898103626320841,
      "spearman": 0.8969506657447526
    }
  }
}