{
  "dataset_revision": "b0fddb56ed78048fa8b90373c8a3cfc37b684831",
  "mteb_dataset_name": "STSBenchmark",
  "mteb_version": "1.1.2",
  "test": {
    "cos_sim": {
      "pearson": 0.8827591057398829,
      "spearman": 0.8916602167842199
    },
    "euclidean": {
      "pearson": 0.8906232671147363,
      "spearman": 0.8916602167842199
    },
    "evaluation_time": 0.21,
    "manhattan": {
      "pearson": 0.8889055126973247,
      "spearman": 0.8891821666092402
    }
  }
}