{
  "dataset_revision": null,
  "mteb_dataset_name": "SCIDOCS",
  "mteb_version": "1.2.0",
  "test": {
    "evaluation_time": 27.99,
    "map_at_1": 0.05198,
    "map_at_10": 0.14256,
    "map_at_100": 0.17084,
    "map_at_1000": 0.17483,
    "map_at_3": 0.09869,
    "map_at_5": 0.12129,
    "mrr_at_1": 0.257,
    "mrr_at_10": 0.3816,
    "mrr_at_100": 0.39362,
    "mrr_at_1000": 0.39396,
    "mrr_at_3": 0.34483,
    "mrr_at_5": 0.36693,
    "ndcg_at_1": 0.257,
    "ndcg_at_10": 0.23441,
    "ndcg_at_100": 0.33528,
    "ndcg_at_1000": 0.39533,
    "ndcg_at_3": 0.21791,
    "ndcg_at_5": 0.19426,
    "precision_at_1": 0.257,
    "precision_at_10": 0.1235,
    "precision_at_100": 0.02681,
    "precision_at_1000": 0.00411,
    "precision_at_3": 0.206,
    "precision_at_5": 0.174,
    "recall_at_1": 0.05198,
    "recall_at_10": 0.25025,
    "recall_at_100": 0.54405,
    "recall_at_1000": 0.83407,
    "recall_at_3": 0.12518,
    "recall_at_5": 0.17657
  }
}