{
  "dataset_revision": "ae752c7c21bf194d8b67fd573edf7ae58183cbe3",
  "mteb_dataset_name": "STS15",
  "mteb_version": "1.2.0",
  "test": {
    "cos_sim": {
      "pearson": 0.8944573495345296,
      "spearman": 0.9031171146826444
    },
    "euclidean": {
      "pearson": 0.8959380922344793,
      "spearman": 0.9031171146826444
    },
    "evaluation_time": 1.92,
    "manhattan": {
      "pearson": 0.8959376578801717,
      "spearman": 0.9031479650641501
    }
  }
}