{
  "dataset_revision": "e8379541af4e31359cca9fbcf4b00f2671dba205",
  "mteb_dataset_name": "AmazonCounterfactualClassification",
  "mteb_version": "1.1.2",
  "test": {
    "en": {
      "accuracy": 0.7464179104477612,
      "accuracy_stderr": 0.03609626741470959,
      "ap": 0.37346859188007164,
      "ap_stderr": 0.037294799534181314,
      "f1": 0.68539674918214,
      "f1_stderr": 0.03469870142026325,
      "main_score": 0.7464179104477612
    },
    "evaluation_time": 2.06
  }
}