{
  "dataset_revision": "1399c76144fd37290681b995c656ef9b2e06e26d",
  "mteb_dataset_name": "AmazonReviewsClassification",
  "mteb_version": "1.2.0",
  "test": {
    "en": {
      "accuracy": 0.507,
      "accuracy_stderr": 0.009959919678390989,
      "f1": 0.49608696732086865,
      "f1_stderr": 0.015455990265693968,
      "main_score": 0.507
    },
    "evaluation_time": 16.4
  }
}