{
  "dataset_revision": "90fceea13679c63fe563ded68f3b6f06e50061de",
  "mteb_dataset_name": "CQADupstackMathematicaRetrieval",
  "mteb_version": "1.2.0",
  "test": {
    "evaluation_time": 21.74,
    "map_at_1": 0.1845,
    "map_at_10": 0.27666,
    "map_at_100": 0.28892,
    "map_at_1000": 0.2901,
    "map_at_3": 0.24702,
    "map_at_5": 0.26447,
    "mrr_at_1": 0.23259,
    "mrr_at_10": 0.32743,
    "mrr_at_100": 0.33635,
    "mrr_at_1000": 0.33696,
    "mrr_at_3": 0.2983,
    "mrr_at_5": 0.31553,
    "ndcg_at_1": 0.23259,
    "ndcg_at_10": 0.33532,
    "ndcg_at_100": 0.39247,
    "ndcg_at_1000": 0.41938,
    "ndcg_at_3": 0.28181,
    "ndcg_at_5": 0.30833,
    "precision_at_1": 0.23259,
    "precision_at_10": 0.06231,
    "precision_at_100": 0.0105,
    "precision_at_1000": 0.00142,
    "precision_at_3": 0.13765,
    "precision_at_5": 0.101,
    "recall_at_1": 0.1845,
    "recall_at_10": 0.46565,
    "recall_at_100": 0.71381,
    "recall_at_1000": 0.90369,
    "recall_at_3": 0.31852,
    "recall_at_5": 0.38612
  }
}