{
  "dataset_revision": "3d86128a09e091d6018b6d26cad27f2739fc2db7",
  "mteb_dataset_name": "ImdbClassification",
  "mteb_version": "1.2.0",
  "test": {
    "accuracy": 0.9356120000000001,
    "accuracy_stderr": 0.004147444514396791,
    "ap": 0.9049327964361188,
    "ap_stderr": 0.00871389057626084,
    "evaluation_time": 16.27,
    "f1": 0.9355700698789082,
    "f1_stderr": 0.0041754917824780875,
    "main_score": 0.9356120000000001
  }
}