{
  "dataset_revision": "31efe3c427b0bae9c22cbb560b8f15491cc6bed7",
  "mteb_dataset_name": "MassiveIntentClassification",
  "mteb_version": "1.2.0",
  "test": {
    "en": {
      "accuracy": 0.7379623402824479,
      "accuracy_stderr": 0.017797023467412864,
      "f1": 0.7177544557403552,
      "f1_stderr": 0.014513125444431165,
      "main_score": 0.7379623402824479
    },
    "evaluation_time": 23.0
  }
}