{
  "dataset_revision": "4d8694f8f0e0100860b497b999b3dbed754a0513",
  "mteb_dataset_name": "STS16",
  "mteb_version": "1.2.0",
  "test": {
    "cos_sim": {
      "pearson": 0.8571385767595625,
      "spearman": 0.8706963424798063
    },
    "euclidean": {
      "pearson": 0.8631561750234704,
      "spearman": 0.8706963424798063
    },
    "evaluation_time": 0.58,
    "manhattan": {
      "pearson": 0.8648993697010914,
      "spearman": 0.8722744746327915
    }
  }
}