{
  "dataset_revision": "6031580fec1f6af667f0bd2da0a551cf4f0b2375",
  "mteb_dataset_name": "STS14",
  "mteb_version": "1.1.2",
  "test": {
    "cos_sim": {
      "pearson": 0.8473460044002831,
      "spearman": 0.8186164120919781
    },
    "euclidean": {
      "pearson": 0.8399224056400194,
      "spearman": 0.8329855143588203
    },
    "evaluation_time": 0.35,
    "manhattan": {
      "pearson": 0.8369303505394857,
      "spearman": 0.8307304142573229
    }
  }
}