{
  "dataset_revision": "0fd18e25b25c072e09e0d92ab615fda904d66300",
  "mteb_dataset_name": "Banking77Classification",
  "mteb_version": "1.1.2",
  "test": {
    "accuracy": 0.8493831168831167,
    "accuracy_stderr": 0.0047483696858646365,
    "evaluation_time": 11.83,
    "f1": 0.8436823480713727,
    "f1_stderr": 0.005641074948005041,
    "main_score": 0.8493831168831167
  }
}