{
  "dataset_revision": "1399c76144fd37290681b995c656ef9b2e06e26d",
  "mteb_dataset_name": "AmazonReviewsClassification",
  "mteb_version": "1.2.0",
  "test": {
    "en": {
      "accuracy": 0.50842,
      "accuracy_stderr": 0.010935977322580726,
      "f1": 0.49823753258199177,
      "f1_stderr": 0.015882200088967544,
      "main_score": 0.50842
    },
    "evaluation_time": 53.51
  }
}