{
  "dataset_revision": "70970daeab8776df92f5ea462b6173c0b46fd2d1",
  "mteb_dataset_name": "TwitterSemEval2015",
  "mteb_version": "1.1.2",
  "test": {
    "cos_sim": {
      "accuracy": 0.8754842939738928,
      "accuracy_threshold": 0.8175480938466163,
      "ap": 0.7884595371625116,
      "f1": 0.7207046208833292,
      "f1_threshold": 0.7991209234792955,
      "precision": 0.6980712166172107,
      "recall": 0.7448548812664908
    },
    "dot": {
      "accuracy": 0.8754842939738928,
      "accuracy_threshold": 0.8175480938466164,
      "ap": 0.7884595371625116,
      "f1": 0.7207046208833292,
      "f1_threshold": 0.7991209234792959,
      "precision": 0.6980712166172107,
      "recall": 0.7448548812664908
    },
    "euclidean": {
      "accuracy": 0.8754842939738928,
      "accuracy_threshold": 0.6040726836808299,
      "ap": 0.7884595371625116,
      "f1": 0.7207046208833292,
      "f1_threshold": 0.6338439499386268,
      "precision": 0.6980712166172107,
      "recall": 0.7448548812664908
    },
    "evaluation_time": 19.13,
    "manhattan": {
      "accuracy": 0.87578232103475,
      "accuracy_threshold": 33.249539493033964,
      "ap": 0.7877429590702162,
      "f1": 0.7196535473188129,
      "f1_threshold": 35.110417464023584,
      "precision": 0.6956414676188131,
      "recall": 0.7453825857519789
    },
    "max": {
      "accuracy": 0.87578232103475,
      "ap": 0.7884595371625116,
      "f1": 0.7207046208833292
    }
  }
}