{
  "dataset_revision": "4f58c6b202a23cf9a4da393831edf4f9183cad37",
  "mteb_dataset_name": "EmotionClassification",
  "mteb_version": "1.1.2",
  "test": {
    "accuracy": 0.5662499999999999,
    "accuracy_stderr": 0.020667909908841767,
    "evaluation_time": 0.69,
    "f1": 0.5046902105893036,
    "f1_stderr": 0.011631476449932943,
    "main_score": 0.5662499999999999
  }
}