{
  "dataset_revision": "eea2b4fe26a775864c896887d910b76a8098ad3f",
  "mteb_dataset_name": "STS22",
  "mteb_version": "1.1.2",
  "test": {
    "en": {
      "cos_sim": {
        "pearson": 0.6860311695800755,
        "spearman": 0.6930521803190727
      },
      "euclidean": {
        "pearson": 0.7059482665845974,
        "spearman": 0.6964809922901849
      },
      "manhattan": {
        "pearson": 0.7016642986210763,
        "spearman": 0.683445321428257
      }
    },
    "evaluation_time": 0.07
  }
}