{
  "dataset_revision": "70970daeab8776df92f5ea462b6173c0b46fd2d1",
  "mteb_dataset_name": "TwitterSemEval2015",
  "mteb_version": "1.1.2",
  "test": {
    "cos_sim": {
      "accuracy": 0.8761995589199499,
      "accuracy_threshold": 0.7369225209151076,
      "ap": 0.7860600219213929,
      "f1": 0.7195807770961146,
      "f1_threshold": 0.7072935745645944,
      "precision": 0.6978185423896877,
      "recall": 0.7427440633245382
    },
    "dot": {
      "accuracy": 0.8621326816474936,
      "accuracy_threshold": 0.526173449189135,
      "ap": 0.743916074526352,
      "f1": 0.6847532531303707,
      "f1_threshold": 0.4879651600170195,
      "precision": 0.6402662993572085,
      "recall": 0.7358839050131926
    },
    "euclidean": {
      "accuracy": 0.8780473266972642,
      "accuracy_threshold": 0.6010838226330417,
      "ap": 0.7924043095432787,
      "f1": 0.7236721311475408,
      "f1_threshold": 0.6324923898720702,
      "precision": 0.7194263363754889,
      "recall": 0.7279683377308707
    },
    "evaluation_time": 1.76,
    "manhattan": {
      "accuracy": 0.8682124336889789,
      "accuracy_threshold": 13.489563024038006,
      "ap": 0.7666202167599544,
      "f1": 0.7020835871816743,
      "f1_threshold": 14.453563811243857,
      "precision": 0.6522526601765904,
      "recall": 0.7601583113456465
    },
    "max": {
      "accuracy": 0.8780473266972642,
      "ap": 0.7924043095432787,
      "f1": 0.7236721311475408
    }
  }
}