{
  "dataset_revision": "a6ea5a8cab320b040a23452cc28066d9beae2cee",
  "mteb_dataset_name": "SICK-R",
  "mteb_version": "1.1.2",
  "test": {
    "cos_sim": {
      "pearson": 0.8734811999362074,
      "spearman": 0.8276444809202746
    },
    "euclidean": {
      "pearson": 0.8456270962862789,
      "spearman": 0.8276444809202746
    },
    "evaluation_time": 33.06,
    "manhattan": {
      "pearson": 0.8450691413244236,
      "spearman": 0.8273150767439772
    }
  }
}