{
  "dataset_revision": "4d8694f8f0e0100860b497b999b3dbed754a0513",
  "mteb_dataset_name": "STS16",
  "mteb_version": "1.1.2",
  "test": {
    "cos_sim": {
      "pearson": 0.8601382603124625,
      "spearman": 0.8729934548502727
    },
    "euclidean": {
      "pearson": 0.8659014138921939,
      "spearman": 0.8729934548502727
    },
    "evaluation_time": 2.14,
    "manhattan": {
      "pearson": 0.8648652146476145,
      "spearman": 0.8720574237257477
    }
  }
}