{
  "dataset_revision": "eea2b4fe26a775864c896887d910b76a8098ad3f",
  "mteb_dataset_name": "STS22",
  "mteb_version": "1.1.2",
  "test": {
    "en": {
      "cos_sim": {
        "pearson": 0.6782338971889562,
        "spearman": 0.6944447028167163
      },
      "euclidean": {
        "pearson": 0.7066206153239378,
        "spearman": 0.696010578494955
      },
      "manhattan": {
        "pearson": 0.710600617764,
        "spearman": 0.6996379734522885
      }
    },
    "evaluation_time": 0.07
  }
}