{
  "dataset_revision": "70970daeab8776df92f5ea462b6173c0b46fd2d1",
  "mteb_dataset_name": "TwitterSemEval2015",
  "mteb_version": "1.1.2",
  "test": {
    "cos_sim": {
      "accuracy": 0.8766167968051499,
      "accuracy_threshold": 0.7457703926964864,
      "ap": 0.7857571484199493,
      "f1": 0.720616570327553,
      "f1_threshold": 0.7187087929486287,
      "precision": 0.7021276595744681,
      "recall": 0.7401055408970977
    },
    "dot": {
      "accuracy": 0.8571258270250939,
      "accuracy_threshold": 0.3283564329442762,
      "ap": 0.7254810197047544,
      "f1": 0.6677022653721683,
      "f1_threshold": 0.3076113635803608,
      "precision": 0.6554002541296061,
      "recall": 0.6804749340369393
    },
    "euclidean": {
      "accuracy": 0.8762591643321214,
      "accuracy_threshold": 0.44716905935424245,
      "ap": 0.7861814889723873,
      "f1": 0.7184514831573655,
      "f1_threshold": 0.49644201274912725,
      "precision": 0.686029764762362,
      "recall": 0.754089709762533
    },
    "evaluation_time": 1.19,
    "manhattan": {
      "accuracy": 0.8759015318590928,
      "accuracy_threshold": 5.559846413161672,
      "ap": 0.7844881236085348,
      "f1": 0.7183374083129584,
      "f1_threshold": 6.136169917774895,
      "precision": 0.669248291571754,
      "recall": 0.775197889182058
    },
    "max": {
      "accuracy": 0.8766167968051499,
      "ap": 0.7861814889723873,
      "f1": 0.720616570327553
    }
  }
}