{
  "dataset_revision": null,
  "mteb_dataset_name": "SciFact",
  "mteb_version": "1.1.2",
  "test": {
    "evaluation_time": 0.88,
    "map_at_1": 0.60761,
    "map_at_10": 0.69867,
    "map_at_100": 0.70435,
    "map_at_1000": 0.70455,
    "map_at_3": 0.66543,
    "map_at_5": 0.68557,
    "mrr_at_1": 0.63667,
    "mrr_at_10": 0.70957,
    "mrr_at_100": 0.714,
    "mrr_at_1000": 0.71419,
    "mrr_at_3": 0.68611,
    "mrr_at_5": 0.69944,
    "ndcg_at_1": 0.63667,
    "ndcg_at_10": 0.74362,
    "ndcg_at_100": 0.76649,
    "ndcg_at_1000": 0.77042,
    "ndcg_at_3": 0.68885,
    "ndcg_at_5": 0.7169,
    "precision_at_1": 0.63667,
    "precision_at_10": 0.09867,
    "precision_at_100": 0.011,
    "precision_at_1000": 0.00113,
    "precision_at_3": 0.26444,
    "precision_at_5": 0.17867,
    "recall_at_1": 0.60761,
    "recall_at_10": 0.87089,
    "recall_at_100": 0.97167,
    "recall_at_1000": 1.0,
    "recall_at_3": 0.72589,
    "recall_at_5": 0.79411
  }
}