{
  "dataset_revision": "af5e6fb845001ecf41f4c1e033ce921939a2a68d",
  "mteb_dataset_name": "STS17",
  "mteb_version": "1.1.2",
  "test": {
    "en-en": {
      "cos_sim": {
        "pearson": 0.9060769184557003,
        "spearman": 0.9072119938102425
      },
      "euclidean": {
        "pearson": 0.9087427534140026,
        "spearman": 0.9047733820902298
      },
      "manhattan": {
        "pearson": 0.8908515584938674,
        "spearman": 0.8857630506568693
      }
    },
    "evaluation_time": 0.07
  }
}