{
  "dataset_revision": "6031580fec1f6af667f0bd2da0a551cf4f0b2375",
  "mteb_dataset_name": "STS14",
  "mteb_version": "1.1.2",
  "test": {
    "cos_sim": {
      "pearson": 0.8499144460617579,
      "spearman": 0.8183810953218915
    },
    "euclidean": {
      "pearson": 0.8568827859337483,
      "spearman": 0.8379769080780368
    },
    "evaluation_time": 0.52,
    "manhattan": {
      "pearson": 0.8558975726155861,
      "spearman": 0.8376078979143092
    }
  }
}