{
  "dataset_revision": "70970daeab8776df92f5ea462b6173c0b46fd2d1",
  "mteb_dataset_name": "TwitterSemEval2015",
  "mteb_version": "1.1.2",
  "test": {
    "cos_sim": {
      "accuracy": 0.8784645645824641,
      "accuracy_threshold": 0.7438827004381601,
      "ap": 0.7877750866800798,
      "f1": 0.7205901384754757,
      "f1_threshold": 0.7170424969611007,
      "precision": 0.7071374142748286,
      "recall": 0.7345646437994723
    },
    "dot": {
      "accuracy": 0.8569470107885796,
      "accuracy_threshold": 0.3269341117351905,
      "ap": 0.7243133668220276,
      "f1": 0.671460568195214,
      "f1_threshold": 0.29462083695228913,
      "precision": 0.6068612827615598,
      "recall": 0.7514511873350923
    },
    "euclidean": {
      "accuracy": 0.8768552184538356,
      "accuracy_threshold": 0.4629143708456993,
      "ap": 0.7856980869242042,
      "f1": 0.7190783643499178,
      "f1_threshold": 0.4969066714352655,
      "precision": 0.6911657337551715,
      "recall": 0.7493403693931399
    },
    "evaluation_time": 1.44,
    "manhattan": {
      "accuracy": 0.8762591643321214,
      "accuracy_threshold": 5.688513906843816,
      "ap": 0.7865562310881989,
      "f1": 0.7212174129973806,
      "f1_threshold": 6.136695659987252,
      "precision": 0.6839365980600899,
      "recall": 0.762796833773087
    },
    "max": {
      "accuracy": 0.8784645645824641,
      "ap": 0.7877750866800798,
      "f1": 0.7212174129973806
    }
  }
}