{
  "dataset_revision": "7e90230a92c190f1bf69ae9002b8cea547a64cca",
  "mteb_dataset_name": "STS13",
  "mteb_version": "1.1.2",
  "test": {
    "cos_sim": {
      "pearson": 0.8673631048860582,
      "spearman": 0.8722608309830593
    },
    "euclidean": {
      "pearson": 0.8836667967428526,
      "spearman": 0.8909354450076048
    },
    "evaluation_time": 0.35,
    "manhattan": {
      "pearson": 0.8642919775170647,
      "spearman": 0.8709337691147981
    }
  }
}