{
  "dataset_revision": "af5e6fb845001ecf41f4c1e033ce921939a2a68d",
  "mteb_dataset_name": "STS17",
  "mteb_version": "1.1.2",
  "test": {
    "en-en": {
      "cos_sim": {
        "pearson": 0.9038215384299696,
        "spearman": 0.9049794186416052
      },
      "euclidean": {
        "pearson": 0.9084857528998151,
        "spearman": 0.903464511833823
      },
      "manhattan": {
        "pearson": 0.8925395048871752,
        "spearman": 0.8852764046232098
      }
    },
    "evaluation_time": 0.08
  }
}