{
  "dataset_revision": "7e90230a92c190f1bf69ae9002b8cea547a64cca",
  "mteb_dataset_name": "STS13",
  "mteb_version": "1.1.2",
  "test": {
    "cos_sim": {
      "pearson": 0.8792195964571562,
      "spearman": 0.8825998800767941
    },
    "euclidean": {
      "pearson": 0.8828594316369831,
      "spearman": 0.8912175423909741
    },
    "evaluation_time": 0.2,
    "manhattan": {
      "pearson": 0.8566747584844936,
      "spearman": 0.8628834441089674
    }
  }
}