{
  "dataset_revision": "0fd18e25b25c072e09e0d92ab615fda904d66300",
  "mteb_dataset_name": "Banking77Classification",
  "mteb_version": "1.1.2",
  "test": {
    "accuracy": 0.8497077922077922,
    "accuracy_stderr": 0.004818886250881763,
    "evaluation_time": 11.91,
    "f1": 0.8440679896668772,
    "f1_stderr": 0.005608635020802291,
    "main_score": 0.8497077922077922
  }
}