{
  "dataset_revision": null,
  "mteb_dataset_name": "SciFact",
  "mteb_version": "1.1.2",
  "test": {
    "evaluation_time": 0.77,
    "map_at_1": 0.61428,
    "map_at_10": 0.70888,
    "map_at_100": 0.71306,
    "map_at_1000": 0.71327,
    "map_at_3": 0.67663,
    "map_at_5": 0.69429,
    "mrr_at_1": 0.64333,
    "mrr_at_10": 0.71853,
    "mrr_at_100": 0.7216,
    "mrr_at_1000": 0.7218,
    "mrr_at_3": 0.69389,
    "mrr_at_5": 0.70839,
    "ndcg_at_1": 0.64333,
    "ndcg_at_10": 0.75513,
    "ndcg_at_100": 0.77281,
    "ndcg_at_1000": 0.77717,
    "ndcg_at_3": 0.6999,
    "ndcg_at_5": 0.72687,
    "precision_at_1": 0.64333,
    "precision_at_10": 0.10067,
    "precision_at_100": 0.01097,
    "precision_at_1000": 0.00113,
    "precision_at_3": 0.27,
    "precision_at_5": 0.18067,
    "recall_at_1": 0.61428,
    "recall_at_10": 0.88822,
    "recall_at_100": 0.96833,
    "recall_at_1000": 1.0,
    "recall_at_3": 0.74006,
    "recall_at_5": 0.80828
  }
}