{
  "dataset_revision": "7e90230a92c190f1bf69ae9002b8cea547a64cca",
  "mteb_dataset_name": "STS13",
  "mteb_version": "1.1.2",
  "test": {
    "cos_sim": {
      "pearson": 0.8768954094272119,
      "spearman": 0.8807931464225276
    },
    "euclidean": {
      "pearson": 0.8864687699937512,
      "spearman": 0.8937068072557304
    },
    "evaluation_time": 0.29,
    "manhattan": {
      "pearson": 0.8614787987018383,
      "spearman": 0.8668188457652201
    }
  }
}