{
  "dataset_revision": "0fd18e25b25c072e09e0d92ab615fda904d66300",
  "mteb_dataset_name": "Banking77Classification",
  "mteb_version": "1.1.2",
  "test": {
    "accuracy": 0.8448376623376623,
    "accuracy_stderr": 0.00448110762185391,
    "evaluation_time": 11.09,
    "f1": 0.8380686501842407,
    "f1_stderr": 0.005141036012950087,
    "main_score": 0.8448376623376623
  }
}