{
  "dataset_revision": "a0d554a64d88156834ff5ae9920b964011b16384",
  "mteb_dataset_name": "STS12",
  "mteb_version": "1.1.2",
  "test": {
    "cos_sim": {
      "pearson": 0.8426010152448913,
      "spearman": 0.7521018783614665
    },
    "euclidean": {
      "pearson": 0.8536028405370498,
      "spearman": 0.7757859880985214
    },
    "evaluation_time": 0.27,
    "manhattan": {
      "pearson": 0.8430597090155183,
      "spearman": 0.7750372561007477
    }
  }
}