{
  "dataset_revision": null,
  "mteb_dataset_name": "SciFact",
  "mteb_version": "1.1.2",
  "test": {
    "evaluation_time": 0.77,
    "map_at_1": 0.62494,
    "map_at_10": 0.71198,
    "map_at_100": 0.71707,
    "map_at_1000": 0.71729,
    "map_at_3": 0.68335,
    "map_at_5": 0.70187,
    "mrr_at_1": 0.65667,
    "mrr_at_10": 0.72212,
    "mrr_at_100": 0.72621,
    "mrr_at_1000": 0.72642,
    "mrr_at_3": 0.70056,
    "mrr_at_5": 0.71556,
    "ndcg_at_1": 0.65667,
    "ndcg_at_10": 0.75383,
    "ndcg_at_100": 0.77517,
    "ndcg_at_1000": 0.77957,
    "ndcg_at_3": 0.70623,
    "ndcg_at_5": 0.73345,
    "precision_at_1": 0.65667,
    "precision_at_10": 0.099,
    "precision_at_100": 0.01097,
    "precision_at_1000": 0.00113,
    "precision_at_3": 0.27333,
    "precision_at_5": 0.18267,
    "recall_at_1": 0.62494,
    "recall_at_10": 0.87256,
    "recall_at_100": 0.96833,
    "recall_at_1000": 1.0,
    "recall_at_3": 0.7445,
    "recall_at_5": 0.81244
  }
}