{
  "dataset_revision": "4f58c6b202a23cf9a4da393831edf4f9183cad37",
  "mteb_dataset_name": "EmotionClassification",
  "mteb_version": "1.1.2",
  "test": {
    "accuracy": 0.5551,
    "accuracy_stderr": 0.023316088865845404,
    "evaluation_time": 2.47,
    "f1": 0.4902708893251086,
    "f1_stderr": 0.01258124111569497,
    "main_score": 0.5551
  }
}