{
  "dataset_revision": "0fd18e25b25c072e09e0d92ab615fda904d66300",
  "mteb_dataset_name": "Banking77Classification",
  "mteb_version": "1.1.2",
  "test": {
    "accuracy": 0.8405194805194804,
    "accuracy_stderr": 0.0046798318822668,
    "evaluation_time": 11.58,
    "f1": 0.8331549979386421,
    "f1_stderr": 0.005630529010453638,
    "main_score": 0.8405194805194804
  }
}