{
  "dataset_revision": "eea2b4fe26a775864c896887d910b76a8098ad3f",
  "mteb_dataset_name": "STS22",
  "mteb_version": "1.2.0",
  "test": {
    "en": {
      "cos_sim": {
        "pearson": 0.6830956807054911,
        "spearman": 0.6845855458696355
      },
      "euclidean": {
        "pearson": 0.6998170520618309,
        "spearman": 0.6845855458696355
      },
      "manhattan": {
        "pearson": 0.6996507695088117,
        "spearman": 0.6842901129843962
      }
    },
    "evaluation_time": 0.07
  }
}