{
  "dataset_revision": null,
  "mteb_dataset_name": "ArguAna",
  "mteb_version": "1.1.2",
  "test": {
    "evaluation_time": 1.7,
    "map_at_1": 0.40114,
    "map_at_10": 0.56333,
    "map_at_100": 0.56853,
    "map_at_1000": 0.56858,
    "map_at_3": 0.52193,
    "map_at_5": 0.54807,
    "mrr_at_1": 0.40967,
    "mrr_at_10": 0.56682,
    "mrr_at_100": 0.57181,
    "mrr_at_1000": 0.57186,
    "mrr_at_3": 0.52549,
    "mrr_at_5": 0.55123,
    "ndcg_at_1": 0.40114,
    "ndcg_at_10": 0.64542,
    "ndcg_at_100": 0.66602,
    "ndcg_at_1000": 0.66697,
    "ndcg_at_3": 0.56225,
    "ndcg_at_5": 0.60909,
    "precision_at_1": 0.40114,
    "precision_at_10": 0.09033,
    "precision_at_100": 0.00989,
    "precision_at_1000": 0.001,
    "precision_at_3": 0.22641,
    "precision_at_5": 0.15846,
    "recall_at_1": 0.40114,
    "recall_at_10": 0.90327,
    "recall_at_100": 0.98933,
    "recall_at_1000": 0.99644,
    "recall_at_3": 0.67923,
    "recall_at_5": 0.79232
  }
}