{
  "dataset_revision": "a6ea5a8cab320b040a23452cc28066d9beae2cee",
  "mteb_dataset_name": "SICK-R",
  "mteb_version": "1.1.2",
  "test": {
    "cos_sim": {
      "pearson": 0.8732606486250761,
      "spearman": 0.8312503635481812
    },
    "euclidean": {
      "pearson": 0.8488235849908101,
      "spearman": 0.8300445577239383
    },
    "evaluation_time": 0.92,
    "manhattan": {
      "pearson": 0.8382637998974529,
      "spearman": 0.8224749817183369
    }
  }
}