{
  "dataset_revision": "6031580fec1f6af667f0bd2da0a551cf4f0b2375",
  "mteb_dataset_name": "STS14",
  "mteb_version": "1.1.2",
  "test": {
    "cos_sim": {
      "pearson": 0.8564507880690745,
      "spearman": 0.825528599188269
    },
    "euclidean": {
      "pearson": 0.8570177413822679,
      "spearman": 0.8427125746006175
    },
    "evaluation_time": 0.35,
    "manhattan": {
      "pearson": 0.8530338017707824,
      "spearman": 0.8400324826460395
    }
  }
}