{
  "dataset_revision": "6031580fec1f6af667f0bd2da0a551cf4f0b2375",
  "mteb_dataset_name": "STS14",
  "mteb_version": "1.1.2",
  "test": {
    "cos_sim": {
      "pearson": 0.8644610017141161,
      "spearman": 0.8328378692884916
    },
    "euclidean": {
      "pearson": 0.8565074791404609,
      "spearman": 0.8475419384875552
    },
    "evaluation_time": 0.43,
    "manhattan": {
      "pearson": 0.8266242789915675,
      "spearman": 0.8265524969032683
    }
  }
}