{
  "dataset_revision": "eea2b4fe26a775864c896887d910b76a8098ad3f",
  "mteb_dataset_name": "STS22",
  "mteb_version": "1.1.2",
  "test": {
    "en": {
      "cos_sim": {
        "pearson": 0.6886215093084577,
        "spearman": 0.6938522093168422
      },
      "euclidean": {
        "pearson": 0.7053924763695688,
        "spearman": 0.6928015099922028
      },
      "manhattan": {
        "pearson": 0.7001432320935611,
        "spearman": 0.6808661842014698
      }
    },
    "evaluation_time": 0.07
  }
}