{
  "dataset_revision": "c22ab2a51041ffd869aaddef7af8d8215647e41a",
  "mteb_dataset_name": "ArguAna",
  "mteb_version": "1.2.0",
  "test": {
    "evaluation_time": 2.11,
    "map_at_1": 0.40967,
    "map_at_10": 0.57188,
    "map_at_100": 0.5767,
    "map_at_1000": 0.57672,
    "map_at_3": 0.52904,
    "map_at_5": 0.55735,
    "mrr_at_1": 0.4175,
    "mrr_at_10": 0.57483,
    "mrr_at_100": 0.57964,
    "mrr_at_1000": 0.57967,
    "mrr_at_3": 0.53248,
    "mrr_at_5": 0.56018,
    "ndcg_at_1": 0.40967,
    "ndcg_at_10": 0.65427,
    "ndcg_at_100": 0.67325,
    "ndcg_at_1000": 0.67374,
    "ndcg_at_3": 0.56849,
    "ndcg_at_5": 0.61933,
    "precision_at_1": 0.40967,
    "precision_at_10": 0.09132,
    "precision_at_100": 0.00993,
    "precision_at_1000": 0.001,
    "precision_at_3": 0.2276,
    "precision_at_5": 0.16117,
    "recall_at_1": 0.40967,
    "recall_at_10": 0.91323,
    "recall_at_100": 0.99289,
    "recall_at_1000": 0.99644,
    "recall_at_3": 0.68279,
    "recall_at_5": 0.80583
  }
}