{
  "dataset_revision": "a0d554a64d88156834ff5ae9920b964011b16384",
  "mteb_dataset_name": "STS12",
  "mteb_version": "1.2.0",
  "test": {
    "cos_sim": {
      "pearson": 0.8464147947827202,
      "spearman": 0.7502460676859574
    },
    "euclidean": {
      "pearson": 0.8411106688174835,
      "spearman": 0.7783061490183794
    },
    "evaluation_time": 0.09,
    "manhattan": {
      "pearson": 0.752685060423798,
      "spearman": 0.7475514641669183
    }
  }
}