{
  "dataset_revision": "b0fddb56ed78048fa8b90373c8a3cfc37b684831",
  "mteb_dataset_name": "STSBenchmark",
  "mteb_version": "1.2.0",
  "test": {
    "cos_sim": {
      "pearson": 0.8748627016384534,
      "spearman": 0.8780095753186956
    },
    "euclidean": {
      "pearson": 0.891188976277041,
      "spearman": 0.8924372045625589
    },
    "evaluation_time": 0.14,
    "manhattan": {
      "pearson": 0.8733365531701552,
      "spearman": 0.876680389961246
    }
  }
}