{
  "dataset_revision": "4f58c6b202a23cf9a4da393831edf4f9183cad37",
  "mteb_dataset_name": "EmotionClassification",
  "mteb_version": "1.2.0",
  "test": {
    "accuracy": 0.5624,
    "accuracy_stderr": 0.021874414277872678,
    "evaluation_time": 4.96,
    "f1": 0.497383383339129,
    "f1_stderr": 0.011725872163408988,
    "main_score": 0.5624
  }
}