{
  "dataset_revision": "b0fddb56ed78048fa8b90373c8a3cfc37b684831",
  "mteb_dataset_name": "STSBenchmark",
  "mteb_version": "1.2.0",
  "test": {
    "cos_sim": {
      "pearson": 0.8790141837103104,
      "spearman": 0.8809445018208854
    },
    "euclidean": {
      "pearson": 0.8843697717042233,
      "spearman": 0.8893322680307545
    },
    "evaluation_time": 0.12,
    "manhattan": {
      "pearson": 0.8509802146097528,
      "spearman": 0.859459634083865
    }
  }
}