{
  "dataset_revision": "a0d554a64d88156834ff5ae9920b964011b16384",
  "mteb_dataset_name": "STS12",
  "mteb_version": "1.1.2",
  "test": {
    "cos_sim": {
      "pearson": 0.8387009691340447,
      "spearman": 0.7508674010893861
    },
    "euclidean": {
      "pearson": 0.8459308391261215,
      "spearman": 0.77957898019436
    },
    "evaluation_time": 0.46,
    "manhattan": {
      "pearson": 0.8331778057133467,
      "spearman": 0.7788395862893286
    }
  }
}