{
  "dataset_revision": "70970daeab8776df92f5ea462b6173c0b46fd2d1",
  "mteb_dataset_name": "TwitterSemEval2015",
  "mteb_version": "1.1.2",
  "test": {
    "cos_sim": {
      "accuracy": 0.8782261429337784,
      "accuracy_threshold": 0.7546063331641524,
      "ap": 0.7841663203258067,
      "f1": 0.7173340358271866,
      "f1_threshold": 0.7318806119169357,
      "precision": 0.7162019989479221,
      "recall": 0.7184696569920844
    },
    "dot": {
      "accuracy": 0.8531918698217799,
      "accuracy_threshold": 0.30640517884617935,
      "ap": 0.7114067308355267,
      "f1": 0.6637373367508849,
      "f1_threshold": 0.282207069726674,
      "precision": 0.617533499886441,
      "recall": 0.7174142480211082
    },
    "euclidean": {
      "accuracy": 0.8766167968051499,
      "accuracy_threshold": 0.4374485440175535,
      "ap": 0.7823229153207071,
      "f1": 0.7182233834095362,
      "f1_threshold": 0.46375542695945693,
      "precision": 0.711254851228978,
      "recall": 0.7253298153034301
    },
    "evaluation_time": 1.38,
    "manhattan": {
      "accuracy": 0.8764379805686356,
      "accuracy_threshold": 5.3156840947894475,
      "ap": 0.7830170284225262,
      "f1": 0.7195701074731317,
      "f1_threshold": 5.817982846628258,
      "precision": 0.6835232668566001,
      "recall": 0.7596306068601583
    },
    "max": {
      "accuracy": 0.8782261429337784,
      "ap": 0.7841663203258067,
      "f1": 0.7195701074731317
    }
  }
}