{
  "dataset_revision": "0fd18e25b25c072e09e0d92ab615fda904d66300",
  "mteb_dataset_name": "Banking77Classification",
  "mteb_version": "1.1.2",
  "test": {
    "accuracy": 0.8522402597402596,
    "accuracy_stderr": 0.004452789211174276,
    "evaluation_time": 33.52,
    "f1": 0.846165559089094,
    "f1_stderr": 0.005459467250845941,
    "main_score": 0.8522402597402596
  }
}