{
  "dataset_revision": "6c6430d3a6d36f8d2a829195bc5dc94d7e063e53",
  "mteb_dataset_name": "CQADupstackUnixRetrieval",
  "mteb_version": "1.2.0",
  "test": {
    "evaluation_time": 66.2,
    "map_at_1": 0.28568,
    "map_at_10": 0.38416,
    "map_at_100": 0.39582,
    "map_at_1000": 0.39677,
    "map_at_3": 0.35301,
    "map_at_5": 0.37167,
    "mrr_at_1": 0.33396,
    "mrr_at_10": 0.4262,
    "mrr_at_100": 0.43437,
    "mrr_at_1000": 0.43492,
    "mrr_at_3": 0.39941,
    "mrr_at_5": 0.41531,
    "ndcg_at_1": 0.33396,
    "ndcg_at_10": 0.44176,
    "ndcg_at_100": 0.49325,
    "ndcg_at_1000": 0.51462,
    "ndcg_at_3": 0.38681,
    "ndcg_at_5": 0.41501,
    "precision_at_1": 0.33396,
    "precision_at_10": 0.07407,
    "precision_at_100": 0.01132,
    "precision_at_1000": 0.00143,
    "precision_at_3": 0.17475,
    "precision_at_5": 0.12519,
    "recall_at_1": 0.28568,
    "recall_at_10": 0.5739,
    "recall_at_100": 0.79419,
    "recall_at_1000": 0.94211,
    "recall_at_3": 0.42868,
    "recall_at_5": 0.49739
  }
}