{
  "dataset_revision": "ad9991cb51e31e31e430383c75ffb2885547b5f0",
  "mteb_dataset_name": "CQADupstackEnglishRetrieval",
  "mteb_version": "1.2.0",
  "test": {
    "evaluation_time": 48.11,
    "map_at_1": 0.33066,
    "map_at_10": 0.43834,
    "map_at_100": 0.45143,
    "map_at_1000": 0.45279,
    "map_at_3": 0.40583,
    "map_at_5": 0.42548,
    "mrr_at_1": 0.4121,
    "mrr_at_10": 0.49873,
    "mrr_at_100": 0.50499,
    "mrr_at_1000": 0.5054,
    "mrr_at_3": 0.47686,
    "mrr_at_5": 0.48988,
    "ndcg_at_1": 0.4121,
    "ndcg_at_10": 0.49621,
    "ndcg_at_100": 0.53942,
    "ndcg_at_1000": 0.55894,
    "ndcg_at_3": 0.45371,
    "ndcg_at_5": 0.47509,
    "precision_at_1": 0.4121,
    "precision_at_10": 0.09363,
    "precision_at_100": 0.01494,
    "precision_at_1000": 0.00197,
    "precision_at_3": 0.22017,
    "precision_at_5": 0.15567,
    "recall_at_1": 0.33066,
    "recall_at_10": 0.59508,
    "recall_at_100": 0.77569,
    "recall_at_1000": 0.89691,
    "recall_at_3": 0.46703,
    "recall_at_5": 0.52945
  }
}