{
  "dataset_revision": "af5e6fb845001ecf41f4c1e033ce921939a2a68d",
  "mteb_dataset_name": "STS17",
  "mteb_version": "1.2.0",
  "test": {
    "en-en": {
      "cos_sim": {
        "pearson": 0.8965082247048909,
        "spearman": 0.8953199177096689
      },
      "euclidean": {
        "pearson": 0.8990027870867319,
        "spearman": 0.8953199177096689
      },
      "manhattan": {
        "pearson": 0.9026298723566714,
        "spearman": 0.8991934817548406
      }
    },
    "evaluation_time": 0.12
  }
}