{
  "dataset_revision": "ae752c7c21bf194d8b67fd573edf7ae58183cbe3",
  "mteb_dataset_name": "STS15",
  "mteb_version": "1.1.2",
  "test": {
    "cos_sim": {
      "pearson": 0.8887105693837081,
      "spearman": 0.897094417694751
    },
    "euclidean": {
      "pearson": 0.890115890341466,
      "spearman": 0.897094417694751
    },
    "evaluation_time": 10.33,
    "manhattan": {
      "pearson": 0.8907544996538416,
      "spearman": 0.897838324983155
    }
  }
}