{
  "dataset_revision": "af5e6fb845001ecf41f4c1e033ce921939a2a68d",
  "mteb_dataset_name": "STS17",
  "mteb_version": "1.2.0",
  "test": {
    "en-en": {
      "cos_sim": {
        "pearson": 0.901302891520265,
        "spearman": 0.8991877158065747
      },
      "euclidean": {
        "pearson": 0.9027977605682381,
        "spearman": 0.8991877158065747
      },
      "manhattan": {
        "pearson": 0.9042061738012309,
        "spearman": 0.9014641121820344
      }
    },
    "evaluation_time": 0.1
  }
}