{
  "dataset_revision": "4d8694f8f0e0100860b497b999b3dbed754a0513",
  "mteb_dataset_name": "STS16",
  "mteb_version": "1.1.2",
  "test": {
    "cos_sim": {
      "pearson": 0.8586347829779667,
      "spearman": 0.8730184099401028
    },
    "euclidean": {
      "pearson": 0.8656772786580712,
      "spearman": 0.8730184099401028
    },
    "evaluation_time": 6.0,
    "manhattan": {
      "pearson": 0.8660939843085571,
      "spearman": 0.8732730540117096
    }
  }
}