{
  "dataset_revision": null,
  "mteb_dataset_name": "ArguAna",
  "mteb_version": "1.1.2",
  "test": {
    "evaluation_time": 1.95,
    "map_at_1": 0.40541,
    "map_at_10": 0.56556,
    "map_at_100": 0.57055,
    "map_at_1000": 0.57058,
    "map_at_3": 0.52205,
    "map_at_5": 0.55082,
    "mrr_at_1": 0.41394,
    "mrr_at_10": 0.56853,
    "mrr_at_100": 0.57358,
    "mrr_at_1000": 0.57362,
    "mrr_at_3": 0.52537,
    "mrr_at_5": 0.5536,
    "ndcg_at_1": 0.40541,
    "ndcg_at_10": 0.64819,
    "ndcg_at_100": 0.66789,
    "ndcg_at_1000": 0.66866,
    "ndcg_at_3": 0.56123,
    "ndcg_at_5": 0.61278,
    "precision_at_1": 0.40541,
    "precision_at_10": 0.09083,
    "precision_at_100": 0.00991,
    "precision_at_1000": 0.001,
    "precision_at_3": 0.22499,
    "precision_at_5": 0.15989,
    "recall_at_1": 0.40541,
    "recall_at_10": 0.90825,
    "recall_at_100": 0.99075,
    "recall_at_1000": 0.99644,
    "recall_at_3": 0.67496,
    "recall_at_5": 0.79943
  }
}