{
  "dataset_revision": "6031580fec1f6af667f0bd2da0a551cf4f0b2375",
  "mteb_dataset_name": "STS14",
  "mteb_version": "1.1.2",
  "test": {
    "cos_sim": {
      "pearson": 0.8577018092108658,
      "spearman": 0.8262037345990695
    },
    "euclidean": {
      "pearson": 0.8623983164887807,
      "spearman": 0.8449107477932933
    },
    "evaluation_time": 0.56,
    "manhattan": {
      "pearson": 0.8584965352914162,
      "spearman": 0.8421636985426878
    }
  }
}