{
  "dataset_revision": "eea2b4fe26a775864c896887d910b76a8098ad3f",
  "mteb_dataset_name": "STS22",
  "mteb_version": "1.1.2",
  "test": {
    "en": {
      "cos_sim": {
        "pearson": 0.6823257952776547,
        "spearman": 0.6948784927005527
      },
      "euclidean": {
        "pearson": 0.7021406920218433,
        "spearman": 0.6905259442976316
      },
      "manhattan": {
        "pearson": 0.7090281669907317,
        "spearman": 0.6954449425301027
      }
    },
    "evaluation_time": 0.04
  }
}