{
  "dataset_revision": null,
  "mteb_dataset_name": "CQADupstackProgrammersRetrieval",
  "mteb_version": "1.1.2",
  "test": {
    "evaluation_time": 24.34,
    "map_at_1": 0.27826,
    "map_at_10": 0.39021,
    "map_at_100": 0.40473,
    "map_at_1000": 0.40581,
    "map_at_3": 0.35326,
    "map_at_5": 0.37226,
    "mrr_at_1": 0.34132,
    "mrr_at_10": 0.4417,
    "mrr_at_100": 0.45102,
    "mrr_at_1000": 0.45147,
    "mrr_at_3": 0.41495,
    "mrr_at_5": 0.429,
    "ndcg_at_1": 0.34132,
    "ndcg_at_10": 0.45331,
    "ndcg_at_100": 0.51096,
    "ndcg_at_1000": 0.53068,
    "ndcg_at_3": 0.39469,
    "ndcg_at_5": 0.41934,
    "precision_at_1": 0.34132,
    "precision_at_10": 0.0855,
    "precision_at_100": 0.01303,
    "precision_at_1000": 0.00166,
    "precision_at_3": 0.18912,
    "precision_at_5": 0.13721,
    "recall_at_1": 0.27826,
    "recall_at_10": 0.58771,
    "recall_at_100": 0.82877,
    "recall_at_1000": 0.95688,
    "recall_at_3": 0.42516,
    "recall_at_5": 0.48909
  }
}