{
  "dataset_revision": "d80d48c1eb48d3562165c59d59d0034df9fff0bf",
  "mteb_dataset_name": "MTOPDomainClassification",
  "mteb_version": "1.1.2",
  "test": {
    "en": {
      "accuracy": 0.9509575923392614,
      "accuracy_stderr": 0.004048428475665746,
      "f1": 0.9491960477877391,
      "f1_stderr": 0.003521268631045797,
      "main_score": 0.9509575923392614
    },
    "evaluation_time": 12.56
  }
}