{
  "dataset_revision": "a0d554a64d88156834ff5ae9920b964011b16384",
  "mteb_dataset_name": "STS12",
  "mteb_version": "1.2.0",
  "test": {
    "cos_sim": {
      "pearson": 0.8666355057056115,
      "spearman": 0.7785851051844316
    },
    "euclidean": {
      "pearson": 0.8329839155771132,
      "spearman": 0.7785851051844316
    },
    "evaluation_time": 0.64,
    "manhattan": {
      "pearson": 0.8260088202547412,
      "spearman": 0.7772479305252974
    }
  }
}