{
  "dataset_revision": "a0d554a64d88156834ff5ae9920b964011b16384",
  "mteb_dataset_name": "STS12",
  "mteb_version": "1.1.2",
  "test": {
    "cos_sim": {
      "pearson": 0.8666355056538461,
      "spearman": 0.7785851051844316
    },
    "euclidean": {
      "pearson": 0.8329839155404645,
      "spearman": 0.7785851051844316
    },
    "evaluation_time": 0.82,
    "manhattan": {
      "pearson": 0.8260088203196654,
      "spearman": 0.7772479305252974
    }
  }
}