{
  "dataset_revision": "eea2b4fe26a775864c896887d910b76a8098ad3f",
  "mteb_dataset_name": "STS22",
  "mteb_version": "1.1.2",
  "test": {
    "en": {
      "cos_sim": {
        "pearson": 0.6890153959908606,
        "spearman": 0.690101106925469
      },
      "euclidean": {
        "pearson": 0.7061367685318617,
        "spearman": 0.690101106925469
      },
      "manhattan": {
        "pearson": 0.7031425264213275,
        "spearman": 0.6863304717813526
      }
    },
    "evaluation_time": 0.12
  }
}