{
  "dataset_revision": "70970daeab8776df92f5ea462b6173c0b46fd2d1",
  "mteb_dataset_name": "TwitterSemEval2015",
  "mteb_version": "1.1.2",
  "test": {
    "cos_sim": {
      "accuracy": 0.8744113965548072,
      "accuracy_threshold": 0.8360552714259214,
      "ap": 0.7851882470540317,
      "f1": 0.7171432077555528,
      "f1_threshold": 0.8029995483434348,
      "precision": 0.6703372333103923,
      "recall": 0.770976253298153
    },
    "dot": {
      "accuracy": 0.8744113965548072,
      "accuracy_threshold": 0.8360552714259214,
      "ap": 0.7851882470540317,
      "f1": 0.7171432077555528,
      "f1_threshold": 0.8029995483434351,
      "precision": 0.6703372333103923,
      "recall": 0.770976253298153
    },
    "euclidean": {
      "accuracy": 0.8744113965548072,
      "accuracy_threshold": 0.5726163261269663,
      "ap": 0.7851882470540317,
      "f1": 0.7171432077555528,
      "f1_threshold": 0.6276949126069126,
      "precision": 0.6703372333103923,
      "recall": 0.770976253298153
    },
    "evaluation_time": 7.26,
    "manhattan": {
      "accuracy": 0.8751266615008643,
      "accuracy_threshold": 24.586531505035985,
      "ap": 0.7845644799206568,
      "f1": 0.7158662308272566,
      "f1_threshold": 26.40521523985141,
      "precision": 0.6837175792507204,
      "recall": 0.7511873350923483
    },
    "max": {
      "accuracy": 0.8751266615008643,
      "ap": 0.7851882470540317,
      "f1": 0.7171432077555528
    }
  }
}