{
  "dataset_revision": "ae001d0e6b1228650b7bd1c2c65fb50ad11a8aba",
  "mteb_dataset_name": "MTOPIntentClassification",
  "mteb_version": "1.2.0",
  "test": {
    "en": {
      "accuracy": 0.6822389420884634,
      "accuracy_stderr": 0.019321833186431978,
      "f1": 0.5076720615765591,
      "f1_stderr": 0.007847571369625904,
      "main_score": 0.6822389420884634
    },
    "evaluation_time": 34.0
  }
}