{
  "dataset_revision": "b0fddb56ed78048fa8b90373c8a3cfc37b684831",
  "mteb_dataset_name": "STSBenchmark",
  "mteb_version": "1.1.2",
  "test": {
    "cos_sim": {
      "pearson": 0.8745125796039408,
      "spearman": 0.8742693569578903
    },
    "euclidean": {
      "pearson": 0.8811121546616162,
      "spearman": 0.8847102983105655
    },
    "evaluation_time": 0.1,
    "manhattan": {
      "pearson": 0.8472661628906958,
      "spearman": 0.8528477816891487
    }
  }
}