{
  "dataset_revision": "b0fddb56ed78048fa8b90373c8a3cfc37b684831",
  "mteb_dataset_name": "STSBenchmark",
  "mteb_version": "1.1.2",
  "test": {
    "cos_sim": {
      "pearson": 0.875418014480108,
      "spearman": 0.8807507485254834
    },
    "euclidean": {
      "pearson": 0.8888290488086839,
      "spearman": 0.8919955156788771
    },
    "evaluation_time": 0.09,
    "manhattan": {
      "pearson": 0.8657866583060403,
      "spearman": 0.8718881788491807
    }
  }
}