{
  "dataset_revision": "a0d554a64d88156834ff5ae9920b964011b16384",
  "mteb_dataset_name": "STS12",
  "mteb_version": "1.2.0",
  "test": {
    "cos_sim": {
      "pearson": 0.8681950210004445,
      "spearman": 0.7848066754249297
    },
    "euclidean": {
      "pearson": 0.8302581353020795,
      "spearman": 0.7848066754249297
    },
    "evaluation_time": 1.09,
    "manhattan": {
      "pearson": 0.829476315204846,
      "spearman": 0.7854237947783977
    }
  }
}