{
  "dataset_revision": "7e90230a92c190f1bf69ae9002b8cea547a64cca",
  "mteb_dataset_name": "STS13",
  "mteb_version": "1.2.0",
  "test": {
    "cos_sim": {
      "pearson": 0.875810774105921,
      "spearman": 0.8805932515927904
    },
    "euclidean": {
      "pearson": 0.8728236450269181,
      "spearman": 0.8805932515927904
    },
    "evaluation_time": 0.54,
    "manhattan": {
      "pearson": 0.8741311396098549,
      "spearman": 0.8813795631935902
    }
  }
}