{
  "dataset_revision": "a0d554a64d88156834ff5ae9920b964011b16384",
  "mteb_dataset_name": "STS12",
  "mteb_version": "1.2.0",
  "test": {
    "cos_sim": {
      "pearson": 0.8773669241995437,
      "spearman": 0.7896719433297635
    },
    "euclidean": {
      "pearson": 0.8500422182599982,
      "spearman": 0.7896719433297635
    },
    "evaluation_time": 0.59,
    "manhattan": {
      "pearson": 0.8440768126250543,
      "spearman": 0.7875447038094054
    }
  }
}