{
  "dataset_revision": "af5e6fb845001ecf41f4c1e033ce921939a2a68d",
  "mteb_dataset_name": "STS17",
  "mteb_version": "1.2.0",
  "test": {
    "en-en": {
      "cos_sim": {
        "pearson": 0.8959356914214963,
        "spearman": 0.8954406182267061
      },
      "euclidean": {
        "pearson": 0.9023071874244162,
        "spearman": 0.8954406182267061
      },
      "manhattan": {
        "pearson": 0.9043102530075825,
        "spearman": 0.8998431119261556
      }
    },
    "evaluation_time": 0.12
  }
}