{
  "dataset_revision": "ae752c7c21bf194d8b67fd573edf7ae58183cbe3",
  "mteb_dataset_name": "STS15",
  "mteb_version": "1.2.0",
  "test": {
    "cos_sim": {
      "pearson": 0.8884463768601153,
      "spearman": 0.8987202431207698
    },
    "euclidean": {
      "pearson": 0.8918798429995837,
      "spearman": 0.8987202431207698
    },
    "evaluation_time": 0.3,
    "manhattan": {
      "pearson": 0.8922876644401703,
      "spearman": 0.8993579612865205
    }
  }
}