{
  "dataset_revision": "e8379541af4e31359cca9fbcf4b00f2671dba205",
  "mteb_dataset_name": "AmazonCounterfactualClassification",
  "mteb_version": "1.1.2",
  "test": {
    "en": {
      "accuracy": 0.7625373134328358,
      "accuracy_stderr": 0.036968254158793054,
      "ap": 0.39601919750449543,
      "ap_stderr": 0.040932800334642715,
      "f1": 0.7032428059171222,
      "f1_stderr": 0.035767119676635116,
      "main_score": 0.7625373134328358
    },
    "evaluation_time": 1.3
  }
}