{
  "dataset_revision": "70970daeab8776df92f5ea462b6173c0b46fd2d1",
  "mteb_dataset_name": "TwitterSemEval2015",
  "mteb_version": "1.1.2",
  "test": {
    "cos_sim": {
      "accuracy": 0.8762591643321214,
      "accuracy_threshold": 0.7351925227355254,
      "ap": 0.7848033386762506,
      "f1": 0.7152953054013123,
      "f1_threshold": 0.7014553407587558,
      "precision": 0.6855345911949685,
      "recall": 0.7477572559366754
    },
    "dot": {
      "accuracy": 0.8610001788162365,
      "accuracy_threshold": 0.4405712599118914,
      "ap": 0.7398302094659048,
      "f1": 0.6815560191434532,
      "f1_threshold": 0.405481268864492,
      "precision": 0.6370727231016288,
      "recall": 0.7327176781002639
    },
    "euclidean": {
      "accuracy": 0.8782261429337784,
      "accuracy_threshold": 0.5582274453424505,
      "ap": 0.7911322194710128,
      "f1": 0.721307120085016,
      "f1_threshold": 0.5763861071410009,
      "precision": 0.7263242375601926,
      "recall": 0.716358839050132
    },
    "evaluation_time": 1.75,
    "manhattan": {
      "accuracy": 0.8672587470942361,
      "accuracy_threshold": 12.456089702731964,
      "ap": 0.7642855332146659,
      "f1": 0.7005692599620492,
      "f1_threshold": 13.199758541107107,
      "precision": 0.6729040097205347,
      "recall": 0.7306068601583113
    },
    "max": {
      "accuracy": 0.8782261429337784,
      "ap": 0.7911322194710128,
      "f1": 0.721307120085016
    }
  }
}