{
  "dataset_revision": "4f58c6b202a23cf9a4da393831edf4f9183cad37",
  "mteb_dataset_name": "EmotionClassification",
  "mteb_version": "1.1.2",
  "test": {
    "accuracy": 0.5599999999999999,
    "accuracy_stderr": 0.022521101216414787,
    "evaluation_time": 1.31,
    "f1": 0.49560226099239896,
    "f1_stderr": 0.012070707505530269,
    "main_score": 0.5599999999999999
  }
}