{
  "dataset_revision": "a0d554a64d88156834ff5ae9920b964011b16384",
  "mteb_dataset_name": "STS12",
  "mteb_version": "1.1.2",
  "test": {
    "cos_sim": {
      "pearson": 0.849325812569664,
      "spearman": 0.7587132622447794
    },
    "euclidean": {
      "pearson": 0.8472257383662029,
      "spearman": 0.7874086119092192
    },
    "evaluation_time": 0.42,
    "manhattan": {
      "pearson": 0.8022277573163588,
      "spearman": 0.7828083495397105
    }
  }
}