{
  "dataset_revision": "ae752c7c21bf194d8b67fd573edf7ae58183cbe3",
  "mteb_dataset_name": "STS15",
  "mteb_version": "1.1.2",
  "test": {
    "cos_sim": {
      "pearson": 0.8770434921283201,
      "spearman": 0.8883378832922504
    },
    "euclidean": {
      "pearson": 0.8918141184914438,
      "spearman": 0.8979028746097856
    },
    "evaluation_time": 0.45,
    "manhattan": {
      "pearson": 0.874580437955252,
      "spearman": 0.8848065940551532
    }
  }
}