{
  "dataset_revision": null,
  "mteb_dataset_name": "SciFact",
  "mteb_version": "1.1.2",
  "test": {
    "evaluation_time": 0.63,
    "map_at_1": 0.59828,
    "map_at_10": 0.68797,
    "map_at_100": 0.6937,
    "map_at_1000": 0.69385,
    "map_at_3": 0.65948,
    "map_at_5": 0.6794,
    "mrr_at_1": 0.63,
    "mrr_at_10": 0.6991,
    "mrr_at_100": 0.70387,
    "mrr_at_1000": 0.70402,
    "mrr_at_3": 0.67778,
    "mrr_at_5": 0.69361,
    "ndcg_at_1": 0.63,
    "ndcg_at_10": 0.73053,
    "ndcg_at_100": 0.75682,
    "ndcg_at_1000": 0.76053,
    "ndcg_at_3": 0.68404,
    "ndcg_at_5": 0.71294,
    "precision_at_1": 0.63,
    "precision_at_10": 0.09667,
    "precision_at_100": 0.011,
    "precision_at_1000": 0.00113,
    "precision_at_3": 0.26667,
    "precision_at_5": 0.17867,
    "recall_at_1": 0.59828,
    "recall_at_10": 0.84922,
    "recall_at_100": 0.97167,
    "recall_at_1000": 1.0,
    "recall_at_3": 0.72406,
    "recall_at_5": 0.79789
  }
}