{
  "dataset_revision": "ae752c7c21bf194d8b67fd573edf7ae58183cbe3",
  "mteb_dataset_name": "STS15",
  "mteb_version": "1.1.2",
  "test": {
    "cos_sim": {
      "pearson": 0.8782869779582247,
      "spearman": 0.8900934716980328
    },
    "euclidean": {
      "pearson": 0.8985808207115956,
      "spearman": 0.9044670892352932
    },
    "evaluation_time": 0.32,
    "manhattan": {
      "pearson": 0.8775268217931336,
      "spearman": 0.884915939215119
    }
  }
}