{
  "dataset_revision": "d3fb88f8f02e40887cd149695127462bbcf29b4a",
  "mteb_dataset_name": "BIOSSES",
  "mteb_version": "1.2.0",
  "test": {
    "cos_sim": {
      "pearson": 0.8961241715421814,
      "spearman": 0.8795622100963307
    },
    "euclidean": {
      "pearson": 0.876542076623239,
      "spearman": 0.8795622100963307
    },
    "evaluation_time": 0.03,
    "manhattan": {
      "pearson": 0.8828194527002092,
      "spearman": 0.8868997266842142
    }
  }
}