{
  "dataset_revision": "79531abbd1fb92d06c6d6315a0cbbbf5bb247ea4",
  "mteb_dataset_name": "CQADupstackPhysicsRetrieval",
  "mteb_version": "1.2.0",
  "test": {
    "evaluation_time": 9.75,
    "map_at_1": 0.31846,
    "map_at_10": 0.43273,
    "map_at_100": 0.44627,
    "map_at_1000": 0.44735,
    "map_at_3": 0.39801,
    "map_at_5": 0.41778,
    "mrr_at_1": 0.39076,
    "mrr_at_10": 0.48895,
    "mrr_at_100": 0.49725,
    "mrr_at_1000": 0.49761,
    "mrr_at_3": 0.46503,
    "mrr_at_5": 0.47879,
    "ndcg_at_1": 0.39076,
    "ndcg_at_10": 0.49573,
    "ndcg_at_100": 0.54933,
    "ndcg_at_1000": 0.56747,
    "ndcg_at_3": 0.443,
    "ndcg_at_5": 0.46886,
    "precision_at_1": 0.39076,
    "precision_at_10": 0.0898,
    "precision_at_100": 0.01352,
    "precision_at_1000": 0.00169,
    "precision_at_3": 0.2111,
    "precision_at_5": 0.14957,
    "recall_at_1": 0.31846,
    "recall_at_10": 0.62542,
    "recall_at_100": 0.84562,
    "recall_at_1000": 0.96039,
    "recall_at_3": 0.47755,
    "recall_at_5": 0.54548
  }
}