{
  "dataset_revision": "4f58c6b202a23cf9a4da393831edf4f9183cad37",
  "mteb_dataset_name": "EmotionClassification",
  "mteb_version": "1.2.0",
  "test": {
    "accuracy": 0.5637,
    "accuracy_stderr": 0.02302846065198453,
    "evaluation_time": 10.7,
    "f1": 0.4998908002586043,
    "f1_stderr": 0.014403068282256728,
    "main_score": 0.5637
  }
}