{
  "dataset_revision": "d66bd1f72af766a5cc4b0ca5e00c162f89e8cc46",
  "mteb_dataset_name": "SprintDuplicateQuestions",
  "mteb_version": "1.2.0",
  "test": {
    "cos_sim": {
      "accuracy": 0.9985940594059406,
      "accuracy_threshold": 0.8154002397017945,
      "ap": 0.9673343007526108,
      "f1": 0.9287863590772318,
      "f1_threshold": 0.8154002397017945,
      "precision": 0.93158953722334,
      "recall": 0.926
    },
    "dot": {
      "accuracy": 0.9985940594059406,
      "accuracy_threshold": 0.8154002397017945,
      "ap": 0.9673343007526108,
      "f1": 0.9287863590772318,
      "f1_threshold": 0.8154002397017945,
      "precision": 0.93158953722334,
      "recall": 0.926
    },
    "euclidean": {
      "accuracy": 0.9985940594059406,
      "accuracy_threshold": 0.6076179062195245,
      "ap": 0.9673343007526108,
      "f1": 0.9287863590772318,
      "f1_threshold": 0.6076179062195245,
      "precision": 0.93158953722334,
      "recall": 0.926
    },
    "evaluation_time": 10.26,
    "manhattan": {
      "accuracy": 0.9985841584158416,
      "accuracy_threshold": 25.710668154969596,
      "ap": 0.9669090985943396,
      "f1": 0.928392588883325,
      "f1_threshold": 26.172474839476365,
      "precision": 0.9297893681043129,
      "recall": 0.927
    },
    "max": {
      "accuracy": 0.9985940594059406,
      "ap": 0.9673343007526108,
      "f1": 0.9287863590772318
    }
  }
}