{
  "dataset_revision": "7e90230a92c190f1bf69ae9002b8cea547a64cca",
  "mteb_dataset_name": "STS13",
  "mteb_version": "1.2.0",
  "test": {
    "cos_sim": {
      "pearson": 0.8768650954473524,
      "spearman": 0.8842011206929952
    },
    "euclidean": {
      "pearson": 0.8762394468104183,
      "spearman": 0.8842011206929952
    },
    "evaluation_time": 0.49,
    "manhattan": {
      "pearson": 0.876568281197167,
      "spearman": 0.8836983994497499
    }
  }
}