{
  "dataset_revision": "ae752c7c21bf194d8b67fd573edf7ae58183cbe3",
  "mteb_dataset_name": "STS15",
  "mteb_version": "1.1.2",
  "test": {
    "cos_sim": {
      "pearson": 0.8875625811396619,
      "spearman": 0.8964043403161376
    },
    "euclidean": {
      "pearson": 0.8894989026290336,
      "spearman": 0.8964043403161376
    },
    "evaluation_time": 1.6,
    "manhattan": {
      "pearson": 0.8912988309414422,
      "spearman": 0.8984515061765961
    }
  }
}