{
  "dataset_revision": "90fceea13679c63fe563ded68f3b6f06e50061de",
  "mteb_dataset_name": "CQADupstackMathematicaRetrieval",
  "mteb_version": "1.2.0",
  "test": {
    "evaluation_time": 4.66,
    "map_at_1": 0.19066,
    "map_at_10": 0.28375,
    "map_at_100": 0.29604,
    "map_at_1000": 0.29725,
    "map_at_3": 0.25416,
    "map_at_5": 0.27157,
    "mrr_at_1": 0.23507,
    "mrr_at_10": 0.33328,
    "mrr_at_100": 0.34236,
    "mrr_at_1000": 0.34298,
    "mrr_at_3": 0.30576,
    "mrr_at_5": 0.32187,
    "ndcg_at_1": 0.23507,
    "ndcg_at_10": 0.34196,
    "ndcg_at_100": 0.39955,
    "ndcg_at_1000": 0.42663,
    "ndcg_at_3": 0.28894,
    "ndcg_at_5": 0.31528,
    "precision_at_1": 0.23507,
    "precision_at_10": 0.06331,
    "precision_at_100": 0.01061,
    "precision_at_1000": 0.00143,
    "precision_at_3": 0.14013,
    "precision_at_5": 0.10299,
    "recall_at_1": 0.19066,
    "recall_at_10": 0.47123,
    "recall_at_100": 0.72054,
    "recall_at_1000": 0.91187,
    "recall_at_3": 0.32516,
    "recall_at_5": 0.39192
  }
}