{
  "dataset_revision": "65ac3a16b8e91f9cee4c9828cc7c335575432a2a",
  "mteb_dataset_name": "CQADupstackStatsRetrieval",
  "mteb_version": "1.2.0",
  "test": {
    "evaluation_time": 11.24,
    "map_at_1": 0.27884,
    "map_at_10": 0.35235,
    "map_at_100": 0.36169,
    "map_at_1000": 0.36273,
    "map_at_3": 0.33177,
    "map_at_5": 0.34295,
    "mrr_at_1": 0.31748,
    "mrr_at_10": 0.38475,
    "mrr_at_100": 0.39264,
    "mrr_at_1000": 0.39341,
    "mrr_at_3": 0.36708,
    "mrr_at_5": 0.37712,
    "ndcg_at_1": 0.31748,
    "ndcg_at_10": 0.39355,
    "ndcg_at_100": 0.43857,
    "ndcg_at_1000": 0.464,
    "ndcg_at_3": 0.35654,
    "ndcg_at_5": 0.37385,
    "precision_at_1": 0.31748,
    "precision_at_10": 0.05982,
    "precision_at_100": 0.00896,
    "precision_at_1000": 0.00118,
    "precision_at_3": 0.15133,
    "precision_at_5": 0.10245,
    "recall_at_1": 0.27884,
    "recall_at_10": 0.48837,
    "recall_at_100": 0.69183,
    "recall_at_1000": 0.8793,
    "recall_at_3": 0.38693,
    "recall_at_5": 0.43069
  }
}