{
  "dataset_revision": "27a168819829fe9bcd655c2df245fb19452e8e06",
  "mteb_dataset_name": "FiQA2018",
  "mteb_version": "1.2.0",
  "test": {
    "evaluation_time": 13.15,
    "map_at_1": 0.22515,
    "map_at_10": 0.37242,
    "map_at_100": 0.39213,
    "map_at_1000": 0.39381,
    "map_at_3": 0.32367,
    "map_at_5": 0.35182,
    "mrr_at_1": 0.44907,
    "mrr_at_10": 0.53943,
    "mrr_at_100": 0.54682,
    "mrr_at_1000": 0.54705,
    "mrr_at_3": 0.51415,
    "mrr_at_5": 0.53027,
    "ndcg_at_1": 0.44907,
    "ndcg_at_10": 0.45568,
    "ndcg_at_100": 0.52398,
    "ndcg_at_1000": 0.55014,
    "ndcg_at_3": 0.41362,
    "ndcg_at_5": 0.43069,
    "precision_at_1": 0.44907,
    "precision_at_10": 0.12639,
    "precision_at_100": 0.01988,
    "precision_at_1000": 0.00246,
    "precision_at_3": 0.27572,
    "precision_at_5": 0.20833,
    "recall_at_1": 0.22515,
    "recall_at_10": 0.53049,
    "recall_at_100": 0.78165,
    "recall_at_1000": 0.9374,
    "recall_at_3": 0.37431,
    "recall_at_5": 0.44606
  }
}