{
  "dataset_revision": "ae752c7c21bf194d8b67fd573edf7ae58183cbe3",
  "mteb_dataset_name": "STS15",
  "mteb_version": "1.1.2",
  "test": {
    "cos_sim": {
      "pearson": 0.8925142905174761,
      "spearman": 0.9020945501410851
    },
    "euclidean": {
      "pearson": 0.8950492284496652,
      "spearman": 0.9020945501410851
    },
    "evaluation_time": 0.66,
    "manhattan": {
      "pearson": 0.8951152219511013,
      "spearman": 0.9021752022531064
    }
  }
}