{
  "dataset_revision": "6031580fec1f6af667f0bd2da0a551cf4f0b2375",
  "mteb_dataset_name": "STS14",
  "mteb_version": "1.1.2",
  "test": {
    "cos_sim": {
      "pearson": 0.8716850117404162,
      "spearman": 0.8481905978287939
    },
    "euclidean": {
      "pearson": 0.8634696965236258,
      "spearman": 0.8481905978287939
    },
    "evaluation_time": 1.4,
    "manhattan": {
      "pearson": 0.8629144422153304,
      "spearman": 0.8478298634714949
    }
  }
}