{
  "dataset_revision": "0fd18e25b25c072e09e0d92ab615fda904d66300",
  "mteb_dataset_name": "Banking77Classification",
  "mteb_version": "1.1.2",
  "test": {
    "accuracy": 0.8495129870129869,
    "accuracy_stderr": 0.004158506655233235,
    "evaluation_time": 11.58,
    "f1": 0.8433887355389025,
    "f1_stderr": 0.0054770134428515985,
    "main_score": 0.8495129870129869
  }
}