{
  "dataset_revision": "ae752c7c21bf194d8b67fd573edf7ae58183cbe3",
  "mteb_dataset_name": "STS15",
  "mteb_version": "1.1.2",
  "test": {
    "cos_sim": {
      "pearson": 0.8767864562295691,
      "spearman": 0.8875827333577145
    },
    "euclidean": {
      "pearson": 0.8901632266131455,
      "spearman": 0.8962138156662894
    },
    "evaluation_time": 0.59,
    "manhattan": {
      "pearson": 0.8741126170144412,
      "spearman": 0.8841205615379486
    }
  }
}