{
  "dataset_revision": "eea2b4fe26a775864c896887d910b76a8098ad3f",
  "mteb_dataset_name": "STS22",
  "mteb_version": "1.1.2",
  "test": {
    "en": {
      "cos_sim": {
        "pearson": 0.6899677137960866,
        "spearman": 0.6939848692625558
      },
      "euclidean": {
        "pearson": 0.7079976107381738,
        "spearman": 0.6963629819090285
      },
      "manhattan": {
        "pearson": 0.7041273966710943,
        "spearman": 0.6840060742049237
      }
    },
    "evaluation_time": 0.1
  }
}