{
  "dataset_revision": null,
  "mteb_dataset_name": "CQADupstackStatsRetrieval",
  "mteb_version": "1.1.2",
  "test": {
    "evaluation_time": 52.04,
    "map_at_1": 0.28089,
    "map_at_10": 0.35244,
    "map_at_100": 0.36236,
    "map_at_1000": 0.36331,
    "map_at_3": 0.33107,
    "map_at_5": 0.34159,
    "mrr_at_1": 0.31902,
    "mrr_at_10": 0.38411,
    "mrr_at_100": 0.39234,
    "mrr_at_1000": 0.39303,
    "mrr_at_3": 0.36503,
    "mrr_at_5": 0.37416,
    "ndcg_at_1": 0.31902,
    "ndcg_at_10": 0.3942,
    "ndcg_at_100": 0.44211,
    "ndcg_at_1000": 0.4667,
    "ndcg_at_3": 0.35455,
    "ndcg_at_5": 0.37038,
    "precision_at_1": 0.31902,
    "precision_at_10": 0.06012,
    "precision_at_100": 0.00922,
    "precision_at_1000": 0.00121,
    "precision_at_3": 0.14928,
    "precision_at_5": 0.10031,
    "recall_at_1": 0.28089,
    "recall_at_10": 0.49232,
    "recall_at_100": 0.71092,
    "recall_at_1000": 0.89294,
    "recall_at_3": 0.38305,
    "recall_at_5": 0.42266
  }
}