{
  "dataset_revision": "6031580fec1f6af667f0bd2da0a551cf4f0b2375",
  "mteb_dataset_name": "STS14",
  "mteb_version": "1.1.2",
  "test": {
    "cos_sim": {
      "pearson": 0.8654578916519879,
      "spearman": 0.8323464309342253
    },
    "euclidean": {
      "pearson": 0.8642405736256759,
      "spearman": 0.8486424156043507
    },
    "evaluation_time": 0.34,
    "manhattan": {
      "pearson": 0.8410085677085343,
      "spearman": 0.8332951695280251
    }
  }
}