{
  "dataset_revision": "af5e6fb845001ecf41f4c1e033ce921939a2a68d",
  "mteb_dataset_name": "STS17",
  "mteb_version": "1.1.2",
  "test": {
    "en-en": {
      "cos_sim": {
        "pearson": 0.8935742026359693,
        "spearman": 0.8943912156422743
      },
      "euclidean": {
        "pearson": 0.9008380387663232,
        "spearman": 0.8936466395228441
      },
      "manhattan": {
        "pearson": 0.885526238928841,
        "spearman": 0.8769938121372198
      }
    },
    "evaluation_time": 0.04
  }
}