{
  "dataset_revision": "b0fddb56ed78048fa8b90373c8a3cfc37b684831",
  "mteb_dataset_name": "STSBenchmark",
  "mteb_version": "1.1.2",
  "test": {
    "cos_sim": {
      "pearson": 0.872644017592903,
      "spearman": 0.8767551360068467
    },
    "euclidean": {
      "pearson": 0.8882842090647121,
      "spearman": 0.8900787136998077
    },
    "evaluation_time": 0.13,
    "manhattan": {
      "pearson": 0.8672107960024009,
      "spearman": 0.8717574866597954
    }
  }
}