{
  "dataset_revision": "0fd18e25b25c072e09e0d92ab615fda904d66300",
  "mteb_dataset_name": "Banking77Classification",
  "mteb_version": "1.1.2",
  "test": {
    "accuracy": 0.8495779220779222,
    "accuracy_stderr": 0.004844195013942827,
    "evaluation_time": 43.85,
    "f1": 0.8434508336796416,
    "f1_stderr": 0.00577745106769501,
    "main_score": 0.8495779220779222
  }
}