{
  "dataset_revision": "4f58c6b202a23cf9a4da393831edf4f9183cad37",
  "mteb_dataset_name": "EmotionClassification",
  "mteb_version": "1.1.2",
  "test": {
    "accuracy": 0.5493,
    "accuracy_stderr": 0.026302281269882277,
    "evaluation_time": 59.15,
    "f1": 0.4820853021936234,
    "f1_stderr": 0.01532189138364861,
    "main_score": 0.5493
  }
}