{
  "dataset_revision": "af5e6fb845001ecf41f4c1e033ce921939a2a68d",
  "mteb_dataset_name": "STS17",
  "mteb_version": "1.2.0",
  "test": {
    "en-en": {
      "cos_sim": {
        "pearson": 0.8958754668475275,
        "spearman": 0.8951492456409922
      },
      "euclidean": {
        "pearson": 0.8996381655137828,
        "spearman": 0.8951492456409922
      },
      "manhattan": {
        "pearson": 0.902436532290119,
        "spearman": 0.8977773648606844
      }
    },
    "evaluation_time": 0.14
  }
}