{
  "dataset_revision": "4d8694f8f0e0100860b497b999b3dbed754a0513",
  "mteb_dataset_name": "STS16",
  "mteb_version": "1.1.2",
  "test": {
    "cos_sim": {
      "pearson": 0.8424708606344729,
      "spearman": 0.8570516180964186
    },
    "euclidean": {
      "pearson": 0.865202807559846,
      "spearman": 0.8713944903050461
    },
    "evaluation_time": 0.24,
    "manhattan": {
      "pearson": 0.8607668740280733,
      "spearman": 0.8674765229596774
    }
  }
}