{
  "dataset_revision": null,
  "mteb_dataset_name": "ArguAna",
  "mteb_version": "1.1.2",
  "test": {
    "evaluation_time": 1.64,
    "map_at_1": 0.40327,
    "map_at_10": 0.56744,
    "map_at_100": 0.57258,
    "map_at_1000": 0.57262,
    "map_at_3": 0.52786,
    "map_at_5": 0.55225,
    "mrr_at_1": 0.41181,
    "mrr_at_10": 0.57086,
    "mrr_at_100": 0.57593,
    "mrr_at_1000": 0.57597,
    "mrr_at_3": 0.53094,
    "mrr_at_5": 0.55537,
    "ndcg_at_1": 0.40327,
    "ndcg_at_10": 0.64934,
    "ndcg_at_100": 0.66947,
    "ndcg_at_1000": 0.67031,
    "ndcg_at_3": 0.5694,
    "ndcg_at_5": 0.61335,
    "precision_at_1": 0.40327,
    "precision_at_10": 0.09061,
    "precision_at_100": 0.0099,
    "precision_at_1000": 0.001,
    "precision_at_3": 0.22997,
    "precision_at_5": 0.15932,
    "recall_at_1": 0.40327,
    "recall_at_10": 0.90612,
    "recall_at_100": 0.99004,
    "recall_at_1000": 0.99644,
    "recall_at_3": 0.6899,
    "recall_at_5": 0.79659
  }
}