{
  "dataset_revision": null,
  "mteb_dataset_name": "ArguAna",
  "mteb_version": "1.1.2",
  "test": {
    "evaluation_time": 1.81,
    "map_at_1": 0.39616,
    "map_at_10": 0.55964,
    "map_at_100": 0.56474,
    "map_at_1000": 0.56477,
    "map_at_3": 0.51897,
    "map_at_5": 0.5429,
    "mrr_at_1": 0.40256,
    "mrr_at_10": 0.56223,
    "mrr_at_100": 0.56734,
    "mrr_at_1000": 0.56737,
    "mrr_at_3": 0.52086,
    "mrr_at_5": 0.54537,
    "ndcg_at_1": 0.39616,
    "ndcg_at_10": 0.64329,
    "ndcg_at_100": 0.66348,
    "ndcg_at_1000": 0.66416,
    "ndcg_at_3": 0.56021,
    "ndcg_at_5": 0.60331,
    "precision_at_1": 0.39616,
    "precision_at_10": 0.09068,
    "precision_at_100": 0.00991,
    "precision_at_1000": 0.001,
    "precision_at_3": 0.22665,
    "precision_at_5": 0.1569,
    "recall_at_1": 0.39616,
    "recall_at_10": 0.90683,
    "recall_at_100": 0.99147,
    "recall_at_1000": 0.99644,
    "recall_at_3": 0.67994,
    "recall_at_5": 0.7845
  }
}