{
  "dataset_revision": "4f58c6b202a23cf9a4da393831edf4f9183cad37",
  "mteb_dataset_name": "EmotionClassification",
  "mteb_version": "1.1.2",
  "test": {
    "accuracy": 0.5547000000000001,
    "accuracy_stderr": 0.025462914208707523,
    "evaluation_time": 0.58,
    "f1": 0.4914118354027309,
    "f1_stderr": 0.015059237926821104,
    "main_score": 0.5547000000000001
  }
}