{
  "dataset_revision": "af5e6fb845001ecf41f4c1e033ce921939a2a68d",
  "mteb_dataset_name": "STS17",
  "mteb_version": "1.1.2",
  "test": {
    "en-en": {
      "cos_sim": {
        "pearson": 0.8975043691602522,
        "spearman": 0.9013341861477714
      },
      "euclidean": {
        "pearson": 0.9031096235627577,
        "spearman": 0.8968724953794565
      },
      "manhattan": {
        "pearson": 0.8962347512049215,
        "spearman": 0.8887286700484044
      }
    },
    "evaluation_time": 0.05
  }
}