{
  "dataset_revision": "e8379541af4e31359cca9fbcf4b00f2671dba205",
  "mteb_dataset_name": "AmazonCounterfactualClassification",
  "mteb_version": "1.1.2",
  "test": {
    "en": {
      "accuracy": 0.7601492537313433,
      "accuracy_stderr": 0.038332647270133406,
      "ap": 0.39114264551757055,
      "ap_stderr": 0.039974750810404656,
      "f1": 0.699910183670819,
      "f1_stderr": 0.036087149654435755,
      "main_score": 0.7601492537313433
    },
    "evaluation_time": 0.82
  }
}