{
  "dataset_revision": "ae752c7c21bf194d8b67fd573edf7ae58183cbe3",
  "mteb_dataset_name": "STS15",
  "mteb_version": "1.1.2",
  "test": {
    "cos_sim": {
      "pearson": 0.8763878919496498,
      "spearman": 0.8907799920008336
    },
    "euclidean": {
      "pearson": 0.8976772160825682,
      "spearman": 0.9026764380979717
    },
    "evaluation_time": 0.49,
    "manhattan": {
      "pearson": 0.8901667873640372,
      "spearman": 0.8968307171980274
    }
  }
}