{
  "dataset_revision": "7e90230a92c190f1bf69ae9002b8cea547a64cca",
  "mteb_dataset_name": "STS13",
  "mteb_version": "1.1.2",
  "test": {
    "cos_sim": {
      "pearson": 0.8708292845657762,
      "spearman": 0.8772748415377014
    },
    "euclidean": {
      "pearson": 0.8878722292679875,
      "spearman": 0.894421045038373
    },
    "evaluation_time": 0.25,
    "manhattan": {
      "pearson": 0.8774308357570606,
      "spearman": 0.8834101112949969
    }
  }
}