{
  "dataset_revision": null,
  "mteb_dataset_name": "ArguAna",
  "mteb_version": "1.1.2",
  "test": {
    "evaluation_time": 1.97,
    "map_at_1": 0.35846,
    "map_at_10": 0.52924,
    "map_at_100": 0.53527,
    "map_at_1000": 0.53532,
    "map_at_3": 0.48305,
    "map_at_5": 0.51239,
    "mrr_at_1": 0.36771,
    "mrr_at_10": 0.53256,
    "mrr_at_100": 0.53859,
    "mrr_at_1000": 0.53864,
    "mrr_at_3": 0.48649,
    "mrr_at_5": 0.51558,
    "ndcg_at_1": 0.35846,
    "ndcg_at_10": 0.6171,
    "ndcg_at_100": 0.64027,
    "ndcg_at_1000": 0.64126,
    "ndcg_at_3": 0.52408,
    "ndcg_at_5": 0.57688,
    "precision_at_1": 0.35846,
    "precision_at_10": 0.0894,
    "precision_at_100": 0.00989,
    "precision_at_1000": 0.001,
    "precision_at_3": 0.21432,
    "precision_at_5": 0.1542,
    "recall_at_1": 0.35846,
    "recall_at_10": 0.89403,
    "recall_at_100": 0.98933,
    "recall_at_1000": 0.99644,
    "recall_at_3": 0.64296,
    "recall_at_5": 0.77098
  }
}