{
  "dataset_revision": "b0fddb56ed78048fa8b90373c8a3cfc37b684831",
  "mteb_dataset_name": "STSBenchmark",
  "mteb_version": "1.1.2",
  "test": {
    "cos_sim": {
      "pearson": 0.8601204909102487,
      "spearman": 0.8688102017476756
    },
    "euclidean": {
      "pearson": 0.8820691298020187,
      "spearman": 0.8844216933599326
    },
    "evaluation_time": 0.07,
    "manhattan": {
      "pearson": 0.8836098475588888,
      "spearman": 0.8823071911827159
    }
  }
}