{
  "dataset_revision": null,
  "mteb_dataset_name": "SciFact",
  "mteb_version": "1.1.2",
  "test": {
    "evaluation_time": 0.76,
    "map_at_1": 0.61761,
    "map_at_10": 0.70579,
    "map_at_100": 0.71176,
    "map_at_1000": 0.71195,
    "map_at_3": 0.67652,
    "map_at_5": 0.69462,
    "mrr_at_1": 0.64667,
    "mrr_at_10": 0.71524,
    "mrr_at_100": 0.7202,
    "mrr_at_1000": 0.72038,
    "mrr_at_3": 0.69444,
    "mrr_at_5": 0.70811,
    "ndcg_at_1": 0.64667,
    "ndcg_at_10": 0.74611,
    "ndcg_at_100": 0.77111,
    "ndcg_at_1000": 0.775,
    "ndcg_at_3": 0.69916,
    "ndcg_at_5": 0.72446,
    "precision_at_1": 0.64667,
    "precision_at_10": 0.09767,
    "precision_at_100": 0.011,
    "precision_at_1000": 0.00113,
    "precision_at_3": 0.27,
    "precision_at_5": 0.17933,
    "recall_at_1": 0.61761,
    "recall_at_10": 0.85922,
    "recall_at_100": 0.97167,
    "recall_at_1000": 1.0,
    "recall_at_3": 0.73406,
    "recall_at_5": 0.79744
  }
}