{
  "dataset_revision": "a0d554a64d88156834ff5ae9920b964011b16384",
  "mteb_dataset_name": "STS12",
  "mteb_version": "1.1.2",
  "test": {
    "cos_sim": {
      "pearson": 0.8459051926190841,
      "spearman": 0.7578004799541302
    },
    "euclidean": {
      "pearson": 0.8467266593977011,
      "spearman": 0.792281460537944
    },
    "evaluation_time": 0.41,
    "manhattan": {
      "pearson": 0.7904883775798056,
      "spearman": 0.777319060918836
    }
  }
}