{
  "dataset_revision": "6c6430d3a6d36f8d2a829195bc5dc94d7e063e53",
  "mteb_dataset_name": "CQADupstackUnixRetrieval",
  "mteb_version": "1.2.0",
  "test": {
    "evaluation_time": 45.24,
    "map_at_1": 0.27759,
    "map_at_10": 0.37795,
    "map_at_100": 0.38985,
    "map_at_1000": 0.39079,
    "map_at_3": 0.34851,
    "map_at_5": 0.36574,
    "mrr_at_1": 0.32743,
    "mrr_at_10": 0.4204,
    "mrr_at_100": 0.42931,
    "mrr_at_1000": 0.42987,
    "mrr_at_3": 0.39537,
    "mrr_at_5": 0.41043,
    "ndcg_at_1": 0.32743,
    "ndcg_at_10": 0.43495,
    "ndcg_at_100": 0.48754,
    "ndcg_at_1000": 0.50873,
    "ndcg_at_3": 0.38334,
    "ndcg_at_5": 0.40905,
    "precision_at_1": 0.32743,
    "precision_at_10": 0.07276,
    "precision_at_100": 0.01126,
    "precision_at_1000": 0.00142,
    "precision_at_3": 0.17506,
    "precision_at_5": 0.12313,
    "recall_at_1": 0.27759,
    "recall_at_10": 0.56503,
    "recall_at_100": 0.78866,
    "recall_at_1000": 0.93528,
    "recall_at_3": 0.42738,
    "recall_at_5": 0.49063
  }
}