{
  "dataset_revision": "90fceea13679c63fe563ded68f3b6f06e50061de",
  "mteb_dataset_name": "CQADupstackMathematicaRetrieval",
  "mteb_version": "1.2.0",
  "test": {
    "evaluation_time": 16.36,
    "map_at_1": 0.18735,
    "map_at_10": 0.27927,
    "map_at_100": 0.29164,
    "map_at_1000": 0.29288,
    "map_at_3": 0.24975,
    "map_at_5": 0.2685,
    "mrr_at_1": 0.23383,
    "mrr_at_10": 0.33029,
    "mrr_at_100": 0.33913,
    "mrr_at_1000": 0.33977,
    "mrr_at_3": 0.3012,
    "mrr_at_5": 0.31992,
    "ndcg_at_1": 0.23383,
    "ndcg_at_10": 0.33674,
    "ndcg_at_100": 0.3944,
    "ndcg_at_1000": 0.42212,
    "ndcg_at_3": 0.28415,
    "ndcg_at_5": 0.31341,
    "precision_at_1": 0.23383,
    "precision_at_10": 0.06231,
    "precision_at_100": 0.01046,
    "precision_at_1000": 0.00143,
    "precision_at_3": 0.13806,
    "precision_at_5": 0.10299,
    "recall_at_1": 0.18735,
    "recall_at_10": 0.46112,
    "recall_at_100": 0.71261,
    "recall_at_1000": 0.9087,
    "recall_at_3": 0.31969,
    "recall_at_5": 0.3936
  }
}