{
  "dataset_revision": "ad9991cb51e31e31e430383c75ffb2885547b5f0",
  "mteb_dataset_name": "CQADupstackEnglishRetrieval",
  "mteb_version": "1.2.0",
  "test": {
    "evaluation_time": 32.82,
    "map_at_1": 0.32803,
    "map_at_10": 0.4334,
    "map_at_100": 0.44644,
    "map_at_1000": 0.44784,
    "map_at_3": 0.40162,
    "map_at_5": 0.42023,
    "mrr_at_1": 0.40764,
    "mrr_at_10": 0.49248,
    "mrr_at_100": 0.49868,
    "mrr_at_1000": 0.49915,
    "mrr_at_3": 0.46985,
    "mrr_at_5": 0.4838,
    "ndcg_at_1": 0.40764,
    "ndcg_at_10": 0.49042,
    "ndcg_at_100": 0.53271,
    "ndcg_at_1000": 0.55362,
    "ndcg_at_3": 0.44826,
    "ndcg_at_5": 0.46886,
    "precision_at_1": 0.40764,
    "precision_at_10": 0.09248,
    "precision_at_100": 0.01475,
    "precision_at_1000": 0.00195,
    "precision_at_3": 0.21635,
    "precision_at_5": 0.15325,
    "recall_at_1": 0.32803,
    "recall_at_10": 0.5882,
    "recall_at_100": 0.76231,
    "recall_at_1000": 0.894,
    "recall_at_3": 0.4621,
    "recall_at_5": 0.52197
  }
}