{
  "dataset_revision": null,
  "mteb_dataset_name": "SciFact",
  "mteb_version": "1.1.2",
  "test": {
    "evaluation_time": 6.78,
    "map_at_1": 0.61261,
    "map_at_10": 0.70427,
    "map_at_100": 0.71026,
    "map_at_1000": 0.71053,
    "map_at_3": 0.67246,
    "map_at_5": 0.69254,
    "mrr_at_1": 0.64,
    "mrr_at_10": 0.71392,
    "mrr_at_100": 0.71871,
    "mrr_at_1000": 0.71897,
    "mrr_at_3": 0.69,
    "mrr_at_5": 0.70683,
    "ndcg_at_1": 0.64,
    "ndcg_at_10": 0.74722,
    "ndcg_at_100": 0.76953,
    "ndcg_at_1000": 0.77488,
    "ndcg_at_3": 0.6949,
    "ndcg_at_5": 0.72538,
    "precision_at_1": 0.64,
    "precision_at_10": 0.09867,
    "precision_at_100": 0.0109,
    "precision_at_1000": 0.00113,
    "precision_at_3": 0.26778,
    "precision_at_5": 0.18067,
    "recall_at_1": 0.61261,
    "recall_at_10": 0.86822,
    "recall_at_100": 0.96167,
    "recall_at_1000": 1.0,
    "recall_at_3": 0.73172,
    "recall_at_5": 0.80661
  }
}