{
  "dataset_revision": "d66bd1f72af766a5cc4b0ca5e00c162f89e8cc46",
  "mteb_dataset_name": "SprintDuplicateQuestions",
  "mteb_version": "1.2.0",
  "test": {
    "cos_sim": {
      "accuracy": 0.9986336633663366,
      "accuracy_threshold": 0.784874677658081,
      "ap": 0.9676986049711028,
      "f1": 0.9310689310689311,
      "f1_threshold": 0.784874677658081,
      "precision": 0.9301397205588823,
      "recall": 0.932
    },
    "dot": {
      "accuracy": 0.9986336633663366,
      "accuracy_threshold": 0.7848747372627258,
      "ap": 0.9676986050927906,
      "f1": 0.9310689310689311,
      "f1_threshold": 0.7848747372627258,
      "precision": 0.9301397205588823,
      "recall": 0.932
    },
    "euclidean": {
      "accuracy": 0.9986336633663366,
      "accuracy_threshold": 0.6559345722198486,
      "ap": 0.9676986050927906,
      "f1": 0.9310689310689311,
      "f1_threshold": 0.6559345722198486,
      "precision": 0.9301397205588823,
      "recall": 0.932
    },
    "evaluation_time": 19.39,
    "manhattan": {
      "accuracy": 0.9986633663366337,
      "accuracy_threshold": 28.403675079345703,
      "ap": 0.9681013206930914,
      "f1": 0.9323985978968453,
      "f1_threshold": 28.403675079345703,
      "precision": 0.9338014042126379,
      "recall": 0.931
    },
    "max": {
      "accuracy": 0.9986633663366337,
      "ap": 0.9681013206930914,
      "f1": 0.9323985978968453
    }
  }
}