{
  "dataset_revision": "0fd18e25b25c072e09e0d92ab615fda904d66300",
  "mteb_dataset_name": "Banking77Classification",
  "mteb_version": "1.4.1",
  "test": {
    "accuracy": 0.8380194805194805,
    "accuracy_stderr": 0.0045580761684319345,
    "evaluation_time": 5.56,
    "f1": 0.8308904175474574,
    "f1_stderr": 0.005907052764221727,
    "main_score": 0.8380194805194805
  }
}