{
  "dataset_revision": "af5e6fb845001ecf41f4c1e033ce921939a2a68d",
  "mteb_dataset_name": "STS17",
  "mteb_version": "1.4.1",
  "test": {
    "en-en": {
      "cos_sim": {
        "pearson": 0.892163669808081,
        "spearman": 0.8930719666789886
      },
      "euclidean": {
        "pearson": 0.8995441313955097,
        "spearman": 0.8906460400451611
      },
      "manhattan": {
        "pearson": 0.8801602946500345,
        "spearman": 0.8700027920628387
      }
    },
    "evaluation_time": 0.03
  }
}