{
  "dataset_revision": "0fd18e25b25c072e09e0d92ab615fda904d66300",
  "mteb_dataset_name": "Banking77Classification",
  "mteb_version": "1.2.0",
  "test": {
    "accuracy": 0.8582792207792208,
    "accuracy_stderr": 0.004774493886315828,
    "evaluation_time": 125.92,
    "f1": 0.8535279550017764,
    "f1_stderr": 0.005803374403106759,
    "main_score": 0.8582792207792208
  }
}