{
  "dataset_revision": "d3fb88f8f02e40887cd149695127462bbcf29b4a",
  "mteb_dataset_name": "BIOSSES",
  "mteb_version": "1.1.2",
  "test": {
    "cos_sim": {
      "pearson": 0.9003464093556308,
      "spearman": 0.8838153190544964
    },
    "euclidean": {
      "pearson": 0.8816700775118038,
      "spearman": 0.8838153190544964
    },
    "evaluation_time": 0.03,
    "manhattan": {
      "pearson": 0.8789113028711368,
      "spearman": 0.8826526419597003
    }
  }
}