{
  "dataset_revision": "160c094312a0e1facb97e55eeddb698c0abe3571",
  "mteb_dataset_name": "CQADupstackWebmastersRetrieval",
  "mteb_version": "1.2.0",
  "test": {
    "evaluation_time": 3.08,
    "map_at_1": 0.23835,
    "map_at_10": 0.34108,
    "map_at_100": 0.35638,
    "map_at_1000": 0.35857,
    "map_at_3": 0.30918,
    "map_at_5": 0.3252,
    "mrr_at_1": 0.28854,
    "mrr_at_10": 0.3907,
    "mrr_at_100": 0.39964,
    "mrr_at_1000": 0.40001,
    "mrr_at_3": 0.36462,
    "mrr_at_5": 0.37777,
    "ndcg_at_1": 0.28854,
    "ndcg_at_10": 0.40767,
    "ndcg_at_100": 0.46639,
    "ndcg_at_1000": 0.48795,
    "ndcg_at_3": 0.3538,
    "ndcg_at_5": 0.37652,
    "precision_at_1": 0.28854,
    "precision_at_10": 0.08182,
    "precision_at_100": 0.01603,
    "precision_at_1000": 0.00246,
    "precision_at_3": 0.17128,
    "precision_at_5": 0.1253,
    "recall_at_1": 0.23835,
    "recall_at_10": 0.541,
    "recall_at_100": 0.80696,
    "recall_at_1000": 0.93795,
    "recall_at_3": 0.38669,
    "recall_at_5": 0.44647
  }
}