{
  "dataset_revision": "eea2b4fe26a775864c896887d910b76a8098ad3f",
  "mteb_dataset_name": "STS22",
  "mteb_version": "1.2.0",
  "test": {
    "en": {
      "cos_sim": {
        "pearson": 0.689302979261326,
        "spearman": 0.6976700486134211
      },
      "euclidean": {
        "pearson": 0.7079665971531136,
        "spearman": 0.6976700486134211
      },
      "manhattan": {
        "pearson": 0.7089576854860405,
        "spearman": 0.6989852539647899
      }
    },
    "evaluation_time": 0.03
  }
}