{
  "dataset_revision": "af5e6fb845001ecf41f4c1e033ce921939a2a68d",
  "mteb_dataset_name": "STS17",
  "mteb_version": "1.1.2",
  "test": {
    "en-en": {
      "cos_sim": {
        "pearson": 0.8854722843889836,
        "spearman": 0.8909358750446709
      },
      "euclidean": {
        "pearson": 0.8925550004681656,
        "spearman": 0.8854309320367414
      },
      "manhattan": {
        "pearson": 0.8950075376415787,
        "spearman": 0.8853867264333679
      }
    },
    "evaluation_time": 0.04
  }
}