{
  "dataset_revision": "70970daeab8776df92f5ea462b6173c0b46fd2d1",
  "mteb_dataset_name": "TwitterSemEval2015",
  "mteb_version": "1.1.2",
  "test": {
    "cos_sim": {
      "accuracy": 0.876914823866007,
      "accuracy_threshold": 0.7514406956807422,
      "ap": 0.7850242725317216,
      "f1": 0.7180691454664058,
      "f1_threshold": 0.726916910836042,
      "precision": 0.7101935483870968,
      "recall": 0.7261213720316623
    },
    "dot": {
      "accuracy": 0.8560529296060082,
      "accuracy_threshold": 0.26023655152531505,
      "ap": 0.7217514069378119,
      "f1": 0.6665820213306247,
      "f1_threshold": 0.24413635513868,
      "precision": 0.6424375917767988,
      "recall": 0.6926121372031663
    },
    "euclidean": {
      "accuracy": 0.8757227156225785,
      "accuracy_threshold": 0.4068084441299202,
      "ap": 0.7847064073360234,
      "f1": 0.7175162897661939,
      "f1_threshold": 0.43509270929485955,
      "precision": 0.6955660143671043,
      "recall": 0.7408970976253298
    },
    "evaluation_time": 1.11,
    "manhattan": {
      "accuracy": 0.8759015318590928,
      "accuracy_threshold": 4.921539573815176,
      "ap": 0.7840506775842442,
      "f1": 0.716795865633075,
      "f1_threshold": 5.292612873868196,
      "precision": 0.7022784810126582,
      "recall": 0.7319261213720316
    },
    "max": {
      "accuracy": 0.876914823866007,
      "ap": 0.7850242725317216,
      "f1": 0.7180691454664058
    }
  }
}