{
  "dataset_revision": null,
  "mteb_dataset_name": "ArguAna",
  "mteb_version": "1.1.2",
  "test": {
    "evaluation_time": 2.46,
    "map_at_1": 0.37127,
    "map_at_10": 0.53894,
    "map_at_100": 0.54462,
    "map_at_1000": 0.54465,
    "map_at_3": 0.4949,
    "map_at_5": 0.52204,
    "mrr_at_1": 0.3798,
    "mrr_at_10": 0.54224,
    "mrr_at_100": 0.54785,
    "mrr_at_1000": 0.54788,
    "mrr_at_3": 0.49858,
    "mrr_at_5": 0.52479,
    "ndcg_at_1": 0.37127,
    "ndcg_at_10": 0.62578,
    "ndcg_at_100": 0.648,
    "ndcg_at_1000": 0.64859,
    "ndcg_at_3": 0.53631,
    "ndcg_at_5": 0.58537,
    "precision_at_1": 0.37127,
    "precision_at_10": 0.08997,
    "precision_at_100": 0.00992,
    "precision_at_1000": 0.001,
    "precision_at_3": 0.21882,
    "precision_at_5": 0.15519,
    "recall_at_1": 0.37127,
    "recall_at_10": 0.89972,
    "recall_at_100": 0.99218,
    "recall_at_1000": 0.99644,
    "recall_at_3": 0.65647,
    "recall_at_5": 0.77596
  }
}