{
  "dataset_revision": "eea2b4fe26a775864c896887d910b76a8098ad3f",
  "mteb_dataset_name": "STS22",
  "mteb_version": "1.1.2",
  "test": {
    "en": {
      "cos_sim": {
        "pearson": 0.6885822836060742,
        "spearman": 0.6969245485503927
      },
      "euclidean": {
        "pearson": 0.7117737687210843,
        "spearman": 0.7028600637902029
      },
      "manhattan": {
        "pearson": 0.7126413629101712,
        "spearman": 0.6984204318646353
      }
    },
    "evaluation_time": 0.07
  }
}