{
  "dataset_revision": "4d8694f8f0e0100860b497b999b3dbed754a0513",
  "mteb_dataset_name": "STS16",
  "mteb_version": "1.1.2",
  "test": {
    "cos_sim": {
      "pearson": 0.8385678027980079,
      "spearman": 0.8529489101182075
    },
    "euclidean": {
      "pearson": 0.8653230088190497,
      "spearman": 0.8713277865174194
    },
    "evaluation_time": 0.18,
    "manhattan": {
      "pearson": 0.8595295006153797,
      "spearman": 0.866627520886733
    }
  }
}