{
  "dataset_revision": "6031580fec1f6af667f0bd2da0a551cf4f0b2375",
  "mteb_dataset_name": "STS14",
  "mteb_version": "1.2.0",
  "test": {
    "cos_sim": {
      "pearson": 0.8679337329745841,
      "spearman": 0.8354579332275734
    },
    "euclidean": {
      "pearson": 0.8632815452571727,
      "spearman": 0.8453782792017758
    },
    "evaluation_time": 0.08,
    "manhattan": {
      "pearson": 0.8317473451651933,
      "spearman": 0.8281854143038735
    }
  }
}