{
  "dataset_revision": "70970daeab8776df92f5ea462b6173c0b46fd2d1",
  "mteb_dataset_name": "TwitterSemEval2015",
  "mteb_version": "1.2.0",
  "test": {
    "cos_sim": {
      "accuracy": 0.8766167968051499,
      "accuracy_threshold": 0.7369444678811735,
      "ap": 0.7872002297489283,
      "f1": 0.720537866294558,
      "f1_threshold": 0.7055715158503989,
      "precision": 0.6938675787930614,
      "recall": 0.7493403693931399
    },
    "dot": {
      "accuracy": 0.8620730762353221,
      "accuracy_threshold": 0.5117660125763892,
      "ap": 0.7459992019247732,
      "f1": 0.6860037998733376,
      "f1_threshold": 0.4739956279397441,
      "precision": 0.6596833130328867,
      "recall": 0.7145118733509235
    },
    "euclidean": {
      "accuracy": 0.8788221970554927,
      "accuracy_threshold": 0.5857744314080106,
      "ap": 0.7928022197337913,
      "f1": 0.7233551365909966,
      "f1_threshold": 0.6258457941126265,
      "precision": 0.7037684052907413,
      "recall": 0.7440633245382586
    },
    "evaluation_time": 3.66,
    "manhattan": {
      "accuracy": 0.8707754664123503,
      "accuracy_threshold": 11.58091522885784,
      "ap": 0.7737428732995847,
      "f1": 0.7102993404363267,
      "f1_threshold": 12.396879652205207,
      "precision": 0.6839276990718124,
      "recall": 0.7387862796833773
    },
    "max": {
      "accuracy": 0.8788221970554927,
      "ap": 0.7928022197337913,
      "f1": 0.7233551365909966
    }
  }
}