{
  "dataset_revision": "eea2b4fe26a775864c896887d910b76a8098ad3f",
  "mteb_dataset_name": "STS22",
  "mteb_version": "1.1.2",
  "test": {
    "en": {
      "cos_sim": {
        "pearson": 0.6817159784813759,
        "spearman": 0.6874438386877094
      },
      "euclidean": {
        "pearson": 0.7028683873598255,
        "spearman": 0.6917337195089134
      },
      "manhattan": {
        "pearson": 0.6966125251994496,
        "spearman": 0.6815498305474784
      }
    },
    "evaluation_time": 0.04
  }
}