{
  "dataset_revision": "b0fddb56ed78048fa8b90373c8a3cfc37b684831",
  "mteb_dataset_name": "STSBenchmark",
  "mteb_version": "1.1.2",
  "test": {
    "cos_sim": {
      "pearson": 0.8763565691746177,
      "spearman": 0.8836926273491071
    },
    "euclidean": {
      "pearson": 0.8939609015067811,
      "spearman": 0.8949032697142292
    },
    "evaluation_time": 0.15,
    "manhattan": {
      "pearson": 0.8713723229160907,
      "spearman": 0.875440361540383
    }
  }
}