{
  "dataset_revision": "ae752c7c21bf194d8b67fd573edf7ae58183cbe3",
  "mteb_dataset_name": "STS15",
  "mteb_version": "1.2.0",
  "test": {
    "cos_sim": {
      "pearson": 0.8747914933787144,
      "spearman": 0.8903304596497528
    },
    "euclidean": {
      "pearson": 0.8992744277667521,
      "spearman": 0.9041408509772917
    },
    "evaluation_time": 0.51,
    "manhattan": {
      "pearson": 0.8919715569949282,
      "spearman": 0.8984435652584132
    }
  }
}