{
  "dataset_revision": "a0d554a64d88156834ff5ae9920b964011b16384",
  "mteb_dataset_name": "STS12",
  "mteb_version": "1.2.0",
  "test": {
    "cos_sim": {
      "pearson": 0.8492018081722773,
      "spearman": 0.7586702091483669
    },
    "euclidean": {
      "pearson": 0.8569344325880637,
      "spearman": 0.7846808664636529
    },
    "evaluation_time": 0.55,
    "manhattan": {
      "pearson": 0.8309578604590251,
      "spearman": 0.7791171120660487
    }
  }
}