{
  "dataset_revision": "a0d554a64d88156834ff5ae9920b964011b16384",
  "mteb_dataset_name": "STS12",
  "mteb_version": "1.1.2",
  "test": {
    "cos_sim": {
      "pearson": 0.8483968297823192,
      "spearman": 0.7570059740955836
    },
    "euclidean": {
      "pearson": 0.8541145750050246,
      "spearman": 0.7808144475818958
    },
    "evaluation_time": 0.5,
    "manhattan": {
      "pearson": 0.8274117112128871,
      "spearman": 0.7768735975769974
    }
  }
}