{
  "dataset_revision": null,
  "mteb_dataset_name": "ArguAna",
  "mteb_version": "1.1.2",
  "test": {
    "evaluation_time": 4.27,
    "map_at_1": 0.31223,
    "map_at_10": 0.48151,
    "map_at_100": 0.48811,
    "map_at_1000": 0.48813,
    "map_at_3": 0.42579,
    "map_at_5": 0.46047,
    "mrr_at_1": 0.3165,
    "mrr_at_10": 0.48316,
    "mrr_at_100": 0.48975,
    "mrr_at_1000": 0.48978,
    "mrr_at_3": 0.42734,
    "mrr_at_5": 0.46211,
    "ndcg_at_1": 0.31223,
    "ndcg_at_10": 0.57662,
    "ndcg_at_100": 0.6032,
    "ndcg_at_1000": 0.6037,
    "ndcg_at_3": 0.46344,
    "ndcg_at_5": 0.52572,
    "precision_at_1": 0.31223,
    "precision_at_10": 0.08805,
    "precision_at_100": 0.00993,
    "precision_at_1000": 0.001,
    "precision_at_3": 0.19085,
    "precision_at_5": 0.14467,
    "recall_at_1": 0.31223,
    "recall_at_10": 0.88051,
    "recall_at_100": 0.99289,
    "recall_at_1000": 0.99644,
    "recall_at_3": 0.57255,
    "recall_at_5": 0.72333
  }
}