{
  "dataset_revision": "79531abbd1fb92d06c6d6315a0cbbbf5bb247ea4",
  "mteb_dataset_name": "CQADupstackPhysicsRetrieval",
  "mteb_version": "1.2.0",
  "test": {
    "evaluation_time": 6.56,
    "map_at_1": 0.30197,
    "map_at_10": 0.42031,
    "map_at_100": 0.43325,
    "map_at_1000": 0.43433,
    "map_at_3": 0.38539,
    "map_at_5": 0.40449,
    "mrr_at_1": 0.3744,
    "mrr_at_10": 0.47659,
    "mrr_at_100": 0.48447,
    "mrr_at_1000": 0.48485,
    "mrr_at_3": 0.4522,
    "mrr_at_5": 0.46572,
    "ndcg_at_1": 0.3744,
    "ndcg_at_10": 0.4852,
    "ndcg_at_100": 0.53745,
    "ndcg_at_1000": 0.55639,
    "ndcg_at_3": 0.43077,
    "ndcg_at_5": 0.45512,
    "precision_at_1": 0.3744,
    "precision_at_10": 0.08893,
    "precision_at_100": 0.01345,
    "precision_at_1000": 0.0017,
    "precision_at_3": 0.20565,
    "precision_at_5": 0.14572,
    "recall_at_1": 0.30197,
    "recall_at_10": 0.62227,
    "recall_at_100": 0.83774,
    "recall_at_1000": 0.95974,
    "recall_at_3": 0.47031,
    "recall_at_5": 0.53276
  }
}