{
  "dataset_revision": "6184bc1440d2dbc7612be22b50686b8826d22b32",
  "mteb_dataset_name": "CQADupstackProgrammersRetrieval",
  "mteb_version": "1.2.0",
  "test": {
    "evaluation_time": 5.56,
    "map_at_1": 0.25229,
    "map_at_10": 0.36345,
    "map_at_100": 0.37761,
    "map_at_1000": 0.3787,
    "map_at_3": 0.32884,
    "map_at_5": 0.345,
    "mrr_at_1": 0.31507,
    "mrr_at_10": 0.41914,
    "mrr_at_100": 0.42767,
    "mrr_at_1000": 0.42818,
    "mrr_at_3": 0.39155,
    "mrr_at_5": 0.40571,
    "ndcg_at_1": 0.31507,
    "ndcg_at_10": 0.42973,
    "ndcg_at_100": 0.48622,
    "ndcg_at_1000": 0.50805,
    "ndcg_at_3": 0.37172,
    "ndcg_at_5": 0.39372,
    "precision_at_1": 0.31507,
    "precision_at_10": 0.08208,
    "precision_at_100": 0.01266,
    "precision_at_1000": 0.00164,
    "precision_at_3": 0.18113,
    "precision_at_5": 0.12922,
    "recall_at_1": 0.25229,
    "recall_at_10": 0.57244,
    "recall_at_100": 0.81,
    "recall_at_1000": 0.95562,
    "recall_at_3": 0.40794,
    "recall_at_5": 0.46668
  }
}