{
  "dataset_revision": "af5e6fb845001ecf41f4c1e033ce921939a2a68d",
  "mteb_dataset_name": "STS17",
  "mteb_version": "1.2.0",
  "test": {
    "en-en": {
      "cos_sim": {
        "pearson": 0.8840144190926993,
        "spearman": 0.8831068704889484
      },
      "euclidean": {
        "pearson": 0.8912829966963723,
        "spearman": 0.8831068704889484
      },
      "manhattan": {
        "pearson": 0.8932212409246134,
        "spearman": 0.8860828685873627
      }
    },
    "evaluation_time": 0.12
  }
}