{
  "dataset_revision": "b0fddb56ed78048fa8b90373c8a3cfc37b684831",
  "mteb_dataset_name": "STSBenchmark",
  "mteb_version": "1.2.0",
  "test": {
    "cos_sim": {
      "pearson": 0.8668958996901858,
      "spearman": 0.8795014391317146
    },
    "euclidean": {
      "pearson": 0.8746869570279359,
      "spearman": 0.8795006478287235
    },
    "evaluation_time": 0.1,
    "manhattan": {
      "pearson": 0.8752276794450747,
      "spearman": 0.8791652870847487
    }
  }
}