{
  "dataset_revision": "4f58c6b202a23cf9a4da393831edf4f9183cad37",
  "mteb_dataset_name": "EmotionClassification",
  "mteb_version": "1.2.0",
  "test": {
    "accuracy": 0.5608000000000001,
    "accuracy_stderr": 0.022436800128360544,
    "evaluation_time": 43.68,
    "f1": 0.49757196937528414,
    "f1_stderr": 0.012711582559943778,
    "main_score": 0.5608000000000001
  }
}