{
  "dataset_revision": "31efe3c427b0bae9c22cbb560b8f15491cc6bed7",
  "mteb_dataset_name": "MassiveIntentClassification",
  "mteb_version": "1.2.0",
  "test": {
    "en": {
      "accuracy": 0.7429724277067922,
      "accuracy_stderr": 0.017001757816096773,
      "f1": 0.7269909054135409,
      "f1_stderr": 0.013615562397405634,
      "main_score": 0.7429724277067922
    },
    "evaluation_time": 147.39
  }
}