{
  "dataset_revision": "e8379541af4e31359cca9fbcf4b00f2671dba205",
  "mteb_dataset_name": "AmazonCounterfactualClassification",
  "mteb_version": "1.1.2",
  "test": {
    "en": {
      "accuracy": 0.7643283582089552,
      "accuracy_stderr": 0.03620718333078929,
      "ap": 0.3907146070025909,
      "ap_stderr": 0.04097184601387014,
      "f1": 0.701603057263817,
      "f1_stderr": 0.035545027939233496,
      "main_score": 0.7643283582089552
    },
    "evaluation_time": 10.77
  }
}