{
  "dataset_revision": "b0fddb56ed78048fa8b90373c8a3cfc37b684831",
  "mteb_dataset_name": "STSBenchmark",
  "mteb_version": "1.1.2",
  "test": {
    "cos_sim": {
      "pearson": 0.8800804093135961,
      "spearman": 0.8864506579309966
    },
    "euclidean": {
      "pearson": 0.8876406380489169,
      "spearman": 0.8864506579309966
    },
    "evaluation_time": 0.49,
    "manhattan": {
      "pearson": 0.8882273404759137,
      "spearman": 0.8872439326962867
    }
  }
}