{
  "dataset_revision": "3d86128a09e091d6018b6d26cad27f2739fc2db7",
  "mteb_dataset_name": "ImdbClassification",
  "mteb_version": "1.2.0",
  "test": {
    "accuracy": 0.933272,
    "accuracy_stderr": 0.004896914947188705,
    "ap": 0.901121199419553,
    "ap_stderr": 0.009136494153612378,
    "evaluation_time": 3.17,
    "f1": 0.9332213608914737,
    "f1_stderr": 0.004925508731176216,
    "main_score": 0.933272
  }
}