{
  "dataset_revision": "ec0fa4fe99da2ff19ca1214b7966684033a58814",
  "mteb_dataset_name": "NFCorpus",
  "mteb_version": "1.2.0",
  "test": {
    "evaluation_time": 1.02,
    "map_at_1": 0.07242,
    "map_at_10": 0.15389,
    "map_at_100": 0.19993,
    "map_at_1000": 0.21672,
    "map_at_3": 0.11491,
    "map_at_5": 0.13119,
    "mrr_at_1": 0.50155,
    "mrr_at_10": 0.58918,
    "mrr_at_100": 0.59462,
    "mrr_at_1000": 0.59492,
    "mrr_at_3": 0.5676,
    "mrr_at_5": 0.58168,
    "ndcg_at_1": 0.48452,
    "ndcg_at_10": 0.38711,
    "ndcg_at_100": 0.36702,
    "ndcg_at_1000": 0.45511,
    "ndcg_at_3": 0.43963,
    "ndcg_at_5": 0.41633,
    "precision_at_1": 0.49845,
    "precision_at_10": 0.28514,
    "precision_at_100": 0.09334,
    "precision_at_1000": 0.02252,
    "precision_at_3": 0.40867,
    "precision_at_5": 0.35851,
    "recall_at_1": 0.07242,
    "recall_at_10": 0.19433,
    "recall_at_100": 0.3742,
    "recall_at_1000": 0.69226,
    "recall_at_3": 0.1247,
    "recall_at_5": 0.15055
  }
}