{
  "dataset_revision": "7e90230a92c190f1bf69ae9002b8cea547a64cca",
  "mteb_dataset_name": "STS13",
  "mteb_version": "1.2.0",
  "test": {
    "cos_sim": {
      "pearson": 0.8884550010176264,
      "spearman": 0.8967535974387777
    },
    "euclidean": {
      "pearson": 0.8889058504825328,
      "spearman": 0.8967535974387777
    },
    "evaluation_time": 0.13,
    "manhattan": {
      "pearson": 0.8877143466661198,
      "spearman": 0.8957453896580274
    }
  }
}