{
  "dataset_revision": "6031580fec1f6af667f0bd2da0a551cf4f0b2375",
  "mteb_dataset_name": "STS14",
  "mteb_version": "1.2.0",
  "test": {
    "cos_sim": {
      "pearson": 0.8694549135030559,
      "spearman": 0.8477129161221423
    },
    "euclidean": {
      "pearson": 0.8629577074617585,
      "spearman": 0.8477129161221423
    },
    "evaluation_time": 0.37,
    "manhattan": {
      "pearson": 0.8619027185399423,
      "spearman": 0.8458099039529736
    }
  }
}