{
  "dataset_revision": "eea2b4fe26a775864c896887d910b76a8098ad3f",
  "mteb_dataset_name": "STS22",
  "mteb_version": "1.1.2",
  "test": {
    "en": {
      "cos_sim": {
        "pearson": 0.6931495338354449,
        "spearman": 0.6978336354176446
      },
      "euclidean": {
        "pearson": 0.7095147022142798,
        "spearman": 0.6978336354176446
      },
      "manhattan": {
        "pearson": 0.711552311058985,
        "spearman": 0.6991203555045964
      }
    },
    "evaluation_time": 0.23
  }
}