{
  "dataset_revision": "4d8694f8f0e0100860b497b999b3dbed754a0513",
  "mteb_dataset_name": "STS16",
  "mteb_version": "1.1.2",
  "test": {
    "cos_sim": {
      "pearson": 0.8273295307577712,
      "spearman": 0.8469778539671814
    },
    "euclidean": {
      "pearson": 0.8557264028884628,
      "spearman": 0.8603777849723165
    },
    "evaluation_time": 0.1,
    "manhattan": {
      "pearson": 0.8553420026987869,
      "spearman": 0.8595447081869609
    }
  }
}