{
  "dataset_revision": "ae752c7c21bf194d8b67fd573edf7ae58183cbe3",
  "mteb_dataset_name": "STS15",
  "mteb_version": "1.1.2",
  "test": {
    "cos_sim": {
      "pearson": 0.8645109170020858,
      "spearman": 0.8840876979565194
    },
    "euclidean": {
      "pearson": 0.8897067472646683,
      "spearman": 0.893972374567417
    },
    "evaluation_time": 0.25,
    "manhattan": {
      "pearson": 0.8896109716518746,
      "spearman": 0.8938813655193617
    }
  }
}