{
  "dataset_revision": "5003b3064772da1887988e05400cf3806fe491f2",
  "mteb_dataset_name": "CQADupstackGisRetrieval",
  "mteb_version": "1.2.0",
  "test": {
    "evaluation_time": 9.61,
    "map_at_1": 0.27722,
    "map_at_10": 0.37445,
    "map_at_100": 0.38457,
    "map_at_1000": 0.38524,
    "map_at_3": 0.34461,
    "map_at_5": 0.36125,
    "mrr_at_1": 0.30169,
    "mrr_at_10": 0.39708,
    "mrr_at_100": 0.4058,
    "mrr_at_1000": 0.4063,
    "mrr_at_3": 0.37062,
    "mrr_at_5": 0.38525,
    "ndcg_at_1": 0.30169,
    "ndcg_at_10": 0.42931,
    "ndcg_at_100": 0.47873,
    "ndcg_at_1000": 0.49644,
    "ndcg_at_3": 0.37311,
    "ndcg_at_5": 0.4,
    "precision_at_1": 0.30169,
    "precision_at_10": 0.06644,
    "precision_at_100": 0.00959,
    "precision_at_1000": 0.00115,
    "precision_at_3": 0.1597,
    "precision_at_5": 0.11119,
    "recall_at_1": 0.27722,
    "recall_at_10": 0.57642,
    "recall_at_100": 0.80242,
    "recall_at_1000": 0.9358,
    "recall_at_3": 0.42593,
    "recall_at_5": 0.4901
  }
}