{
  "dataset_revision": "4d8694f8f0e0100860b497b999b3dbed754a0513",
  "mteb_dataset_name": "STS16",
  "mteb_version": "1.1.2",
  "test": {
    "cos_sim": {
      "pearson": 0.85177735059738,
      "spearman": 0.8661117018320119
    },
    "euclidean": {
      "pearson": 0.8600466611826938,
      "spearman": 0.8661117018320119
    },
    "evaluation_time": 0.5,
    "manhattan": {
      "pearson": 0.858905682512753,
      "spearman": 0.8652935217507052
    }
  }
}