{
  "dataset_revision": "eea2b4fe26a775864c896887d910b76a8098ad3f",
  "mteb_dataset_name": "STS22",
  "mteb_version": "1.1.2",
  "test": {
    "en": {
      "cos_sim": {
        "pearson": 0.6931762635907546,
        "spearman": 0.6988949149833531
      },
      "euclidean": {
        "pearson": 0.7105455854836078,
        "spearman": 0.6988949149833531
      },
      "manhattan": {
        "pearson": 0.7114704093352628,
        "spearman": 0.7003688239507596
      }
    },
    "evaluation_time": 0.11
  }
}