{
  "dataset_revision": "70970daeab8776df92f5ea462b6173c0b46fd2d1",
  "mteb_dataset_name": "TwitterSemEval2015",
  "mteb_version": "1.2.0",
  "test": {
    "cos_sim": {
      "accuracy": 0.8733384991357215,
      "accuracy_threshold": 0.8370049595832825,
      "ap": 0.7796498940856932,
      "f1": 0.71377732587697,
      "f1_threshold": 0.8199121952056885,
      "precision": 0.6885728298185385,
      "recall": 0.7408970976253298
    },
    "dot": {
      "accuracy": 0.8733384991357215,
      "accuracy_threshold": 0.8370048999786377,
      "ap": 0.7796499148896971,
      "f1": 0.71377732587697,
      "f1_threshold": 0.819912314414978,
      "precision": 0.6885728298185385,
      "recall": 0.7408970976253298
    },
    "euclidean": {
      "accuracy": 0.8733384991357215,
      "accuracy_threshold": 0.5709555149078369,
      "ap": 0.7796497260230133,
      "f1": 0.71377732587697,
      "f1_threshold": 0.6001463532447815,
      "precision": 0.6885728298185385,
      "recall": 0.7408970976253298
    },
    "evaluation_time": 1.45,
    "manhattan": {
      "accuracy": 0.8735769207844072,
      "accuracy_threshold": 23.736047744750977,
      "ap": 0.7779463764519374,
      "f1": 0.7130369630369632,
      "f1_threshold": 25.446060180664062,
      "precision": 0.6768610715979138,
      "recall": 0.7532981530343008
    },
    "max": {
      "accuracy": 0.8735769207844072,
      "ap": 0.7796499148896971,
      "f1": 0.71377732587697
    }
  }
}