{
  "dataset_revision": "a0d554a64d88156834ff5ae9920b964011b16384",
  "mteb_dataset_name": "STS12",
  "mteb_version": "1.1.2",
  "test": {
    "cos_sim": {
      "pearson": 0.852923935915228,
      "spearman": 0.7609604489544757
    },
    "euclidean": {
      "pearson": 0.8491507593415704,
      "spearman": 0.7881787912553369
    },
    "evaluation_time": 0.49,
    "manhattan": {
      "pearson": 0.797858944619136,
      "spearman": 0.7795068116565219
    }
  }
}