{
  "dataset_revision": "7e90230a92c190f1bf69ae9002b8cea547a64cca",
  "mteb_dataset_name": "STS13",
  "mteb_version": "1.1.2",
  "test": {
    "cos_sim": {
      "pearson": 0.8673382493180192,
      "spearman": 0.8771988404322651
    },
    "euclidean": {
      "pearson": 0.8908527505784632,
      "spearman": 0.8963390897942165
    },
    "evaluation_time": 0.24,
    "manhattan": {
      "pearson": 0.8873571670703664,
      "spearman": 0.8926467350821199
    }
  }
}