{
  "dataset_revision": "a0d554a64d88156834ff5ae9920b964011b16384",
  "mteb_dataset_name": "STS12",
  "mteb_version": "1.1.2",
  "test": {
    "cos_sim": {
      "pearson": 0.8415147121690064,
      "spearman": 0.7464875491548312
    },
    "euclidean": {
      "pearson": 0.8507059965309793,
      "spearman": 0.770802966685057
    },
    "evaluation_time": 0.46,
    "manhattan": {
      "pearson": 0.8386049257167972,
      "spearman": 0.7684191677556879
    }
  }
}