{
  "dataset_revision": null,
  "mteb_dataset_name": "NFCorpus",
  "mteb_version": "1.1.2",
  "test": {
    "evaluation_time": 2.97,
    "map_at_1": 0.07282,
    "map_at_10": 0.16351,
    "map_at_100": 0.21072,
    "map_at_1000": 0.22836,
    "map_at_3": 0.11853,
    "map_at_5": 0.14066,
    "mrr_at_1": 0.5356,
    "mrr_at_10": 0.62489,
    "mrr_at_100": 0.62931,
    "mrr_at_1000": 0.62959,
    "mrr_at_3": 0.60578,
    "mrr_at_5": 0.61925,
    "ndcg_at_1": 0.51393,
    "ndcg_at_10": 0.41399,
    "ndcg_at_100": 0.38551,
    "ndcg_at_1000": 0.47512,
    "ndcg_at_3": 0.4717,
    "ndcg_at_5": 0.45347,
    "precision_at_1": 0.5356,
    "precision_at_10": 0.30341,
    "precision_at_100": 0.09743,
    "precision_at_1000": 0.02305,
    "precision_at_3": 0.44272,
    "precision_at_5": 0.39443,
    "recall_at_1": 0.07282,
    "recall_at_10": 0.20662,
    "recall_at_100": 0.38882,
    "recall_at_1000": 0.72172,
    "recall_at_3": 0.1302,
    "recall_at_5": 0.16831
  }
}