{
  "dataset_revision": "0fd18e25b25c072e09e0d92ab615fda904d66300",
  "mteb_dataset_name": "Banking77Classification",
  "mteb_version": "1.2.0",
  "test": {
    "accuracy": 0.8523051948051948,
    "accuracy_stderr": 0.005266249779788942,
    "evaluation_time": 155.16,
    "f1": 0.8472344144389723,
    "f1_stderr": 0.006160248258525566,
    "main_score": 0.8523051948051948
  }
}