{
  "dataset_revision": "a6ea5a8cab320b040a23452cc28066d9beae2cee",
  "mteb_dataset_name": "SICK-R",
  "mteb_version": "1.1.2",
  "test": {
    "cos_sim": {
      "pearson": 0.8744927354041957,
      "spearman": 0.8285977891513383
    },
    "euclidean": {
      "pearson": 0.8476529379880988,
      "spearman": 0.8285977891513383
    },
    "evaluation_time": 57.24,
    "manhattan": {
      "pearson": 0.8468035183533624,
      "spearman": 0.8281218400148231
    }
  }
}