{
  "dataset_revision": "ae752c7c21bf194d8b67fd573edf7ae58183cbe3",
  "mteb_dataset_name": "STS15",
  "mteb_version": "1.1.2",
  "test": {
    "cos_sim": {
      "pearson": 0.8918992487411428,
      "spearman": 0.9018433968333671
    },
    "euclidean": {
      "pearson": 0.8950509209190771,
      "spearman": 0.9018433968333671
    },
    "evaluation_time": 7.32,
    "manhattan": {
      "pearson": 0.8950159903359503,
      "spearman": 0.9019124837780005
    }
  }
}