{
  "dataset_revision": "eea2b4fe26a775864c896887d910b76a8098ad3f",
  "mteb_dataset_name": "STS22",
  "mteb_version": "1.2.0",
  "test": {
    "en": {
      "cos_sim": {
        "pearson": 0.6898731705572871,
        "spearman": 0.694256700071564
      },
      "euclidean": {
        "pearson": 0.7061671665855759,
        "spearman": 0.694256700071564
      },
      "manhattan": {
        "pearson": 0.7064592048699408,
        "spearman": 0.6938505815874471
      }
    },
    "evaluation_time": 0.12
  }
}