{
  "dataset_revision": "c22ab2a51041ffd869aaddef7af8d8215647e41a",
  "mteb_dataset_name": "ArguAna",
  "mteb_version": "1.2.0",
  "test": {
    "evaluation_time": 2.0,
    "map_at_1": 0.2404,
    "map_at_10": 0.39904,
    "map_at_100": 0.40984,
    "map_at_1000": 0.40991,
    "map_at_3": 0.34104,
    "map_at_5": 0.37575,
    "mrr_at_1": 0.24467,
    "mrr_at_10": 0.40076,
    "mrr_at_100": 0.4117,
    "mrr_at_1000": 0.41176,
    "mrr_at_3": 0.34282,
    "mrr_at_5": 0.37774,
    "ndcg_at_1": 0.2404,
    "ndcg_at_10": 0.49464,
    "ndcg_at_100": 0.53785,
    "ndcg_at_1000": 0.53937,
    "ndcg_at_3": 0.37535,
    "ndcg_at_5": 0.43812,
    "precision_at_1": 0.2404,
    "precision_at_10": 0.0803,
    "precision_at_100": 0.00985,
    "precision_at_1000": 0.001,
    "precision_at_3": 0.15837,
    "precision_at_5": 0.1256,
    "recall_at_1": 0.2404,
    "recall_at_10": 0.80299,
    "recall_at_100": 0.98506,
    "recall_at_1000": 0.99644,
    "recall_at_3": 0.47511,
    "recall_at_5": 0.62802
  }
}