{
  "dataset_revision": "eea2b4fe26a775864c896887d910b76a8098ad3f",
  "mteb_dataset_name": "STS22",
  "mteb_version": "1.1.2",
  "test": {
    "en": {
      "cos_sim": {
        "pearson": 0.6838153693207925,
        "spearman": 0.6904494410160543
      },
      "euclidean": {
        "pearson": 0.7031047971598459,
        "spearman": 0.6921504182340994
      },
      "manhattan": {
        "pearson": 0.702117118516295,
        "spearman": 0.6848736539725965
      }
    },
    "evaluation_time": 0.07
  }
}