{
  "dataset_revision": "ae752c7c21bf194d8b67fd573edf7ae58183cbe3",
  "mteb_dataset_name": "STS15",
  "mteb_version": "1.2.0",
  "test": {
    "cos_sim": {
      "pearson": 0.8705769909508247,
      "spearman": 0.8816821725003765
    },
    "euclidean": {
      "pearson": 0.8938072022303034,
      "spearman": 0.9001749852558318
    },
    "evaluation_time": 0.05,
    "manhattan": {
      "pearson": 0.8776855367956204,
      "spearman": 0.8797986746111253
    }
  }
}