{
  "dataset_revision": "1399c76144fd37290681b995c656ef9b2e06e26d",
  "mteb_dataset_name": "AmazonReviewsClassification",
  "mteb_version": "1.2.0",
  "test": {
    "en": {
      "accuracy": 0.5139799999999999,
      "accuracy_stderr": 0.010417466102656637,
      "f1": 0.5012551773591106,
      "f1_stderr": 0.016985380609282594,
      "main_score": 0.5139799999999999
    },
    "evaluation_time": 14.96
  }
}