{
  "dataset_revision": "7d571f92784cd94a019292a1f45445077d0ef634",
  "mteb_dataset_name": "MassiveScenarioClassification",
  "mteb_version": "1.2.0",
  "test": {
    "en": {
      "accuracy": 0.7590114324142568,
      "accuracy_stderr": 0.014920486934971198,
      "f1": 0.754415383049278,
      "f1_stderr": 0.012580505503840485,
      "main_score": 0.7590114324142568
    },
    "evaluation_time": 14.27
  }
}