{
  "dataset_revision": "d80d48c1eb48d3562165c59d59d0034df9fff0bf",
  "mteb_dataset_name": "MTOPDomainClassification",
  "mteb_version": "1.2.0",
  "test": {
    "en": {
      "accuracy": 0.9369813041495669,
      "accuracy_stderr": 0.00535596784679473,
      "f1": 0.9353295735028473,
      "f1_stderr": 0.004506770394818289,
      "main_score": 0.9369813041495669
    },
    "evaluation_time": 14.13
  }
}