{
  "dataset_revision": "d66bd1f72af766a5cc4b0ca5e00c162f89e8cc46",
  "mteb_dataset_name": "SprintDuplicateQuestions",
  "mteb_version": "1.2.0",
  "test": {
    "cos_sim": {
      "accuracy": 0.9985940594059406,
      "accuracy_threshold": 0.8551375865936279,
      "ap": 0.9671467777326104,
      "f1": 0.9288910989557433,
      "f1_threshold": 0.8528672456741333,
      "precision": 0.923837784371909,
      "recall": 0.934
    },
    "dot": {
      "accuracy": 0.9985940594059406,
      "accuracy_threshold": 0.8551377058029175,
      "ap": 0.9671467777326104,
      "f1": 0.9288910989557433,
      "f1_threshold": 0.8528672456741333,
      "precision": 0.923837784371909,
      "recall": 0.934
    },
    "euclidean": {
      "accuracy": 0.9985940594059406,
      "accuracy_threshold": 0.5382609367370605,
      "ap": 0.9671467777326104,
      "f1": 0.9288910989557433,
      "f1_threshold": 0.5424622893333435,
      "precision": 0.923837784371909,
      "recall": 0.934
    },
    "evaluation_time": 19.91,
    "manhattan": {
      "accuracy": 0.9986039603960396,
      "accuracy_threshold": 24.02606201171875,
      "ap": 0.9672945134070193,
      "f1": 0.9299552906110283,
      "f1_threshold": 24.02606201171875,
      "precision": 0.9239881539980257,
      "recall": 0.936
    },
    "max": {
      "accuracy": 0.9986039603960396,
      "ap": 0.9672945134070193,
      "f1": 0.9299552906110283
    }
  }
}