{
  "dataset_revision": "d3fb88f8f02e40887cd149695127462bbcf29b4a",
  "mteb_dataset_name": "BIOSSES",
  "mteb_version": "1.1.2",
  "test": {
    "cos_sim": {
      "pearson": 0.9093504229330962,
      "spearman": 0.8970927300230472
    },
    "euclidean": {
      "pearson": 0.8914932462356873,
      "spearman": 0.8970927300230472
    },
    "evaluation_time": 0.06,
    "manhattan": {
      "pearson": 0.8923394246715235,
      "spearman": 0.8943878491133924
    }
  }
}