{
  "dataset_revision": "d66bd1f72af766a5cc4b0ca5e00c162f89e8cc46",
  "mteb_dataset_name": "SprintDuplicateQuestions",
  "mteb_version": "1.2.0",
  "test": {
    "cos_sim": {
      "accuracy": 0.9985148514851485,
      "accuracy_threshold": 0.8226121003030522,
      "ap": 0.9660216304284146,
      "f1": 0.9258893280632411,
      "f1_threshold": 0.8226121003030522,
      "precision": 0.9150390625,
      "recall": 0.937
    },
    "dot": {
      "accuracy": 0.9985148514851485,
      "accuracy_threshold": 0.822612100303052,
      "ap": 0.9660216304284146,
      "f1": 0.9258893280632411,
      "f1_threshold": 0.822612100303052,
      "precision": 0.9150390625,
      "recall": 0.937
    },
    "euclidean": {
      "accuracy": 0.9985148514851485,
      "accuracy_threshold": 0.5956305757314199,
      "ap": 0.9660216304284146,
      "f1": 0.9258893280632411,
      "f1_threshold": 0.5956305757314199,
      "precision": 0.9150390625,
      "recall": 0.937
    },
    "evaluation_time": 47.08,
    "manhattan": {
      "accuracy": 0.9985049504950495,
      "accuracy_threshold": 26.72880618585355,
      "ap": 0.9661155964010641,
      "f1": 0.9244357212953876,
      "f1_threshold": 28.195926997725095,
      "precision": 0.9075144508670521,
      "recall": 0.942
    },
    "max": {
      "accuracy": 0.9985148514851485,
      "ap": 0.9661155964010641,
      "f1": 0.9258893280632411
    }
  }
}