{
  "dataset_revision": "ae752c7c21bf194d8b67fd573edf7ae58183cbe3",
  "mteb_dataset_name": "STS15",
  "mteb_version": "1.1.2",
  "test": {
    "cos_sim": {
      "pearson": 0.8913911151670681,
      "spearman": 0.9001546977791072
    },
    "euclidean": {
      "pearson": 0.8931265269816718,
      "spearman": 0.9001546977791072
    },
    "evaluation_time": 10.05,
    "manhattan": {
      "pearson": 0.8931414173633517,
      "spearman": 0.9003173441364323
    }
  }
}