{
  "dataset_revision": "ae752c7c21bf194d8b67fd573edf7ae58183cbe3",
  "mteb_dataset_name": "STS15",
  "mteb_version": "1.2.0",
  "test": {
    "cos_sim": {
      "pearson": 0.8894426379354201,
      "spearman": 0.8995678469985883
    },
    "euclidean": {
      "pearson": 0.8930915258696134,
      "spearman": 0.8995678469985883
    },
    "evaluation_time": 1.78,
    "manhattan": {
      "pearson": 0.8935629009627892,
      "spearman": 0.9005113718119788
    }
  }
}