{
  "dataset_revision": "e8379541af4e31359cca9fbcf4b00f2671dba205",
  "mteb_dataset_name": "AmazonCounterfactualClassification",
  "mteb_version": "1.1.2",
  "test": {
    "en": {
      "accuracy": 0.7411940298507462,
      "accuracy_stderr": 0.036217948705311614,
      "ap": 0.3752653791887744,
      "ap_stderr": 0.0346294757637896,
      "f1": 0.6837637346019472,
      "f1_stderr": 0.03329756517561184,
      "main_score": 0.7411940298507462
    },
    "evaluation_time": 0.49
  }
}