{
  "dataset_revision": "70970daeab8776df92f5ea462b6173c0b46fd2d1",
  "mteb_dataset_name": "TwitterSemEval2015",
  "mteb_version": "1.1.2",
  "test": {
    "cos_sim": {
      "accuracy": 0.8781069321094356,
      "accuracy_threshold": 0.7551560573846176,
      "ap": 0.7866794902550157,
      "f1": 0.7190040650406504,
      "f1_threshold": 0.720905557678601,
      "precision": 0.6932876041156296,
      "recall": 0.7467018469656992
    },
    "dot": {
      "accuracy": 0.8555164808964654,
      "accuracy_threshold": 0.28290591739917914,
      "ap": 0.7150651272784478,
      "f1": 0.6685210941121928,
      "f1_threshold": 0.25495837698095747,
      "precision": 0.5961140967341877,
      "recall": 0.7609498680738787
    },
    "euclidean": {
      "accuracy": 0.8758419264469214,
      "accuracy_threshold": 0.41599244713378264,
      "ap": 0.7819811709425684,
      "f1": 0.7178707224334601,
      "f1_threshold": 0.45348847406893644,
      "precision": 0.6907317073170731,
      "recall": 0.7472295514511873
    },
    "evaluation_time": 1.18,
    "manhattan": {
      "accuracy": 0.8766764022173213,
      "accuracy_threshold": 5.162314124598245,
      "ap": 0.7835866402007419,
      "f1": 0.7202251503134194,
      "f1_threshold": 5.50627097106428,
      "precision": 0.6990315371244102,
      "recall": 0.7427440633245382
    },
    "max": {
      "accuracy": 0.8781069321094356,
      "ap": 0.7866794902550157,
      "f1": 0.7202251503134194
    }
  }
}