{
  "dataset_revision": null,
  "mteb_dataset_name": "SciFact",
  "mteb_version": "1.1.2",
  "test": {
    "evaluation_time": 0.64,
    "map_at_1": 0.60428,
    "map_at_10": 0.70309,
    "map_at_100": 0.70719,
    "map_at_1000": 0.70739,
    "map_at_3": 0.67061,
    "map_at_5": 0.69093,
    "mrr_at_1": 0.63333,
    "mrr_at_10": 0.71242,
    "mrr_at_100": 0.71548,
    "mrr_at_1000": 0.71567,
    "mrr_at_3": 0.68722,
    "mrr_at_5": 0.70456,
    "ndcg_at_1": 0.63333,
    "ndcg_at_10": 0.7508,
    "ndcg_at_100": 0.76844,
    "ndcg_at_1000": 0.77275,
    "ndcg_at_3": 0.69535,
    "ndcg_at_5": 0.72695,
    "precision_at_1": 0.63333,
    "precision_at_10": 0.10067,
    "precision_at_100": 0.01097,
    "precision_at_1000": 0.00113,
    "precision_at_3": 0.27,
    "precision_at_5": 0.18267,
    "recall_at_1": 0.60428,
    "recall_at_10": 0.88822,
    "recall_at_100": 0.96833,
    "recall_at_1000": 1.0,
    "recall_at_3": 0.74089,
    "recall_at_5": 0.81911
  }
}