{
  "dataset_revision": "eea2b4fe26a775864c896887d910b76a8098ad3f",
  "mteb_dataset_name": "STS22",
  "mteb_version": "1.1.2",
  "test": {
    "en": {
      "cos_sim": {
        "pearson": 0.6914305766504552,
        "spearman": 0.6943722688586274
      },
      "euclidean": {
        "pearson": 0.7111285242649332,
        "spearman": 0.7001661716410499
      },
      "manhattan": {
        "pearson": 0.7018345893414949,
        "spearman": 0.6825557673137482
      }
    },
    "evaluation_time": 0.05
  }
}