{
  "dataset_revision": "4f58c6b202a23cf9a4da393831edf4f9183cad37",
  "mteb_dataset_name": "EmotionClassification",
  "mteb_version": "1.1.2",
  "test": {
    "accuracy": 0.5589000000000001,
    "accuracy_stderr": 0.023765310854268237,
    "evaluation_time": 1.15,
    "f1": 0.49424386996031916,
    "f1_stderr": 0.013169736094428583,
    "main_score": 0.5589000000000001
  }
}