{
  "dataset_revision": "4885aa143210c98657558c04aaf3dc47cfb54340",
  "mteb_dataset_name": "CQADupstackGamingRetrieval",
  "mteb_version": "1.2.0",
  "test": {
    "evaluation_time": 12.6,
    "map_at_1": 0.44709,
    "map_at_10": 0.5799,
    "map_at_100": 0.58965,
    "map_at_1000": 0.59014,
    "map_at_3": 0.54525,
    "map_at_5": 0.56554,
    "mrr_at_1": 0.5116,
    "mrr_at_10": 0.61314,
    "mrr_at_100": 0.61894,
    "mrr_at_1000": 0.61919,
    "mrr_at_3": 0.58913,
    "mrr_at_5": 0.60318,
    "ndcg_at_1": 0.5116,
    "ndcg_at_10": 0.63899,
    "ndcg_at_100": 0.67384,
    "ndcg_at_1000": 0.68245,
    "ndcg_at_3": 0.58381,
    "ndcg_at_5": 0.61176,
    "precision_at_1": 0.5116,
    "precision_at_10": 0.10163,
    "precision_at_100": 0.01276,
    "precision_at_1000": 0.00138,
    "precision_at_3": 0.25914,
    "precision_at_5": 0.17705,
    "recall_at_1": 0.44709,
    "recall_at_10": 0.77832,
    "recall_at_100": 0.92308,
    "recall_at_1000": 0.98218,
    "recall_at_3": 0.63315,
    "recall_at_5": 0.70163
  }
}