{
  "dataset_revision": "f46a197baaae43b4f621051089b82a364682dfeb",
  "mteb_dataset_name": "CQADupstackAndroidRetrieval",
  "mteb_version": "1.2.0",
  "test": {
    "evaluation_time": 5.86,
    "map_at_1": 0.34895,
    "map_at_10": 0.47416,
    "map_at_100": 0.48949,
    "map_at_1000": 0.49066,
    "map_at_3": 0.4363,
    "map_at_5": 0.45673,
    "mrr_at_1": 0.43634,
    "mrr_at_10": 0.53848,
    "mrr_at_100": 0.54448,
    "mrr_at_1000": 0.54483,
    "mrr_at_3": 0.51288,
    "mrr_at_5": 0.52818,
    "ndcg_at_1": 0.43634,
    "ndcg_at_10": 0.54252,
    "ndcg_at_100": 0.59248,
    "ndcg_at_1000": 0.60836,
    "ndcg_at_3": 0.49246,
    "ndcg_at_5": 0.51451,
    "precision_at_1": 0.43634,
    "precision_at_10": 0.10429,
    "precision_at_100": 0.01637,
    "precision_at_1000": 0.00207,
    "precision_at_3": 0.23796,
    "precision_at_5": 0.16967,
    "recall_at_1": 0.34895,
    "recall_at_10": 0.67028,
    "recall_at_100": 0.87787,
    "recall_at_1000": 0.97484,
    "recall_at_3": 0.51709,
    "recall_at_5": 0.58386
  }
}