{
  "dataset_revision": "ae752c7c21bf194d8b67fd573edf7ae58183cbe3",
  "mteb_dataset_name": "STS15",
  "mteb_version": "1.2.0",
  "test": {
    "cos_sim": {
      "pearson": 0.8944262198761659,
      "spearman": 0.9007801423428488
    },
    "euclidean": {
      "pearson": 0.8933984863796174,
      "spearman": 0.9007801423428488
    },
    "evaluation_time": 0.35,
    "manhattan": {
      "pearson": 0.892231688066682,
      "spearman": 0.899410527802701
    }
  }
}