{
  "dataset_revision": "d604517c81ca91fe16a244d1248fc021f9ecee7a",
  "mteb_dataset_name": "TweetSentimentExtractionClassification",
  "mteb_version": "1.2.0",
  "test": {
    "accuracy": 0.6472835314091682,
    "accuracy_stderr": 0.02333401688775531,
    "evaluation_time": 10.91,
    "f1": 0.646569868815579,
    "f1_stderr": 0.024341337244346076,
    "main_score": 0.6472835314091682
  }
}