{
  "dataset_revision": "c22ab2a51041ffd869aaddef7af8d8215647e41a",
  "mteb_dataset_name": "ArguAna",
  "mteb_version": "1.2.0",
  "test": {
    "evaluation_time": 31.31,
    "map_at_1": 0.25747,
    "map_at_10": 0.4189,
    "map_at_100": 0.42877,
    "map_at_1000": 0.42881,
    "map_at_3": 0.36332,
    "map_at_5": 0.39483,
    "mrr_at_1": 0.26031,
    "mrr_at_10": 0.42022,
    "mrr_at_100": 0.43002,
    "mrr_at_1000": 0.43006,
    "mrr_at_3": 0.36392,
    "mrr_at_5": 0.39621,
    "ndcg_at_1": 0.25747,
    "ndcg_at_10": 0.5146,
    "ndcg_at_100": 0.55414,
    "ndcg_at_1000": 0.55499,
    "ndcg_at_3": 0.3994,
    "ndcg_at_5": 0.45636,
    "precision_at_1": 0.25747,
    "precision_at_10": 0.08229,
    "precision_at_100": 0.0099,
    "precision_at_1000": 0.001,
    "precision_at_3": 0.16809,
    "precision_at_5": 0.12859,
    "recall_at_1": 0.25747,
    "recall_at_10": 0.8229,
    "recall_at_100": 0.99004,
    "recall_at_1000": 0.99644,
    "recall_at_3": 0.50427,
    "recall_at_5": 0.64296
  }
}