{
  "dataset_revision": null,
  "mteb_dataset_name": "CQADupstackStatsRetrieval",
  "mteb_version": "1.1.2",
  "test": {
    "evaluation_time": 25.33,
    "map_at_1": 0.26718,
    "map_at_10": 0.33889,
    "map_at_100": 0.3488,
    "map_at_1000": 0.34977,
    "map_at_3": 0.31764,
    "map_at_5": 0.32908,
    "mrr_at_1": 0.30061,
    "mrr_at_10": 0.36694,
    "mrr_at_100": 0.37586,
    "mrr_at_1000": 0.37649,
    "mrr_at_3": 0.34893,
    "mrr_at_5": 0.35767,
    "ndcg_at_1": 0.30061,
    "ndcg_at_10": 0.37991,
    "ndcg_at_100": 0.4298,
    "ndcg_at_1000": 0.45392,
    "ndcg_at_3": 0.34172,
    "ndcg_at_5": 0.35813,
    "precision_at_1": 0.30061,
    "precision_at_10": 0.05951,
    "precision_at_100": 0.00916,
    "precision_at_1000": 0.0012,
    "precision_at_3": 0.14724,
    "precision_at_5": 0.10031,
    "recall_at_1": 0.26718,
    "recall_at_10": 0.47635,
    "recall_at_100": 0.70559,
    "recall_at_1000": 0.88418,
    "recall_at_3": 0.37159,
    "recall_at_5": 0.41136
  }
}