{
  "dataset_revision": null,
  "mteb_dataset_name": "CQADupstackUnixRetrieval",
  "mteb_version": "1.1.2",
  "test": {
    "evaluation_time": 26.84,
    "map_at_1": 0.30142,
    "map_at_10": 0.40315,
    "map_at_100": 0.4154,
    "map_at_1000": 0.41638,
    "map_at_3": 0.37102,
    "map_at_5": 0.38938,
    "mrr_at_1": 0.35448,
    "mrr_at_10": 0.44321,
    "mrr_at_100": 0.45235,
    "mrr_at_1000": 0.45286,
    "mrr_at_3": 0.41791,
    "mrr_at_5": 0.43223,
    "ndcg_at_1": 0.35448,
    "ndcg_at_10": 0.45877,
    "ndcg_at_100": 0.51204,
    "ndcg_at_1000": 0.5321,
    "ndcg_at_3": 0.4057,
    "ndcg_at_5": 0.43051,
    "precision_at_1": 0.35448,
    "precision_at_10": 0.07752,
    "precision_at_100": 0.01165,
    "precision_at_1000": 0.00144,
    "precision_at_3": 0.18439,
    "precision_at_5": 0.13004,
    "recall_at_1": 0.30142,
    "recall_at_10": 0.58668,
    "recall_at_100": 0.81314,
    "recall_at_1000": 0.94933,
    "recall_at_3": 0.44058,
    "recall_at_5": 0.5043
  }
}