{
  "dataset_revision": "d7c0de2777da35d6aae2200a62c6e0e5af397c4c",
  "mteb_dataset_name": "ToxicConversationsClassification",
  "mteb_version": "1.1.2",
  "test": {
    "accuracy": 0.73958,
    "accuracy_stderr": 0.0370034063296881,
    "ap": 0.17050041972668667,
    "ap_stderr": 0.012497472705778966,
    "evaluation_time": 6.78,
    "f1": 0.5775001425884481,
    "f1_stderr": 0.02495293221639805,
    "main_score": 0.73958
  }
}