{
  "dataset_revision": "e8379541af4e31359cca9fbcf4b00f2671dba205",
  "mteb_dataset_name": "AmazonCounterfactualClassification",
  "mteb_version": "1.2.0",
  "test": {
    "en": {
      "accuracy": 0.7437313432835821,
      "accuracy_stderr": 0.037480521413245815,
      "ap": 0.371047804949942,
      "ap_stderr": 0.038485609892012176,
      "f1": 0.6829183453289777,
      "f1_stderr": 0.03602348679520298,
      "main_score": 0.7437313432835821
    },
    "evaluation_time": 2.27
  }
}