{
  "dataset_revision": "6184bc1440d2dbc7612be22b50686b8826d22b32",
  "mteb_dataset_name": "CQADupstackProgrammersRetrieval",
  "mteb_version": "1.2.0",
  "test": {
    "evaluation_time": 38.34,
    "map_at_1": 0.27271,
    "map_at_10": 0.38016,
    "map_at_100": 0.39391,
    "map_at_1000": 0.39496,
    "map_at_3": 0.34179,
    "map_at_5": 0.36186,
    "mrr_at_1": 0.33676,
    "mrr_at_10": 0.43419,
    "mrr_at_100": 0.44299,
    "mrr_at_1000": 0.44347,
    "mrr_at_3": 0.40525,
    "mrr_at_5": 0.42135,
    "ndcg_at_1": 0.33676,
    "ndcg_at_10": 0.44397,
    "ndcg_at_100": 0.50024,
    "ndcg_at_1000": 0.52087,
    "ndcg_at_3": 0.3819,
    "ndcg_at_5": 0.40898,
    "precision_at_1": 0.33676,
    "precision_at_10": 0.08368,
    "precision_at_100": 0.01285,
    "precision_at_1000": 0.00164,
    "precision_at_3": 0.18227,
    "precision_at_5": 0.13311,
    "recall_at_1": 0.27271,
    "recall_at_10": 0.57981,
    "recall_at_100": 0.81611,
    "recall_at_1000": 0.95284,
    "recall_at_3": 0.40819,
    "recall_at_5": 0.47812
  }
}