{
  "dataset_revision": "3d86128a09e091d6018b6d26cad27f2739fc2db7",
  "mteb_dataset_name": "ImdbClassification",
  "mteb_version": "1.2.0",
  "test": {
    "accuracy": 0.935304,
    "accuracy_stderr": 0.004622179572452815,
    "ap": 0.9051253563624432,
    "ap_stderr": 0.008831107809510276,
    "evaluation_time": 15.25,
    "f1": 0.9352594386835704,
    "f1_stderr": 0.004651245152188695,
    "main_score": 0.935304
  }
}