{
  "dataset_revision": "eea2b4fe26a775864c896887d910b76a8098ad3f",
  "mteb_dataset_name": "STS22",
  "mteb_version": "1.1.2",
  "test": {
    "en": {
      "cos_sim": {
        "pearson": 0.674938101171776,
        "spearman": 0.689216435999146
      },
      "euclidean": {
        "pearson": 0.6985697407089236,
        "spearman": 0.6901743547482556
      },
      "manhattan": {
        "pearson": 0.7049440769832666,
        "spearman": 0.6931718184296242
      }
    },
    "evaluation_time": 0.05
  }
}