{
  "dataset_revision": "70970daeab8776df92f5ea462b6173c0b46fd2d1",
  "mteb_dataset_name": "TwitterSemEval2015",
  "mteb_version": "1.1.2",
  "test": {
    "cos_sim": {
      "accuracy": 0.8791798295285211,
      "accuracy_threshold": 0.7536964631724677,
      "ap": 0.7928724721416617,
      "f1": 0.7231404958677686,
      "f1_threshold": 0.7165244849648685,
      "precision": 0.7081436519979767,
      "recall": 0.7387862796833773
    },
    "dot": {
      "accuracy": 0.8598676759849795,
      "accuracy_threshold": 0.3568483030960166,
      "ap": 0.7349121155160911,
      "f1": 0.6766219099008658,
      "f1_threshold": 0.3320410463743675,
      "precision": 0.6451304139746351,
      "recall": 0.7113456464379947
    },
    "euclidean": {
      "accuracy": 0.8791798295285211,
      "accuracy_threshold": 0.48442038257041026,
      "ap": 0.794736623798071,
      "f1": 0.7246113989637305,
      "f1_threshold": 0.5139726619242071,
      "precision": 0.711704834605598,
      "recall": 0.7379947229551451
    },
    "evaluation_time": 1.27,
    "manhattan": {
      "accuracy": 0.877332061751207,
      "accuracy_threshold": 8.287159308393697,
      "ap": 0.7892188656379523,
      "f1": 0.7224874209779384,
      "f1_threshold": 8.601226183233658,
      "precision": 0.7068921989396617,
      "recall": 0.7387862796833773
    },
    "max": {
      "accuracy": 0.8791798295285211,
      "ap": 0.794736623798071,
      "f1": 0.7246113989637305
    }
  }
}