{
  "dataset_revision": "ae001d0e6b1228650b7bd1c2c65fb50ad11a8aba",
  "mteb_dataset_name": "MTOPIntentClassification",
  "mteb_version": "1.2.0",
  "test": {
    "en": {
      "accuracy": 0.6968080255357957,
      "accuracy_stderr": 0.019826876600570992,
      "f1": 0.5225101744827148,
      "f1_stderr": 0.005670956499679283,
      "main_score": 0.6968080255357957
    },
    "evaluation_time": 70.35
  }
}