{
  "dataset_revision": "eea2b4fe26a775864c896887d910b76a8098ad3f",
  "mteb_dataset_name": "STS22",
  "mteb_version": "1.1.2",
  "test": {
    "en": {
      "cos_sim": {
        "pearson": 0.6838518097775305,
        "spearman": 0.6848386577905983
      },
      "euclidean": {
        "pearson": 0.7006696817032931,
        "spearman": 0.6848386577905983
      },
      "manhattan": {
        "pearson": 0.7011263911907458,
        "spearman": 0.6840825774865007
      }
    },
    "evaluation_time": 0.24
  }
}