{
  "dataset_revision": "eea2b4fe26a775864c896887d910b76a8098ad3f",
  "mteb_dataset_name": "STS22",
  "mteb_version": "1.1.2",
  "test": {
    "en": {
      "cos_sim": {
        "pearson": 0.6821818100938852,
        "spearman": 0.6927290760341138
      },
      "euclidean": {
        "pearson": 0.7031497464387922,
        "spearman": 0.6916035011572925
      },
      "manhattan": {
        "pearson": 0.7087038282947112,
        "spearman": 0.6975259945619406
      }
    },
    "evaluation_time": 0.04
  }
}