{
  "dataset_revision": "7e90230a92c190f1bf69ae9002b8cea547a64cca",
  "mteb_dataset_name": "STS13",
  "mteb_version": "1.2.0",
  "test": {
    "cos_sim": {
      "pearson": 0.8718705275819107,
      "spearman": 0.8767869877549086
    },
    "euclidean": {
      "pearson": 0.8872317443954922,
      "spearman": 0.8930937927669678
    },
    "evaluation_time": 0.05,
    "manhattan": {
      "pearson": 0.8736820915530958,
      "spearman": 0.8796008170220281
    }
  }
}