{
  "dataset_revision": "eea2b4fe26a775864c896887d910b76a8098ad3f",
  "mteb_dataset_name": "STS22",
  "mteb_version": "1.1.2",
  "test": {
    "en": {
      "cos_sim": {
        "pearson": 0.6849021690714415,
        "spearman": 0.692742097869276
      },
      "euclidean": {
        "pearson": 0.7083943999930247,
        "spearman": 0.6973192729287429
      },
      "manhattan": {
        "pearson": 0.7093269150552671,
        "spearman": 0.6951047470864937
      }
    },
    "evaluation_time": 0.06
  }
}