{
  "dataset_revision": "4d8694f8f0e0100860b497b999b3dbed754a0513",
  "mteb_dataset_name": "STS16",
  "mteb_version": "1.1.2",
  "test": {
    "cos_sim": {
      "pearson": 0.840465221968619,
      "spearman": 0.8552276418245561
    },
    "euclidean": {
      "pearson": 0.8651035349144272,
      "spearman": 0.8708954249924913
    },
    "evaluation_time": 0.23,
    "manhattan": {
      "pearson": 0.8599185836209957,
      "spearman": 0.866412509438054
    }
  }
}