{
  "dataset_revision": "ae752c7c21bf194d8b67fd573edf7ae58183cbe3",
  "mteb_dataset_name": "STS15",
  "mteb_version": "1.1.2",
  "test": {
    "cos_sim": {
      "pearson": 0.8764659348438577,
      "spearman": 0.889578470423527
    },
    "euclidean": {
      "pearson": 0.8943901729462442,
      "spearman": 0.8997890256256182
    },
    "evaluation_time": 0.54,
    "manhattan": {
      "pearson": 0.8846785552724287,
      "spearman": 0.8922921342447773
    }
  }
}