{
  "dataset_revision": "b0fddb56ed78048fa8b90373c8a3cfc37b684831",
  "mteb_dataset_name": "STSBenchmark",
  "mteb_version": "1.1.2",
  "test": {
    "cos_sim": {
      "pearson": 0.8747747375561467,
      "spearman": 0.8812491234540448
    },
    "euclidean": {
      "pearson": 0.8897578200897882,
      "spearman": 0.8927020662474041
    },
    "evaluation_time": 0.26,
    "manhattan": {
      "pearson": 0.877885389343569,
      "spearman": 0.8810304105229434
    }
  }
}