{
  "dataset_revision": null,
  "mteb_dataset_name": "SciFact",
  "mteb_version": "1.1.2",
  "test": {
    "evaluation_time": 1.08,
    "map_at_1": 0.61761,
    "map_at_10": 0.71009,
    "map_at_100": 0.71448,
    "map_at_1000": 0.71471,
    "map_at_3": 0.67876,
    "map_at_5": 0.69611,
    "mrr_at_1": 0.64667,
    "mrr_at_10": 0.7195,
    "mrr_at_100": 0.7229,
    "mrr_at_1000": 0.72312,
    "mrr_at_3": 0.69556,
    "mrr_at_5": 0.70989,
    "ndcg_at_1": 0.64667,
    "ndcg_at_10": 0.75433,
    "ndcg_at_100": 0.7734,
    "ndcg_at_1000": 0.77783,
    "ndcg_at_3": 0.70065,
    "ndcg_at_5": 0.72664,
    "precision_at_1": 0.64667,
    "precision_at_10": 0.1,
    "precision_at_100": 0.01097,
    "precision_at_1000": 0.00113,
    "precision_at_3": 0.27,
    "precision_at_5": 0.17933,
    "recall_at_1": 0.61761,
    "recall_at_10": 0.88156,
    "recall_at_100": 0.96833,
    "recall_at_1000": 1.0,
    "recall_at_3": 0.73617,
    "recall_at_5": 0.80161
  }
}