{
  "dataset_revision": "a6ea5a8cab320b040a23452cc28066d9beae2cee",
  "mteb_dataset_name": "SICK-R",
  "mteb_version": "1.1.2",
  "test": {
    "cos_sim": {
      "pearson": 0.873637045971661,
      "spearman": 0.8299697427094846
    },
    "euclidean": {
      "pearson": 0.8470362733290963,
      "spearman": 0.8298095138291788
    },
    "evaluation_time": 2.42,
    "manhattan": {
      "pearson": 0.8046898156162868,
      "spearman": 0.8030621272255758
    }
  }
}