{
  "dataset_revision": "7e90230a92c190f1bf69ae9002b8cea547a64cca",
  "mteb_dataset_name": "STS13",
  "mteb_version": "1.1.2",
  "test": {
    "cos_sim": {
      "pearson": 0.8766136205386433,
      "spearman": 0.8807061215088925
    },
    "euclidean": {
      "pearson": 0.884094170391549,
      "spearman": 0.8919326627900602
    },
    "evaluation_time": 0.44,
    "manhattan": {
      "pearson": 0.8616496818467722,
      "spearman": 0.8678707911055704
    }
  }
}