{
  "dataset_revision": "4d8694f8f0e0100860b497b999b3dbed754a0513",
  "mteb_dataset_name": "STS16",
  "mteb_version": "1.1.2",
  "test": {
    "cos_sim": {
      "pearson": 0.8456728541058708,
      "spearman": 0.8582421145207078
    },
    "euclidean": {
      "pearson": 0.8664120088453444,
      "spearman": 0.8734734681921998
    },
    "evaluation_time": 0.3,
    "manhattan": {
      "pearson": 0.857884254256578,
      "spearman": 0.8664558488404068
    }
  }
}