{
  "dataset_revision": "b0fddb56ed78048fa8b90373c8a3cfc37b684831",
  "mteb_dataset_name": "STSBenchmark",
  "mteb_version": "1.1.2",
  "test": {
    "cos_sim": {
      "pearson": 0.8767532211247652,
      "spearman": 0.8819197578948066
    },
    "euclidean": {
      "pearson": 0.8919209011342545,
      "spearman": 0.8943036863950239
    },
    "evaluation_time": 0.28,
    "manhattan": {
      "pearson": 0.8684098169672044,
      "spearman": 0.873338098655892
    }
  }
}