{
  "dataset_revision": "65ac3a16b8e91f9cee4c9828cc7c335575432a2a",
  "mteb_dataset_name": "CQADupstackStatsRetrieval",
  "mteb_version": "1.2.0",
  "test": {
    "evaluation_time": 7.44,
    "map_at_1": 0.27245,
    "map_at_10": 0.34212,
    "map_at_100": 0.3514,
    "map_at_1000": 0.35238,
    "map_at_3": 0.31921,
    "map_at_5": 0.33175,
    "mrr_at_1": 0.30982,
    "mrr_at_10": 0.37544,
    "mrr_at_100": 0.38304,
    "mrr_at_1000": 0.38376,
    "mrr_at_3": 0.35557,
    "mrr_at_5": 0.36662,
    "ndcg_at_1": 0.30982,
    "ndcg_at_10": 0.38492,
    "ndcg_at_100": 0.43113,
    "ndcg_at_1000": 0.45535,
    "ndcg_at_3": 0.34268,
    "ndcg_at_5": 0.36287,
    "precision_at_1": 0.30982,
    "precision_at_10": 0.05905,
    "precision_at_100": 0.009,
    "precision_at_1000": 0.00117,
    "precision_at_3": 0.14315,
    "precision_at_5": 0.09969,
    "recall_at_1": 0.27245,
    "recall_at_10": 0.48554,
    "recall_at_100": 0.6983,
    "recall_at_1000": 0.87632,
    "recall_at_3": 0.36988,
    "recall_at_5": 0.41969
  }
}