{
  "dataset_revision": "27a168819829fe9bcd655c2df245fb19452e8e06",
  "mteb_dataset_name": "FiQA2018",
  "mteb_version": "1.2.0",
  "test": {
    "evaluation_time": 8.74,
    "map_at_1": 0.22281,
    "map_at_10": 0.3694,
    "map_at_100": 0.38948,
    "map_at_1000": 0.39131,
    "map_at_3": 0.32169,
    "map_at_5": 0.34711,
    "mrr_at_1": 0.45062,
    "mrr_at_10": 0.53994,
    "mrr_at_100": 0.54759,
    "mrr_at_1000": 0.54794,
    "mrr_at_3": 0.51595,
    "mrr_at_5": 0.52922,
    "ndcg_at_1": 0.45062,
    "ndcg_at_10": 0.45355,
    "ndcg_at_100": 0.5203,
    "ndcg_at_1000": 0.54841,
    "ndcg_at_3": 0.41429,
    "ndcg_at_5": 0.42401,
    "precision_at_1": 0.45062,
    "precision_at_10": 0.12701,
    "precision_at_100": 0.01961,
    "precision_at_1000": 0.00246,
    "precision_at_3": 0.27881,
    "precision_at_5": 0.20185,
    "recall_at_1": 0.22281,
    "recall_at_10": 0.52782,
    "recall_at_100": 0.76892,
    "recall_at_1000": 0.93548,
    "recall_at_3": 0.37237,
    "recall_at_5": 0.43451
  }
}