{
  "dataset_revision": "4d8694f8f0e0100860b497b999b3dbed754a0513",
  "mteb_dataset_name": "STS16",
  "mteb_version": "1.2.0",
  "test": {
    "cos_sim": {
      "pearson": 0.8500999981248899,
      "spearman": 0.8628702584824232
    },
    "euclidean": {
      "pearson": 0.8548705901994716,
      "spearman": 0.8628702584824232
    },
    "evaluation_time": 0.05,
    "manhattan": {
      "pearson": 0.8532744768820806,
      "spearman": 0.8615295025004353
    }
  }
}