{
  "dataset_revision": "7e90230a92c190f1bf69ae9002b8cea547a64cca",
  "mteb_dataset_name": "STS13",
  "mteb_version": "1.1.2",
  "test": {
    "cos_sim": {
      "pearson": 0.8825229031272374,
      "spearman": 0.8941476002263095
    },
    "euclidean": {
      "pearson": 0.8854888402133323,
      "spearman": 0.8941475994315111
    },
    "evaluation_time": 0.19,
    "manhattan": {
      "pearson": 0.8840380518205244,
      "spearman": 0.8930734552199289
    }
  }
}