{
  "dataset_revision": "6031580fec1f6af667f0bd2da0a551cf4f0b2375",
  "mteb_dataset_name": "STS14",
  "mteb_version": "1.1.2",
  "test": {
    "cos_sim": {
      "pearson": 0.8660809768529918,
      "spearman": 0.8481367822495771
    },
    "euclidean": {
      "pearson": 0.8606562822062005,
      "spearman": 0.8481367822495771
    },
    "evaluation_time": 1.22,
    "manhattan": {
      "pearson": 0.8591868478412727,
      "spearman": 0.8460570862205226
    }
  }
}