{
  "dataset_revision": "b0fddb56ed78048fa8b90373c8a3cfc37b684831",
  "mteb_dataset_name": "STSBenchmark",
  "mteb_version": "1.2.0",
  "test": {
    "cos_sim": {
      "pearson": 0.8741678111291052,
      "spearman": 0.8880099456568359
    },
    "euclidean": {
      "pearson": 0.8859815060436016,
      "spearman": 0.8880099456568359
    },
    "evaluation_time": 0.06,
    "manhattan": {
      "pearson": 0.8846570040178734,
      "spearman": 0.8860672677558816
    }
  }
}