{
  "dataset_revision": "70970daeab8776df92f5ea462b6173c0b46fd2d1",
  "mteb_dataset_name": "TwitterSemEval2015",
  "mteb_version": "1.1.2",
  "test": {
    "cos_sim": {
      "accuracy": 0.8724444179531502,
      "accuracy_threshold": 0.8641130924224854,
      "ap": 0.7764866875861152,
      "f1": 0.7097329888027563,
      "f1_threshold": 0.8495388031005859,
      "precision": 0.6649757897163938,
      "recall": 0.7609498680738787
    },
    "dot": {
      "accuracy": 0.8724444179531502,
      "accuracy_threshold": 0.8641130924224854,
      "ap": 0.7764863187250178,
      "f1": 0.7097329888027563,
      "f1_threshold": 0.8495388031005859,
      "precision": 0.6649757897163938,
      "recall": 0.7609498680738787
    },
    "euclidean": {
      "accuracy": 0.8724444179531502,
      "accuracy_threshold": 0.5213192701339722,
      "ap": 0.776486653938979,
      "f1": 0.7097329888027563,
      "f1_threshold": 0.548564076423645,
      "precision": 0.6649757897163938,
      "recall": 0.7609498680738787
    },
    "evaluation_time": 11.89,
    "manhattan": {
      "accuracy": 0.8713715205340645,
      "accuracy_threshold": 18.171894073486328,
      "ap": 0.7726673933505451,
      "f1": 0.7070935342121781,
      "f1_threshold": 19.097209930419922,
      "precision": 0.6744910179640718,
      "recall": 0.7430079155672823
    },
    "max": {
      "accuracy": 0.8724444179531502,
      "ap": 0.7764866875861152,
      "f1": 0.7097329888027563
    }
  }
}