{
  "dataset_revision": "af5e6fb845001ecf41f4c1e033ce921939a2a68d",
  "mteb_dataset_name": "STS17",
  "mteb_version": "1.1.2",
  "test": {
    "en-en": {
      "cos_sim": {
        "pearson": 0.902883575153105,
        "spearman": 0.9035240932992396
      },
      "euclidean": {
        "pearson": 0.904610662241897,
        "spearman": 0.8997454752021831
      },
      "manhattan": {
        "pearson": 0.8849558132774681,
        "spearman": 0.8780401395492432
      }
    },
    "evaluation_time": 0.07
  }
}