{
  "dataset_revision": "7e90230a92c190f1bf69ae9002b8cea547a64cca",
  "mteb_dataset_name": "STS13",
  "mteb_version": "1.1.2",
  "test": {
    "cos_sim": {
      "pearson": 0.876338100841058,
      "spearman": 0.8804317808293068
    },
    "euclidean": {
      "pearson": 0.8856640038349457,
      "spearman": 0.8935361152857757
    },
    "evaluation_time": 0.3,
    "manhattan": {
      "pearson": 0.8610020928316235,
      "spearman": 0.8673579357884442
    }
  }
}