{
  "dataset_revision": "7e90230a92c190f1bf69ae9002b8cea547a64cca",
  "mteb_dataset_name": "STS13",
  "mteb_version": "1.1.2",
  "test": {
    "cos_sim": {
      "pearson": 0.8771848798772578,
      "spearman": 0.8824646511372829
    },
    "euclidean": {
      "pearson": 0.8811181365975308,
      "spearman": 0.8888962362323479
    },
    "evaluation_time": 0.19,
    "manhattan": {
      "pearson": 0.8654927353441737,
      "spearman": 0.8710818386999853
    }
  }
}