{
  "dataset_revision": "b0fddb56ed78048fa8b90373c8a3cfc37b684831",
  "mteb_dataset_name": "STSBenchmark",
  "mteb_version": "1.1.2",
  "test": {
    "cos_sim": {
      "pearson": 0.8764695848629022,
      "spearman": 0.8801241507988072
    },
    "euclidean": {
      "pearson": 0.8861006309606182,
      "spearman": 0.8905741840011603
    },
    "evaluation_time": 0.17,
    "manhattan": {
      "pearson": 0.8695898097634771,
      "spearman": 0.8748389708466761
    }
  }
}