{
  "dataset_revision": "4f58c6b202a23cf9a4da393831edf4f9183cad37",
  "mteb_dataset_name": "EmotionClassification",
  "mteb_version": "1.1.2",
  "test": {
    "accuracy": 0.55595,
    "accuracy_stderr": 0.025584614517322718,
    "evaluation_time": 0.61,
    "f1": 0.49285120833059876,
    "f1_stderr": 0.015641833504888968,
    "main_score": 0.55595
  }
}