{
  "dataset_revision": "af5e6fb845001ecf41f4c1e033ce921939a2a68d",
  "mteb_dataset_name": "STS17",
  "mteb_version": "1.1.2",
  "test": {
    "en-en": {
      "cos_sim": {
        "pearson": 0.9017140041551555,
        "spearman": 0.9038704345917572
      },
      "euclidean": {
        "pearson": 0.90563555041889,
        "spearman": 0.9001590858911386
      },
      "manhattan": {
        "pearson": 0.8925706707797638,
        "spearman": 0.8862158697940343
      }
    },
    "evaluation_time": 0.05
  }
}