{
  "dataset_revision": "4f58c6b202a23cf9a4da393831edf4f9183cad37",
  "mteb_dataset_name": "EmotionClassification",
  "mteb_version": "1.1.2",
  "test": {
    "accuracy": 0.5619500000000001,
    "accuracy_stderr": 0.020338940483712528,
    "evaluation_time": 0.61,
    "f1": 0.4985315789857962,
    "f1_stderr": 0.012770397905318434,
    "main_score": 0.5619500000000001
  }
}