{
  "dataset_revision": "eea2b4fe26a775864c896887d910b76a8098ad3f",
  "mteb_dataset_name": "STS22",
  "mteb_version": "1.1.2",
  "test": {
    "en": {
      "cos_sim": {
        "pearson": 0.6899859658962183,
        "spearman": 0.6953863442718734
      },
      "euclidean": {
        "pearson": 0.7083776118683319,
        "spearman": 0.6974364694452015
      },
      "manhattan": {
        "pearson": 0.7084427907336933,
        "spearman": 0.6879289020474966
      }
    },
    "evaluation_time": 0.12
  }
}