{
  "dataset_revision": "4d8694f8f0e0100860b497b999b3dbed754a0513",
  "mteb_dataset_name": "STS16",
  "mteb_version": "1.1.2",
  "test": {
    "cos_sim": {
      "pearson": 0.8526423055991094,
      "spearman": 0.8632858628834346
    },
    "euclidean": {
      "pearson": 0.8586272970651128,
      "spearman": 0.8632858628834346
    },
    "evaluation_time": 0.09,
    "manhattan": {
      "pearson": 0.8573786855698855,
      "spearman": 0.8625007954587628
    }
  }
}