{
  "dataset_revision": "4d8694f8f0e0100860b497b999b3dbed754a0513",
  "mteb_dataset_name": "STS16",
  "mteb_version": "1.1.2",
  "test": {
    "cos_sim": {
      "pearson": 0.8395114961105234,
      "spearman": 0.8522263581122841
    },
    "euclidean": {
      "pearson": 0.8624373585621057,
      "spearman": 0.869849883345109
    },
    "evaluation_time": 0.16,
    "manhattan": {
      "pearson": 0.8508001393415251,
      "spearman": 0.8588019367208274
    }
  }
}