{
  "dataset_revision": "b0fddb56ed78048fa8b90373c8a3cfc37b684831",
  "mteb_dataset_name": "STSBenchmark",
  "mteb_version": "1.1.2",
  "test": {
    "cos_sim": {
      "pearson": 0.8740413592471401,
      "spearman": 0.8753201012692222
    },
    "euclidean": {
      "pearson": 0.8825192998646365,
      "spearman": 0.8865357969526586
    },
    "evaluation_time": 0.15,
    "manhattan": {
      "pearson": 0.8517984919249297,
      "spearman": 0.8591690614086483
    }
  }
}