{
  "dataset_revision": "0fd18e25b25c072e09e0d92ab615fda904d66300",
  "mteb_dataset_name": "Banking77Classification",
  "mteb_version": "1.1.2",
  "test": {
    "accuracy": 0.8532467532467531,
    "accuracy_stderr": 0.004934637712198268,
    "evaluation_time": 12.19,
    "f1": 0.8477742806528017,
    "f1_stderr": 0.006058233245303306,
    "main_score": 0.8532467532467531
  }
}