{
  "dataset_revision": "d3fb88f8f02e40887cd149695127462bbcf29b4a",
  "mteb_dataset_name": "BIOSSES",
  "mteb_version": "1.1.2",
  "test": {
    "cos_sim": {
      "pearson": 0.8872023170247111,
      "spearman": 0.8685197898125949
    },
    "euclidean": {
      "pearson": 0.8676663009667923,
      "spearman": 0.8685197898125949
    },
    "evaluation_time": 0.13,
    "manhattan": {
      "pearson": 0.8740381324514737,
      "spearman": 0.8757368217274424
    }
  }
}