{
  "dataset_revision": "4f58c6b202a23cf9a4da393831edf4f9183cad37",
  "mteb_dataset_name": "EmotionClassification",
  "mteb_version": "1.2.0",
  "test": {
    "accuracy": 0.55395,
    "accuracy_stderr": 0.022892629818349837,
    "evaluation_time": 27.93,
    "f1": 0.4909948634101878,
    "f1_stderr": 0.013584600774958195,
    "main_score": 0.55395
  }
}