{
  "dataset_revision": "ec0fa4fe99da2ff19ca1214b7966684033a58814",
  "mteb_dataset_name": "NFCorpus",
  "mteb_version": "1.2.0",
  "test": {
    "evaluation_time": 5.49,
    "map_at_1": 0.07612,
    "map_at_10": 0.15955,
    "map_at_100": 0.20546,
    "map_at_1000": 0.22222,
    "map_at_3": 0.11744,
    "map_at_5": 0.13701,
    "mrr_at_1": 0.51393,
    "mrr_at_10": 0.60243,
    "mrr_at_100": 0.60619,
    "mrr_at_1000": 0.60651,
    "mrr_at_3": 0.57792,
    "mrr_at_5": 0.59401,
    "ndcg_at_1": 0.5,
    "ndcg_at_10": 0.39998,
    "ndcg_at_100": 0.37482,
    "ndcg_at_1000": 0.46212,
    "ndcg_at_3": 0.44827,
    "ndcg_at_5": 0.43004,
    "precision_at_1": 0.51393,
    "precision_at_10": 0.29381,
    "precision_at_100": 0.09489,
    "precision_at_1000": 0.02257,
    "precision_at_3": 0.4128,
    "precision_at_5": 0.3678,
    "recall_at_1": 0.07612,
    "recall_at_10": 0.20434,
    "recall_at_100": 0.37894,
    "recall_at_1000": 0.6986,
    "recall_at_3": 0.12718,
    "recall_at_5": 0.16203
  }
}