{
  "dataset_revision": "eea2b4fe26a775864c896887d910b76a8098ad3f",
  "mteb_dataset_name": "STS22",
  "mteb_version": "1.1.2",
  "test": {
    "en": {
      "cos_sim": {
        "pearson": 0.682540504406699,
        "spearman": 0.6821659261235837
      },
      "euclidean": {
        "pearson": 0.6994238354299399,
        "spearman": 0.6821659261235837
      },
      "manhattan": {
        "pearson": 0.6990267095084973,
        "spearman": 0.6826762192889974
      }
    },
    "evaluation_time": 0.42
  }
}