{
  "dataset_revision": "b0fddb56ed78048fa8b90373c8a3cfc37b684831",
  "mteb_dataset_name": "STSBenchmark",
  "mteb_version": "1.2.0",
  "test": {
    "cos_sim": {
      "pearson": 0.8825201018460215,
      "spearman": 0.8961976224523286
    },
    "euclidean": {
      "pearson": 0.8933729753656956,
      "spearman": 0.8961976224523286
    },
    "evaluation_time": 1.03,
    "manhattan": {
      "pearson": 0.8926488180933503,
      "spearman": 0.8949427822652731
    }
  }
}