{
  "dataset_revision": "d604517c81ca91fe16a244d1248fc021f9ecee7a",
  "mteb_dataset_name": "TweetSentimentExtractionClassification",
  "mteb_version": "1.2.0",
  "test": {
    "accuracy": 0.6378607809847199,
    "accuracy_stderr": 0.023597963695250062,
    "evaluation_time": 13.94,
    "f1": 0.6374688757104814,
    "f1_stderr": 0.02480590230892818,
    "main_score": 0.6378607809847199
  }
}