{
  "dataset_revision": "af5e6fb845001ecf41f4c1e033ce921939a2a68d",
  "mteb_dataset_name": "STS17",
  "mteb_version": "1.1.2",
  "test": {
    "en-en": {
      "cos_sim": {
        "pearson": 0.9000771777445158,
        "spearman": 0.9029451920933222
      },
      "euclidean": {
        "pearson": 0.9073312495238388,
        "spearman": 0.901701284854047
      },
      "manhattan": {
        "pearson": 0.8976971089586755,
        "spearman": 0.8913318034922771
      }
    },
    "evaluation_time": 0.06
  }
}