{
  "dataset_revision": "a0d554a64d88156834ff5ae9920b964011b16384",
  "mteb_dataset_name": "STS12",
  "mteb_version": "1.1.2",
  "test": {
    "cos_sim": {
      "pearson": 0.8473673374056215,
      "spearman": 0.7601481886453945
    },
    "euclidean": {
      "pearson": 0.840589520188455,
      "spearman": 0.7906556288649501
    },
    "evaluation_time": 0.32,
    "manhattan": {
      "pearson": 0.780963150797071,
      "spearman": 0.7738324955125704
    }
  }
}