{
  "dataset_revision": "4f58c6b202a23cf9a4da393831edf4f9183cad37",
  "mteb_dataset_name": "EmotionClassification",
  "mteb_version": "1.1.2",
  "test": {
    "accuracy": 0.54955,
    "accuracy_stderr": 0.02710392038063867,
    "evaluation_time": 0.47,
    "f1": 0.481955550380828,
    "f1_stderr": 0.015699083780598082,
    "main_score": 0.54955
  }
}