{
  "dataset_revision": "70970daeab8776df92f5ea462b6173c0b46fd2d1",
  "mteb_dataset_name": "TwitterSemEval2015",
  "mteb_version": "1.1.2",
  "test": {
    "cos_sim": {
      "accuracy": 0.8770936401025213,
      "accuracy_threshold": 0.738005786760089,
      "ap": 0.7857576945388627,
      "f1": 0.7195516811955167,
      "f1_threshold": 0.6931666390649391,
      "precision": 0.6813679245283019,
      "recall": 0.7622691292875989
    },
    "dot": {
      "accuracy": 0.8588543839780652,
      "accuracy_threshold": 0.39518776415187007,
      "ap": 0.7308164400473092,
      "f1": 0.6777888446215139,
      "f1_threshold": 0.3701929087065059,
      "precision": 0.6416784535596417,
      "recall": 0.7182058047493404
    },
    "euclidean": {
      "accuracy": 0.8760803480956071,
      "accuracy_threshold": 0.5279816322982496,
      "ap": 0.7866643399058304,
      "f1": 0.7190775681341719,
      "f1_threshold": 0.5582451140629039,
      "precision": 0.7142113482561167,
      "recall": 0.7240105540897097
    },
    "evaluation_time": 0.74,
    "manhattan": {
      "accuracy": 0.8767956130416642,
      "accuracy_threshold": 6.514310920309136,
      "ap": 0.7830314457497713,
      "f1": 0.7175630894723426,
      "f1_threshold": 6.913283557975808,
      "precision": 0.6940335305719921,
      "recall": 0.7427440633245382
    },
    "max": {
      "accuracy": 0.8770936401025213,
      "ap": 0.7866643399058304,
      "f1": 0.7195516811955167
    }
  }
}