{
  "dataset_revision": "4f58c6b202a23cf9a4da393831edf4f9183cad37",
  "mteb_dataset_name": "EmotionClassification",
  "mteb_version": "1.1.2",
  "test": {
    "accuracy": 0.5580499999999999,
    "accuracy_stderr": 0.02443915915083822,
    "evaluation_time": 13.6,
    "f1": 0.4945466047631123,
    "f1_stderr": 0.014647111223994421,
    "main_score": 0.5580499999999999
  }
}