{
  "dataset_revision": "7d571f92784cd94a019292a1f45445077d0ef634",
  "mteb_dataset_name": "MassiveScenarioClassification",
  "mteb_version": "1.2.0",
  "test": {
    "en": {
      "accuracy": 0.7800605245460659,
      "accuracy_stderr": 0.012738810152335089,
      "f1": 0.776035660927445,
      "f1_stderr": 0.011017821029949589,
      "main_score": 0.7800605245460659
    },
    "evaluation_time": 14.16
  }
}