{
  "dataset_revision": "a0d554a64d88156834ff5ae9920b964011b16384",
  "mteb_dataset_name": "STS12",
  "mteb_version": "1.1.2",
  "test": {
    "cos_sim": {
      "pearson": 0.8723435533510495,
      "spearman": 0.787528608173671
    },
    "euclidean": {
      "pearson": 0.8371770063784654,
      "spearman": 0.787528608173671
    },
    "evaluation_time": 2.44,
    "manhattan": {
      "pearson": 0.8374709490551482,
      "spearman": 0.7885085624767778
    }
  }
}