{
  "dataset_revision": "4d8694f8f0e0100860b497b999b3dbed754a0513",
  "mteb_dataset_name": "STS16",
  "mteb_version": "1.1.2",
  "test": {
    "cos_sim": {
      "pearson": 0.8614082492978203,
      "spearman": 0.8746188776281671
    },
    "euclidean": {
      "pearson": 0.8670465577008468,
      "spearman": 0.8746188776281671
    },
    "evaluation_time": 1.72,
    "manhattan": {
      "pearson": 0.8663968147330761,
      "spearman": 0.8740839886274482
    }
  }
}