{
  "dataset_revision": "4d8694f8f0e0100860b497b999b3dbed754a0513",
  "mteb_dataset_name": "STS16",
  "mteb_version": "1.2.0",
  "test": {
    "cos_sim": {
      "pearson": 0.8620254752847331,
      "spearman": 0.8741405607945397
    },
    "euclidean": {
      "pearson": 0.8671511897726507,
      "spearman": 0.8741405607945397
    },
    "evaluation_time": 0.51,
    "manhattan": {
      "pearson": 0.8670750607811611,
      "spearman": 0.8746166265623155
    }
  }
}