{
  "dataset_revision": null,
  "mteb_dataset_name": "ArguAna",
  "mteb_version": "1.1.2",
  "test": {
    "evaluation_time": 2.03,
    "map_at_1": 0.3798,
    "map_at_10": 0.54682,
    "map_at_100": 0.55236,
    "map_at_1000": 0.5524,
    "map_at_3": 0.5032,
    "map_at_5": 0.53041,
    "mrr_at_1": 0.38407,
    "mrr_at_10": 0.54827,
    "mrr_at_100": 0.55381,
    "mrr_at_1000": 0.55385,
    "mrr_at_3": 0.50533,
    "mrr_at_5": 0.53161,
    "ndcg_at_1": 0.3798,
    "ndcg_at_10": 0.63237,
    "ndcg_at_100": 0.65394,
    "ndcg_at_1000": 0.65464,
    "ndcg_at_3": 0.54432,
    "ndcg_at_5": 0.59299,
    "precision_at_1": 0.3798,
    "precision_at_10": 0.09018,
    "precision_at_100": 0.00991,
    "precision_at_1000": 0.001,
    "precision_at_3": 0.22119,
    "precision_at_5": 0.15619,
    "recall_at_1": 0.3798,
    "recall_at_10": 0.90185,
    "recall_at_100": 0.99147,
    "recall_at_1000": 0.99644,
    "recall_at_3": 0.66358,
    "recall_at_5": 0.78094
  }
}