{
  "dataset_revision": "a6ea5a8cab320b040a23452cc28066d9beae2cee",
  "mteb_dataset_name": "SICK-R",
  "mteb_version": "1.1.2",
  "test": {
    "cos_sim": {
      "pearson": 0.8726066424639376,
      "spearman": 0.8296340051607646
    },
    "euclidean": {
      "pearson": 0.847152329365145,
      "spearman": 0.8303411819162664
    },
    "evaluation_time": 1.59,
    "manhattan": {
      "pearson": 0.8113349914303609,
      "spearman": 0.807833637053119
    }
  }
}