{
  "dataset_revision": "ae752c7c21bf194d8b67fd573edf7ae58183cbe3",
  "mteb_dataset_name": "STS15",
  "mteb_version": "1.1.2",
  "test": {
    "cos_sim": {
      "pearson": 0.8789999725788014,
      "spearman": 0.8906549580723987
    },
    "euclidean": {
      "pearson": 0.8961373714701625,
      "spearman": 0.9019412655748976
    },
    "evaluation_time": 0.49,
    "manhattan": {
      "pearson": 0.8808553454114794,
      "spearman": 0.8895240880014605
    }
  }
}