{
  "dataset_revision": "e8379541af4e31359cca9fbcf4b00f2671dba205",
  "mteb_dataset_name": "AmazonCounterfactualClassification",
  "mteb_version": "1.2.0",
  "test": {
    "en": {
      "accuracy": 0.766268656716418,
      "accuracy_stderr": 0.0368641609455411,
      "ap": 0.39849045275448225,
      "ap_stderr": 0.04082899474425264,
      "f1": 0.7061311763761047,
      "f1_stderr": 0.03550639063612824,
      "main_score": 0.766268656716418
    },
    "evaluation_time": 14.34
  }
}