{
  "dataset_revision": "4f58c6b202a23cf9a4da393831edf4f9183cad37",
  "mteb_dataset_name": "EmotionClassification",
  "mteb_version": "1.1.2",
  "test": {
    "accuracy": 0.56575,
    "accuracy_stderr": 0.01949903843783073,
    "evaluation_time": 49.82,
    "f1": 0.5051071306303896,
    "f1_stderr": 0.010369781129370806,
    "main_score": 0.56575
  }
}