{
  "dataset_revision": "27a168819829fe9bcd655c2df245fb19452e8e06",
  "mteb_dataset_name": "FiQA2018",
  "mteb_version": "1.2.0",
  "test": {
    "evaluation_time": 61.27,
    "map_at_1": 0.21987,
    "map_at_10": 0.37045,
    "map_at_100": 0.39092,
    "map_at_1000": 0.39256,
    "map_at_3": 0.32256,
    "map_at_5": 0.35014,
    "mrr_at_1": 0.4429,
    "mrr_at_10": 0.53664,
    "mrr_at_100": 0.54406,
    "mrr_at_1000": 0.54432,
    "mrr_at_3": 0.51157,
    "mrr_at_5": 0.52631,
    "ndcg_at_1": 0.4429,
    "ndcg_at_10": 0.45384,
    "ndcg_at_100": 0.52333,
    "ndcg_at_1000": 0.54929,
    "ndcg_at_3": 0.41461,
    "ndcg_at_5": 0.42806,
    "precision_at_1": 0.4429,
    "precision_at_10": 0.12701,
    "precision_at_100": 0.01998,
    "precision_at_1000": 0.00246,
    "precision_at_3": 0.28035,
    "precision_at_5": 0.20648,
    "recall_at_1": 0.21987,
    "recall_at_10": 0.52767,
    "recall_at_100": 0.78217,
    "recall_at_1000": 0.93735,
    "recall_at_3": 0.37639,
    "recall_at_5": 0.44459
  }
}