{
  "dataset_revision": "6031580fec1f6af667f0bd2da0a551cf4f0b2375",
  "mteb_dataset_name": "STS14",
  "mteb_version": "1.2.0",
  "test": {
    "cos_sim": {
      "pearson": 0.8714304024317895,
      "spearman": 0.8453333026763388
    },
    "euclidean": {
      "pearson": 0.8626803847008977,
      "spearman": 0.8453333026763388
    },
    "evaluation_time": 2.2,
    "manhattan": {
      "pearson": 0.8616065575818626,
      "spearman": 0.8437874265257413
    }
  }
}