{
  "dataset_revision": "4d8694f8f0e0100860b497b999b3dbed754a0513",
  "mteb_dataset_name": "STS16",
  "mteb_version": "1.1.2",
  "test": {
    "cos_sim": {
      "pearson": 0.8594062389911878,
      "spearman": 0.8718585017428804
    },
    "euclidean": {
      "pearson": 0.8647318483113599,
      "spearman": 0.8718585017428804
    },
    "evaluation_time": 0.69,
    "manhattan": {
      "pearson": 0.8632964238857599,
      "spearman": 0.8704498015155844
    }
  }
}