{
  "dataset_revision": null,
  "mteb_dataset_name": "SciFact",
  "mteb_version": "1.1.2",
  "test": {
    "evaluation_time": 15.64,
    "map_at_1": 0.61428,
    "map_at_10": 0.71221,
    "map_at_100": 0.71664,
    "map_at_1000": 0.71685,
    "map_at_3": 0.68126,
    "map_at_5": 0.69944,
    "mrr_at_1": 0.64333,
    "mrr_at_10": 0.7213,
    "mrr_at_100": 0.72459,
    "mrr_at_1000": 0.72477,
    "mrr_at_3": 0.69722,
    "mrr_at_5": 0.71306,
    "ndcg_at_1": 0.64333,
    "ndcg_at_10": 0.75849,
    "ndcg_at_100": 0.77647,
    "ndcg_at_1000": 0.78042,
    "ndcg_at_3": 0.70606,
    "ndcg_at_5": 0.73399,
    "precision_at_1": 0.64333,
    "precision_at_10": 0.101,
    "precision_at_100": 0.011,
    "precision_at_1000": 0.00113,
    "precision_at_3": 0.27556,
    "precision_at_5": 0.18333,
    "recall_at_1": 0.61428,
    "recall_at_10": 0.89156,
    "recall_at_100": 0.97167,
    "recall_at_1000": 1.0,
    "recall_at_3": 0.75117,
    "recall_at_5": 0.82161
  }
}