{
  "dataset_revision": null,
  "mteb_dataset_name": "SciFact",
  "mteb_version": "1.1.2",
  "test": {
    "evaluation_time": 0.86,
    "map_at_1": 0.60761,
    "map_at_10": 0.70311,
    "map_at_100": 0.70799,
    "map_at_1000": 0.7082,
    "map_at_3": 0.67385,
    "map_at_5": 0.68981,
    "mrr_at_1": 0.63667,
    "mrr_at_10": 0.71323,
    "mrr_at_100": 0.7172,
    "mrr_at_1000": 0.7174,
    "mrr_at_3": 0.69167,
    "mrr_at_5": 0.70433,
    "ndcg_at_1": 0.63667,
    "ndcg_at_10": 0.74773,
    "ndcg_at_100": 0.76852,
    "ndcg_at_1000": 0.77287,
    "ndcg_at_3": 0.69767,
    "ndcg_at_5": 0.72131,
    "precision_at_1": 0.63667,
    "precision_at_10": 0.09933,
    "precision_at_100": 0.01097,
    "precision_at_1000": 0.00113,
    "precision_at_3": 0.27,
    "precision_at_5": 0.17867,
    "recall_at_1": 0.60761,
    "recall_at_10": 0.87489,
    "recall_at_100": 0.96833,
    "recall_at_1000": 1.0,
    "recall_at_3": 0.73839,
    "recall_at_5": 0.79828
  }
}