{
  "dataset_revision": "4ffe81d471b1924886b33c7567bfb200e9eec5c4",
  "mteb_dataset_name": "CQADupstackWordpressRetrieval",
  "mteb_version": "1.2.0",
  "test": {
    "evaluation_time": 61.11,
    "map_at_1": 0.24501,
    "map_at_10": 0.33386,
    "map_at_100": 0.34301,
    "map_at_1000": 0.34401,
    "map_at_3": 0.30605,
    "map_at_5": 0.32194,
    "mrr_at_1": 0.26617,
    "mrr_at_10": 0.35548,
    "mrr_at_100": 0.36361,
    "mrr_at_1000": 0.36439,
    "mrr_at_3": 0.33087,
    "mrr_at_5": 0.34501,
    "ndcg_at_1": 0.26617,
    "ndcg_at_10": 0.38466,
    "ndcg_at_100": 0.42988,
    "ndcg_at_1000": 0.45566,
    "ndcg_at_3": 0.33239,
    "ndcg_at_5": 0.35803,
    "precision_at_1": 0.26617,
    "precision_at_10": 0.06007,
    "precision_at_100": 0.00891,
    "precision_at_1000": 0.00123,
    "precision_at_3": 0.1411,
    "precision_at_5": 0.10055,
    "recall_at_1": 0.24501,
    "recall_at_10": 0.52039,
    "recall_at_100": 0.72694,
    "recall_at_1000": 0.91922,
    "recall_at_3": 0.37976,
    "recall_at_5": 0.44033
  }
}