{
  "dataset_revision": "46989137a86843e03a6195de44b09deda022eec7",
  "mteb_dataset_name": "CQADupstackTexRetrieval",
  "mteb_version": "1.2.0",
  "test": {
    "evaluation_time": 92.45,
    "map_at_1": 0.20727,
    "map_at_10": 0.28794,
    "map_at_100": 0.30021,
    "map_at_1000": 0.30148,
    "map_at_3": 0.26082,
    "map_at_5": 0.27503,
    "mrr_at_1": 0.25086,
    "mrr_at_10": 0.32908,
    "mrr_at_100": 0.33864,
    "mrr_at_1000": 0.3394,
    "mrr_at_3": 0.30466,
    "mrr_at_5": 0.31773,
    "ndcg_at_1": 0.25086,
    "ndcg_at_10": 0.33855,
    "ndcg_at_100": 0.39413,
    "ndcg_at_1000": 0.42124,
    "ndcg_at_3": 0.29053,
    "ndcg_at_5": 0.31129,
    "precision_at_1": 0.25086,
    "precision_at_10": 0.06132,
    "precision_at_100": 0.01051,
    "precision_at_1000": 0.00146,
    "precision_at_3": 0.1357,
    "precision_at_5": 0.09794,
    "recall_at_1": 0.20727,
    "recall_at_10": 0.44928,
    "recall_at_100": 0.69572,
    "recall_at_1000": 0.88498,
    "recall_at_3": 0.31397,
    "recall_at_5": 0.3673
  }
}