{
  "dataset_revision": "d80d48c1eb48d3562165c59d59d0034df9fff0bf",
  "mteb_dataset_name": "MTOPDomainClassification",
  "mteb_version": "1.2.0",
  "test": {
    "en": {
      "accuracy": 0.9523939808481531,
      "accuracy_stderr": 0.0037014434789932956,
      "f1": 0.950321795414615,
      "f1_stderr": 0.0035617108327174298,
      "main_score": 0.9523939808481531
    },
    "evaluation_time": 13.67
  }
}