{
  "dataset_revision": "4d8694f8f0e0100860b497b999b3dbed754a0513",
  "mteb_dataset_name": "STS16",
  "mteb_version": "1.2.0",
  "test": {
    "cos_sim": {
      "pearson": 0.8609750105979688,
      "spearman": 0.874057617956499
    },
    "euclidean": {
      "pearson": 0.8674806049846594,
      "spearman": 0.874057617956499
    },
    "evaluation_time": 0.2,
    "manhattan": {
      "pearson": 0.8669380419507842,
      "spearman": 0.8735512302952176
    }
  }
}