{
  "dataset_revision": "d7c0de2777da35d6aae2200a62c6e0e5af397c4c",
  "mteb_dataset_name": "ToxicConversationsClassification",
  "mteb_version": "1.2.0",
  "test": {
    "accuracy": 0.740144,
    "accuracy_stderr": 0.043241946117167286,
    "ap": 0.16839023499479402,
    "ap_stderr": 0.013159851448763879,
    "evaluation_time": 28.94,
    "f1": 0.5765711802806541,
    "f1_stderr": 0.028535419439590495,
    "main_score": 0.740144
  }
}