{
  "dataset_revision": "70970daeab8776df92f5ea462b6173c0b46fd2d1",
  "mteb_dataset_name": "TwitterSemEval2015",
  "mteb_version": "1.2.0",
  "test": {
    "cos_sim": {
      "accuracy": 0.87494784526435,
      "accuracy_threshold": 0.7925402518457562,
      "ap": 0.7826975009592404,
      "f1": 0.7111459968602827,
      "f1_threshold": 0.7680667830388743,
      "precision": 0.7052413077322263,
      "recall": 0.7171503957783641
    },
    "dot": {
      "accuracy": 0.87494784526435,
      "accuracy_threshold": 0.792540251845756,
      "ap": 0.7826975009592404,
      "f1": 0.7111459968602827,
      "f1_threshold": 0.7680667830388744,
      "precision": 0.7052413077322263,
      "recall": 0.7171503957783641
    },
    "euclidean": {
      "accuracy": 0.87494784526435,
      "accuracy_threshold": 0.6441424502703428,
      "ap": 0.7826975009592404,
      "f1": 0.7111459968602827,
      "f1_threshold": 0.6810774050701296,
      "precision": 0.7052413077322263,
      "recall": 0.7171503957783641
    },
    "evaluation_time": 10.55,
    "manhattan": {
      "accuracy": 0.8775704833998927,
      "accuracy_threshold": 30.830478530926285,
      "ap": 0.7891082547097943,
      "f1": 0.7177691634362886,
      "f1_threshold": 33.11300108522157,
      "precision": 0.6821963394342762,
      "recall": 0.7572559366754618
    },
    "max": {
      "accuracy": 0.8775704833998927,
      "ap": 0.7891082547097943,
      "f1": 0.7177691634362886
    }
  }
}