{
  "dataset_revision": "e8379541af4e31359cca9fbcf4b00f2671dba205",
  "mteb_dataset_name": "AmazonCounterfactualClassification",
  "mteb_version": "1.1.2",
  "test": {
    "en": {
      "accuracy": 0.7762686567164179,
      "accuracy_stderr": 0.03951392117450489,
      "ap": 0.41235298425149214,
      "ap_stderr": 0.04462415587254009,
      "f1": 0.7167363649830426,
      "f1_stderr": 0.03790176972723055,
      "main_score": 0.7762686567164179
    },
    "evaluation_time": 17.82
  }
}