{
  "dataset_revision": null,
  "mteb_dataset_name": "ArguAna",
  "mteb_version": "1.1.2",
  "test": {
    "evaluation_time": 34.08,
    "map_at_1": 0.3734,
    "map_at_10": 0.54134,
    "map_at_100": 0.54697,
    "map_at_1000": 0.54698,
    "map_at_3": 0.49704,
    "map_at_5": 0.52549,
    "mrr_at_1": 0.37909,
    "mrr_at_10": 0.54382,
    "mrr_at_100": 0.54939,
    "mrr_at_1000": 0.5494,
    "mrr_at_3": 0.49976,
    "mrr_at_5": 0.52768,
    "ndcg_at_1": 0.3734,
    "ndcg_at_10": 0.6279,
    "ndcg_at_100": 0.65015,
    "ndcg_at_1000": 0.65043,
    "ndcg_at_3": 0.53777,
    "ndcg_at_5": 0.58949,
    "precision_at_1": 0.3734,
    "precision_at_10": 0.09011,
    "precision_at_100": 0.00994,
    "precision_at_1000": 0.001,
    "precision_at_3": 0.21859,
    "precision_at_5": 0.15647,
    "recall_at_1": 0.3734,
    "recall_at_10": 0.90114,
    "recall_at_100": 0.99431,
    "recall_at_1000": 0.99644,
    "recall_at_3": 0.65576,
    "recall_at_5": 0.78236
  }
}