{
  "dataset_revision": "46989137a86843e03a6195de44b09deda022eec7",
  "mteb_dataset_name": "CQADupstackTexRetrieval",
  "mteb_version": "1.2.0",
  "test": {
    "evaluation_time": 98.38,
    "map_at_1": 0.20736,
    "map_at_10": 0.28942,
    "map_at_100": 0.30161,
    "map_at_1000": 0.3029,
    "map_at_3": 0.26241,
    "map_at_5": 0.27684,
    "mrr_at_1": 0.25086,
    "mrr_at_10": 0.33053,
    "mrr_at_100": 0.33999,
    "mrr_at_1000": 0.34073,
    "mrr_at_3": 0.30632,
    "mrr_at_5": 0.31947,
    "ndcg_at_1": 0.25086,
    "ndcg_at_10": 0.34068,
    "ndcg_at_100": 0.39611,
    "ndcg_at_1000": 0.42316,
    "ndcg_at_3": 0.29291,
    "ndcg_at_5": 0.31386,
    "precision_at_1": 0.25086,
    "precision_at_10": 0.06191,
    "precision_at_100": 0.01057,
    "precision_at_1000": 0.00147,
    "precision_at_3": 0.13765,
    "precision_at_5": 0.09931,
    "recall_at_1": 0.20736,
    "recall_at_10": 0.45313,
    "recall_at_100": 0.69926,
    "recall_at_1000": 0.88746,
    "recall_at_3": 0.3184,
    "recall_at_5": 0.37223
  }
}