{
  "dataset_revision": "4ffe81d471b1924886b33c7567bfb200e9eec5c4",
  "mteb_dataset_name": "CQADupstackWordpressRetrieval",
  "mteb_version": "1.2.0",
  "test": {
    "evaluation_time": 64.67,
    "map_at_1": 0.25237,
    "map_at_10": 0.33889,
    "map_at_100": 0.34831,
    "map_at_1000": 0.34937,
    "map_at_3": 0.31309,
    "map_at_5": 0.32673,
    "mrr_at_1": 0.27172,
    "mrr_at_10": 0.35992,
    "mrr_at_100": 0.36792,
    "mrr_at_1000": 0.3687,
    "mrr_at_3": 0.33795,
    "mrr_at_5": 0.34849,
    "ndcg_at_1": 0.27172,
    "ndcg_at_10": 0.38868,
    "ndcg_at_100": 0.43443,
    "ndcg_at_1000": 0.4605,
    "ndcg_at_3": 0.33988,
    "ndcg_at_5": 0.36075,
    "precision_at_1": 0.27172,
    "precision_at_10": 0.06044,
    "precision_at_100": 0.00893,
    "precision_at_1000": 0.00123,
    "precision_at_3": 0.14479,
    "precision_at_5": 0.10055,
    "recall_at_1": 0.25237,
    "recall_at_10": 0.52134,
    "recall_at_100": 0.72956,
    "recall_at_1000": 0.92212,
    "recall_at_3": 0.38845,
    "recall_at_5": 0.43755
  }
}