{
  "dataset_revision": "0228b52cf27578f30900b9e5271d331663a030d7",
  "mteb_dataset_name": "SciFact",
  "mteb_version": "1.2.0",
  "test": {
    "evaluation_time": 5.93,
    "map_at_1": 0.60594,
    "map_at_10": 0.70172,
    "map_at_100": 0.70708,
    "map_at_1000": 0.70727,
    "map_at_3": 0.66859,
    "map_at_5": 0.69146,
    "mrr_at_1": 0.63333,
    "mrr_at_10": 0.71051,
    "mrr_at_100": 0.71438,
    "mrr_at_1000": 0.71455,
    "mrr_at_3": 0.685,
    "mrr_at_5": 0.703,
    "ndcg_at_1": 0.63333,
    "ndcg_at_10": 0.74716,
    "ndcg_at_100": 0.76828,
    "ndcg_at_1000": 0.77214,
    "ndcg_at_3": 0.69194,
    "ndcg_at_5": 0.72609,
    "precision_at_1": 0.63333,
    "precision_at_10": 0.09933,
    "precision_at_100": 0.011,
    "precision_at_1000": 0.00113,
    "precision_at_3": 0.26889,
    "precision_at_5": 0.18267,
    "recall_at_1": 0.60594,
    "recall_at_10": 0.87756,
    "recall_at_100": 0.97167,
    "recall_at_1000": 1.0,
    "recall_at_3": 0.73017,
    "recall_at_5": 0.81606
  }
}