{
  "dataset_revision": "a6ea5a8cab320b040a23452cc28066d9beae2cee",
  "mteb_dataset_name": "SICK-R",
  "mteb_version": "1.1.2",
  "test": {
    "cos_sim": {
      "pearson": 0.8728775587428392,
      "spearman": 0.8277807532475785
    },
    "euclidean": {
      "pearson": 0.8448578903385879,
      "spearman": 0.8277807532475785
    },
    "evaluation_time": 9.94,
    "manhattan": {
      "pearson": 0.8453486600243583,
      "spearman": 0.8267194494662958
    }
  }
}