{
  "dataset_revision": "eea2b4fe26a775864c896887d910b76a8098ad3f",
  "mteb_dataset_name": "STS22",
  "mteb_version": "1.2.0",
  "test": {
    "en": {
      "cos_sim": {
        "pearson": 0.678128417476462,
        "spearman": 0.6787810628461438
      },
      "euclidean": {
        "pearson": 0.6944666325938852,
        "spearman": 0.6787810628461438
      },
      "manhattan": {
        "pearson": 0.695502572010153,
        "spearman": 0.680668415079946
      }
    },
    "evaluation_time": 0.14
  }
}