{
  "dataset_revision": null,
  "mteb_dataset_name": "ArguAna",
  "mteb_version": "1.1.2",
  "test": {
    "evaluation_time": 1.56,
    "map_at_1": 0.39545,
    "map_at_10": 0.5609,
    "map_at_100": 0.56629,
    "map_at_1000": 0.56632,
    "map_at_3": 0.5179,
    "map_at_5": 0.54649,
    "mrr_at_1": 0.40469,
    "mrr_at_10": 0.56437,
    "mrr_at_100": 0.56962,
    "mrr_at_1000": 0.56966,
    "mrr_at_3": 0.52193,
    "mrr_at_5": 0.5497,
    "ndcg_at_1": 0.39545,
    "ndcg_at_10": 0.6443,
    "ndcg_at_100": 0.66499,
    "ndcg_at_1000": 0.66568,
    "ndcg_at_3": 0.55821,
    "ndcg_at_5": 0.6099,
    "precision_at_1": 0.39545,
    "precision_at_10": 0.09061,
    "precision_at_100": 0.00991,
    "precision_at_1000": 0.001,
    "precision_at_3": 0.22499,
    "precision_at_5": 0.16017,
    "recall_at_1": 0.39545,
    "recall_at_10": 0.90612,
    "recall_at_100": 0.99147,
    "recall_at_1000": 0.99644,
    "recall_at_3": 0.67496,
    "recall_at_5": 0.80085
  }
}