{
  "dataset_revision": "a0d554a64d88156834ff5ae9920b964011b16384",
  "mteb_dataset_name": "STS12",
  "mteb_version": "1.1.2",
  "test": {
    "cos_sim": {
      "pearson": 0.8389358547976394,
      "spearman": 0.7522873736025935
    },
    "euclidean": {
      "pearson": 0.8368179329154111,
      "spearman": 0.7774024060856686
    },
    "evaluation_time": 0.3,
    "manhattan": {
      "pearson": 0.7720141123326923,
      "spearman": 0.7577454194794075
    }
  }
}