{
  "dataset_revision": "ae752c7c21bf194d8b67fd573edf7ae58183cbe3",
  "mteb_dataset_name": "STS15",
  "mteb_version": "1.1.2",
  "test": {
    "cos_sim": {
      "pearson": 0.880150510313751,
      "spearman": 0.8895062790449823
    },
    "euclidean": {
      "pearson": 0.8939423839011044,
      "spearman": 0.9004527877164442
    },
    "evaluation_time": 0.47,
    "manhattan": {
      "pearson": 0.8727735760290654,
      "spearman": 0.8823836184196258
    }
  }
}