{
  "dataset_revision": "a6ea5a8cab320b040a23452cc28066d9beae2cee",
  "mteb_dataset_name": "SICK-R",
  "mteb_version": "1.1.2",
  "test": {
    "cos_sim": {
      "pearson": 0.8740380699258884,
      "spearman": 0.8298661906503526
    },
    "euclidean": {
      "pearson": 0.8523639406172022,
      "spearman": 0.8300162309760656
    },
    "evaluation_time": 1.46,
    "manhattan": {
      "pearson": 0.8290172755633537,
      "spearman": 0.816078289716484
    }
  }
}