{
  "dataset_revision": "ae752c7c21bf194d8b67fd573edf7ae58183cbe3",
  "mteb_dataset_name": "STS15",
  "mteb_version": "1.1.2",
  "test": {
    "cos_sim": {
      "pearson": 0.8945220561604984,
      "spearman": 0.9031753268778066
    },
    "euclidean": {
      "pearson": 0.8961180578892601,
      "spearman": 0.9031753268778066
    },
    "evaluation_time": 2.51,
    "manhattan": {
      "pearson": 0.8950666575240401,
      "spearman": 0.9020813512367134
    }
  }
}