{
  "dataset_revision": "4f58c6b202a23cf9a4da393831edf4f9183cad37",
  "mteb_dataset_name": "EmotionClassification",
  "mteb_version": "1.1.2",
  "test": {
    "accuracy": 0.55065,
    "accuracy_stderr": 0.026552824708493825,
    "evaluation_time": 0.5,
    "f1": 0.4831759494739246,
    "f1_stderr": 0.01564045380168169,
    "main_score": 0.55065
  }
}