{
  "dataset_revision": "eea2b4fe26a775864c896887d910b76a8098ad3f",
  "mteb_dataset_name": "STS22",
  "mteb_version": "1.1.2",
  "test": {
    "en": {
      "cos_sim": {
        "pearson": 0.6857531956607031,
        "spearman": 0.6926078101941672
      },
      "euclidean": {
        "pearson": 0.7026934937402832,
        "spearman": 0.6904193280222422
      },
      "manhattan": {
        "pearson": 0.7028693123495416,
        "spearman": 0.6897836996933936
      }
    },
    "evaluation_time": 0.04
  }
}