{
  "dataset_revision": null,
  "mteb_dataset_name": "ArguAna",
  "mteb_version": "1.1.2",
  "test": {
    "evaluation_time": 2.08,
    "map_at_1": 0.38122,
    "map_at_10": 0.5493,
    "map_at_100": 0.5552,
    "map_at_1000": 0.55524,
    "map_at_3": 0.50842,
    "map_at_5": 0.53374,
    "mrr_at_1": 0.38976,
    "mrr_at_10": 0.55238,
    "mrr_at_100": 0.55829,
    "mrr_at_1000": 0.55833,
    "mrr_at_3": 0.51114,
    "mrr_at_5": 0.53646,
    "ndcg_at_1": 0.38122,
    "ndcg_at_10": 0.6333,
    "ndcg_at_100": 0.65604,
    "ndcg_at_1000": 0.65685,
    "ndcg_at_3": 0.55076,
    "ndcg_at_5": 0.59612,
    "precision_at_1": 0.38122,
    "precision_at_10": 0.08969,
    "precision_at_100": 0.00991,
    "precision_at_1000": 0.001,
    "precision_at_3": 0.22451,
    "precision_at_5": 0.15661,
    "recall_at_1": 0.38122,
    "recall_at_10": 0.89687,
    "recall_at_100": 0.99075,
    "recall_at_1000": 0.99644,
    "recall_at_3": 0.67354,
    "recall_at_5": 0.78307
  }
}