{
  "dataset_revision": "c22ab2a51041ffd869aaddef7af8d8215647e41a",
  "mteb_dataset_name": "ArguAna",
  "mteb_version": "1.2.0",
  "test": {
    "evaluation_time": 2.48,
    "map_at_1": 0.30797,
    "map_at_10": 0.47949,
    "map_at_100": 0.48722,
    "map_at_1000": 0.48726,
    "map_at_3": 0.43042,
    "map_at_5": 0.45993,
    "mrr_at_1": 0.31294,
    "mrr_at_10": 0.48157,
    "mrr_at_100": 0.48936,
    "mrr_at_1000": 0.4894,
    "mrr_at_3": 0.43184,
    "mrr_at_5": 0.46196,
    "ndcg_at_1": 0.30797,
    "ndcg_at_10": 0.57069,
    "ndcg_at_100": 0.60161,
    "ndcg_at_1000": 0.60248,
    "ndcg_at_3": 0.47106,
    "ndcg_at_5": 0.52372,
    "precision_at_1": 0.30797,
    "precision_at_10": 0.08599,
    "precision_at_100": 0.0099,
    "precision_at_1000": 0.001,
    "precision_at_3": 0.1963,
    "precision_at_5": 0.1431,
    "recall_at_1": 0.30797,
    "recall_at_10": 0.85989,
    "recall_at_100": 0.99004,
    "recall_at_1000": 0.99644,
    "recall_at_3": 0.5889,
    "recall_at_5": 0.7155
  }
}