{
  "dataset_revision": "ae752c7c21bf194d8b67fd573edf7ae58183cbe3",
  "mteb_dataset_name": "STS15",
  "mteb_version": "1.2.0",
  "test": {
    "cos_sim": {
      "pearson": 0.8599670721270682,
      "spearman": 0.8777194385715277
    },
    "euclidean": {
      "pearson": 0.8861520212543952,
      "spearman": 0.8907384766198875
    },
    "evaluation_time": 0.43,
    "manhattan": {
      "pearson": 0.8863666703922849,
      "spearman": 0.8912262555433764
    }
  }
}