{
  "dataset_revision": "7e90230a92c190f1bf69ae9002b8cea547a64cca",
  "mteb_dataset_name": "STS13",
  "mteb_version": "1.2.0",
  "test": {
    "cos_sim": {
      "pearson": 0.8626533762443469,
      "spearman": 0.8659784739072638
    },
    "euclidean": {
      "pearson": 0.8723282560903053,
      "spearman": 0.8791332278280601
    },
    "evaluation_time": 0.24,
    "manhattan": {
      "pearson": 0.8491910757191197,
      "spearman": 0.8550406496327904
    }
  }
}