{
  "dataset_revision": "70970daeab8776df92f5ea462b6173c0b46fd2d1",
  "mteb_dataset_name": "TwitterSemEval2015",
  "mteb_version": "1.2.0",
  "test": {
    "cos_sim": {
      "accuracy": 0.8735769207844072,
      "accuracy_threshold": 0.7402378073603996,
      "ap": 0.7771276943036902,
      "f1": 0.7096059113300492,
      "f1_threshold": 0.6934490789797196,
      "precision": 0.6653579676674365,
      "recall": 0.7601583113456465
    },
    "dot": {
      "accuracy": 0.861775049174465,
      "accuracy_threshold": 0.5638919875487473,
      "ap": 0.7469275542245806,
      "f1": 0.6885937693930743,
      "f1_threshold": 0.5244363895706678,
      "precision": 0.6501054605108976,
      "recall": 0.7319261213720316
    },
    "euclidean": {
      "accuracy": 0.8759015318590928,
      "accuracy_threshold": 0.6368358622636807,
      "ap": 0.782794845368116,
      "f1": 0.7126467449306297,
      "f1_threshold": 0.6535053853143948,
      "precision": 0.7207231516459794,
      "recall": 0.7047493403693932
    },
    "evaluation_time": 2.74,
    "manhattan": {
      "accuracy": 0.8638016331882935,
      "accuracy_threshold": 14.501154530589695,
      "ap": 0.7548360912683152,
      "f1": 0.6915863840719332,
      "f1_threshold": 15.203259997514703,
      "precision": 0.6738423028785983,
      "recall": 0.7102902374670185
    },
    "max": {
      "accuracy": 0.8759015318590928,
      "ap": 0.782794845368116,
      "f1": 0.7126467449306297
    }
  }
}