{
  "dataset_revision": "4f58c6b202a23cf9a4da393831edf4f9183cad37",
  "mteb_dataset_name": "EmotionClassification",
  "mteb_version": "1.1.2",
  "test": {
    "accuracy": 0.54295,
    "accuracy_stderr": 0.02360344254552713,
    "evaluation_time": 0.79,
    "f1": 0.4751557522948774,
    "f1_stderr": 0.013283987403076835,
    "main_score": 0.54295
  }
}