{
  "dataset_revision": "7e90230a92c190f1bf69ae9002b8cea547a64cca",
  "mteb_dataset_name": "STS13",
  "mteb_version": "1.1.2",
  "test": {
    "cos_sim": {
      "pearson": 0.8773800800665047,
      "spearman": 0.8818468925851375
    },
    "euclidean": {
      "pearson": 0.8899637883400333,
      "spearman": 0.8972797311508646
    },
    "evaluation_time": 0.25,
    "manhattan": {
      "pearson": 0.869168526874316,
      "spearman": 0.8746487444321933
    }
  }
}