{
  "dataset_revision": "4d8694f8f0e0100860b497b999b3dbed754a0513",
  "mteb_dataset_name": "STS16",
  "mteb_version": "1.1.2",
  "test": {
    "cos_sim": {
      "pearson": 0.8401119123977262,
      "spearman": 0.8520438612484833
    },
    "euclidean": {
      "pearson": 0.8636695348964867,
      "spearman": 0.8705772330035363
    },
    "evaluation_time": 0.14,
    "manhattan": {
      "pearson": 0.8546498077713642,
      "spearman": 0.8624812655470872
    }
  }
}