{
  "dataset_revision": "a0d554a64d88156834ff5ae9920b964011b16384",
  "mteb_dataset_name": "STS12",
  "mteb_version": "1.2.0",
  "test": {
    "cos_sim": {
      "pearson": 0.8347425953051526,
      "spearman": 0.7511266621352181
    },
    "euclidean": {
      "pearson": 0.8303623423539492,
      "spearman": 0.7748194253242061
    },
    "evaluation_time": 0.26,
    "manhattan": {
      "pearson": 0.7760157061973157,
      "spearman": 0.7591406734610958
    }
  }
}