{
  "dataset_revision": "e8379541af4e31359cca9fbcf4b00f2671dba205",
  "mteb_dataset_name": "AmazonCounterfactualClassification",
  "mteb_version": "1.1.2",
  "test": {
    "en": {
      "accuracy": 0.7335820895522388,
      "accuracy_stderr": 0.037457929174054265,
      "ap": 0.3606965244601385,
      "ap_stderr": 0.0359407220666952,
      "f1": 0.6732257862360804,
      "f1_stderr": 0.03549997350765632,
      "main_score": 0.7335820895522388
    },
    "evaluation_time": 0.92
  }
}