{
  "dataset_revision": "0fd18e25b25c072e09e0d92ab615fda904d66300",
  "mteb_dataset_name": "Banking77Classification",
  "mteb_version": "1.2.0",
  "test": {
    "accuracy": 0.8528896103896104,
    "accuracy_stderr": 0.004944134693734822,
    "evaluation_time": 61.02,
    "f1": 0.8478699478242406,
    "f1_stderr": 0.006000050395905057,
    "main_score": 0.8528896103896104
  }
}