{
  "dataset_revision": "4885aa143210c98657558c04aaf3dc47cfb54340",
  "mteb_dataset_name": "CQADupstackGamingRetrieval",
  "mteb_version": "1.2.0",
  "test": {
    "evaluation_time": 68.35,
    "map_at_1": 0.42876,
    "map_at_10": 0.5628,
    "map_at_100": 0.57284,
    "map_at_1000": 0.57331,
    "map_at_3": 0.52885,
    "map_at_5": 0.54774,
    "mrr_at_1": 0.49028,
    "mrr_at_10": 0.596,
    "mrr_at_100": 0.60187,
    "mrr_at_1000": 0.6021,
    "mrr_at_3": 0.57346,
    "mrr_at_5": 0.58597,
    "ndcg_at_1": 0.49028,
    "ndcg_at_10": 0.62339,
    "ndcg_at_100": 0.65981,
    "ndcg_at_1000": 0.66869,
    "ndcg_at_3": 0.56964,
    "ndcg_at_5": 0.59488,
    "precision_at_1": 0.49028,
    "precision_at_10": 0.10013,
    "precision_at_100": 0.01275,
    "precision_at_1000": 0.00138,
    "precision_at_3": 0.25559,
    "precision_at_5": 0.17317,
    "recall_at_1": 0.42876,
    "recall_at_10": 0.76734,
    "recall_at_100": 0.92051,
    "recall_at_1000": 0.9828,
    "recall_at_3": 0.62354,
    "recall_at_5": 0.68681
  }
}