{
  "dataset_revision": "4ffe81d471b1924886b33c7567bfb200e9eec5c4",
  "mteb_dataset_name": "CQADupstackWordpressRetrieval",
  "mteb_version": "1.2.0",
  "test": {
    "evaluation_time": 67.75,
    "map_at_1": 0.24036,
    "map_at_10": 0.3272,
    "map_at_100": 0.33608,
    "map_at_1000": 0.33715,
    "map_at_3": 0.29982,
    "map_at_5": 0.31356,
    "mrr_at_1": 0.26063,
    "mrr_at_10": 0.34925,
    "mrr_at_100": 0.35672,
    "mrr_at_1000": 0.35752,
    "mrr_at_3": 0.32409,
    "mrr_at_5": 0.33657,
    "ndcg_at_1": 0.26063,
    "ndcg_at_10": 0.37796,
    "ndcg_at_100": 0.42136,
    "ndcg_at_1000": 0.44793,
    "ndcg_at_3": 0.32589,
    "ndcg_at_5": 0.34787,
    "precision_at_1": 0.26063,
    "precision_at_10": 0.05952,
    "precision_at_100": 0.00865,
    "precision_at_1000": 0.00121,
    "precision_at_3": 0.13863,
    "precision_at_5": 0.09723,
    "recall_at_1": 0.24036,
    "recall_at_10": 0.51234,
    "recall_at_100": 0.71073,
    "recall_at_1000": 0.90662,
    "recall_at_3": 0.37369,
    "recall_at_5": 0.42492
  }
}