{
  "dataset_revision": "0228b52cf27578f30900b9e5271d331663a030d7",
  "mteb_dataset_name": "SciFact",
  "mteb_version": "1.2.0",
  "test": {
    "evaluation_time": 6.34,
    "map_at_1": 0.62094,
    "map_at_10": 0.71313,
    "map_at_100": 0.71785,
    "map_at_1000": 0.71799,
    "map_at_3": 0.68124,
    "map_at_5": 0.70075,
    "mrr_at_1": 0.65,
    "mrr_at_10": 0.72226,
    "mrr_at_100": 0.72608,
    "mrr_at_1000": 0.7262,
    "mrr_at_3": 0.69778,
    "mrr_at_5": 0.71411,
    "ndcg_at_1": 0.65,
    "ndcg_at_10": 0.757,
    "ndcg_at_100": 0.77766,
    "ndcg_at_1000": 0.7806,
    "ndcg_at_3": 0.703,
    "ndcg_at_5": 0.7325,
    "precision_at_1": 0.65,
    "precision_at_10": 0.10033,
    "precision_at_100": 0.01107,
    "precision_at_1000": 0.00113,
    "precision_at_3": 0.27111,
    "precision_at_5": 0.182,
    "recall_at_1": 0.62094,
    "recall_at_10": 0.88322,
    "recall_at_100": 0.97833,
    "recall_at_1000": 1.0,
    "recall_at_3": 0.73739,
    "recall_at_5": 0.81244
  }
}