{
  "dataset_revision": null,
  "mteb_dataset_name": "SciFact",
  "mteb_version": "1.1.2",
  "test": {
    "evaluation_time": 0.95,
    "map_at_1": 0.61094,
    "map_at_10": 0.70872,
    "map_at_100": 0.71292,
    "map_at_1000": 0.71313,
    "map_at_3": 0.67904,
    "map_at_5": 0.6938,
    "mrr_at_1": 0.64,
    "mrr_at_10": 0.718,
    "mrr_at_100": 0.72147,
    "mrr_at_1000": 0.72166,
    "mrr_at_3": 0.69556,
    "mrr_at_5": 0.70839,
    "ndcg_at_1": 0.64,
    "ndcg_at_10": 0.75385,
    "ndcg_at_100": 0.77248,
    "ndcg_at_1000": 0.77679,
    "ndcg_at_3": 0.70287,
    "ndcg_at_5": 0.72479,
    "precision_at_1": 0.64,
    "precision_at_10": 0.10033,
    "precision_at_100": 0.01097,
    "precision_at_1000": 0.00113,
    "precision_at_3": 0.27222,
    "precision_at_5": 0.17867,
    "recall_at_1": 0.61094,
    "recall_at_10": 0.88322,
    "recall_at_100": 0.96833,
    "recall_at_1000": 1.0,
    "recall_at_3": 0.7445,
    "recall_at_5": 0.79994
  }
}