{
  "dataset_revision": "a6ea5a8cab320b040a23452cc28066d9beae2cee",
  "mteb_dataset_name": "SICK-R",
  "mteb_version": "1.1.2",
  "test": {
    "cos_sim": {
      "pearson": 0.871333862374185,
      "spearman": 0.8279458278706217
    },
    "euclidean": {
      "pearson": 0.8426476038320468,
      "spearman": 0.8273909672932703
    },
    "evaluation_time": 2.03,
    "manhattan": {
      "pearson": 0.8005551609726755,
      "spearman": 0.7969675767053043
    }
  }
}