{
  "dataset_revision": "7e90230a92c190f1bf69ae9002b8cea547a64cca",
  "mteb_dataset_name": "STS13",
  "mteb_version": "1.1.2",
  "test": {
    "cos_sim": {
      "pearson": 0.8765756580137898,
      "spearman": 0.8802712603020746
    },
    "euclidean": {
      "pearson": 0.879042627696048,
      "spearman": 0.8873265954201818
    },
    "evaluation_time": 0.32,
    "manhattan": {
      "pearson": 0.8550357217034809,
      "spearman": 0.8608680375061833
    }
  }
}