{
  "dataset_revision": "eea2b4fe26a775864c896887d910b76a8098ad3f",
  "mteb_dataset_name": "STS22",
  "mteb_version": "1.1.2",
  "test": {
    "en": {
      "cos_sim": {
        "pearson": 0.6880579285766415,
        "spearman": 0.69237341716125
      },
      "euclidean": {
        "pearson": 0.7035152108361563,
        "spearman": 0.6906439546787878
      },
      "manhattan": {
        "pearson": 0.7010614113319907,
        "spearman": 0.6799733746281705
      }
    },
    "evaluation_time": 0.36
  }
}