{
  "dataset_revision": null,
  "mteb_dataset_name": "ArguAna",
  "mteb_version": "1.1.2",
  "test": {
    "evaluation_time": 19.74,
    "map_at_1": 0.40185,
    "map_at_10": 0.56601,
    "map_at_100": 0.57093,
    "map_at_1000": 0.57096,
    "map_at_3": 0.52406,
    "map_at_5": 0.54981,
    "mrr_at_1": 0.40825,
    "mrr_at_10": 0.56833,
    "mrr_at_100": 0.57318,
    "mrr_at_1000": 0.57321,
    "mrr_at_3": 0.52655,
    "mrr_at_5": 0.5518,
    "ndcg_at_1": 0.40185,
    "ndcg_at_10": 0.64924,
    "ndcg_at_100": 0.6686,
    "ndcg_at_1000": 0.66919,
    "ndcg_at_3": 0.56442,
    "ndcg_at_5": 0.61046,
    "precision_at_1": 0.40185,
    "precision_at_10": 0.09111,
    "precision_at_100": 0.00992,
    "precision_at_1000": 0.001,
    "precision_at_3": 0.22712,
    "precision_at_5": 0.15846,
    "recall_at_1": 0.40185,
    "recall_at_10": 0.9111,
    "recall_at_100": 0.99218,
    "recall_at_1000": 0.99644,
    "recall_at_3": 0.68137,
    "recall_at_5": 0.79232
  }
}