{
  "dataset_revision": "0fd18e25b25c072e09e0d92ab615fda904d66300",
  "mteb_dataset_name": "Banking77Classification",
  "mteb_version": "1.2.0",
  "test": {
    "accuracy": 0.8520779220779222,
    "accuracy_stderr": 0.004346770901605076,
    "evaluation_time": 24.63,
    "f1": 0.8462588829399534,
    "f1_stderr": 0.005417744013143365,
    "main_score": 0.8520779220779222
  }
}