{
  "dataset_revision": "0fd18e25b25c072e09e0d92ab615fda904d66300",
  "mteb_dataset_name": "Banking77Classification",
  "mteb_version": "1.1.2",
  "test": {
    "accuracy": 0.8505844155844156,
    "accuracy_stderr": 0.0041114717190329185,
    "evaluation_time": 36.03,
    "f1": 0.8446027761840209,
    "f1_stderr": 0.005237673746485738,
    "main_score": 0.8505844155844156
  }
}