{
  "dataset_revision": null,
  "mteb_dataset_name": "SCIDOCS",
  "mteb_version": "1.2.0",
  "test": {
    "evaluation_time": 27.77,
    "map_at_1": 0.05213,
    "map_at_10": 0.14177,
    "map_at_100": 0.16951,
    "map_at_1000": 0.17358,
    "map_at_3": 0.09615,
    "map_at_5": 0.11937,
    "mrr_at_1": 0.258,
    "mrr_at_10": 0.38135,
    "mrr_at_100": 0.39262,
    "mrr_at_1000": 0.39297,
    "mrr_at_3": 0.3405,
    "mrr_at_5": 0.36495,
    "ndcg_at_1": 0.258,
    "ndcg_at_10": 0.23471,
    "ndcg_at_100": 0.33511,
    "ndcg_at_1000": 0.39543,
    "ndcg_at_3": 0.21328,
    "ndcg_at_5": 0.19253,
    "precision_at_1": 0.258,
    "precision_at_10": 0.1248,
    "precision_at_100": 0.02698,
    "precision_at_1000": 0.00413,
    "precision_at_3": 0.20067,
    "precision_at_5": 0.1732,
    "recall_at_1": 0.05213,
    "recall_at_10": 0.25277,
    "recall_at_100": 0.54743,
    "recall_at_1000": 0.8377,
    "recall_at_3": 0.12193,
    "recall_at_5": 0.17557
  }
}