{
  "dataset_revision": "d604517c81ca91fe16a244d1248fc021f9ecee7a",
  "mteb_dataset_name": "TweetSentimentExtractionClassification",
  "mteb_version": "1.2.0",
  "test": {
    "accuracy": 0.6243350311262026,
    "accuracy_stderr": 0.026793170212322342,
    "evaluation_time": 13.93,
    "f1": 0.6250195945241622,
    "f1_stderr": 0.028193497974871324,
    "main_score": 0.6243350311262026
  }
}