{
  "dataset_revision": "70970daeab8776df92f5ea462b6173c0b46fd2d1",
  "mteb_dataset_name": "TwitterSemEval2015",
  "mteb_version": "1.1.2",
  "test": {
    "cos_sim": {
      "accuracy": 0.8751266615008643,
      "accuracy_threshold": 0.8313230276107788,
      "ap": 0.7892610036699182,
      "f1": 0.7205554827721734,
      "f1_threshold": 0.8217276334762573,
      "precision": 0.7155867811605516,
      "recall": 0.7255936675461742
    },
    "dot": {
      "accuracy": 0.8751266615008643,
      "accuracy_threshold": 0.8313230872154236,
      "ap": 0.7892610857798265,
      "f1": 0.7205554827721734,
      "f1_threshold": 0.8217277526855469,
      "precision": 0.7155867811605516,
      "recall": 0.7255936675461742
    },
    "euclidean": {
      "accuracy": 0.8751266615008643,
      "accuracy_threshold": 0.5808217525482178,
      "ap": 0.7892610457307297,
      "f1": 0.7205554827721734,
      "f1_threshold": 0.597113847732544,
      "precision": 0.7155867811605516,
      "recall": 0.7255936675461742
    },
    "evaluation_time": 5.66,
    "manhattan": {
      "accuracy": 0.8743517911426357,
      "accuracy_threshold": 28.63495635986328,
      "ap": 0.7870469889306434,
      "f1": 0.7186449444013446,
      "f1_threshold": 30.147228240966797,
      "precision": 0.7046146044624746,
      "recall": 0.733245382585752
    },
    "max": {
      "accuracy": 0.8751266615008643,
      "ap": 0.7892610857798265,
      "f1": 0.7205554827721734
    }
  }
}