{
  "dataset_revision": "4f58c6b202a23cf9a4da393831edf4f9183cad37",
  "mteb_dataset_name": "EmotionClassification",
  "mteb_version": "1.1.2",
  "test": {
    "accuracy": 0.56105,
    "accuracy_stderr": 0.020086624903153823,
    "evaluation_time": 0.48,
    "f1": 0.5028719176326559,
    "f1_stderr": 0.012063021034928137,
    "main_score": 0.56105
  }
}