{
  "dataset_revision": null,
  "mteb_dataset_name": "ArguAna",
  "mteb_version": "1.1.2",
  "test": {
    "evaluation_time": 2.15,
    "map_at_1": 0.41323,
    "map_at_10": 0.57529,
    "map_at_100": 0.58048,
    "map_at_1000": 0.58053,
    "map_at_3": 0.53509,
    "map_at_5": 0.56147,
    "mrr_at_1": 0.42176,
    "mrr_at_10": 0.57828,
    "mrr_at_100": 0.58346,
    "mrr_at_1000": 0.5835,
    "mrr_at_3": 0.53793,
    "mrr_at_5": 0.56432,
    "ndcg_at_1": 0.41323,
    "ndcg_at_10": 0.65586,
    "ndcg_at_100": 0.67573,
    "ndcg_at_1000": 0.67662,
    "ndcg_at_3": 0.57535,
    "ndcg_at_5": 0.62286,
    "precision_at_1": 0.41323,
    "precision_at_10": 0.09083,
    "precision_at_100": 0.0099,
    "precision_at_1000": 0.001,
    "precision_at_3": 0.23068,
    "precision_at_5": 0.16145,
    "recall_at_1": 0.41323,
    "recall_at_10": 0.90825,
    "recall_at_100": 0.99004,
    "recall_at_1000": 0.99644,
    "recall_at_3": 0.69203,
    "recall_at_5": 0.80725
  }
}