{
  "dataset_revision": "6031580fec1f6af667f0bd2da0a551cf4f0b2375",
  "mteb_dataset_name": "STS14",
  "mteb_version": "1.1.2",
  "test": {
    "cos_sim": {
      "pearson": 0.8641142822607893,
      "spearman": 0.8334753313406228
    },
    "euclidean": {
      "pearson": 0.859613077926565,
      "spearman": 0.849238418406126
    },
    "evaluation_time": 0.69,
    "manhattan": {
      "pearson": 0.8426669224637737,
      "spearman": 0.8372440291908609
    }
  }
}