{
  "dataset_revision": "c22ab2a51041ffd869aaddef7af8d8215647e41a",
  "mteb_dataset_name": "ArguAna",
  "mteb_version": "1.2.0",
  "test": {
    "evaluation_time": 1.33,
    "map_at_1": 0.27596,
    "map_at_10": 0.43281,
    "map_at_100": 0.44217,
    "map_at_1000": 0.44223,
    "map_at_3": 0.38193,
    "map_at_5": 0.40765,
    "mrr_at_1": 0.28023,
    "mrr_at_10": 0.4342,
    "mrr_at_100": 0.44362,
    "mrr_at_1000": 0.44369,
    "mrr_at_3": 0.38312,
    "mrr_at_5": 0.40876,
    "ndcg_at_1": 0.27596,
    "ndcg_at_10": 0.52463,
    "ndcg_at_100": 0.56306,
    "ndcg_at_1000": 0.56448,
    "ndcg_at_3": 0.41748,
    "ndcg_at_5": 0.46394,
    "precision_at_1": 0.27596,
    "precision_at_10": 0.08208,
    "precision_at_100": 0.00985,
    "precision_at_1000": 0.001,
    "precision_at_3": 0.17354,
    "precision_at_5": 0.12674,
    "recall_at_1": 0.27596,
    "recall_at_10": 0.82077,
    "recall_at_100": 0.98506,
    "recall_at_1000": 0.99573,
    "recall_at_3": 0.52063,
    "recall_at_5": 0.63371
  }
}