{
  "dataset_revision": "0228b52cf27578f30900b9e5271d331663a030d7",
  "mteb_dataset_name": "SciFact",
  "mteb_version": "1.2.0",
  "test": {
    "evaluation_time": 0.31,
    "map_at_1": 0.499,
    "map_at_10": 0.59931,
    "map_at_100": 0.60633,
    "map_at_1000": 0.60662,
    "map_at_3": 0.57154,
    "map_at_5": 0.58735,
    "mrr_at_1": 0.52333,
    "mrr_at_10": 0.60704,
    "mrr_at_100": 0.61258,
    "mrr_at_1000": 0.61286,
    "mrr_at_3": 0.585,
    "mrr_at_5": 0.59733,
    "ndcg_at_1": 0.52333,
    "ndcg_at_10": 0.64509,
    "ndcg_at_100": 0.67464,
    "ndcg_at_1000": 0.68416,
    "ndcg_at_3": 0.59725,
    "ndcg_at_5": 0.62009,
    "precision_at_1": 0.52333,
    "precision_at_10": 0.088,
    "precision_at_100": 0.01037,
    "precision_at_1000": 0.00112,
    "precision_at_3": 0.23667,
    "precision_at_5": 0.15867,
    "recall_at_1": 0.499,
    "recall_at_10": 0.77689,
    "recall_at_100": 0.90833,
    "recall_at_1000": 0.98667,
    "recall_at_3": 0.65006,
    "recall_at_5": 0.70511
  }
}