{
  "dataset_revision": "ae752c7c21bf194d8b67fd573edf7ae58183cbe3",
  "mteb_dataset_name": "STS15",
  "mteb_version": "1.2.0",
  "test": {
    "cos_sim": {
      "pearson": 0.8307868261232982,
      "spearman": 0.8486429689053218
    },
    "euclidean": {
      "pearson": 0.8587854779584552,
      "spearman": 0.8656734075606527
    },
    "evaluation_time": 0.08,
    "manhattan": {
      "pearson": 0.8529273987999306,
      "spearman": 0.8596311328652265
    }
  }
}