{
  "dataset_revision": "4d8694f8f0e0100860b497b999b3dbed754a0513",
  "mteb_dataset_name": "STS16",
  "mteb_version": "1.1.2",
  "test": {
    "cos_sim": {
      "pearson": 0.8404855685283217,
      "spearman": 0.8559109807741204
    },
    "euclidean": {
      "pearson": 0.8653305189429085,
      "spearman": 0.8709576084063898
    },
    "evaluation_time": 0.28,
    "manhattan": {
      "pearson": 0.8612154352067904,
      "spearman": 0.8679290273283123
    }
  }
}