{
  "dataset_revision": null,
  "mteb_dataset_name": "ArguAna",
  "mteb_version": "1.1.2",
  "test": {
    "evaluation_time": 1.24,
    "map_at_1": 0.30654,
    "map_at_10": 0.4661,
    "map_at_100": 0.47474,
    "map_at_1000": 0.47479,
    "map_at_3": 0.41643,
    "map_at_5": 0.44413,
    "mrr_at_1": 0.31366,
    "mrr_at_10": 0.46857,
    "mrr_at_100": 0.47728,
    "mrr_at_1000": 0.47733,
    "mrr_at_3": 0.4188,
    "mrr_at_5": 0.44668,
    "ndcg_at_1": 0.30654,
    "ndcg_at_10": 0.55549,
    "ndcg_at_100": 0.59038,
    "ndcg_at_1000": 0.59142,
    "ndcg_at_3": 0.453,
    "ndcg_at_5": 0.50286,
    "precision_at_1": 0.30654,
    "precision_at_10": 0.08414,
    "precision_at_100": 0.00989,
    "precision_at_1000": 0.001,
    "precision_at_3": 0.18634,
    "precision_at_5": 0.13599,
    "recall_at_1": 0.30654,
    "recall_at_10": 0.84139,
    "recall_at_100": 0.98862,
    "recall_at_1000": 0.99644,
    "recall_at_3": 0.55903,
    "recall_at_5": 0.67994
  }
}