{
  "dataset_revision": null,
  "mteb_dataset_name": "SciFact",
  "mteb_version": "1.1.2",
  "test": {
    "evaluation_time": 0.63,
    "map_at_1": 0.60594,
    "map_at_10": 0.70214,
    "map_at_100": 0.70651,
    "map_at_1000": 0.70671,
    "map_at_3": 0.66941,
    "map_at_5": 0.68916,
    "mrr_at_1": 0.63333,
    "mrr_at_10": 0.71123,
    "mrr_at_100": 0.71465,
    "mrr_at_1000": 0.71484,
    "mrr_at_3": 0.68722,
    "mrr_at_5": 0.70222,
    "ndcg_at_1": 0.63333,
    "ndcg_at_10": 0.74838,
    "ndcg_at_100": 0.76746,
    "ndcg_at_1000": 0.77178,
    "ndcg_at_3": 0.69316,
    "ndcg_at_5": 0.72253,
    "precision_at_1": 0.63333,
    "precision_at_10": 0.1,
    "precision_at_100": 0.01097,
    "precision_at_1000": 0.00113,
    "precision_at_3": 0.26778,
    "precision_at_5": 0.18067,
    "recall_at_1": 0.60594,
    "recall_at_10": 0.88156,
    "recall_at_100": 0.96833,
    "recall_at_1000": 1.0,
    "recall_at_3": 0.73422,
    "recall_at_5": 0.80661
  }
}