{
  "dataset_revision": "4885aa143210c98657558c04aaf3dc47cfb54340",
  "mteb_dataset_name": "CQADupstackGamingRetrieval",
  "mteb_version": "1.2.0",
  "test": {
    "evaluation_time": 179.81,
    "map_at_1": 0.40836,
    "map_at_10": 0.53847,
    "map_at_100": 0.5488,
    "map_at_1000": 0.54928,
    "map_at_3": 0.50338,
    "map_at_5": 0.52291,
    "mrr_at_1": 0.46897,
    "mrr_at_10": 0.57265,
    "mrr_at_100": 0.57898,
    "mrr_at_1000": 0.57921,
    "mrr_at_3": 0.54692,
    "mrr_at_5": 0.56222,
    "ndcg_at_1": 0.46897,
    "ndcg_at_10": 0.59965,
    "ndcg_at_100": 0.63817,
    "ndcg_at_1000": 0.64803,
    "ndcg_at_3": 0.54185,
    "ndcg_at_5": 0.56992,
    "precision_at_1": 0.46897,
    "precision_at_10": 0.09762,
    "precision_at_100": 0.01259,
    "precision_at_1000": 0.00138,
    "precision_at_3": 0.24263,
    "precision_at_5": 0.16614,
    "recall_at_1": 0.40836,
    "recall_at_10": 0.74513,
    "recall_at_100": 0.90953,
    "recall_at_1000": 0.97986,
    "recall_at_3": 0.59166,
    "recall_at_5": 0.66181
  }
}