{
  "dataset_revision": "f46a197baaae43b4f621051089b82a364682dfeb",
  "mteb_dataset_name": "CQADupstackAndroidRetrieval",
  "mteb_version": "1.2.0",
  "test": {
    "evaluation_time": 83.44,
    "map_at_1": 0.33394,
    "map_at_10": 0.4492,
    "map_at_100": 0.46456,
    "map_at_1000": 0.46586,
    "map_at_3": 0.41324,
    "map_at_5": 0.43215,
    "mrr_at_1": 0.40773,
    "mrr_at_10": 0.51269,
    "mrr_at_100": 0.51933,
    "mrr_at_1000": 0.51971,
    "mrr_at_3": 0.48712,
    "mrr_at_5": 0.50229,
    "ndcg_at_1": 0.40773,
    "ndcg_at_10": 0.51664,
    "ndcg_at_100": 0.56972,
    "ndcg_at_1000": 0.58787,
    "ndcg_at_3": 0.46536,
    "ndcg_at_5": 0.4874,
    "precision_at_1": 0.40773,
    "precision_at_10": 0.09928,
    "precision_at_100": 0.01578,
    "precision_at_1000": 0.00205,
    "precision_at_3": 0.22413,
    "precision_at_5": 0.1608,
    "recall_at_1": 0.33394,
    "recall_at_10": 0.64327,
    "recall_at_100": 0.86557,
    "recall_at_1000": 0.97659,
    "recall_at_3": 0.49107,
    "recall_at_5": 0.55424
  }
}