{
  "dataset_revision": "3d86128a09e091d6018b6d26cad27f2739fc2db7",
  "mteb_dataset_name": "ImdbClassification",
  "mteb_version": "1.2.0",
  "test": {
    "accuracy": 0.9354000000000001,
    "accuracy_stderr": 0.004193862181808078,
    "ap": 0.9046337093256505,
    "ap_stderr": 0.008777655170908286,
    "evaluation_time": 175.78,
    "f1": 0.9353572939720352,
    "f1_stderr": 0.004223539871189973,
    "main_score": 0.9354000000000001
  }
}