{
  "dataset_revision": "a6ea5a8cab320b040a23452cc28066d9beae2cee",
  "mteb_dataset_name": "SICK-R",
  "mteb_version": "1.2.0",
  "test": {
    "cos_sim": {
      "pearson": 0.8728930411051435,
      "spearman": 0.8286747524617023
    },
    "euclidean": {
      "pearson": 0.8460111386085716,
      "spearman": 0.8286747524617023
    },
    "evaluation_time": 20.2,
    "manhattan": {
      "pearson": 0.8462530694388306,
      "spearman": 0.8284547338249791
    }
  }
}