{
  "dataset_revision": "a0d554a64d88156834ff5ae9920b964011b16384",
  "mteb_dataset_name": "STS12",
  "mteb_version": "1.2.0",
  "test": {
    "cos_sim": {
      "pearson": 0.8774925076357581,
      "spearman": 0.7915137491696849
    },
    "euclidean": {
      "pearson": 0.8487585521655513,
      "spearman": 0.7915137491696849
    },
    "evaluation_time": 5.74,
    "manhattan": {
      "pearson": 0.8452613441851751,
      "spearman": 0.7903672800014658
    }
  }
}