{
  "dataset_revision": "6031580fec1f6af667f0bd2da0a551cf4f0b2375",
  "mteb_dataset_name": "STS14",
  "mteb_version": "1.2.0",
  "test": {
    "cos_sim": {
      "pearson": 0.8638969229065773,
      "spearman": 0.8471090138164225
    },
    "euclidean": {
      "pearson": 0.8568570248008535,
      "spearman": 0.8471090138164225
    },
    "evaluation_time": 7.64,
    "manhattan": {
      "pearson": 0.8560369474558548,
      "spearman": 0.8451642939585791
    }
  }
}