{
  "dataset_revision": "70970daeab8776df92f5ea462b6173c0b46fd2d1",
  "mteb_dataset_name": "TwitterSemEval2015",
  "mteb_version": "1.2.0",
  "test": {
    "cos_sim": {
      "accuracy": 0.8754842939738928,
      "accuracy_threshold": 0.8334648320278175,
      "ap": 0.7877361212598353,
      "f1": 0.7198171892852608,
      "f1_threshold": 0.8163256854222258,
      "precision": 0.693662833374113,
      "recall": 0.7480211081794196
    },
    "dot": {
      "accuracy": 0.8754842939738928,
      "accuracy_threshold": 0.8334648320278177,
      "ap": 0.7877361212598353,
      "f1": 0.7198171892852608,
      "f1_threshold": 0.8163256854222258,
      "precision": 0.693662833374113,
      "recall": 0.7480211081794196
    },
    "euclidean": {
      "accuracy": 0.8754842939738928,
      "accuracy_threshold": 0.5771224617197747,
      "ap": 0.7877361212598353,
      "f1": 0.7198171892852608,
      "f1_threshold": 0.6060929210584985,
      "precision": 0.693662833374113,
      "recall": 0.7480211081794196
    },
    "evaluation_time": 5.52,
    "manhattan": {
      "accuracy": 0.8756631102104071,
      "accuracy_threshold": 37.69391141523667,
      "ap": 0.7867318965443612,
      "f1": 0.7192445125063808,
      "f1_threshold": 39.6396213759967,
      "precision": 0.6964903608502224,
      "recall": 0.7435356200527704
    },
    "max": {
      "accuracy": 0.8756631102104071,
      "ap": 0.7877361212598353,
      "f1": 0.7198171892852608
    }
  }
}