{
  "dataset_revision": null,
  "mteb_dataset_name": "SciFact",
  "mteb_version": "1.1.2",
  "test": {
    "evaluation_time": 0.88,
    "map_at_1": 0.61094,
    "map_at_10": 0.70785,
    "map_at_100": 0.71222,
    "map_at_1000": 0.71245,
    "map_at_3": 0.67774,
    "map_at_5": 0.69331,
    "mrr_at_1": 0.64,
    "mrr_at_10": 0.71758,
    "mrr_at_100": 0.72092,
    "mrr_at_1000": 0.72115,
    "mrr_at_3": 0.69556,
    "mrr_at_5": 0.70756,
    "ndcg_at_1": 0.64,
    "ndcg_at_10": 0.75281,
    "ndcg_at_100": 0.77135,
    "ndcg_at_1000": 0.77616,
    "ndcg_at_3": 0.70144,
    "ndcg_at_5": 0.72395,
    "precision_at_1": 0.64,
    "precision_at_10": 0.1,
    "precision_at_100": 0.01093,
    "precision_at_1000": 0.00113,
    "precision_at_3": 0.27111,
    "precision_at_5": 0.17867,
    "recall_at_1": 0.61094,
    "recall_at_10": 0.88156,
    "recall_at_100": 0.965,
    "recall_at_1000": 1.0,
    "recall_at_3": 0.74172,
    "recall_at_5": 0.79828
  }
}