{
  "dataset_revision": "46989137a86843e03a6195de44b09deda022eec7",
  "mteb_dataset_name": "CQADupstackTexRetrieval",
  "mteb_version": "1.2.0",
  "test": {
    "evaluation_time": 20.57,
    "map_at_1": 0.18163,
    "map_at_10": 0.26062,
    "map_at_100": 0.27292,
    "map_at_1000": 0.27415,
    "map_at_3": 0.23595,
    "map_at_5": 0.24883,
    "mrr_at_1": 0.22161,
    "mrr_at_10": 0.30114,
    "mrr_at_100": 0.31106,
    "mrr_at_1000": 0.31177,
    "mrr_at_3": 0.27822,
    "mrr_at_5": 0.29081,
    "ndcg_at_1": 0.22161,
    "ndcg_at_10": 0.31035,
    "ndcg_at_100": 0.36811,
    "ndcg_at_1000": 0.39533,
    "ndcg_at_3": 0.26607,
    "ndcg_at_5": 0.28536,
    "precision_at_1": 0.22161,
    "precision_at_10": 0.05699,
    "precision_at_100": 0.01009,
    "precision_at_1000": 0.00142,
    "precision_at_3": 0.12618,
    "precision_at_5": 0.09078,
    "recall_at_1": 0.18163,
    "recall_at_10": 0.41906,
    "recall_at_100": 0.67836,
    "recall_at_1000": 0.87022,
    "recall_at_3": 0.29522,
    "recall_at_5": 0.34546
  }
}