{
  "dataset_revision": "ae001d0e6b1228650b7bd1c2c65fb50ad11a8aba",
  "mteb_dataset_name": "MTOPIntentClassification",
  "mteb_version": "1.2.0",
  "test": {
    "en": {
      "accuracy": 0.6951664386684906,
      "accuracy_stderr": 0.0183379146991317,
      "f1": 0.516941921462543,
      "f1_stderr": 0.007069775859303874,
      "main_score": 0.6951664386684906
    },
    "evaluation_time": 14.69
  }
}