{
  "dataset_revision": "ae752c7c21bf194d8b67fd573edf7ae58183cbe3",
  "mteb_dataset_name": "STS15",
  "mteb_version": "1.2.0",
  "test": {
    "cos_sim": {
      "pearson": 0.8830178601281797,
      "spearman": 0.8936407929107011
    },
    "euclidean": {
      "pearson": 0.8874335369429309,
      "spearman": 0.8936407929107011
    },
    "evaluation_time": 0.48,
    "manhattan": {
      "pearson": 0.8886008847170583,
      "spearman": 0.8949723060012331
    }
  }
}