{
  "dataset_revision": "eea2b4fe26a775864c896887d910b76a8098ad3f",
  "mteb_dataset_name": "STS22",
  "mteb_version": "1.2.0",
  "test": {
    "en": {
      "cos_sim": {
        "pearson": 0.6849299147632844,
        "spearman": 0.6896624338534467
      },
      "euclidean": {
        "pearson": 0.7025020007113679,
        "spearman": 0.6896624338534467
      },
      "manhattan": {
        "pearson": 0.7036850434314249,
        "spearman": 0.6936308381190871
      }
    },
    "evaluation_time": 0.06
  }
}