{
  "dataset_revision": "af5e6fb845001ecf41f4c1e033ce921939a2a68d",
  "mteb_dataset_name": "STS17",
  "mteb_version": "1.1.2",
  "test": {
    "en-en": {
      "cos_sim": {
        "pearson": 0.8913897791849948,
        "spearman": 0.8947414009003026
      },
      "euclidean": {
        "pearson": 0.8992490094952109,
        "spearman": 0.891727347543332
      },
      "manhattan": {
        "pearson": 0.8965702761600362,
        "spearman": 0.8865956535864953
      }
    },
    "evaluation_time": 0.04
  }
}