{
  "dataset_revision": null,
  "mteb_dataset_name": "SciFact",
  "mteb_version": "1.1.2",
  "test": {
    "evaluation_time": 0.87,
    "map_at_1": 0.61161,
    "map_at_10": 0.7018,
    "map_at_100": 0.70745,
    "map_at_1000": 0.70768,
    "map_at_3": 0.66993,
    "map_at_5": 0.68911,
    "mrr_at_1": 0.64333,
    "mrr_at_10": 0.71316,
    "mrr_at_100": 0.71776,
    "mrr_at_1000": 0.71798,
    "mrr_at_3": 0.69,
    "mrr_at_5": 0.704,
    "ndcg_at_1": 0.64333,
    "ndcg_at_10": 0.74553,
    "ndcg_at_100": 0.76815,
    "ndcg_at_1000": 0.77257,
    "ndcg_at_3": 0.69266,
    "ndcg_at_5": 0.72003,
    "precision_at_1": 0.64333,
    "precision_at_10": 0.09867,
    "precision_at_100": 0.01097,
    "precision_at_1000": 0.00113,
    "precision_at_3": 0.26667,
    "precision_at_5": 0.17933,
    "recall_at_1": 0.61161,
    "recall_at_10": 0.86922,
    "recall_at_100": 0.96833,
    "recall_at_1000": 1.0,
    "recall_at_3": 0.72783,
    "recall_at_5": 0.79578
  }
}