{
  "dataset_revision": "a0d554a64d88156834ff5ae9920b964011b16384",
  "mteb_dataset_name": "STS12",
  "mteb_version": "1.1.2",
  "test": {
    "cos_sim": {
      "pearson": 0.8429170903787899,
      "spearman": 0.7552558012323431
    },
    "euclidean": {
      "pearson": 0.8418048738111655,
      "spearman": 0.7827488331228952
    },
    "evaluation_time": 0.56,
    "manhattan": {
      "pearson": 0.7856308236531601,
      "spearman": 0.766799995675603
    }
  }
}