{
  "dataset_revision": "4d8694f8f0e0100860b497b999b3dbed754a0513",
  "mteb_dataset_name": "STS16",
  "mteb_version": "1.1.2",
  "test": {
    "cos_sim": {
      "pearson": 0.8428914103576132,
      "spearman": 0.8572125674806085
    },
    "euclidean": {
      "pearson": 0.8680825444641198,
      "spearman": 0.8737200675309008
    },
    "evaluation_time": 0.23,
    "manhattan": {
      "pearson": 0.8620019169337105,
      "spearman": 0.8696646757164335
    }
  }
}