{
  "dataset_revision": "70970daeab8776df92f5ea462b6173c0b46fd2d1",
  "mteb_dataset_name": "TwitterSemEval2015",
  "mteb_version": "1.1.2",
  "test": {
    "cos_sim": {
      "accuracy": 0.8767360076294928,
      "accuracy_threshold": 0.7544140800952058,
      "ap": 0.7841669229637751,
      "f1": 0.719534826178399,
      "f1_threshold": 0.7051978527096316,
      "precision": 0.6773817843000233,
      "recall": 0.7672823218997361
    },
    "dot": {
      "accuracy": 0.8589139893902367,
      "accuracy_threshold": 0.42361352786383194,
      "ap": 0.7315790208809505,
      "f1": 0.6740173822804514,
      "f1_threshold": 0.4025320555726557,
      "precision": 0.6629242153610615,
      "recall": 0.6854881266490765
    },
    "euclidean": {
      "accuracy": 0.8763783751564642,
      "accuracy_threshold": 0.5399016710415497,
      "ap": 0.7857058758493025,
      "f1": 0.7203694202154952,
      "f1_threshold": 0.5645182633624668,
      "precision": 0.7009485771342986,
      "recall": 0.7408970976253298
    },
    "evaluation_time": 0.96,
    "manhattan": {
      "accuracy": 0.8760207426834357,
      "accuracy_threshold": 6.510895425299585,
      "ap": 0.7824841187045163,
      "f1": 0.7192380952380952,
      "f1_threshold": 6.9378817883807935,
      "precision": 0.6932680538555691,
      "recall": 0.7472295514511873
    },
    "max": {
      "accuracy": 0.8767360076294928,
      "ap": 0.7857058758493025,
      "f1": 0.7203694202154952
    }
  }
}