{
  "dataset_revision": "c22ab2a51041ffd869aaddef7af8d8215647e41a",
  "mteb_dataset_name": "ArguAna",
  "mteb_version": "1.2.0",
  "test": {
    "evaluation_time": 11.43,
    "map_at_1": 0.40327,
    "map_at_10": 0.56902,
    "map_at_100": 0.57382,
    "map_at_1000": 0.57384,
    "map_at_3": 0.52904,
    "map_at_5": 0.55287,
    "mrr_at_1": 0.41038,
    "mrr_at_10": 0.57166,
    "mrr_at_100": 0.57647,
    "mrr_at_1000": 0.57649,
    "mrr_at_3": 0.53118,
    "mrr_at_5": 0.55529,
    "ndcg_at_1": 0.40327,
    "ndcg_at_10": 0.65195,
    "ndcg_at_100": 0.67103,
    "ndcg_at_1000": 0.67151,
    "ndcg_at_3": 0.57067,
    "ndcg_at_5": 0.61337,
    "precision_at_1": 0.40327,
    "precision_at_10": 0.09125,
    "precision_at_100": 0.00993,
    "precision_at_1000": 0.001,
    "precision_at_3": 0.23044,
    "precision_at_5": 0.15889,
    "recall_at_1": 0.40327,
    "recall_at_10": 0.91252,
    "recall_at_100": 0.99289,
    "recall_at_1000": 0.99644,
    "recall_at_3": 0.69132,
    "recall_at_5": 0.79445
  }
}