{
  "dataset_revision": "6c6430d3a6d36f8d2a829195bc5dc94d7e063e53",
  "mteb_dataset_name": "CQADupstackUnixRetrieval",
  "mteb_version": "1.2.0",
  "test": {
    "evaluation_time": 61.22,
    "map_at_1": 0.2777,
    "map_at_10": 0.37603,
    "map_at_100": 0.38778,
    "map_at_1000": 0.38877,
    "map_at_3": 0.34375,
    "map_at_5": 0.36417,
    "mrr_at_1": 0.32649,
    "mrr_at_10": 0.41886,
    "mrr_at_100": 0.42742,
    "mrr_at_1000": 0.42799,
    "mrr_at_3": 0.39148,
    "mrr_at_5": 0.4085,
    "ndcg_at_1": 0.32649,
    "ndcg_at_10": 0.43335,
    "ndcg_at_100": 0.48535,
    "ndcg_at_1000": 0.50704,
    "ndcg_at_3": 0.37731,
    "ndcg_at_5": 0.40809,
    "precision_at_1": 0.32649,
    "precision_at_10": 0.07285,
    "precision_at_100": 0.01118,
    "precision_at_1000": 0.00142,
    "precision_at_3": 0.17009,
    "precision_at_5": 0.12369,
    "recall_at_1": 0.2777,
    "recall_at_10": 0.564,
    "recall_at_100": 0.78599,
    "recall_at_1000": 0.93611,
    "recall_at_3": 0.41722,
    "recall_at_5": 0.49206
  }
}