{
  "dataset_revision": "f46a197baaae43b4f621051089b82a364682dfeb",
  "mteb_dataset_name": "CQADupstackAndroidRetrieval",
  "mteb_version": "1.2.0",
  "test": {
    "evaluation_time": 27.24,
    "map_at_1": 0.33395,
    "map_at_10": 0.45284,
    "map_at_100": 0.46853,
    "map_at_1000": 0.46971,
    "map_at_3": 0.41577,
    "map_at_5": 0.43613,
    "mrr_at_1": 0.40916,
    "mrr_at_10": 0.51672,
    "mrr_at_100": 0.52341,
    "mrr_at_1000": 0.52378,
    "mrr_at_3": 0.4907,
    "mrr_at_5": 0.50665,
    "ndcg_at_1": 0.40916,
    "ndcg_at_10": 0.52088,
    "ndcg_at_100": 0.57473,
    "ndcg_at_1000": 0.59155,
    "ndcg_at_3": 0.46921,
    "ndcg_at_5": 0.49264,
    "precision_at_1": 0.40916,
    "precision_at_10": 0.10086,
    "precision_at_100": 0.01608,
    "precision_at_1000": 0.00206,
    "precision_at_3": 0.22651,
    "precision_at_5": 0.16309,
    "recall_at_1": 0.33395,
    "recall_at_10": 0.64733,
    "recall_at_100": 0.87378,
    "recall_at_1000": 0.97729,
    "recall_at_3": 0.49452,
    "recall_at_5": 0.56289
  }
}