{
  "dataset_revision": "160c094312a0e1facb97e55eeddb698c0abe3571",
  "mteb_dataset_name": "CQADupstackWebmastersRetrieval",
  "mteb_version": "1.2.0",
  "test": {
    "evaluation_time": 19.93,
    "map_at_1": 0.23824,
    "map_at_10": 0.33688,
    "map_at_100": 0.3541,
    "map_at_1000": 0.35622,
    "map_at_3": 0.30653,
    "map_at_5": 0.32315,
    "mrr_at_1": 0.29249,
    "mrr_at_10": 0.38931,
    "mrr_at_100": 0.40039,
    "mrr_at_1000": 0.40078,
    "mrr_at_3": 0.36528,
    "mrr_at_5": 0.37951,
    "ndcg_at_1": 0.29249,
    "ndcg_at_10": 0.40015,
    "ndcg_at_100": 0.46452,
    "ndcg_at_1000": 0.48623,
    "ndcg_at_3": 0.35109,
    "ndcg_at_5": 0.37451,
    "precision_at_1": 0.29249,
    "precision_at_10": 0.07885,
    "precision_at_100": 0.01587,
    "precision_at_1000": 0.00245,
    "precision_at_3": 0.1693,
    "precision_at_5": 0.12372,
    "recall_at_1": 0.23824,
    "recall_at_10": 0.52048,
    "recall_at_100": 0.80442,
    "recall_at_1000": 0.93564,
    "recall_at_3": 0.38131,
    "recall_at_5": 0.44392
  }
}