{
  "dataset_revision": "ec0fa4fe99da2ff19ca1214b7966684033a58814",
  "mteb_dataset_name": "NFCorpus",
  "mteb_version": "1.2.0",
  "test": {
    "evaluation_time": 4.09,
    "map_at_1": 0.07314,
    "map_at_10": 0.15377,
    "map_at_100": 0.19757,
    "map_at_1000": 0.21417,
    "map_at_3": 0.11483,
    "map_at_5": 0.12975,
    "mrr_at_1": 0.50774,
    "mrr_at_10": 0.58874,
    "mrr_at_100": 0.59392,
    "mrr_at_1000": 0.59425,
    "mrr_at_3": 0.56708,
    "mrr_at_5": 0.57977,
    "ndcg_at_1": 0.48916,
    "ndcg_at_10": 0.38674,
    "ndcg_at_100": 0.36357,
    "ndcg_at_1000": 0.45372,
    "ndcg_at_3": 0.44218,
    "ndcg_at_5": 0.41227,
    "precision_at_1": 0.50464,
    "precision_at_10": 0.28204,
    "precision_at_100": 0.09149,
    "precision_at_1000": 0.02245,
    "precision_at_3": 0.40867,
    "precision_at_5": 0.34923,
    "recall_at_1": 0.07314,
    "recall_at_10": 0.19764,
    "recall_at_100": 0.36803,
    "recall_at_1000": 0.69472,
    "recall_at_3": 0.12456,
    "recall_at_5": 0.14779
  }
}