{
  "dataset_revision": null,
  "mteb_dataset_name": "SCIDOCS",
  "mteb_version": "1.2.0",
  "test": {
    "evaluation_time": 27.01,
    "map_at_1": 0.05313,
    "map_at_10": 0.14328,
    "map_at_100": 0.17094,
    "map_at_1000": 0.17497,
    "map_at_3": 0.0977,
    "map_at_5": 0.12026,
    "mrr_at_1": 0.263,
    "mrr_at_10": 0.38519,
    "mrr_at_100": 0.39654,
    "mrr_at_1000": 0.39686,
    "mrr_at_3": 0.34567,
    "mrr_at_5": 0.36992,
    "ndcg_at_1": 0.263,
    "ndcg_at_10": 0.2369,
    "ndcg_at_100": 0.33754,
    "ndcg_at_1000": 0.39741,
    "ndcg_at_3": 0.21696,
    "ndcg_at_5": 0.19417,
    "precision_at_1": 0.263,
    "precision_at_10": 0.1259,
    "precision_at_100": 0.02716,
    "precision_at_1000": 0.00414,
    "precision_at_3": 0.20467,
    "precision_at_5": 0.174,
    "recall_at_1": 0.05313,
    "recall_at_10": 0.25497,
    "recall_at_100": 0.55122,
    "recall_at_1000": 0.8397,
    "recall_at_3": 0.12433,
    "recall_at_5": 0.17652
  }
}