{
  "dataset_revision": "0228b52cf27578f30900b9e5271d331663a030d7",
  "mteb_dataset_name": "SciFact",
  "mteb_version": "1.2.0",
  "test": {
    "evaluation_time": 5.3,
    "map_at_1": 0.61928,
    "map_at_10": 0.7093,
    "map_at_100": 0.71436,
    "map_at_1000": 0.71454,
    "map_at_3": 0.67635,
    "map_at_5": 0.69526,
    "mrr_at_1": 0.64667,
    "mrr_at_10": 0.71865,
    "mrr_at_100": 0.72256,
    "mrr_at_1000": 0.72273,
    "mrr_at_3": 0.69333,
    "mrr_at_5": 0.70967,
    "ndcg_at_1": 0.64667,
    "ndcg_at_10": 0.75299,
    "ndcg_at_100": 0.7739,
    "ndcg_at_1000": 0.77776,
    "ndcg_at_3": 0.69721,
    "ndcg_at_5": 0.72576,
    "precision_at_1": 0.64667,
    "precision_at_10": 0.09967,
    "precision_at_100": 0.011,
    "precision_at_1000": 0.00113,
    "precision_at_3": 0.26667,
    "precision_at_5": 0.17867,
    "recall_at_1": 0.61928,
    "recall_at_10": 0.87822,
    "recall_at_100": 0.97167,
    "recall_at_1000": 1.0,
    "recall_at_3": 0.73006,
    "recall_at_5": 0.79994
  }
}