{
  "dataset_revision": "a6ea5a8cab320b040a23452cc28066d9beae2cee",
  "mteb_dataset_name": "SICK-R",
  "mteb_version": "1.2.0",
  "test": {
    "cos_sim": {
      "pearson": 0.8738779834362602,
      "spearman": 0.828570493094597
    },
    "euclidean": {
      "pearson": 0.8468213398170246,
      "spearman": 0.8285704741834373
    },
    "evaluation_time": 1.37,
    "manhattan": {
      "pearson": 0.8464911722166343,
      "spearman": 0.8277411254107858
    }
  }
}