{
  "dataset_revision": "7e90230a92c190f1bf69ae9002b8cea547a64cca",
  "mteb_dataset_name": "STS13",
  "mteb_version": "1.2.0",
  "test": {
    "cos_sim": {
      "pearson": 0.8832308319054653,
      "spearman": 0.8931454703156209
    },
    "euclidean": {
      "pearson": 0.8844970904153826,
      "spearman": 0.8931454703156209
    },
    "evaluation_time": 0.39,
    "manhattan": {
      "pearson": 0.8835039874668856,
      "spearman": 0.8922611740538579
    }
  }
}