{
  "dataset_revision": "7e90230a92c190f1bf69ae9002b8cea547a64cca",
  "mteb_dataset_name": "STS13",
  "mteb_version": "1.2.0",
  "test": {
    "cos_sim": {
      "pearson": 0.8777348669347317,
      "spearman": 0.8875241502486628
    },
    "euclidean": {
      "pearson": 0.8786624882430201,
      "spearman": 0.8875241502486628
    },
    "evaluation_time": 0.38,
    "manhattan": {
      "pearson": 0.8810688293121489,
      "spearman": 0.8898933383493419
    }
  }
}