{
  "dataset_revision": "d7c0de2777da35d6aae2200a62c6e0e5af397c4c",
  "mteb_dataset_name": "ToxicConversationsClassification",
  "mteb_version": "1.2.0",
  "test": {
    "accuracy": 0.72794,
    "accuracy_stderr": 0.04517079321862744,
    "ap": 0.1557281176115517,
    "ap_stderr": 0.01230758773265028,
    "evaluation_time": 36.75,
    "f1": 0.5630956664268457,
    "f1_stderr": 0.028968415299305977,
    "main_score": 0.72794
  }
}