{
  "dataset_revision": "d604517c81ca91fe16a244d1248fc021f9ecee7a",
  "mteb_dataset_name": "TweetSentimentExtractionClassification",
  "mteb_version": "1.2.0",
  "test": {
    "accuracy": 0.6233163554046406,
    "accuracy_stderr": 0.026951566841491522,
    "evaluation_time": 13.94,
    "f1": 0.6239436774192806,
    "f1_stderr": 0.028372772595661847,
    "main_score": 0.6233163554046406
  }
}