{
  "dataset_revision": "0fd18e25b25c072e09e0d92ab615fda904d66300",
  "mteb_dataset_name": "Banking77Classification",
  "mteb_version": "1.1.2",
  "test": {
    "accuracy": 0.8415584415584416,
    "accuracy_stderr": 0.005692476089335884,
    "evaluation_time": 11.72,
    "f1": 0.8347397914841505,
    "f1_stderr": 0.006504322062850251,
    "main_score": 0.8415584415584416
  }
}