{
  "dataset_revision": "d3fb88f8f02e40887cd149695127462bbcf29b4a",
  "mteb_dataset_name": "BIOSSES",
  "mteb_version": "1.1.2",
  "test": {
    "cos_sim": {
      "pearson": 0.8909798419862487,
      "spearman": 0.8763332208589698
    },
    "euclidean": {
      "pearson": 0.8689041227453712,
      "spearman": 0.8763332208589698
    },
    "evaluation_time": 0.03,
    "manhattan": {
      "pearson": 0.8744313791662641,
      "spearman": 0.8807610325930375
    }
  }
}