{
  "dataset_revision": "f46a197baaae43b4f621051089b82a364682dfeb",
  "mteb_dataset_name": "CQADupstackAndroidRetrieval",
  "mteb_version": "1.2.0",
  "test": {
    "evaluation_time": 5.81,
    "map_at_1": 0.33431,
    "map_at_10": 0.45346,
    "map_at_100": 0.46966,
    "map_at_1000": 0.47084,
    "map_at_3": 0.41572,
    "map_at_5": 0.43656,
    "mrr_at_1": 0.41059,
    "mrr_at_10": 0.51775,
    "mrr_at_100": 0.52499,
    "mrr_at_1000": 0.52535,
    "mrr_at_3": 0.49118,
    "mrr_at_5": 0.50777,
    "ndcg_at_1": 0.41059,
    "ndcg_at_10": 0.521,
    "ndcg_at_100": 0.57611,
    "ndcg_at_1000": 0.59281,
    "ndcg_at_3": 0.46914,
    "ndcg_at_5": 0.49346,
    "precision_at_1": 0.41059,
    "precision_at_10": 0.10057,
    "precision_at_100": 0.01614,
    "precision_at_1000": 0.00207,
    "precision_at_3": 0.22604,
    "precision_at_5": 0.16338,
    "recall_at_1": 0.33431,
    "recall_at_10": 0.64461,
    "recall_at_100": 0.8747,
    "recall_at_1000": 0.97763,
    "recall_at_3": 0.49424,
    "recall_at_5": 0.56352
  }
}