{
  "dataset_revision": "6184bc1440d2dbc7612be22b50686b8826d22b32",
  "mteb_dataset_name": "CQADupstackProgrammersRetrieval",
  "mteb_version": "1.2.0",
  "test": {
    "evaluation_time": 7.88,
    "map_at_1": 0.26019,
    "map_at_10": 0.37037,
    "map_at_100": 0.38413,
    "map_at_1000": 0.38519,
    "map_at_3": 0.33649,
    "map_at_5": 0.35121,
    "mrr_at_1": 0.3242,
    "mrr_at_10": 0.42441,
    "mrr_at_100": 0.43331,
    "mrr_at_1000": 0.43378,
    "mrr_at_3": 0.39954,
    "mrr_at_5": 0.41073,
    "ndcg_at_1": 0.3242,
    "ndcg_at_10": 0.43509,
    "ndcg_at_100": 0.49138,
    "ndcg_at_1000": 0.51243,
    "ndcg_at_3": 0.37949,
    "ndcg_at_5": 0.39786,
    "precision_at_1": 0.3242,
    "precision_at_10": 0.08231,
    "precision_at_100": 0.01271,
    "precision_at_1000": 0.00163,
    "precision_at_3": 0.18493,
    "precision_at_5": 0.12968,
    "recall_at_1": 0.26019,
    "recall_at_10": 0.57489,
    "recall_at_100": 0.81147,
    "recall_at_1000": 0.95123,
    "recall_at_3": 0.41485,
    "recall_at_5": 0.46513
  }
}