{
  "dataset_revision": null,
  "mteb_dataset_name": "ArguAna",
  "mteb_version": "1.1.2",
  "test": {
    "evaluation_time": 1.64,
    "map_at_1": 0.30299,
    "map_at_10": 0.47516,
    "map_at_100": 0.48249,
    "map_at_1000": 0.48253,
    "map_at_3": 0.42485,
    "map_at_5": 0.45543,
    "mrr_at_1": 0.30939,
    "mrr_at_10": 0.4777,
    "mrr_at_100": 0.4851,
    "mrr_at_1000": 0.48514,
    "mrr_at_3": 0.42745,
    "mrr_at_5": 0.45804,
    "ndcg_at_1": 0.30299,
    "ndcg_at_10": 0.56819,
    "ndcg_at_100": 0.59788,
    "ndcg_at_1000": 0.59875,
    "ndcg_at_3": 0.46545,
    "ndcg_at_5": 0.52024,
    "precision_at_1": 0.30299,
    "precision_at_10": 0.08642,
    "precision_at_100": 0.0099,
    "precision_at_1000": 0.001,
    "precision_at_3": 0.1944,
    "precision_at_5": 0.1431,
    "recall_at_1": 0.30299,
    "recall_at_10": 0.86415,
    "recall_at_100": 0.99004,
    "recall_at_1000": 0.99644,
    "recall_at_3": 0.58321,
    "recall_at_5": 0.7155
  }
}