{
  "dataset_revision": "ae752c7c21bf194d8b67fd573edf7ae58183cbe3",
  "mteb_dataset_name": "STS15",
  "mteb_version": "1.1.2",
  "test": {
    "cos_sim": {
      "pearson": 0.8593455651293146,
      "spearman": 0.8773364238940254
    },
    "euclidean": {
      "pearson": 0.8853028783288489,
      "spearman": 0.8900482726794846
    },
    "evaluation_time": 0.29,
    "manhattan": {
      "pearson": 0.8847109273826766,
      "spearman": 0.8898621730212707
    }
  }
}