{
  "dataset_revision": "eea2b4fe26a775864c896887d910b76a8098ad3f",
  "mteb_dataset_name": "STS22",
  "mteb_version": "1.1.2",
  "test": {
    "en": {
      "cos_sim": {
        "pearson": 0.6745024152417315,
        "spearman": 0.6900189065910085
      },
      "euclidean": {
        "pearson": 0.7010421432135545,
        "spearman": 0.6909491539403988
      },
      "manhattan": {
        "pearson": 0.7046634060568561,
        "spearman": 0.6943152983297933
      }
    },
    "evaluation_time": 0.03
  }
}