{
  "dataset_revision": "0fd18e25b25c072e09e0d92ab615fda904d66300",
  "mteb_dataset_name": "Banking77Classification",
  "mteb_version": "1.1.2",
  "test": {
    "accuracy": 0.8393181818181817,
    "accuracy_stderr": 0.0036717032775916993,
    "evaluation_time": 11.5,
    "f1": 0.8315739113144257,
    "f1_stderr": 0.004652937016600127,
    "main_score": 0.8393181818181817
  }
}