{
  "dataset_revision": "ae752c7c21bf194d8b67fd573edf7ae58183cbe3",
  "mteb_dataset_name": "STS15",
  "mteb_version": "1.1.2",
  "test": {
    "cos_sim": {
      "pearson": 0.865985350459215,
      "spearman": 0.8840188485654735
    },
    "euclidean": {
      "pearson": 0.8892102700207574,
      "spearman": 0.8933085433013421
    },
    "evaluation_time": 0.5,
    "manhattan": {
      "pearson": 0.8883545943286763,
      "spearman": 0.8926997288232806
    }
  }
}