{
  "dataset_revision": null,
  "mteb_dataset_name": "ArguAna",
  "mteb_version": "1.1.2",
  "test": {
    "evaluation_time": 1.8,
    "map_at_1": 0.36131,
    "map_at_10": 0.53068,
    "map_at_100": 0.53646,
    "map_at_1000": 0.5365,
    "map_at_3": 0.48661,
    "map_at_5": 0.51285,
    "mrr_at_1": 0.36842,
    "mrr_at_10": 0.53343,
    "mrr_at_100": 0.53921,
    "mrr_at_1000": 0.53925,
    "mrr_at_3": 0.48969,
    "mrr_at_5": 0.51561,
    "ndcg_at_1": 0.36131,
    "ndcg_at_10": 0.61889,
    "ndcg_at_100": 0.64148,
    "ndcg_at_1000": 0.64217,
    "ndcg_at_3": 0.5285,
    "ndcg_at_5": 0.57633,
    "precision_at_1": 0.36131,
    "precision_at_10": 0.08976,
    "precision_at_100": 0.00991,
    "precision_at_1000": 0.001,
    "precision_at_3": 0.21669,
    "precision_at_5": 0.15349,
    "recall_at_1": 0.36131,
    "recall_at_10": 0.89758,
    "recall_at_100": 0.99147,
    "recall_at_1000": 0.99644,
    "recall_at_3": 0.65007,
    "recall_at_5": 0.76743
  }
}