{
  "dataset_revision": "af5e6fb845001ecf41f4c1e033ce921939a2a68d",
  "mteb_dataset_name": "STS17",
  "mteb_version": "1.1.2",
  "test": {
    "en-en": {
      "cos_sim": {
        "pearson": 0.9072244357521377,
        "spearman": 0.9078358694126357
      },
      "euclidean": {
        "pearson": 0.9078942859129495,
        "spearman": 0.9046215454525555
      },
      "manhattan": {
        "pearson": 0.8913007670290585,
        "spearman": 0.8865429912589983
      }
    },
    "evaluation_time": 0.08
  }
}