{
  "dataset_revision": "ae752c7c21bf194d8b67fd573edf7ae58183cbe3",
  "mteb_dataset_name": "STS15",
  "mteb_version": "1.2.0",
  "test": {
    "cos_sim": {
      "pearson": 0.8794686858397658,
      "spearman": 0.8909775342683581
    },
    "euclidean": {
      "pearson": 0.8968852719271135,
      "spearman": 0.9031536163038428
    },
    "evaluation_time": 0.51,
    "manhattan": {
      "pearson": 0.8770401497609225,
      "spearman": 0.8862047041267798
    }
  }
}