{
  "dataset_revision": null,
  "mteb_dataset_name": "ArguAna",
  "mteb_version": "1.1.2",
  "test": {
    "evaluation_time": 1.97,
    "map_at_1": 0.39474,
    "map_at_10": 0.55799,
    "map_at_100": 0.56346,
    "map_at_1000": 0.56349,
    "map_at_3": 0.51505,
    "map_at_5": 0.54201,
    "mrr_at_1": 0.40114,
    "mrr_at_10": 0.56068,
    "mrr_at_100": 0.56608,
    "mrr_at_1000": 0.56611,
    "mrr_at_3": 0.51743,
    "mrr_at_5": 0.54438,
    "ndcg_at_1": 0.39474,
    "ndcg_at_10": 0.64116,
    "ndcg_at_100": 0.66252,
    "ndcg_at_1000": 0.66321,
    "ndcg_at_3": 0.55514,
    "ndcg_at_5": 0.60329,
    "precision_at_1": 0.39474,
    "precision_at_10": 0.09026,
    "precision_at_100": 0.00991,
    "precision_at_1000": 0.001,
    "precision_at_3": 0.2238,
    "precision_at_5": 0.15747,
    "recall_at_1": 0.39474,
    "recall_at_10": 0.90256,
    "recall_at_100": 0.99147,
    "recall_at_1000": 0.99644,
    "recall_at_3": 0.67141,
    "recall_at_5": 0.78734
  }
}