{
  "dataset_revision": "a0d554a64d88156834ff5ae9920b964011b16384",
  "mteb_dataset_name": "STS12",
  "mteb_version": "1.1.2",
  "test": {
    "cos_sim": {
      "pearson": 0.8448451407777238,
      "spearman": 0.7582135118588121
    },
    "euclidean": {
      "pearson": 0.8397761409152564,
      "spearman": 0.787757068451487
    },
    "evaluation_time": 0.45,
    "manhattan": {
      "pearson": 0.7886477009145992,
      "spearman": 0.7803280350083742
    }
  }
}