{
  "dataset_revision": "e8379541af4e31359cca9fbcf4b00f2671dba205",
  "mteb_dataset_name": "AmazonCounterfactualClassification",
  "mteb_version": "1.1.2",
  "test": {
    "en": {
      "accuracy": 0.7197014925373134,
      "accuracy_stderr": 0.03651565058715949,
      "ap": 0.34748132250594355,
      "ap_stderr": 0.03472727681736963,
      "f1": 0.6601311819306789,
      "f1_stderr": 0.03467876962350272,
      "main_score": 0.7197014925373134
    },
    "evaluation_time": 0.81
  }
}