{
  "dataset_revision": null,
  "mteb_dataset_name": "SciFact",
  "mteb_version": "1.1.2",
  "test": {
    "evaluation_time": 0.66,
    "map_at_1": 0.59028,
    "map_at_10": 0.68301,
    "map_at_100": 0.68837,
    "map_at_1000": 0.68856,
    "map_at_3": 0.65581,
    "map_at_5": 0.66885,
    "mrr_at_1": 0.61333,
    "mrr_at_10": 0.68962,
    "mrr_at_100": 0.69421,
    "mrr_at_1000": 0.69439,
    "mrr_at_3": 0.66889,
    "mrr_at_5": 0.68072,
    "ndcg_at_1": 0.61333,
    "ndcg_at_10": 0.72579,
    "ndcg_at_100": 0.74989,
    "ndcg_at_1000": 0.75486,
    "ndcg_at_3": 0.67886,
    "ndcg_at_5": 0.69788,
    "precision_at_1": 0.61333,
    "precision_at_10": 0.09633,
    "precision_at_100": 0.01087,
    "precision_at_1000": 0.00113,
    "precision_at_3": 0.26333,
    "precision_at_5": 0.17133,
    "recall_at_1": 0.59028,
    "recall_at_10": 0.84922,
    "recall_at_100": 0.95833,
    "recall_at_1000": 0.99667,
    "recall_at_3": 0.72117,
    "recall_at_5": 0.76861
  }
}