{
  "dataset_revision": "7e90230a92c190f1bf69ae9002b8cea547a64cca",
  "mteb_dataset_name": "STS13",
  "mteb_version": "1.1.2",
  "test": {
    "cos_sim": {
      "pearson": 0.8677732255018986,
      "spearman": 0.8747788573993764
    },
    "euclidean": {
      "pearson": 0.8887216341406702,
      "spearman": 0.89444069393105
    },
    "evaluation_time": 0.29,
    "manhattan": {
      "pearson": 0.8794103371943828,
      "spearman": 0.8860216914953739
    }
  }
}