{
  "dataset_revision": "eea2b4fe26a775864c896887d910b76a8098ad3f",
  "mteb_dataset_name": "STS22",
  "mteb_version": "1.1.2",
  "test": {
    "en": {
      "cos_sim": {
        "pearson": 0.6838751832028972,
        "spearman": 0.6951950860679306
      },
      "euclidean": {
        "pearson": 0.7110093332311318,
        "spearman": 0.701072816914209
      },
      "manhattan": {
        "pearson": 0.71350260036081,
        "spearman": 0.6977009754719311
      }
    },
    "evaluation_time": 0.09
  }
}