{
  "dataset_revision": "e8379541af4e31359cca9fbcf4b00f2671dba205",
  "mteb_dataset_name": "AmazonCounterfactualClassification",
  "mteb_version": "1.1.2",
  "test": {
    "en": {
      "accuracy": 0.766865671641791,
      "accuracy_stderr": 0.03477836133955875,
      "ap": 0.40053690143828036,
      "ap_stderr": 0.03992206888648931,
      "f1": 0.7073556302474887,
      "f1_stderr": 0.03389549097156325,
      "main_score": 0.766865671641791
    },
    "evaluation_time": 0.63
  }
}