{
  "dataset_revision": "eea2b4fe26a775864c896887d910b76a8098ad3f",
  "mteb_dataset_name": "STS22",
  "mteb_version": "1.1.2",
  "test": {
    "en": {
      "cos_sim": {
        "pearson": 0.6862398354256077,
        "spearman": 0.6879769200646567
      },
      "euclidean": {
        "pearson": 0.7036875476477065,
        "spearman": 0.6906765092666929
      },
      "manhattan": {
        "pearson": 0.7030555664708588,
        "spearman": 0.6840988547804533
      }
    },
    "evaluation_time": 0.06
  }
}