{
  "dataset_revision": "b0fddb56ed78048fa8b90373c8a3cfc37b684831",
  "mteb_dataset_name": "STSBenchmark",
  "mteb_version": "1.2.0",
  "test": {
    "cos_sim": {
      "pearson": 0.8759095060121176,
      "spearman": 0.8813306064938257
    },
    "euclidean": {
      "pearson": 0.8488827230932502,
      "spearman": 0.8556509050049529
    },
    "evaluation_time": 0.04,
    "manhattan": {
      "pearson": 0.7958441347161831,
      "spearman": 0.8031297931680691
    }
  },
  "validation": {
    "cos_sim": {
      "pearson": 0.9011735402351864,
      "spearman": 0.9034406056804101
    },
    "euclidean": {
      "pearson": 0.8824374881537991,
      "spearman": 0.8901237584120198
    },
    "evaluation_time": 0.05,
    "manhattan": {
      "pearson": 0.8318825485448844,
      "spearman": 0.8392888211950558
    }
  }
}