{
  "dataset_revision": null,
  "mteb_dataset_name": "ArguAna",
  "mteb_version": "1.1.2",
  "test": {
    "evaluation_time": 2.45,
    "map_at_1": 0.3862,
    "map_at_10": 0.55436,
    "map_at_100": 0.55992,
    "map_at_1000": 0.55995,
    "map_at_3": 0.5115,
    "map_at_5": 0.53977,
    "mrr_at_1": 0.39545,
    "mrr_at_10": 0.55766,
    "mrr_at_100": 0.56322,
    "mrr_at_1000": 0.56326,
    "mrr_at_3": 0.51588,
    "mrr_at_5": 0.54295,
    "ndcg_at_1": 0.3862,
    "ndcg_at_10": 0.63886,
    "ndcg_at_100": 0.66012,
    "ndcg_at_1000": 0.66081,
    "ndcg_at_3": 0.55306,
    "ndcg_at_5": 0.60387,
    "precision_at_1": 0.3862,
    "precision_at_10": 0.0904,
    "precision_at_100": 0.00991,
    "precision_at_1000": 0.001,
    "precision_at_3": 0.22451,
    "precision_at_5": 0.15932,
    "recall_at_1": 0.3862,
    "recall_at_10": 0.90398,
    "recall_at_100": 0.99147,
    "recall_at_1000": 0.99644,
    "recall_at_3": 0.67354,
    "recall_at_5": 0.79659
  }
}