{
  "dataset_revision": "b0fddb56ed78048fa8b90373c8a3cfc37b684831",
  "mteb_dataset_name": "STSBenchmark",
  "mteb_version": "1.1.2",
  "test": {
    "cos_sim": {
      "pearson": 0.8584387288303365,
      "spearman": 0.8657983094966009
    },
    "euclidean": {
      "pearson": 0.8798921324376007,
      "spearman": 0.8804217949126623
    },
    "evaluation_time": 0.16,
    "manhattan": {
      "pearson": 0.8813478653480128,
      "spearman": 0.8794101714400296
    }
  }
}