{
  "dataset_revision": "70970daeab8776df92f5ea462b6173c0b46fd2d1",
  "mteb_dataset_name": "TwitterSemEval2015",
  "mteb_version": "1.1.2",
  "test": {
    "cos_sim": {
      "accuracy": 0.876914823866007,
      "accuracy_threshold": 0.7519534579882886,
      "ap": 0.7842635216665756,
      "f1": 0.7181044957472661,
      "f1_threshold": 0.7072907238502475,
      "precision": 0.6655405405405406,
      "recall": 0.7796833773087071
    },
    "dot": {
      "accuracy": 0.8580795136198367,
      "accuracy_threshold": 0.27283310389163873,
      "ap": 0.7268741089235816,
      "f1": 0.6755444928438082,
      "f1_threshold": 0.2534177428412967,
      "precision": 0.6393404004711425,
      "recall": 0.7160949868073878
    },
    "euclidean": {
      "accuracy": 0.8760803480956071,
      "accuracy_threshold": 0.4086673460946617,
      "ap": 0.7835630029878717,
      "f1": 0.7193363114231014,
      "f1_threshold": 0.44421674782092235,
      "precision": 0.6966625463535229,
      "recall": 0.7435356200527704
    },
    "evaluation_time": 1.11,
    "manhattan": {
      "accuracy": 0.8761399535077785,
      "accuracy_threshold": 5.124108138802392,
      "ap": 0.7821703602733064,
      "f1": 0.7168008048289738,
      "f1_threshold": 5.491215893097131,
      "precision": 0.6847669389716482,
      "recall": 0.7519788918205804
    },
    "max": {
      "accuracy": 0.876914823866007,
      "ap": 0.7842635216665756,
      "f1": 0.7193363114231014
    }
  }
}