{
  "dataset_revision": "4f58c6b202a23cf9a4da393831edf4f9183cad37",
  "mteb_dataset_name": "EmotionClassification",
  "mteb_version": "1.1.2",
  "test": {
    "accuracy": 0.55865,
    "accuracy_stderr": 0.02373188783051192,
    "evaluation_time": 0.54,
    "f1": 0.49386273865941355,
    "f1_stderr": 0.012842691007617122,
    "main_score": 0.55865
  }
}