{
  "dataset_revision": "4f58c6b202a23cf9a4da393831edf4f9183cad37",
  "mteb_dataset_name": "EmotionClassification",
  "mteb_version": "1.1.2",
  "test": {
    "accuracy": 0.5595,
    "accuracy_stderr": 0.022667156857444644,
    "evaluation_time": 2.21,
    "f1": 0.4952300894267383,
    "f1_stderr": 0.012734494153987681,
    "main_score": 0.5595
  }
}