{
  "dataset_revision": "7e90230a92c190f1bf69ae9002b8cea547a64cca",
  "mteb_dataset_name": "STS13",
  "mteb_version": "1.1.2",
  "test": {
    "cos_sim": {
      "pearson": 0.8753539075666822,
      "spearman": 0.882151909524536
    },
    "euclidean": {
      "pearson": 0.8923987733829445,
      "spearman": 0.8989900834454088
    },
    "evaluation_time": 0.35,
    "manhattan": {
      "pearson": 0.8813923699992103,
      "spearman": 0.8869753550034989
    }
  }
}