{
  "dataset_revision": "eea2b4fe26a775864c896887d910b76a8098ad3f",
  "mteb_dataset_name": "STS22",
  "mteb_version": "1.1.2",
  "test": {
    "en": {
      "cos_sim": {
        "pearson": 0.688432022473438,
        "spearman": 0.6912209847494069
      },
      "euclidean": {
        "pearson": 0.7020851764361292,
        "spearman": 0.6859748129084887
      },
      "manhattan": {
        "pearson": 0.6975778058876424,
        "spearman": 0.6764273661406
      }
    },
    "evaluation_time": 0.04
  }
}