{
  "dataset_revision": null,
  "mteb_dataset_name": "SciFact",
  "mteb_version": "1.1.2",
  "test": {
    "evaluation_time": 0.88,
    "map_at_1": 0.61428,
    "map_at_10": 0.70939,
    "map_at_100": 0.71378,
    "map_at_1000": 0.71402,
    "map_at_3": 0.6783,
    "map_at_5": 0.69537,
    "mrr_at_1": 0.64333,
    "mrr_at_10": 0.71913,
    "mrr_at_100": 0.72249,
    "mrr_at_1000": 0.72272,
    "mrr_at_3": 0.69611,
    "mrr_at_5": 0.70961,
    "ndcg_at_1": 0.64333,
    "ndcg_at_10": 0.75396,
    "ndcg_at_100": 0.77253,
    "ndcg_at_1000": 0.77735,
    "ndcg_at_3": 0.701,
    "ndcg_at_5": 0.72624,
    "precision_at_1": 0.64333,
    "precision_at_10": 0.1,
    "precision_at_100": 0.01093,
    "precision_at_1000": 0.00113,
    "precision_at_3": 0.27,
    "precision_at_5": 0.17933,
    "recall_at_1": 0.61428,
    "recall_at_10": 0.88156,
    "recall_at_100": 0.965,
    "recall_at_1000": 1.0,
    "recall_at_3": 0.73839,
    "recall_at_5": 0.80161
  }
}