{
  "dataset_revision": "4d8694f8f0e0100860b497b999b3dbed754a0513",
  "mteb_dataset_name": "STS16",
  "mteb_version": "1.1.2",
  "test": {
    "cos_sim": {
      "pearson": 0.8405922630845858,
      "spearman": 0.8525926324300217
    },
    "euclidean": {
      "pearson": 0.8626113854588542,
      "spearman": 0.8698669724738757
    },
    "evaluation_time": 0.24,
    "manhattan": {
      "pearson": 0.8501701427240872,
      "spearman": 0.8583245465820563
    }
  }
}