{
  "dataset_revision": "0fd18e25b25c072e09e0d92ab615fda904d66300",
  "mteb_dataset_name": "Banking77Classification",
  "mteb_version": "1.2.0",
  "test": {
    "accuracy": 0.8511038961038961,
    "accuracy_stderr": 0.00571871139124782,
    "evaluation_time": 11.28,
    "f1": 0.8462969160537039,
    "f1_stderr": 0.006495692642932892,
    "main_score": 0.8511038961038961
  }
}