{
  "dataset_revision": "6031580fec1f6af667f0bd2da0a551cf4f0b2375",
  "mteb_dataset_name": "STS14",
  "mteb_version": "1.2.0",
  "test": {
    "cos_sim": {
      "pearson": 0.8610611927885488,
      "spearman": 0.8263705439754535
    },
    "euclidean": {
      "pearson": 0.8608191860535279,
      "spearman": 0.8330534265268987
    },
    "evaluation_time": 0.06,
    "manhattan": {
      "pearson": 0.8437274006326481,
      "spearman": 0.8263605318408913
    }
  }
}