{
  "dataset_revision": "e8379541af4e31359cca9fbcf4b00f2671dba205",
  "mteb_dataset_name": "AmazonCounterfactualClassification",
  "mteb_version": "1.1.2",
  "test": {
    "en": {
      "accuracy": 0.7374626865671642,
      "accuracy_stderr": 0.03215335552209004,
      "ap": 0.36493777648509984,
      "ap_stderr": 0.03221935080282959,
      "f1": 0.6772540209042444,
      "f1_stderr": 0.03040898415079662,
      "main_score": 0.7374626865671642
    },
    "evaluation_time": 0.38
  }
}