{
  "dataset_revision": "ae752c7c21bf194d8b67fd573edf7ae58183cbe3",
  "mteb_dataset_name": "STS15",
  "mteb_version": "1.1.2",
  "test": {
    "cos_sim": {
      "pearson": 0.8743633727690178,
      "spearman": 0.8839313492159703
    },
    "euclidean": {
      "pearson": 0.8807384577189235,
      "spearman": 0.886161339253251
    },
    "evaluation_time": 0.23,
    "manhattan": {
      "pearson": 0.8689568091055223,
      "spearman": 0.8761646850416525
    }
  }
}