{
  "dataset_revision": "0228b52cf27578f30900b9e5271d331663a030d7",
  "mteb_dataset_name": "SciFact",
  "mteb_version": "1.2.0",
  "test": {
    "evaluation_time": 5.46,
    "map_at_1": 0.62828,
    "map_at_10": 0.71532,
    "map_at_100": 0.72059,
    "map_at_1000": 0.72073,
    "map_at_3": 0.6838,
    "map_at_5": 0.70147,
    "mrr_at_1": 0.66,
    "mrr_at_10": 0.72614,
    "mrr_at_100": 0.73027,
    "mrr_at_1000": 0.73039,
    "mrr_at_3": 0.70167,
    "mrr_at_5": 0.71683,
    "ndcg_at_1": 0.66,
    "ndcg_at_10": 0.7576,
    "ndcg_at_100": 0.77969,
    "ndcg_at_1000": 0.78264,
    "ndcg_at_3": 0.70437,
    "ndcg_at_5": 0.73049,
    "precision_at_1": 0.66,
    "precision_at_10": 0.09967,
    "precision_at_100": 0.01107,
    "precision_at_1000": 0.00113,
    "precision_at_3": 0.27,
    "precision_at_5": 0.17933,
    "recall_at_1": 0.62828,
    "recall_at_10": 0.87822,
    "recall_at_100": 0.97833,
    "recall_at_1000": 1.0,
    "recall_at_3": 0.73406,
    "recall_at_5": 0.80078
  }
}