{
  "dataset_revision": "7e90230a92c190f1bf69ae9002b8cea547a64cca",
  "mteb_dataset_name": "STS13",
  "mteb_version": "1.2.0",
  "test": {
    "cos_sim": {
      "pearson": 0.8869687891395792,
      "spearman": 0.8918128671820277
    },
    "euclidean": {
      "pearson": 0.8839111932758051,
      "spearman": 0.8918128671820277
    },
    "evaluation_time": 0.9,
    "manhattan": {
      "pearson": 0.8830636601244067,
      "spearman": 0.8908889385948076
    }
  }
}