{
  "dataset_revision": "4d8694f8f0e0100860b497b999b3dbed754a0513",
  "mteb_dataset_name": "STS16",
  "mteb_version": "1.1.2",
  "test": {
    "cos_sim": {
      "pearson": 0.8613651939861217,
      "spearman": 0.8737508126393801
    },
    "euclidean": {
      "pearson": 0.8668715434086507,
      "spearman": 0.8737508126393801
    },
    "evaluation_time": 0.73,
    "manhattan": {
      "pearson": 0.8663081414768885,
      "spearman": 0.8731778598298602
    }
  }
}