{
  "dataset_revision": "7e90230a92c190f1bf69ae9002b8cea547a64cca",
  "mteb_dataset_name": "STS13",
  "mteb_version": "1.1.2",
  "test": {
    "cos_sim": {
      "pearson": 0.8849363356628613,
      "spearman": 0.8894750760259591
    },
    "euclidean": {
      "pearson": 0.8814969642318928,
      "spearman": 0.8894750760259591
    },
    "evaluation_time": 0.8,
    "manhattan": {
      "pearson": 0.8818821470153977,
      "spearman": 0.8897782974815043
    }
  }
}