{
  "dataset_revision": "ae752c7c21bf194d8b67fd573edf7ae58183cbe3",
  "mteb_dataset_name": "STS15",
  "mteb_version": "1.2.0",
  "test": {
    "cos_sim": {
      "pearson": 0.8936701540079348,
      "spearman": 0.9025105006892636
    },
    "euclidean": {
      "pearson": 0.8954074729567593,
      "spearman": 0.9025105006892636
    },
    "evaluation_time": 0.82,
    "manhattan": {
      "pearson": 0.895127886509677,
      "spearman": 0.9022131251921162
    }
  }
}