{
  "dataset_revision": "b0fddb56ed78048fa8b90373c8a3cfc37b684831",
  "mteb_dataset_name": "STSBenchmark",
  "mteb_version": "1.1.2",
  "test": {
    "cos_sim": {
      "pearson": 0.8816473164138026,
      "spearman": 0.8943363703232686
    },
    "euclidean": {
      "pearson": 0.8916919407157214,
      "spearman": 0.8943363703232686
    },
    "evaluation_time": 0.74,
    "manhattan": {
      "pearson": 0.8914596563401618,
      "spearman": 0.8939539743186652
    }
  }
}