{
  "dataset_revision": "b0fddb56ed78048fa8b90373c8a3cfc37b684831",
  "mteb_dataset_name": "STSBenchmark",
  "mteb_version": "1.2.0",
  "test": {
    "cos_sim": {
      "pearson": 0.8777021425322874,
      "spearman": 0.8918705800574538
    },
    "euclidean": {
      "pearson": 0.8880636153360674,
      "spearman": 0.8918705800574538
    },
    "evaluation_time": 0.9,
    "manhattan": {
      "pearson": 0.889108889398193,
      "spearman": 0.8924044977271594
    }
  }
}