{
  "dataset_revision": "d3fb88f8f02e40887cd149695127462bbcf29b4a",
  "mteb_dataset_name": "BIOSSES",
  "mteb_version": "1.1.2",
  "test": {
    "cos_sim": {
      "pearson": 0.9014575632357685,
      "spearman": 0.8826767388943075
    },
    "euclidean": {
      "pearson": 0.8825984380394577,
      "spearman": 0.8826767388943075
    },
    "evaluation_time": 0.13,
    "manhattan": {
      "pearson": 0.8841074794354165,
      "spearman": 0.8854659590750875
    }
  }
}