{
  "dataset_revision": "a6ea5a8cab320b040a23452cc28066d9beae2cee",
  "mteb_dataset_name": "SICK-R",
  "mteb_version": "1.2.0",
  "test": {
    "cos_sim": {
      "pearson": 0.8747717935034182,
      "spearman": 0.8280043255603
    },
    "euclidean": {
      "pearson": 0.847912985672728,
      "spearman": 0.8280043255603
    },
    "evaluation_time": 4.86,
    "manhattan": {
      "pearson": 0.8475054939536794,
      "spearman": 0.8267738989391594
    }
  }
}