{
  "dataset_revision": "a0d554a64d88156834ff5ae9920b964011b16384",
  "mteb_dataset_name": "STS12",
  "mteb_version": "1.2.0",
  "test": {
    "cos_sim": {
      "pearson": 0.8711993069488616,
      "spearman": 0.7845233878292575
    },
    "euclidean": {
      "pearson": 0.8394279484795939,
      "spearman": 0.7845233878292575
    },
    "evaluation_time": 1.58,
    "manhattan": {
      "pearson": 0.8349029429556553,
      "spearman": 0.7824198447783539
    }
  }
}