{
  "dataset_revision": "eea2b4fe26a775864c896887d910b76a8098ad3f",
  "mteb_dataset_name": "STS22",
  "mteb_version": "1.2.0",
  "test": {
    "en": {
      "cos_sim": {
        "pearson": 0.6890438672904027,
        "spearman": 0.6905194333800505
      },
      "euclidean": {
        "pearson": 0.7053192269255045,
        "spearman": 0.6905194333800505
      },
      "manhattan": {
        "pearson": 0.7043908842960716,
        "spearman": 0.6872973430421363
      }
    },
    "evaluation_time": 0.09
  }
}