{
  "dataset_revision": "e8379541af4e31359cca9fbcf4b00f2671dba205",
  "mteb_dataset_name": "AmazonCounterfactualClassification",
  "mteb_version": "1.2.0",
  "test": {
    "en": {
      "accuracy": 0.7641791044776121,
      "accuracy_stderr": 0.03735520050378664,
      "ap": 0.3979210440286151,
      "ap_stderr": 0.039595880819435665,
      "f1": 0.7048738273570849,
      "f1_stderr": 0.035306994667910964,
      "main_score": 0.7641791044776121
    },
    "evaluation_time": 13.56
  }
}