{
  "dataset_revision": "7e90230a92c190f1bf69ae9002b8cea547a64cca",
  "mteb_dataset_name": "STS13",
  "mteb_version": "1.2.0",
  "test": {
    "cos_sim": {
      "pearson": 0.878676405464993,
      "spearman": 0.8818798501237417
    },
    "euclidean": {
      "pearson": 0.8750582708629598,
      "spearman": 0.8818798501237417
    },
    "evaluation_time": 0.36,
    "manhattan": {
      "pearson": 0.8747151483700053,
      "spearman": 0.8809095183329048
    }
  }
}