{
  "dataset_revision": "70970daeab8776df92f5ea462b6173c0b46fd2d1",
  "mteb_dataset_name": "TwitterSemEval2015",
  "mteb_version": "1.2.0",
  "test": {
    "cos_sim": {
      "accuracy": 0.8772724563390356,
      "accuracy_threshold": 0.8144342058503912,
      "ap": 0.7877872698775586,
      "f1": 0.7201399300349826,
      "f1_threshold": 0.7832223368744506,
      "precision": 0.6839107736117703,
      "recall": 0.7604221635883905
    },
    "dot": {
      "accuracy": 0.8772724563390356,
      "accuracy_threshold": 0.8144342058503911,
      "ap": 0.7877872698775586,
      "f1": 0.7201399300349826,
      "f1_threshold": 0.7832223368744506,
      "precision": 0.6839107736117703,
      "recall": 0.7604221635883905
    },
    "euclidean": {
      "accuracy": 0.8772724563390356,
      "accuracy_threshold": 0.6092057027795805,
      "ap": 0.7877872698775586,
      "f1": 0.7201399300349826,
      "f1_threshold": 0.6584491819874652,
      "precision": 0.6839107736117703,
      "recall": 0.7604221635883905
    },
    "evaluation_time": 11.03,
    "manhattan": {
      "accuracy": 0.8772128509268642,
      "accuracy_threshold": 29.564169678686113,
      "ap": 0.7877313921370169,
      "f1": 0.7193393319363984,
      "f1_threshold": 31.455488596426285,
      "precision": 0.6749942169789498,
      "recall": 0.7699208443271768
    },
    "max": {
      "accuracy": 0.8772724563390356,
      "ap": 0.7877872698775586,
      "f1": 0.7201399300349826
    }
  }
}