{
  "dataset_revision": "a6ea5a8cab320b040a23452cc28066d9beae2cee",
  "mteb_dataset_name": "SICK-R",
  "mteb_version": "1.2.0",
  "test": {
    "cos_sim": {
      "pearson": 0.8724620704741236,
      "spearman": 0.8284199303636224
    },
    "euclidean": {
      "pearson": 0.8464556607761853,
      "spearman": 0.8284199596349426
    },
    "evaluation_time": 0.59,
    "manhattan": {
      "pearson": 0.8457126178185435,
      "spearman": 0.8284395431057778
    }
  }
}