{
  "dataset_revision": "3d86128a09e091d6018b6d26cad27f2739fc2db7",
  "mteb_dataset_name": "ImdbClassification",
  "mteb_version": "1.2.0",
  "test": {
    "accuracy": 0.9431839999999999,
    "accuracy_stderr": 0.00372821458609883,
    "ap": 0.9156945848442242,
    "ap_stderr": 0.008850657020785397,
    "evaluation_time": 2.75,
    "f1": 0.9431592151121515,
    "f1_stderr": 0.0037459417116505202,
    "main_score": 0.9431839999999999
  }
}