{
  "dataset_revision": "d80d48c1eb48d3562165c59d59d0034df9fff0bf",
  "mteb_dataset_name": "MTOPDomainClassification",
  "mteb_version": "1.2.0",
  "test": {
    "en": {
      "accuracy": 0.9528955768353853,
      "accuracy_stderr": 0.004111812939182381,
      "f1": 0.950816749291216,
      "f1_stderr": 0.00394633015621034,
      "main_score": 0.9528955768353853
    },
    "evaluation_time": 10.93
  }
}