{
  "dataset_revision": null,
  "mteb_dataset_name": "SCIDOCS",
  "mteb_version": "1.2.0",
  "test": {
    "evaluation_time": 6.35,
    "map_at_1": 0.05318,
    "map_at_10": 0.14344,
    "map_at_100": 0.17068,
    "map_at_1000": 0.17455,
    "map_at_3": 0.09995,
    "map_at_5": 0.1212,
    "mrr_at_1": 0.263,
    "mrr_at_10": 0.38426,
    "mrr_at_100": 0.39606,
    "mrr_at_1000": 0.39646,
    "mrr_at_3": 0.34967,
    "mrr_at_5": 0.37062,
    "ndcg_at_1": 0.263,
    "ndcg_at_10": 0.23544,
    "ndcg_at_100": 0.33305,
    "ndcg_at_1000": 0.3916,
    "ndcg_at_3": 0.22063,
    "ndcg_at_5": 0.19481,
    "precision_at_1": 0.263,
    "precision_at_10": 0.1238,
    "precision_at_100": 0.02638,
    "precision_at_1000": 0.00403,
    "precision_at_3": 0.209,
    "precision_at_5": 0.174,
    "recall_at_1": 0.05318,
    "recall_at_10": 0.25082,
    "recall_at_100": 0.5353,
    "recall_at_1000": 0.81772,
    "recall_at_3": 0.12712,
    "recall_at_5": 0.17647
  }
}