{
  "dataset_revision": "0fd18e25b25c072e09e0d92ab615fda904d66300",
  "mteb_dataset_name": "Banking77Classification",
  "mteb_version": "1.1.2",
  "test": {
    "accuracy": 0.8538961038961039,
    "accuracy_stderr": 0.004031730279552036,
    "evaluation_time": 11.65,
    "f1": 0.8484264521688967,
    "f1_stderr": 0.005157129620563806,
    "main_score": 0.8538961038961039
  }
}