{
  "dataset_revision": "160c094312a0e1facb97e55eeddb698c0abe3571",
  "mteb_dataset_name": "CQADupstackWebmastersRetrieval",
  "mteb_version": "1.2.0",
  "test": {
    "evaluation_time": 20.04,
    "map_at_1": 0.26816,
    "map_at_10": 0.36755,
    "map_at_100": 0.38364,
    "map_at_1000": 0.38586,
    "map_at_3": 0.33456,
    "map_at_5": 0.35268,
    "mrr_at_1": 0.32609,
    "mrr_at_10": 0.41961,
    "mrr_at_100": 0.42902,
    "mrr_at_1000": 0.42946,
    "mrr_at_3": 0.39295,
    "mrr_at_5": 0.41014,
    "ndcg_at_1": 0.32609,
    "ndcg_at_10": 0.43097,
    "ndcg_at_100": 0.4899,
    "ndcg_at_1000": 0.51209,
    "ndcg_at_3": 0.37903,
    "ndcg_at_5": 0.40449,
    "precision_at_1": 0.32609,
    "precision_at_10": 0.08379,
    "precision_at_100": 0.0163,
    "precision_at_1000": 0.00248,
    "precision_at_3": 0.17852,
    "precision_at_5": 0.13123,
    "recall_at_1": 0.26816,
    "recall_at_10": 0.54918,
    "recall_at_100": 0.81135,
    "recall_at_1000": 0.94722,
    "recall_at_3": 0.40483,
    "recall_at_5": 0.47189
  }
}