{
  "dataset_revision": "0228b52cf27578f30900b9e5271d331663a030d7",
  "mteb_dataset_name": "SciFact",
  "mteb_version": "1.2.0",
  "test": {
    "evaluation_time": 5.57,
    "map_at_1": 0.62161,
    "map_at_10": 0.71216,
    "map_at_100": 0.71759,
    "map_at_1000": 0.71776,
    "map_at_3": 0.68074,
    "map_at_5": 0.69875,
    "mrr_at_1": 0.65333,
    "mrr_at_10": 0.72275,
    "mrr_at_100": 0.727,
    "mrr_at_1000": 0.72715,
    "mrr_at_3": 0.69833,
    "mrr_at_5": 0.71383,
    "ndcg_at_1": 0.65333,
    "ndcg_at_10": 0.75482,
    "ndcg_at_100": 0.77688,
    "ndcg_at_1000": 0.78032,
    "ndcg_at_3": 0.70208,
    "ndcg_at_5": 0.72849,
    "precision_at_1": 0.65333,
    "precision_at_10": 0.09933,
    "precision_at_100": 0.01103,
    "precision_at_1000": 0.00113,
    "precision_at_3": 0.27,
    "precision_at_5": 0.17933,
    "recall_at_1": 0.62161,
    "recall_at_10": 0.87589,
    "recall_at_100": 0.975,
    "recall_at_1000": 1.0,
    "recall_at_3": 0.73406,
    "recall_at_5": 0.80078
  }
}