{
  "dataset_revision": "eea2b4fe26a775864c896887d910b76a8098ad3f",
  "mteb_dataset_name": "STS22",
  "mteb_version": "1.2.0",
  "test": {
    "en": {
      "cos_sim": {
        "pearson": 0.6828130047826749,
        "spearman": 0.6838644617475361
      },
      "euclidean": {
        "pearson": 0.6987268503780418,
        "spearman": 0.6838644617475361
      },
      "manhattan": {
        "pearson": 0.6979533141403959,
        "spearman": 0.6810045412000669
      }
    },
    "evaluation_time": 0.22
  }
}