{
  "dataset_revision": "b0fddb56ed78048fa8b90373c8a3cfc37b684831",
  "mteb_dataset_name": "STSBenchmark",
  "mteb_version": "1.1.2",
  "test": {
    "cos_sim": {
      "pearson": 0.8740005280063201,
      "spearman": 0.874826882741171
    },
    "euclidean": {
      "pearson": 0.8706765180214385,
      "spearman": 0.8768529060335787
    },
    "evaluation_time": 0.09,
    "manhattan": {
      "pearson": 0.8307044576701582,
      "spearman": 0.8388743394725405
    }
  }
}