{
  "dataset_revision": "70970daeab8776df92f5ea462b6173c0b46fd2d1",
  "mteb_dataset_name": "TwitterSemEval2015",
  "mteb_version": "1.1.2",
  "test": {
    "cos_sim": {
      "accuracy": 0.8759611372712642,
      "accuracy_threshold": 0.70342207970549,
      "ap": 0.7896003926968058,
      "f1": 0.7191913956200596,
      "f1_threshold": 0.6773825544849913,
      "precision": 0.706646294881589,
      "recall": 0.7321899736147758
    },
    "dot": {
      "accuracy": 0.8573046432616082,
      "accuracy_threshold": 0.46127843075781794,
      "ap": 0.7233280737116017,
      "f1": 0.677588634327403,
      "f1_threshold": 0.43397641579628554,
      "precision": 0.6579666915237385,
      "recall": 0.6984168865435356
    },
    "euclidean": {
      "accuracy": 0.8759611372712642,
      "accuracy_threshold": 0.6003426613494526,
      "ap": 0.7919984543373029,
      "f1": 0.7184241019698725,
      "f1_threshold": 0.6473312959922625,
      "precision": 0.701533819461906,
      "recall": 0.7361477572559367
    },
    "evaluation_time": 0.8,
    "manhattan": {
      "accuracy": 0.8679740120402932,
      "accuracy_threshold": 11.117950811096726,
      "ap": 0.7705376241577053,
      "f1": 0.6971608832807571,
      "f1_threshold": 11.828033974547779,
      "precision": 0.6946045049764275,
      "recall": 0.6997361477572559
    },
    "max": {
      "accuracy": 0.8759611372712642,
      "ap": 0.7919984543373029,
      "f1": 0.7191913956200596
    }
  }
}