{
  "dataset_revision": "7e90230a92c190f1bf69ae9002b8cea547a64cca",
  "mteb_dataset_name": "STS13",
  "mteb_version": "1.1.2",
  "test": {
    "cos_sim": {
      "pearson": 0.8735766733536847,
      "spearman": 0.8772023210729171
    },
    "euclidean": {
      "pearson": 0.8838622536714543,
      "spearman": 0.891959749861635
    },
    "evaluation_time": 0.19,
    "manhattan": {
      "pearson": 0.858402403691935,
      "spearman": 0.8645546463140548
    }
  }
}