{
  "dataset_revision": "b0fddb56ed78048fa8b90373c8a3cfc37b684831",
  "mteb_dataset_name": "STSBenchmark",
  "mteb_version": "1.1.2",
  "test": {
    "cos_sim": {
      "pearson": 0.8804543474906305,
      "spearman": 0.8854164021895768
    },
    "euclidean": {
      "pearson": 0.8923664193036667,
      "spearman": 0.8960614852322848
    },
    "evaluation_time": 0.19,
    "manhattan": {
      "pearson": 0.8621881449224313,
      "spearman": 0.8689994056821659
    }
  }
}