{
  "dataset_revision": "6031580fec1f6af667f0bd2da0a551cf4f0b2375",
  "mteb_dataset_name": "STS14",
  "mteb_version": "1.1.2",
  "test": {
    "cos_sim": {
      "pearson": 0.8632144532101983,
      "spearman": 0.8312033977179202
    },
    "euclidean": {
      "pearson": 0.860459113851495,
      "spearman": 0.8458669950891942
    },
    "evaluation_time": 0.64,
    "manhattan": {
      "pearson": 0.8392387092818205,
      "spearman": 0.8312635909201266
    }
  }
}