{
  "dataset_revision": "70970daeab8776df92f5ea462b6173c0b46fd2d1",
  "mteb_dataset_name": "TwitterSemEval2015",
  "mteb_version": "1.1.2",
  "test": {
    "cos_sim": {
      "accuracy": 0.8753054777373785,
      "accuracy_threshold": 0.7479564752738617,
      "ap": 0.7845168691945223,
      "f1": 0.7192268565615464,
      "f1_threshold": 0.7089354778219354,
      "precision": 0.6941580756013745,
      "recall": 0.7461741424802111
    },
    "dot": {
      "accuracy": 0.8601657030458366,
      "accuracy_threshold": 0.3935983288439041,
      "ap": 0.7374834967078772,
      "f1": 0.6805537914390957,
      "f1_threshold": 0.36859669332802303,
      "precision": 0.6561351947097722,
      "recall": 0.7068601583113456
    },
    "euclidean": {
      "accuracy": 0.8758419264469214,
      "accuracy_threshold": 0.5183320127712696,
      "ap": 0.7886745165755829,
      "f1": 0.7209302325581396,
      "f1_threshold": 0.5459757094187763,
      "precision": 0.7063291139240506,
      "recall": 0.7361477572559367
    },
    "evaluation_time": 1.85,
    "manhattan": {
      "accuracy": 0.8688680932228646,
      "accuracy_threshold": 9.637516400690707,
      "ap": 0.7683915695854411,
      "f1": 0.702661207778915,
      "f1_threshold": 10.256137994097214,
      "precision": 0.682066567312469,
      "recall": 0.7245382585751979
    },
    "max": {
      "accuracy": 0.8758419264469214,
      "ap": 0.7886745165755829,
      "f1": 0.7209302325581396
    }
  }
}