{
  "dataset_revision": "65ac3a16b8e91f9cee4c9828cc7c335575432a2a",
  "mteb_dataset_name": "CQADupstackStatsRetrieval",
  "mteb_version": "1.2.0",
  "test": {
    "evaluation_time": 58.67,
    "map_at_1": 0.26572,
    "map_at_10": 0.33915,
    "map_at_100": 0.34797,
    "map_at_1000": 0.34897,
    "map_at_3": 0.31736,
    "map_at_5": 0.3283,
    "mrr_at_1": 0.30061,
    "mrr_at_10": 0.37059,
    "mrr_at_100": 0.37786,
    "mrr_at_1000": 0.37861,
    "mrr_at_3": 0.35123,
    "mrr_at_5": 0.36097,
    "ndcg_at_1": 0.30061,
    "ndcg_at_10": 0.38129,
    "ndcg_at_100": 0.42636,
    "ndcg_at_1000": 0.45186,
    "ndcg_at_3": 0.34164,
    "ndcg_at_5": 0.35852,
    "precision_at_1": 0.30061,
    "precision_at_10": 0.05844,
    "precision_at_100": 0.00887,
    "precision_at_1000": 0.00117,
    "precision_at_3": 0.14519,
    "precision_at_5": 0.09785,
    "recall_at_1": 0.26572,
    "recall_at_10": 0.47986,
    "recall_at_100": 0.6885,
    "recall_at_1000": 0.87735,
    "recall_at_3": 0.3724,
    "recall_at_5": 0.41471
  }
}