{
  "dataset_revision": "160c094312a0e1facb97e55eeddb698c0abe3571",
  "mteb_dataset_name": "CQADupstackWebmastersRetrieval",
  "mteb_version": "1.2.0",
  "test": {
    "evaluation_time": 20.36,
    "map_at_1": 0.24169,
    "map_at_10": 0.34093,
    "map_at_100": 0.35763,
    "map_at_1000": 0.35979,
    "map_at_3": 0.31096,
    "map_at_5": 0.32482,
    "mrr_at_1": 0.29842,
    "mrr_at_10": 0.39628,
    "mrr_at_100": 0.40619,
    "mrr_at_1000": 0.40659,
    "mrr_at_3": 0.37088,
    "mrr_at_5": 0.38393,
    "ndcg_at_1": 0.29842,
    "ndcg_at_10": 0.40646,
    "ndcg_at_100": 0.46838,
    "ndcg_at_1000": 0.48984,
    "ndcg_at_3": 0.35641,
    "ndcg_at_5": 0.37523,
    "precision_at_1": 0.29842,
    "precision_at_10": 0.08083,
    "precision_at_100": 0.01595,
    "precision_at_1000": 0.00244,
    "precision_at_3": 0.17194,
    "precision_at_5": 0.12253,
    "recall_at_1": 0.24169,
    "recall_at_10": 0.53169,
    "recall_at_100": 0.80697,
    "recall_at_1000": 0.93627,
    "recall_at_3": 0.38639,
    "recall_at_5": 0.43873
  }
}