{
  "dataset_revision": "ad9991cb51e31e31e430383c75ffb2885547b5f0",
  "mteb_dataset_name": "CQADupstackEnglishRetrieval",
  "mteb_version": "1.2.0",
  "test": {
    "evaluation_time": 44.09,
    "map_at_1": 0.32413,
    "map_at_10": 0.43056,
    "map_at_100": 0.44377,
    "map_at_1000": 0.44509,
    "map_at_3": 0.39978,
    "map_at_5": 0.41786,
    "mrr_at_1": 0.40382,
    "mrr_at_10": 0.48962,
    "mrr_at_100": 0.49624,
    "mrr_at_1000": 0.49664,
    "mrr_at_3": 0.46794,
    "mrr_at_5": 0.48065,
    "ndcg_at_1": 0.40382,
    "ndcg_at_10": 0.487,
    "ndcg_at_100": 0.53173,
    "ndcg_at_1000": 0.55086,
    "ndcg_at_3": 0.44631,
    "ndcg_at_5": 0.46633,
    "precision_at_1": 0.40382,
    "precision_at_10": 0.09166,
    "precision_at_100": 0.01477,
    "precision_at_1000": 0.00195,
    "precision_at_3": 0.2155,
    "precision_at_5": 0.15299,
    "recall_at_1": 0.32413,
    "recall_at_10": 0.58291,
    "recall_at_100": 0.77099,
    "recall_at_1000": 0.8892,
    "recall_at_3": 0.46044,
    "recall_at_5": 0.51814
  }
}