{
  "dataset_revision": "5003b3064772da1887988e05400cf3806fe491f2",
  "mteb_dataset_name": "CQADupstackGisRetrieval",
  "mteb_version": "1.2.0",
  "test": {
    "evaluation_time": 46.67,
    "map_at_1": 0.27148,
    "map_at_10": 0.36686,
    "map_at_100": 0.37786,
    "map_at_1000": 0.37854,
    "map_at_3": 0.33986,
    "map_at_5": 0.35638,
    "mrr_at_1": 0.29492,
    "mrr_at_10": 0.38897,
    "mrr_at_100": 0.39854,
    "mrr_at_1000": 0.39901,
    "mrr_at_3": 0.3646,
    "mrr_at_5": 0.37934,
    "ndcg_at_1": 0.29492,
    "ndcg_at_10": 0.41961,
    "ndcg_at_100": 0.47245,
    "ndcg_at_1000": 0.48983,
    "ndcg_at_3": 0.36819,
    "ndcg_at_5": 0.39543,
    "precision_at_1": 0.29492,
    "precision_at_10": 0.06429,
    "precision_at_100": 0.00953,
    "precision_at_1000": 0.00114,
    "precision_at_3": 0.15744,
    "precision_at_5": 0.11028,
    "recall_at_1": 0.27148,
    "recall_at_10": 0.56101,
    "recall_at_100": 0.80045,
    "recall_at_1000": 0.93007,
    "recall_at_3": 0.42189,
    "recall_at_5": 0.48775
  }
}