{
  "dataset_revision": "4f58c6b202a23cf9a4da393831edf4f9183cad37",
  "mteb_dataset_name": "EmotionClassification",
  "mteb_version": "1.2.0",
  "test": {
    "accuracy": 0.551,
    "accuracy_stderr": 0.026182054923172098,
    "evaluation_time": 13.03,
    "f1": 0.4834601943881152,
    "f1_stderr": 0.015508257823130724,
    "main_score": 0.551
  }
}