{
  "dataset_revision": "3d86128a09e091d6018b6d26cad27f2739fc2db7",
  "mteb_dataset_name": "ImdbClassification",
  "mteb_version": "1.2.0",
  "test": {
    "accuracy": 0.9361239999999998,
    "accuracy_stderr": 0.003928336034506208,
    "ap": 0.9057419530674073,
    "ap_stderr": 0.009005458450889,
    "evaluation_time": 16.54,
    "f1": 0.9360840683780465,
    "f1_stderr": 0.003959852190664111,
    "main_score": 0.9361239999999998
  }
}