{
  "dataset_revision": "7e90230a92c190f1bf69ae9002b8cea547a64cca",
  "mteb_dataset_name": "STS13",
  "mteb_version": "1.2.0",
  "test": {
    "cos_sim": {
      "pearson": 0.8828298386683086,
      "spearman": 0.8908887624274124
    },
    "euclidean": {
      "pearson": 0.8834307554084927,
      "spearman": 0.8908887624274124
    },
    "evaluation_time": 0.32,
    "manhattan": {
      "pearson": 0.8831656285369619,
      "spearman": 0.8901759428812723
    }
  }
}