{
  "dataset_revision": "7e90230a92c190f1bf69ae9002b8cea547a64cca",
  "mteb_dataset_name": "STS13",
  "mteb_version": "1.1.2",
  "test": {
    "cos_sim": {
      "pearson": 0.8828298388738717,
      "spearman": 0.8908887624274124
    },
    "euclidean": {
      "pearson": 0.8834307556068588,
      "spearman": 0.8908887624274124
    },
    "evaluation_time": 1.11,
    "manhattan": {
      "pearson": 0.8831656286706848,
      "spearman": 0.8901759428812723
    }
  }
}