{
  "dataset_revision": "ae752c7c21bf194d8b67fd573edf7ae58183cbe3",
  "mteb_dataset_name": "STS15",
  "mteb_version": "1.1.2",
  "test": {
    "cos_sim": {
      "pearson": 0.8750039720782141,
      "spearman": 0.8889885983973377
    },
    "euclidean": {
      "pearson": 0.89488089111105,
      "spearman": 0.9000339605010895
    },
    "evaluation_time": 0.37,
    "manhattan": {
      "pearson": 0.8854159810918882,
      "spearman": 0.8925037413306391
    }
  }
}