{
  "dataset_revision": "6031580fec1f6af667f0bd2da0a551cf4f0b2375",
  "mteb_dataset_name": "STS14",
  "mteb_version": "1.1.2",
  "test": {
    "cos_sim": {
      "pearson": 0.8609352892931015,
      "spearman": 0.8285783350864969
    },
    "euclidean": {
      "pearson": 0.8609253880713402,
      "spearman": 0.8439829036244774
    },
    "evaluation_time": 0.45,
    "manhattan": {
      "pearson": 0.8471748582213405,
      "spearman": 0.8344309836387478
    }
  }
}