{
  "dataset_revision": "a0d554a64d88156834ff5ae9920b964011b16384",
  "mteb_dataset_name": "STS12",
  "mteb_version": "1.1.2",
  "test": {
    "cos_sim": {
      "pearson": 0.8288730135569813,
      "spearman": 0.740351693233494
    },
    "euclidean": {
      "pearson": 0.8434763236700148,
      "spearman": 0.7625542926673481
    },
    "evaluation_time": 0.48,
    "manhattan": {
      "pearson": 0.8333207855774855,
      "spearman": 0.76226340736669
    }
  }
}