{
  "dataset_revision": "0fd18e25b25c072e09e0d92ab615fda904d66300",
  "mteb_dataset_name": "Banking77Classification",
  "mteb_version": "1.1.2",
  "test": {
    "accuracy": 0.8382142857142858,
    "accuracy_stderr": 0.005460050561449094,
    "evaluation_time": 12.19,
    "f1": 0.831447442000844,
    "f1_stderr": 0.006314210712681914,
    "main_score": 0.8382142857142858
  }
}