{
  "dataset_revision": null,
  "mteb_dataset_name": "SciFact",
  "mteb_version": "1.1.2",
  "test": {
    "evaluation_time": 1.04,
    "map_at_1": 0.61094,
    "map_at_10": 0.70039,
    "map_at_100": 0.70609,
    "map_at_1000": 0.70631,
    "map_at_3": 0.6693,
    "map_at_5": 0.68787,
    "mrr_at_1": 0.64,
    "mrr_at_10": 0.71104,
    "mrr_at_100": 0.71579,
    "mrr_at_1000": 0.71599,
    "mrr_at_3": 0.68944,
    "mrr_at_5": 0.70244,
    "ndcg_at_1": 0.64,
    "ndcg_at_10": 0.74286,
    "ndcg_at_100": 0.76685,
    "ndcg_at_1000": 0.77123,
    "ndcg_at_3": 0.69242,
    "ndcg_at_5": 0.71844,
    "precision_at_1": 0.64,
    "precision_at_10": 0.098,
    "precision_at_100": 0.01097,
    "precision_at_1000": 0.00113,
    "precision_at_3": 0.26556,
    "precision_at_5": 0.178,
    "recall_at_1": 0.61094,
    "recall_at_10": 0.86156,
    "recall_at_100": 0.96833,
    "recall_at_1000": 1.0,
    "recall_at_3": 0.72894,
    "recall_at_5": 0.79244
  }
}