{
  "dataset_revision": "ae752c7c21bf194d8b67fd573edf7ae58183cbe3",
  "mteb_dataset_name": "STS15",
  "mteb_version": "1.1.2",
  "test": {
    "cos_sim": {
      "pearson": 0.8752421233083036,
      "spearman": 0.8901267060676922
    },
    "euclidean": {
      "pearson": 0.8963208982158083,
      "spearman": 0.9014477953745944
    },
    "evaluation_time": 0.67,
    "manhattan": {
      "pearson": 0.8873669247849236,
      "spearman": 0.8945170629226215
    }
  }
}