{
  "dataset_revision": "eea2b4fe26a775864c896887d910b76a8098ad3f",
  "mteb_dataset_name": "STS22",
  "mteb_version": "1.1.2",
  "test": {
    "en": {
      "cos_sim": {
        "pearson": 0.6850155606110956,
        "spearman": 0.6956158541166049
      },
      "euclidean": {
        "pearson": 0.7088138422133596,
        "spearman": 0.6997681918039093
      },
      "manhattan": {
        "pearson": 0.7091032884805331,
        "spearman": 0.6959527941014234
      }
    },
    "evaluation_time": 0.08
  }
}