{
  "dataset_revision": null,
  "mteb_dataset_name": "ArguAna",
  "mteb_version": "1.1.2",
  "test": {
    "evaluation_time": 1.84,
    "map_at_1": 0.38549,
    "map_at_10": 0.55064,
    "map_at_100": 0.55574,
    "map_at_1000": 0.55577,
    "map_at_3": 0.50379,
    "map_at_5": 0.53342,
    "mrr_at_1": 0.3926,
    "mrr_at_10": 0.55335,
    "mrr_at_100": 0.55845,
    "mrr_at_1000": 0.55848,
    "mrr_at_3": 0.50723,
    "mrr_at_5": 0.536,
    "ndcg_at_1": 0.38549,
    "ndcg_at_10": 0.63694,
    "ndcg_at_100": 0.65668,
    "ndcg_at_1000": 0.65738,
    "ndcg_at_3": 0.54262,
    "ndcg_at_5": 0.59582,
    "precision_at_1": 0.38549,
    "precision_at_10": 0.09097,
    "precision_at_100": 0.00991,
    "precision_at_1000": 0.001,
    "precision_at_3": 0.21835,
    "precision_at_5": 0.15676,
    "recall_at_1": 0.38549,
    "recall_at_10": 0.90967,
    "recall_at_100": 0.99147,
    "recall_at_1000": 0.99644,
    "recall_at_3": 0.65505,
    "recall_at_5": 0.78378
  }
}