{
  "dataset_revision": "a0d554a64d88156834ff5ae9920b964011b16384",
  "mteb_dataset_name": "STS12",
  "mteb_version": "1.1.2",
  "test": {
    "cos_sim": {
      "pearson": 0.8446063316211948,
      "spearman": 0.751392439830704
    },
    "euclidean": {
      "pearson": 0.848496021442188,
      "spearman": 0.7819894996987401
    },
    "evaluation_time": 0.41,
    "manhattan": {
      "pearson": 0.8045608661398383,
      "spearman": 0.7729994119304229
    }
  }
}