{
  "dataset_revision": "e8379541af4e31359cca9fbcf4b00f2671dba205",
  "mteb_dataset_name": "AmazonCounterfactualClassification",
  "mteb_version": "1.1.2",
  "test": {
    "en": {
      "accuracy": 0.7683582089552239,
      "accuracy_stderr": 0.03456633927817327,
      "ap": 0.4029623517555973,
      "ap_stderr": 0.03980836930496333,
      "f1": 0.7091234434048058,
      "f1_stderr": 0.03359993580142883,
      "main_score": 0.7683582089552239
    },
    "evaluation_time": 1.17
  }
}