{
  "dataset_revision": "0fd18e25b25c072e09e0d92ab615fda904d66300",
  "mteb_dataset_name": "Banking77Classification",
  "mteb_version": "1.1.2",
  "test": {
    "accuracy": 0.8413636363636362,
    "accuracy_stderr": 0.006418725242016607,
    "evaluation_time": 11.79,
    "f1": 0.8347232975060124,
    "f1_stderr": 0.007317749402040752,
    "main_score": 0.8413636363636362
  }
}