{
  "dataset_revision": "0fd18e25b25c072e09e0d92ab615fda904d66300",
  "mteb_dataset_name": "Banking77Classification",
  "mteb_version": "1.1.2",
  "test": {
    "accuracy": 0.8516233766233766,
    "accuracy_stderr": 0.004480048911859841,
    "evaluation_time": 32.74,
    "f1": 0.8458448078293206,
    "f1_stderr": 0.005696912526136313,
    "main_score": 0.8516233766233766
  }
}