{
  "dataset_revision": "65ac3a16b8e91f9cee4c9828cc7c335575432a2a",
  "mteb_dataset_name": "CQADupstackStatsRetrieval",
  "mteb_version": "1.2.0",
  "test": {
    "evaluation_time": 61.82,
    "map_at_1": 0.27194,
    "map_at_10": 0.34129,
    "map_at_100": 0.35079,
    "map_at_1000": 0.35188,
    "map_at_3": 0.32038,
    "map_at_5": 0.33008,
    "mrr_at_1": 0.30828,
    "mrr_at_10": 0.37365,
    "mrr_at_100": 0.38137,
    "mrr_at_1000": 0.3822,
    "mrr_at_3": 0.35481,
    "mrr_at_5": 0.36393,
    "ndcg_at_1": 0.30828,
    "ndcg_at_10": 0.38263,
    "ndcg_at_100": 0.42794,
    "ndcg_at_1000": 0.45475,
    "ndcg_at_3": 0.34383,
    "ndcg_at_5": 0.359,
    "precision_at_1": 0.30828,
    "precision_at_10": 0.05828,
    "precision_at_100": 0.00882,
    "precision_at_1000": 0.00118,
    "precision_at_3": 0.14519,
    "precision_at_5": 0.09755,
    "recall_at_1": 0.27194,
    "recall_at_10": 0.47909,
    "recall_at_100": 0.68382,
    "recall_at_1000": 0.88142,
    "recall_at_3": 0.37171,
    "recall_at_5": 0.40977
  }
}