{
  "dataset_revision": "6c6430d3a6d36f8d2a829195bc5dc94d7e063e53",
  "mteb_dataset_name": "CQADupstackUnixRetrieval",
  "mteb_version": "1.2.0",
  "test": {
    "evaluation_time": 64.76,
    "map_at_1": 0.28039,
    "map_at_10": 0.37762,
    "map_at_100": 0.38891,
    "map_at_1000": 0.38988,
    "map_at_3": 0.34688,
    "map_at_5": 0.36439,
    "mrr_at_1": 0.33116,
    "mrr_at_10": 0.42108,
    "mrr_at_100": 0.42932,
    "mrr_at_1000": 0.42989,
    "mrr_at_3": 0.39459,
    "mrr_at_5": 0.40928,
    "ndcg_at_1": 0.33116,
    "ndcg_at_10": 0.4352,
    "ndcg_at_100": 0.48572,
    "ndcg_at_1000": 0.50714,
    "ndcg_at_3": 0.38033,
    "ndcg_at_5": 0.4065,
    "precision_at_1": 0.33116,
    "precision_at_10": 0.07323,
    "precision_at_100": 0.01117,
    "precision_at_1000": 0.00141,
    "precision_at_3": 0.17133,
    "precision_at_5": 0.12201,
    "recall_at_1": 0.28039,
    "recall_at_10": 0.56697,
    "recall_at_100": 0.78345,
    "recall_at_1000": 0.93161,
    "recall_at_3": 0.42061,
    "recall_at_5": 0.48463
  }
}