{
  "dataset_revision": null,
  "mteb_dataset_name": "SCIDOCS",
  "mteb_version": "1.2.0",
  "test": {
    "evaluation_time": 29.99,
    "map_at_1": 0.05263,
    "map_at_10": 0.14331,
    "map_at_100": 0.17087,
    "map_at_1000": 0.17485,
    "map_at_3": 0.09761,
    "map_at_5": 0.11999,
    "mrr_at_1": 0.26,
    "mrr_at_10": 0.38507,
    "mrr_at_100": 0.39637,
    "mrr_at_1000": 0.3967,
    "mrr_at_3": 0.34767,
    "mrr_at_5": 0.36937,
    "ndcg_at_1": 0.26,
    "ndcg_at_10": 0.23708,
    "ndcg_at_100": 0.3382,
    "ndcg_at_1000": 0.39779,
    "ndcg_at_3": 0.21797,
    "ndcg_at_5": 0.19393,
    "precision_at_1": 0.26,
    "precision_at_10": 0.1261,
    "precision_at_100": 0.02729,
    "precision_at_1000": 0.00415,
    "precision_at_3": 0.20667,
    "precision_at_5": 0.1738,
    "recall_at_1": 0.05263,
    "recall_at_10": 0.25573,
    "recall_at_100": 0.55397,
    "recall_at_1000": 0.84145,
    "recall_at_3": 0.12553,
    "recall_at_5": 0.17637
  }
}