{
  "dataset_revision": "ae752c7c21bf194d8b67fd573edf7ae58183cbe3",
  "mteb_dataset_name": "STS15",
  "mteb_version": "1.1.2",
  "test": {
    "cos_sim": {
      "pearson": 0.8876554643891446,
      "spearman": 0.897936771593805
    },
    "euclidean": {
      "pearson": 0.8913482354809631,
      "spearman": 0.897936771593805
    },
    "evaluation_time": 1.18,
    "manhattan": {
      "pearson": 0.8915285378605031,
      "spearman": 0.8982576430981044
    }
  }
}