{
  "dataset_revision": "b0fddb56ed78048fa8b90373c8a3cfc37b684831",
  "mteb_dataset_name": "STSBenchmark",
  "mteb_version": "1.1.2",
  "test": {
    "cos_sim": {
      "pearson": 0.8775809269489712,
      "spearman": 0.8890352239560562
    },
    "euclidean": {
      "pearson": 0.8863747996601594,
      "spearman": 0.8890352239560562
    },
    "evaluation_time": 0.69,
    "manhattan": {
      "pearson": 0.8858766335544026,
      "spearman": 0.8881124803717338
    }
  }
}