{
  "dataset_revision": "4d8694f8f0e0100860b497b999b3dbed754a0513",
  "mteb_dataset_name": "STS16",
  "mteb_version": "1.1.2",
  "test": {
    "cos_sim": {
      "pearson": 0.8268544356961763,
      "spearman": 0.8465801559376445
    },
    "euclidean": {
      "pearson": 0.8581910247991077,
      "spearman": 0.8629277901800155
    },
    "evaluation_time": 0.19,
    "manhattan": {
      "pearson": 0.8582738835620553,
      "spearman": 0.8628809410121047
    }
  }
}