{
  "dataset_revision": "b0fddb56ed78048fa8b90373c8a3cfc37b684831",
  "mteb_dataset_name": "STSBenchmark",
  "mteb_version": "1.1.2",
  "test": {
    "cos_sim": {
      "pearson": 0.8611751476594994,
      "spearman": 0.8688942893309396
    },
    "euclidean": {
      "pearson": 0.88208141888987,
      "spearman": 0.8832613199879098
    },
    "evaluation_time": 0.23,
    "manhattan": {
      "pearson": 0.8814765774304603,
      "spearman": 0.8807069500458058
    }
  }
}