{
  "dataset_revision": "4d8694f8f0e0100860b497b999b3dbed754a0513",
  "mteb_dataset_name": "STS16",
  "mteb_version": "1.1.2",
  "test": {
    "cos_sim": {
      "pearson": 0.8209599604533931,
      "spearman": 0.8458028815059372
    },
    "euclidean": {
      "pearson": 0.853235243909193,
      "spearman": 0.8564194115421715
    },
    "evaluation_time": 0.15,
    "manhattan": {
      "pearson": 0.855740007585537,
      "spearman": 0.8589739845528629
    }
  }
}