{
  "dataset_revision": "4f58c6b202a23cf9a4da393831edf4f9183cad37",
  "mteb_dataset_name": "EmotionClassification",
  "mteb_version": "1.1.2",
  "test": {
    "accuracy": 0.5555,
    "accuracy_stderr": 0.024181604578687486,
    "evaluation_time": 0.64,
    "f1": 0.49196089300453255,
    "f1_stderr": 0.014141726610667184,
    "main_score": 0.5555
  }
}