{
  "dataset_revision": "eea2b4fe26a775864c896887d910b76a8098ad3f",
  "mteb_dataset_name": "STS22",
  "mteb_version": "1.1.2",
  "test": {
    "en": {
      "cos_sim": {
        "pearson": 0.6810698828571027,
        "spearman": 0.6892701510691895
      },
      "euclidean": {
        "pearson": 0.7034235963065368,
        "spearman": 0.6923612091907854
      },
      "manhattan": {
        "pearson": 0.7096683664315223,
        "spearman": 0.6949094195590626
      }
    },
    "evaluation_time": 0.06
  }
}