{
  "dataset_revision": "70970daeab8776df92f5ea462b6173c0b46fd2d1",
  "mteb_dataset_name": "TwitterSemEval2015",
  "mteb_version": "1.1.2",
  "test": {
    "cos_sim": {
      "accuracy": 0.8766764022173213,
      "accuracy_threshold": 0.7382446151762472,
      "ap": 0.7862907763372654,
      "f1": 0.7187890918188642,
      "f1_threshold": 0.7013579561970202,
      "precision": 0.6833967649857279,
      "recall": 0.7580474934036939
    },
    "dot": {
      "accuracy": 0.8607021517553793,
      "accuracy_threshold": 0.4525369747144287,
      "ap": 0.7432065271495127,
      "f1": 0.6838419209604804,
      "f1_threshold": 0.42487073971690137,
      "precision": 0.6500237755587256,
      "recall": 0.7213720316622692
    },
    "euclidean": {
      "accuracy": 0.8790010132920069,
      "accuracy_threshold": 0.5606000030832701,
      "ap": 0.7919663961825604,
      "f1": 0.7226649248856957,
      "f1_threshold": 0.5893004653288719,
      "precision": 0.715653298835705,
      "recall": 0.7298153034300792
    },
    "evaluation_time": 1.74,
    "manhattan": {
      "accuracy": 0.8714907313584074,
      "accuracy_threshold": 11.15259337398318,
      "ap": 0.7733512744537034,
      "f1": 0.7098163394553515,
      "f1_threshold": 11.836620288988112,
      "precision": 0.6825822168087698,
      "recall": 0.7393139841688654
    },
    "max": {
      "accuracy": 0.8790010132920069,
      "ap": 0.7919663961825604,
      "f1": 0.7226649248856957
    }
  }
}