{
  "dataset_revision": "ae752c7c21bf194d8b67fd573edf7ae58183cbe3",
  "mteb_dataset_name": "STS15",
  "mteb_version": "1.1.2",
  "test": {
    "cos_sim": {
      "pearson": 0.8657171990797453,
      "spearman": 0.8835250155843642
    },
    "euclidean": {
      "pearson": 0.8891499152668922,
      "spearman": 0.8929907631076757
    },
    "evaluation_time": 0.42,
    "manhattan": {
      "pearson": 0.8886591445444466,
      "spearman": 0.8928134173436386
    }
  }
}