{
  "dataset_revision": "70970daeab8776df92f5ea462b6173c0b46fd2d1",
  "mteb_dataset_name": "TwitterSemEval2015",
  "mteb_version": "1.1.2",
  "test": {
    "cos_sim": {
      "accuracy": 0.8786433808189784,
      "accuracy_threshold": 0.7596815945487909,
      "ap": 0.7882038769394166,
      "f1": 0.7215352910870684,
      "f1_threshold": 0.7180704648339797,
      "precision": 0.7048314041268243,
      "recall": 0.7390501319261213
    },
    "dot": {
      "accuracy": 0.8588543839780652,
      "accuracy_threshold": 0.3629765786211391,
      "ap": 0.7305953808452483,
      "f1": 0.6779333655239016,
      "f1_threshold": 0.33272032036167154,
      "precision": 0.6248331108144193,
      "recall": 0.7408970976253298
    },
    "euclidean": {
      "accuracy": 0.877332061751207,
      "accuracy_threshold": 0.4897759536715107,
      "ap": 0.7866967853803613,
      "f1": 0.7199396909159441,
      "f1_threshold": 0.5251621653300473,
      "precision": 0.687215159510674,
      "recall": 0.7559366754617414
    },
    "evaluation_time": 1.45,
    "manhattan": {
      "accuracy": 0.8770936401025213,
      "accuracy_threshold": 5.975164406655889,
      "ap": 0.7866789078495777,
      "f1": 0.7216679457661805,
      "f1_threshold": 6.356332867415844,
      "precision": 0.7003475670307845,
      "recall": 0.7443271767810027
    },
    "max": {
      "accuracy": 0.8786433808189784,
      "ap": 0.7882038769394166,
      "f1": 0.7216679457661805
    }
  }
}