{
  "dataset_revision": "4f58c6b202a23cf9a4da393831edf4f9183cad37",
  "mteb_dataset_name": "EmotionClassification",
  "mteb_version": "1.4.1",
  "test": {
    "accuracy": 0.54825,
    "accuracy_stderr": 0.02673130187626484,
    "evaluation_time": 3.55,
    "f1": 0.47978546984384335,
    "f1_stderr": 0.015904156707557234,
    "main_score": 0.54825
  }
}