{
  "dataset_revision": "eea2b4fe26a775864c896887d910b76a8098ad3f",
  "mteb_dataset_name": "STS22",
  "mteb_version": "1.4.1",
  "test": {
    "en": {
      "cos_sim": {
        "pearson": 0.6838417701869612,
        "spearman": 0.6922285492450718
      },
      "euclidean": {
        "pearson": 0.703340197429329,
        "spearman": 0.6915392058461799
      },
      "manhattan": {
        "pearson": 0.6969551929785068,
        "spearman": 0.6820609375775897
      }
    },
    "evaluation_time": 0.05
  }
}