{
  "dataset_revision": "e8379541af4e31359cca9fbcf4b00f2671dba205",
  "mteb_dataset_name": "AmazonCounterfactualClassification",
  "mteb_version": "1.2.0",
  "test": {
    "en": {
      "accuracy": 0.7362686567164178,
      "accuracy_stderr": 0.03764065475814043,
      "ap": 0.3637865709185397,
      "ap_stderr": 0.03804067132335883,
      "f1": 0.6759056182522801,
      "f1_stderr": 0.03631256077665017,
      "main_score": 0.7362686567164178
    },
    "evaluation_time": 12.3
  }
}