{
  "dataset_revision": "c22ab2a51041ffd869aaddef7af8d8215647e41a",
  "mteb_dataset_name": "ArguAna",
  "mteb_version": "1.2.0",
  "test": {
    "evaluation_time": 12.34,
    "map_at_1": 0.42745,
    "map_at_10": 0.5836,
    "map_at_100": 0.58807,
    "map_at_1000": 0.58811,
    "map_at_3": 0.54315,
    "map_at_5": 0.56758,
    "mrr_at_1": 0.43314,
    "mrr_at_10": 0.5859,
    "mrr_at_100": 0.5903,
    "mrr_at_1000": 0.59034,
    "mrr_at_3": 0.54587,
    "mrr_at_5": 0.56981,
    "ndcg_at_1": 0.42745,
    "ndcg_at_10": 0.66371,
    "ndcg_at_100": 0.68147,
    "ndcg_at_1000": 0.68226,
    "ndcg_at_3": 0.58186,
    "ndcg_at_5": 0.62554,
    "precision_at_1": 0.42745,
    "precision_at_10": 0.09161,
    "precision_at_100": 0.00991,
    "precision_at_1000": 0.001,
    "precision_at_3": 0.23139,
    "precision_at_5": 0.15989,
    "recall_at_1": 0.42745,
    "recall_at_10": 0.91607,
    "recall_at_100": 0.99075,
    "recall_at_1000": 0.99644,
    "recall_at_3": 0.69417,
    "recall_at_5": 0.79943
  }
}