{
  "dataset_revision": null,
  "mteb_dataset_name": "ArguAna",
  "mteb_version": "1.1.2",
  "test": {
    "evaluation_time": 55.82,
    "map_at_1": 0.40967,
    "map_at_10": 0.57412,
    "map_at_100": 0.57891,
    "map_at_1000": 0.57893,
    "map_at_3": 0.53414,
    "map_at_5": 0.55871,
    "mrr_at_1": 0.41607,
    "mrr_at_10": 0.57626,
    "mrr_at_100": 0.58118,
    "mrr_at_1000": 0.58119,
    "mrr_at_3": 0.53687,
    "mrr_at_5": 0.56098,
    "ndcg_at_1": 0.40967,
    "ndcg_at_10": 0.65653,
    "ndcg_at_100": 0.67523,
    "ndcg_at_1000": 0.67562,
    "ndcg_at_3": 0.57554,
    "ndcg_at_5": 0.61965,
    "precision_at_1": 0.40967,
    "precision_at_10": 0.09154,
    "precision_at_100": 0.00994,
    "precision_at_1000": 0.001,
    "precision_at_3": 0.23186,
    "precision_at_5": 0.16046,
    "recall_at_1": 0.40967,
    "recall_at_10": 0.91536,
    "recall_at_100": 0.9936,
    "recall_at_1000": 0.99644,
    "recall_at_3": 0.69559,
    "recall_at_5": 0.80228
  }
}