{
  "dataset_revision": "79531abbd1fb92d06c6d6315a0cbbbf5bb247ea4",
  "mteb_dataset_name": "CQADupstackPhysicsRetrieval",
  "mteb_version": "1.2.0",
  "test": {
    "evaluation_time": 44.61,
    "map_at_1": 0.31114,
    "map_at_10": 0.42348,
    "map_at_100": 0.43797,
    "map_at_1000": 0.43905,
    "map_at_3": 0.39196,
    "map_at_5": 0.41093,
    "mrr_at_1": 0.3821,
    "mrr_at_10": 0.48042,
    "mrr_at_100": 0.48935,
    "mrr_at_1000": 0.48975,
    "mrr_at_3": 0.45877,
    "mrr_at_5": 0.47167,
    "ndcg_at_1": 0.3821,
    "ndcg_at_10": 0.4848,
    "ndcg_at_100": 0.54085,
    "ndcg_at_1000": 0.56001,
    "ndcg_at_3": 0.43733,
    "ndcg_at_5": 0.46211,
    "precision_at_1": 0.3821,
    "precision_at_10": 0.0871,
    "precision_at_100": 0.01339,
    "precision_at_1000": 0.00169,
    "precision_at_3": 0.20918,
    "precision_at_5": 0.14783,
    "recall_at_1": 0.31114,
    "recall_at_10": 0.60864,
    "recall_at_100": 0.836,
    "recall_at_1000": 0.95899,
    "recall_at_3": 0.4761,
    "recall_at_5": 0.54072
  }
}