{
  "dataset_revision": "90fceea13679c63fe563ded68f3b6f06e50061de",
  "mteb_dataset_name": "CQADupstackMathematicaRetrieval",
  "mteb_version": "1.2.0",
  "test": {
    "evaluation_time": 21.8,
    "map_at_1": 0.18402,
    "map_at_10": 0.2767,
    "map_at_100": 0.28893,
    "map_at_1000": 0.29013,
    "map_at_3": 0.24832,
    "map_at_5": 0.26511,
    "mrr_at_1": 0.23134,
    "mrr_at_10": 0.32684,
    "mrr_at_100": 0.33581,
    "mrr_at_1000": 0.33645,
    "mrr_at_3": 0.29851,
    "mrr_at_5": 0.31555,
    "ndcg_at_1": 0.23134,
    "ndcg_at_10": 0.33568,
    "ndcg_at_100": 0.39243,
    "ndcg_at_1000": 0.41979,
    "ndcg_at_3": 0.28426,
    "ndcg_at_5": 0.31021,
    "precision_at_1": 0.23134,
    "precision_at_10": 0.06256,
    "precision_at_100": 0.01051,
    "precision_at_1000": 0.00142,
    "precision_at_3": 0.14013,
    "precision_at_5": 0.10224,
    "recall_at_1": 0.18402,
    "recall_at_10": 0.46696,
    "recall_at_100": 0.71201,
    "recall_at_1000": 0.90582,
    "recall_at_3": 0.32515,
    "recall_at_5": 0.39213
  }
}