{
  "dataset_revision": "3d86128a09e091d6018b6d26cad27f2739fc2db7",
  "mteb_dataset_name": "ImdbClassification",
  "mteb_version": "1.2.0",
  "test": {
    "accuracy": 0.935736,
    "accuracy_stderr": 0.0038951539122350576,
    "ap": 0.9052751129550826,
    "ap_stderr": 0.008716733198848704,
    "evaluation_time": 16.3,
    "f1": 0.9356954175652629,
    "f1_stderr": 0.003925183108424179,
    "main_score": 0.935736
  }
}