{
  "dataset_revision": "7e90230a92c190f1bf69ae9002b8cea547a64cca",
  "mteb_dataset_name": "STS13",
  "mteb_version": "1.2.0",
  "test": {
    "cos_sim": {
      "pearson": 0.8807753932474504,
      "spearman": 0.8902874604012111
    },
    "euclidean": {
      "pearson": 0.8822039447803612,
      "spearman": 0.8902874604012111
    },
    "evaluation_time": 0.88,
    "manhattan": {
      "pearson": 0.8802272593729118,
      "spearman": 0.8881020077755872
    }
  }
}