{
  "dataset_revision": null,
  "mteb_dataset_name": "ArguAna",
  "mteb_version": "1.1.2",
  "test": {
    "evaluation_time": 1.85,
    "map_at_1": 0.40967,
    "map_at_10": 0.57289,
    "map_at_100": 0.57819,
    "map_at_1000": 0.57823,
    "map_at_3": 0.53177,
    "map_at_5": 0.55933,
    "mrr_at_1": 0.41821,
    "mrr_at_10": 0.57587,
    "mrr_at_100": 0.5811,
    "mrr_at_1000": 0.58113,
    "mrr_at_3": 0.53473,
    "mrr_at_5": 0.56222,
    "ndcg_at_1": 0.40967,
    "ndcg_at_10": 0.65378,
    "ndcg_at_100": 0.67424,
    "ndcg_at_1000": 0.67493,
    "ndcg_at_3": 0.57198,
    "ndcg_at_5": 0.62157,
    "precision_at_1": 0.40967,
    "precision_at_10": 0.09068,
    "precision_at_100": 0.00991,
    "precision_at_1000": 0.001,
    "precision_at_3": 0.22949,
    "precision_at_5": 0.16174,
    "recall_at_1": 0.40967,
    "recall_at_10": 0.90683,
    "recall_at_100": 0.99147,
    "recall_at_1000": 0.99644,
    "recall_at_3": 0.68848,
    "recall_at_5": 0.80868
  }
}