{
  "dataset_revision": null,
  "mteb_dataset_name": "SciFact",
  "mteb_version": "1.1.2",
  "test": {
    "evaluation_time": 0.67,
    "map_at_1": 0.60928,
    "map_at_10": 0.70394,
    "map_at_100": 0.70869,
    "map_at_1000": 0.70887,
    "map_at_3": 0.67524,
    "map_at_5": 0.68837,
    "mrr_at_1": 0.63667,
    "mrr_at_10": 0.71311,
    "mrr_at_100": 0.71694,
    "mrr_at_1000": 0.7171,
    "mrr_at_3": 0.69222,
    "mrr_at_5": 0.70256,
    "ndcg_at_1": 0.63667,
    "ndcg_at_10": 0.74872,
    "ndcg_at_100": 0.76932,
    "ndcg_at_1000": 0.77317,
    "ndcg_at_3": 0.69858,
    "ndcg_at_5": 0.71736,
    "precision_at_1": 0.63667,
    "precision_at_10": 0.09967,
    "precision_at_100": 0.011,
    "precision_at_1000": 0.00113,
    "precision_at_3": 0.27,
    "precision_at_5": 0.176,
    "recall_at_1": 0.60928,
    "recall_at_10": 0.87822,
    "recall_at_100": 0.97167,
    "recall_at_1000": 1.0,
    "recall_at_3": 0.73839,
    "recall_at_5": 0.78661
  }
}