{
  "dataset_revision": "0228b52cf27578f30900b9e5271d331663a030d7",
  "mteb_dataset_name": "SciFact",
  "mteb_version": "1.2.0",
  "test": {
    "evaluation_time": 0.88,
    "map_at_1": 0.61428,
    "map_at_10": 0.70877,
    "map_at_100": 0.71465,
    "map_at_1000": 0.71481,
    "map_at_3": 0.67885,
    "map_at_5": 0.69842,
    "mrr_at_1": 0.64333,
    "mrr_at_10": 0.71861,
    "mrr_at_100": 0.72345,
    "mrr_at_1000": 0.7236,
    "mrr_at_3": 0.69667,
    "mrr_at_5": 0.712,
    "ndcg_at_1": 0.64333,
    "ndcg_at_10": 0.74995,
    "ndcg_at_100": 0.77403,
    "ndcg_at_1000": 0.77777,
    "ndcg_at_3": 0.70144,
    "ndcg_at_5": 0.7302,
    "precision_at_1": 0.64333,
    "precision_at_10": 0.09833,
    "precision_at_100": 0.011,
    "precision_at_1000": 0.00113,
    "precision_at_3": 0.27,
    "precision_at_5": 0.18133,
    "recall_at_1": 0.61428,
    "recall_at_10": 0.86489,
    "recall_at_100": 0.97167,
    "recall_at_1000": 1.0,
    "recall_at_3": 0.73839,
    "recall_at_5": 0.80911
  }
}