{
  "dataset_revision": null,
  "mteb_dataset_name": "SciFact",
  "mteb_version": "1.1.2",
  "test": {
    "evaluation_time": 0.46,
    "map_at_1": 0.61261,
    "map_at_10": 0.70226,
    "map_at_100": 0.70839,
    "map_at_1000": 0.70856,
    "map_at_3": 0.67413,
    "map_at_5": 0.6877,
    "mrr_at_1": 0.64,
    "mrr_at_10": 0.71228,
    "mrr_at_100": 0.71717,
    "mrr_at_1000": 0.71734,
    "mrr_at_3": 0.69278,
    "mrr_at_5": 0.70178,
    "ndcg_at_1": 0.64,
    "ndcg_at_10": 0.74442,
    "ndcg_at_100": 0.76879,
    "ndcg_at_1000": 0.77262,
    "ndcg_at_3": 0.6971,
    "ndcg_at_5": 0.7146,
    "precision_at_1": 0.64,
    "precision_at_10": 0.098,
    "precision_at_100": 0.011,
    "precision_at_1000": 0.00113,
    "precision_at_3": 0.26778,
    "precision_at_5": 0.17467,
    "recall_at_1": 0.61261,
    "recall_at_10": 0.86422,
    "recall_at_100": 0.97167,
    "recall_at_1000": 1.0,
    "recall_at_3": 0.73394,
    "recall_at_5": 0.77744
  }
}