{
  "dataset_revision": "a0d554a64d88156834ff5ae9920b964011b16384",
  "mteb_dataset_name": "STS12",
  "mteb_version": "1.1.2",
  "test": {
    "cos_sim": {
      "pearson": 0.8511033342506549,
      "spearman": 0.7598444525515933
    },
    "euclidean": {
      "pearson": 0.8499698767929991,
      "spearman": 0.7887967255347583
    },
    "evaluation_time": 0.54,
    "manhattan": {
      "pearson": 0.8091042045642761,
      "spearman": 0.7829292526703021
    }
  }
}