{
  "dataset_revision": "70970daeab8776df92f5ea462b6173c0b46fd2d1",
  "mteb_dataset_name": "TwitterSemEval2015",
  "mteb_version": "1.1.2",
  "test": {
    "cos_sim": {
      "accuracy": 0.8741729749061214,
      "accuracy_threshold": 0.7374868490932944,
      "ap": 0.7825492608529153,
      "f1": 0.7163075353818692,
      "f1_threshold": 0.707967141355384,
      "precision": 0.69306686405132,
      "recall": 0.7411609498680739
    },
    "dot": {
      "accuracy": 0.8574834594981224,
      "accuracy_threshold": 0.47481589774112737,
      "ap": 0.7289542074529448,
      "f1": 0.6738936360158144,
      "f1_threshold": 0.44753166562725144,
      "precision": 0.6521846457664774,
      "recall": 0.6970976253298153
    },
    "euclidean": {
      "accuracy": 0.8753054777373785,
      "accuracy_threshold": 0.5634671416016195,
      "ap": 0.7872625204908237,
      "f1": 0.718879019141749,
      "f1_threshold": 0.6135911236915847,
      "precision": 0.6835593623602189,
      "recall": 0.7580474934036939
    },
    "evaluation_time": 1.7,
    "manhattan": {
      "accuracy": 0.8686296715741789,
      "accuracy_threshold": 10.521188164972274,
      "ap": 0.7671887091204295,
      "f1": 0.6986230189659652,
      "f1_threshold": 11.043275029769783,
      "precision": 0.6880757420675537,
      "recall": 0.7094986807387863
    },
    "max": {
      "accuracy": 0.8753054777373785,
      "ap": 0.7872625204908237,
      "f1": 0.718879019141749
    }
  }
}