{
  "dataset_revision": "0fd18e25b25c072e09e0d92ab615fda904d66300",
  "mteb_dataset_name": "Banking77Classification",
  "mteb_version": "1.1.2",
  "test": {
    "accuracy": 0.8461363636363636,
    "accuracy_stderr": 0.004431431646718091,
    "evaluation_time": 12.24,
    "f1": 0.8397177559230192,
    "f1_stderr": 0.005389397078056085,
    "main_score": 0.8461363636363636
  }
}