{
  "dataset_revision": "6031580fec1f6af667f0bd2da0a551cf4f0b2375",
  "mteb_dataset_name": "STS14",
  "mteb_version": "1.2.0",
  "test": {
    "cos_sim": {
      "pearson": 0.8568936965808192,
      "spearman": 0.8287612945697904
    },
    "euclidean": {
      "pearson": 0.8119338425212177,
      "spearman": 0.8178877939775594
    },
    "evaluation_time": 0.1,
    "manhattan": {
      "pearson": 0.7585752561138175,
      "spearman": 0.776043868974798
    }
  }
}