{
  "dataset_revision": "0228b52cf27578f30900b9e5271d331663a030d7",
  "mteb_dataset_name": "SciFact",
  "mteb_version": "1.2.0",
  "test": {
    "evaluation_time": 0.5,
    "map_at_1": 0.59428,
    "map_at_10": 0.69855,
    "map_at_100": 0.70329,
    "map_at_1000": 0.70353,
    "map_at_3": 0.67209,
    "map_at_5": 0.68721,
    "mrr_at_1": 0.62333,
    "mrr_at_10": 0.70651,
    "mrr_at_100": 0.71026,
    "mrr_at_1000": 0.71047,
    "mrr_at_3": 0.68611,
    "mrr_at_5": 0.69911,
    "ndcg_at_1": 0.62333,
    "ndcg_at_10": 0.74187,
    "ndcg_at_100": 0.76255,
    "ndcg_at_1000": 0.76801,
    "ndcg_at_3": 0.69782,
    "ndcg_at_5": 0.72013,
    "precision_at_1": 0.62333,
    "precision_at_10": 0.09833,
    "precision_at_100": 0.01087,
    "precision_at_1000": 0.00113,
    "precision_at_3": 0.27444,
    "precision_at_5": 0.18,
    "recall_at_1": 0.59428,
    "recall_at_10": 0.86489,
    "recall_at_100": 0.95833,
    "recall_at_1000": 1.0,
    "recall_at_3": 0.74728,
    "recall_at_5": 0.80344
  }
}