{
  "dataset_revision": "a6ea5a8cab320b040a23452cc28066d9beae2cee",
  "mteb_dataset_name": "SICK-R",
  "mteb_version": "1.2.0",
  "test": {
    "cos_sim": {
      "pearson": 0.8687095157118283,
      "spearman": 0.8248361463374584
    },
    "euclidean": {
      "pearson": 0.8442733502594731,
      "spearman": 0.8244645558130183
    },
    "evaluation_time": 0.84,
    "manhattan": {
      "pearson": 0.8160052085697942,
      "spearman": 0.8031595065024304
    }
  }
}