{
  "dataset_revision": "4d8694f8f0e0100860b497b999b3dbed754a0513",
  "mteb_dataset_name": "STS16",
  "mteb_version": "1.2.0",
  "test": {
    "cos_sim": {
      "pearson": 0.8403050448907543,
      "spearman": 0.8544735931387346
    },
    "euclidean": {
      "pearson": 0.8638516994867325,
      "spearman": 0.8704286881961623
    },
    "evaluation_time": 0.1,
    "manhattan": {
      "pearson": 0.8623798052901651,
      "spearman": 0.8693040746683869
    }
  }
}