{
  "dataset_revision": "af5e6fb845001ecf41f4c1e033ce921939a2a68d",
  "mteb_dataset_name": "STS17",
  "mteb_version": "1.1.2",
  "test": {
    "en-en": {
      "cos_sim": {
        "pearson": 0.902498459362284,
        "spearman": 0.9018777228709899
      },
      "euclidean": {
        "pearson": 0.8968131654401289,
        "spearman": 0.8908424666827599
      },
      "manhattan": {
        "pearson": 0.8753661657882589,
        "spearman": 0.8651032736228506
      }
    },
    "evaluation_time": 0.06
  }
}