{
  "dataset_revision": "b0fddb56ed78048fa8b90373c8a3cfc37b684831",
  "mteb_dataset_name": "STSBenchmark",
  "mteb_version": "1.1.2",
  "test": {
    "cos_sim": {
      "pearson": 0.8759516013651248,
      "spearman": 0.8778300336220343
    },
    "euclidean": {
      "pearson": 0.8834906030869643,
      "spearman": 0.8882971395267426
    },
    "evaluation_time": 0.26,
    "manhattan": {
      "pearson": 0.8588402435634398,
      "spearman": 0.8655655224096868
    }
  }
}