{
  "dataset_revision": null,
  "mteb_dataset_name": "ArguAna",
  "mteb_version": "1.1.2",
  "test": {
    "evaluation_time": 2.15,
    "map_at_1": 0.40825,
    "map_at_10": 0.5681,
    "map_at_100": 0.57341,
    "map_at_1000": 0.57345,
    "map_at_3": 0.52632,
    "map_at_5": 0.55309,
    "mrr_at_1": 0.41465,
    "mrr_at_10": 0.57055,
    "mrr_at_100": 0.57586,
    "mrr_at_1000": 0.5759,
    "mrr_at_3": 0.52869,
    "mrr_at_5": 0.55543,
    "ndcg_at_1": 0.40825,
    "ndcg_at_10": 0.64901,
    "ndcg_at_100": 0.66974,
    "ndcg_at_1000": 0.67068,
    "ndcg_at_3": 0.56519,
    "ndcg_at_5": 0.61334,
    "precision_at_1": 0.40825,
    "precision_at_10": 0.09033,
    "precision_at_100": 0.00989,
    "precision_at_1000": 0.001,
    "precision_at_3": 0.22594,
    "precision_at_5": 0.15889,
    "recall_at_1": 0.40825,
    "recall_at_10": 0.90327,
    "recall_at_100": 0.98933,
    "recall_at_1000": 0.99644,
    "recall_at_3": 0.67781,
    "recall_at_5": 0.79445
  }
}