{
  "dataset_revision": null,
  "mteb_dataset_name": "SciFact",
  "mteb_version": "1.1.2",
  "test": {
    "evaluation_time": 0.78,
    "map_at_1": 0.61428,
    "map_at_10": 0.70723,
    "map_at_100": 0.71148,
    "map_at_1000": 0.71168,
    "map_at_3": 0.67357,
    "map_at_5": 0.69452,
    "mrr_at_1": 0.64333,
    "mrr_at_10": 0.71694,
    "mrr_at_100": 0.72016,
    "mrr_at_1000": 0.72035,
    "mrr_at_3": 0.69167,
    "mrr_at_5": 0.70817,
    "ndcg_at_1": 0.64333,
    "ndcg_at_10": 0.75299,
    "ndcg_at_100": 0.77136,
    "ndcg_at_1000": 0.77569,
    "ndcg_at_3": 0.69579,
    "ndcg_at_5": 0.7274,
    "precision_at_1": 0.64333,
    "precision_at_10": 0.10033,
    "precision_at_100": 0.01097,
    "precision_at_1000": 0.00113,
    "precision_at_3": 0.26667,
    "precision_at_5": 0.18133,
    "recall_at_1": 0.61428,
    "recall_at_10": 0.88489,
    "recall_at_100": 0.96833,
    "recall_at_1000": 1.0,
    "recall_at_3": 0.73256,
    "recall_at_5": 0.80994
  }
}