{
  "dataset_revision": "7e90230a92c190f1bf69ae9002b8cea547a64cca",
  "mteb_dataset_name": "STS13",
  "mteb_version": "1.1.2",
  "test": {
    "cos_sim": {
      "pearson": 0.8836206151630213,
      "spearman": 0.8892365809625735
    },
    "euclidean": {
      "pearson": 0.8813873926228433,
      "spearman": 0.8892365809625735
    },
    "evaluation_time": 1.31,
    "manhattan": {
      "pearson": 0.8798894225899472,
      "spearman": 0.8875125160827219
    }
  }
}