{
  "dataset_revision": "0fd18e25b25c072e09e0d92ab615fda904d66300",
  "mteb_dataset_name": "Banking77Classification",
  "mteb_version": "1.1.2",
  "test": {
    "accuracy": 0.8480519480519482,
    "accuracy_stderr": 0.004235737729168935,
    "evaluation_time": 11.67,
    "f1": 0.8416740860892864,
    "f1_stderr": 0.005350234667847736,
    "main_score": 0.8480519480519482
  }
}