{
  "dataset_revision": "6031580fec1f6af667f0bd2da0a551cf4f0b2375",
  "mteb_dataset_name": "STS14",
  "mteb_version": "1.1.2",
  "test": {
    "cos_sim": {
      "pearson": 0.8559188063367492,
      "spearman": 0.8242149347415526
    },
    "euclidean": {
      "pearson": 0.8644008422461544,
      "spearman": 0.8435405540996146
    },
    "evaluation_time": 0.62,
    "manhattan": {
      "pearson": 0.8620405610653783,
      "spearman": 0.8417580634891904
    }
  }
}