{
  "dataset_revision": "e8379541af4e31359cca9fbcf4b00f2671dba205",
  "mteb_dataset_name": "AmazonCounterfactualClassification",
  "mteb_version": "1.1.2",
  "test": {
    "en": {
      "accuracy": 0.7464179104477612,
      "accuracy_stderr": 0.037725781282852824,
      "ap": 0.3794889601831949,
      "ap_stderr": 0.036545907875741114,
      "f1": 0.6881878609451184,
      "f1_stderr": 0.03464217289141663,
      "main_score": 0.7464179104477612
    },
    "evaluation_time": 0.73
  }
}