{
  "dataset_revision": "0fd18e25b25c072e09e0d92ab615fda904d66300",
  "mteb_dataset_name": "Banking77Classification",
  "mteb_version": "1.1.2",
  "test": {
    "accuracy": 0.8422727272727272,
    "accuracy_stderr": 0.004215281134316215,
    "evaluation_time": 10.85,
    "f1": 0.8355963196444123,
    "f1_stderr": 0.005535970285073722,
    "main_score": 0.8422727272727272
  }
}