{
  "dataset_revision": "a6ea5a8cab320b040a23452cc28066d9beae2cee",
  "mteb_dataset_name": "SICK-R",
  "mteb_version": "1.1.2",
  "test": {
    "cos_sim": {
      "pearson": 0.8760192761633563,
      "spearman": 0.8301771329431878
    },
    "euclidean": {
      "pearson": 0.8557561103035499,
      "spearman": 0.8291809320655843
    },
    "evaluation_time": 0.44,
    "manhattan": {
      "pearson": 0.8473754598168404,
      "spearman": 0.8213912951662481
    }
  }
}