{
  "dataset_revision": "b0fddb56ed78048fa8b90373c8a3cfc37b684831",
  "mteb_dataset_name": "STSBenchmark",
  "mteb_version": "1.1.2",
  "test": {
    "cos_sim": {
      "pearson": 0.8527328454422085,
      "spearman": 0.8594358587480609
    },
    "euclidean": {
      "pearson": 0.8783048346198628,
      "spearman": 0.8771726784588189
    },
    "evaluation_time": 0.07,
    "manhattan": {
      "pearson": 0.8785586251665688,
      "spearman": 0.8748504542032988
    }
  }
}