{
  "dataset_revision": "a0d554a64d88156834ff5ae9920b964011b16384",
  "mteb_dataset_name": "STS12",
  "mteb_version": "1.2.0",
  "test": {
    "cos_sim": {
      "pearson": 0.8677856334695249,
      "spearman": 0.7820258441269675
    },
    "euclidean": {
      "pearson": 0.8336829569924056,
      "spearman": 0.7820258441269675
    },
    "evaluation_time": 2.03,
    "manhattan": {
      "pearson": 0.8342286279610902,
      "spearman": 0.7835969838895199
    }
  }
}