{
  "dataset_revision": "b0fddb56ed78048fa8b90373c8a3cfc37b684831",
  "mteb_dataset_name": "STSBenchmark",
  "mteb_version": "1.2.0",
  "test": {
    "cos_sim": {
      "pearson": 0.8811086231559025,
      "spearman": 0.8923186921072973
    },
    "euclidean": {
      "pearson": 0.8894853974478285,
      "spearman": 0.8923186921072973
    },
    "evaluation_time": 0.9,
    "manhattan": {
      "pearson": 0.8882948062940527,
      "spearman": 0.8910831237094431
    }
  }
}