{
  "dataset_revision": "af5e6fb845001ecf41f4c1e033ce921939a2a68d",
  "mteb_dataset_name": "STS17",
  "mteb_version": "1.2.0",
  "test": {
    "en-en": {
      "cos_sim": {
        "pearson": 0.8960967144898895,
        "spearman": 0.8948144362450068
      },
      "euclidean": {
        "pearson": 0.9031283633654976,
        "spearman": 0.8975924701196177
      },
      "manhattan": {
        "pearson": 0.8876847715974538,
        "spearman": 0.881497402129602
      }
    },
    "evaluation_time": 0.01
  }
}