{
  "dataset_revision": "eea2b4fe26a775864c896887d910b76a8098ad3f",
  "mteb_dataset_name": "STS22",
  "mteb_version": "1.2.0",
  "test": {
    "en": {
      "cos_sim": {
        "pearson": 0.6882213722658295,
        "spearman": 0.693148216353393
      },
      "euclidean": {
        "pearson": 0.7061988103277907,
        "spearman": 0.6950038278639876
      },
      "manhattan": {
        "pearson": 0.6967068341384846,
        "spearman": 0.6755842023138562
      }
    },
    "evaluation_time": 0.08
  }
}