{
  "dataset_revision": "eea2b4fe26a775864c896887d910b76a8098ad3f",
  "mteb_dataset_name": "STS22",
  "mteb_version": "1.1.2",
  "test": {
    "en": {
      "cos_sim": {
        "pearson": 0.6891881031379462,
        "spearman": 0.6949297661765033
      },
      "euclidean": {
        "pearson": 0.708674220976084,
        "spearman": 0.6984676360170977
      },
      "manhattan": {
        "pearson": 0.7104083676444969,
        "spearman": 0.6960667351590915
      }
    },
    "evaluation_time": 0.12
  }
}