{
  "dataset_revision": "70970daeab8776df92f5ea462b6173c0b46fd2d1",
  "mteb_dataset_name": "TwitterSemEval2015",
  "mteb_version": "1.1.2",
  "test": {
    "cos_sim": {
      "accuracy": 0.8753054777373785,
      "accuracy_threshold": 0.740639724307925,
      "ap": 0.782860084630699,
      "f1": 0.7161125319693094,
      "f1_threshold": 0.7095133682588868,
      "precision": 0.6947890818858561,
      "recall": 0.7387862796833773
    },
    "dot": {
      "accuracy": 0.8562317458425225,
      "accuracy_threshold": 0.42322980448299796,
      "ap": 0.7278764991405494,
      "f1": 0.672638036809816,
      "f1_threshold": 0.3902818609886243,
      "precision": 0.6286697247706422,
      "recall": 0.7232189973614775
    },
    "euclidean": {
      "accuracy": 0.8756035047982357,
      "accuracy_threshold": 0.5304344907473315,
      "ap": 0.7874127492637492,
      "f1": 0.7200914401828804,
      "f1_threshold": 0.5726266571223275,
      "precision": 0.6941723800195886,
      "recall": 0.7480211081794196
    },
    "evaluation_time": 1.62,
    "manhattan": {
      "accuracy": 0.8695833581689217,
      "accuracy_threshold": 8.682792516811507,
      "ap": 0.7706671050241616,
      "f1": 0.7003764115432873,
      "f1_threshold": 9.355149171300216,
      "precision": 0.6677033492822967,
      "recall": 0.7364116094986808
    },
    "max": {
      "accuracy": 0.8756035047982357,
      "ap": 0.7874127492637492,
      "f1": 0.7200914401828804
    }
  }
}