{
  "dataset_revision": "0fd18e25b25c072e09e0d92ab615fda904d66300",
  "mteb_dataset_name": "Banking77Classification",
  "mteb_version": "1.1.2",
  "test": {
    "accuracy": 0.8318506493506493,
    "accuracy_stderr": 0.007589975835002039,
    "evaluation_time": 11.52,
    "f1": 0.8253736938432077,
    "f1_stderr": 0.008180653592512582,
    "main_score": 0.8318506493506493
  }
}