{
  "dataset_revision": "6031580fec1f6af667f0bd2da0a551cf4f0b2375",
  "mteb_dataset_name": "STS14",
  "mteb_version": "1.1.2",
  "test": {
    "cos_sim": {
      "pearson": 0.8613993817289807,
      "spearman": 0.8298694615790864
    },
    "euclidean": {
      "pearson": 0.8605197587804699,
      "spearman": 0.8469493021539792
    },
    "evaluation_time": 0.68,
    "manhattan": {
      "pearson": 0.8374837223219376,
      "spearman": 0.83105073444968
    }
  }
}