{
  "dataset_revision": null,
  "mteb_dataset_name": "SciFact",
  "mteb_version": "1.1.2",
  "test": {
    "evaluation_time": 0.98,
    "map_at_1": 0.60828,
    "map_at_10": 0.70022,
    "map_at_100": 0.70687,
    "map_at_1000": 0.70704,
    "map_at_3": 0.6727,
    "map_at_5": 0.69001,
    "mrr_at_1": 0.64,
    "mrr_at_10": 0.71151,
    "mrr_at_100": 0.71682,
    "mrr_at_1000": 0.71699,
    "mrr_at_3": 0.69111,
    "mrr_at_5": 0.70511,
    "ndcg_at_1": 0.64,
    "ndcg_at_10": 0.74279,
    "ndcg_at_100": 0.76844,
    "ndcg_at_1000": 0.77228,
    "ndcg_at_3": 0.69822,
    "ndcg_at_5": 0.72367,
    "precision_at_1": 0.64,
    "precision_at_10": 0.09767,
    "precision_at_100": 0.011,
    "precision_at_1000": 0.00113,
    "precision_at_3": 0.27222,
    "precision_at_5": 0.18133,
    "recall_at_1": 0.60828,
    "recall_at_10": 0.86089,
    "recall_at_100": 0.97167,
    "recall_at_1000": 1.0,
    "recall_at_3": 0.74367,
    "recall_at_5": 0.80744
  }
}