{
  "dataset_revision": "b0fddb56ed78048fa8b90373c8a3cfc37b684831",
  "mteb_dataset_name": "STSBenchmark",
  "mteb_version": "1.1.2",
  "test": {
    "cos_sim": {
      "pearson": 0.8762214137997014,
      "spearman": 0.8779123069586502
    },
    "euclidean": {
      "pearson": 0.8834182828166771,
      "spearman": 0.888178961515939
    },
    "evaluation_time": 0.31,
    "manhattan": {
      "pearson": 0.856020408862117,
      "spearman": 0.8632387877354174
    }
  }
}