{
  "dataset_revision": "4f58c6b202a23cf9a4da393831edf4f9183cad37",
  "mteb_dataset_name": "EmotionClassification",
  "mteb_version": "1.1.2",
  "test": {
    "accuracy": 0.5629,
    "accuracy_stderr": 0.02182865089738713,
    "evaluation_time": 0.83,
    "f1": 0.49967536395202516,
    "f1_stderr": 0.012470770969066106,
    "main_score": 0.5629
  }
}