{
  "dataset_revision": "7e90230a92c190f1bf69ae9002b8cea547a64cca",
  "mteb_dataset_name": "STS13",
  "mteb_version": "1.1.2",
  "test": {
    "cos_sim": {
      "pearson": 0.8755334065764768,
      "spearman": 0.8799798278262418
    },
    "euclidean": {
      "pearson": 0.8886799652691159,
      "spearman": 0.8963168998203278
    },
    "evaluation_time": 0.34,
    "manhattan": {
      "pearson": 0.865885203844827,
      "spearman": 0.8726116354299266
    }
  }
}