{
  "dataset_revision": "7e90230a92c190f1bf69ae9002b8cea547a64cca",
  "mteb_dataset_name": "STS13",
  "mteb_version": "1.1.2",
  "test": {
    "cos_sim": {
      "pearson": 0.8668234543094258,
      "spearman": 0.8768049283576951
    },
    "euclidean": {
      "pearson": 0.8870312448499621,
      "spearman": 0.8929973971714965
    },
    "evaluation_time": 0.33,
    "manhattan": {
      "pearson": 0.8847487196486331,
      "spearman": 0.8899041326060869
    }
  }
}