{
  "dataset_revision": "0fd18e25b25c072e09e0d92ab615fda904d66300",
  "mteb_dataset_name": "Banking77Classification",
  "mteb_version": "1.1.2",
  "test": {
    "accuracy": 0.8513311688311687,
    "accuracy_stderr": 0.004903457394254698,
    "evaluation_time": 11.88,
    "f1": 0.8461173811035468,
    "f1_stderr": 0.005870973779790768,
    "main_score": 0.8513311688311687
  }
}