{
  "dataset_revision": "ae752c7c21bf194d8b67fd573edf7ae58183cbe3",
  "mteb_dataset_name": "STS15",
  "mteb_version": "1.1.2",
  "test": {
    "cos_sim": {
      "pearson": 0.8782160003544289,
      "spearman": 0.8910907425656871
    },
    "euclidean": {
      "pearson": 0.8979257350591442,
      "spearman": 0.9038165765400975
    },
    "evaluation_time": 0.49,
    "manhattan": {
      "pearson": 0.8804816077481261,
      "spearman": 0.8891575719544226
    }
  }
}