{
  "dataset_revision": "4f58c6b202a23cf9a4da393831edf4f9183cad37",
  "mteb_dataset_name": "EmotionClassification",
  "mteb_version": "1.1.2",
  "test": {
    "accuracy": 0.50635,
    "accuracy_stderr": 0.021546519440503613,
    "evaluation_time": 0.44,
    "f1": 0.4429309309831371,
    "f1_stderr": 0.014288961818447887,
    "main_score": 0.50635
  }
}