{
  "dataset_revision": "b0fddb56ed78048fa8b90373c8a3cfc37b684831",
  "mteb_dataset_name": "STSBenchmark",
  "mteb_version": "1.1.2",
  "test": {
    "cos_sim": {
      "pearson": 0.8773999969997713,
      "spearman": 0.8826915663654806
    },
    "euclidean": {
      "pearson": 0.8909499903282491,
      "spearman": 0.894636039429594
    },
    "evaluation_time": 0.31,
    "manhattan": {
      "pearson": 0.8693413833032335,
      "spearman": 0.874439447162546
    }
  }
}