{
  "dataset_revision": "70970daeab8776df92f5ea462b6173c0b46fd2d1",
  "mteb_dataset_name": "TwitterSemEval2015",
  "mteb_version": "1.1.2",
  "test": {
    "cos_sim": {
      "accuracy": 0.878583775406807,
      "accuracy_threshold": 0.7363932591707623,
      "ap": 0.7884877743183719,
      "f1": 0.71875,
      "f1_threshold": 0.6980026468461842,
      "precision": 0.6878919440424506,
      "recall": 0.7525065963060686
    },
    "dot": {
      "accuracy": 0.8607617571675508,
      "accuracy_threshold": 0.4075266474837239,
      "ap": 0.7429848972059354,
      "f1": 0.6836115326251897,
      "f1_threshold": 0.3817732930415856,
      "precision": 0.656386595434677,
      "recall": 0.7131926121372032
    },
    "euclidean": {
      "accuracy": 0.8789414078798354,
      "accuracy_threshold": 0.5377386235001949,
      "ap": 0.7937043685889119,
      "f1": 0.7231742683891379,
      "f1_threshold": 0.5617892013852466,
      "precision": 0.7226027397260274,
      "recall": 0.7237467018469657
    },
    "evaluation_time": 1.73,
    "manhattan": {
      "accuracy": 0.8718483638314359,
      "accuracy_threshold": 10.691356021722513,
      "ap": 0.7765950632524038,
      "f1": 0.7096855983772818,
      "f1_threshold": 11.381770852671739,
      "precision": 0.6830161054172768,
      "recall": 0.7385224274406332
    },
    "max": {
      "accuracy": 0.8789414078798354,
      "ap": 0.7937043685889119,
      "f1": 0.7231742683891379
    }
  }
}