{
  "dataset_revision": "7e90230a92c190f1bf69ae9002b8cea547a64cca",
  "mteb_dataset_name": "STS13",
  "mteb_version": "1.1.2",
  "test": {
    "cos_sim": {
      "pearson": 0.8765370710885962,
      "spearman": 0.8812892444835101
    },
    "euclidean": {
      "pearson": 0.8883848012046804,
      "spearman": 0.8957764182526304
    },
    "evaluation_time": 0.39,
    "manhattan": {
      "pearson": 0.8684086745296343,
      "spearman": 0.8743419177731919
    }
  }
}