{
  "dataset_revision": "6031580fec1f6af667f0bd2da0a551cf4f0b2375",
  "mteb_dataset_name": "STS14",
  "mteb_version": "1.1.2",
  "test": {
    "cos_sim": {
      "pearson": 0.8547005948785517,
      "spearman": 0.8246618356923561
    },
    "euclidean": {
      "pearson": 0.8546605485994485,
      "spearman": 0.8416638879923302
    },
    "evaluation_time": 0.64,
    "manhattan": {
      "pearson": 0.8512919029521532,
      "spearman": 0.8393062171598142
    }
  }
}