{
  "dataset_revision": "4d8694f8f0e0100860b497b999b3dbed754a0513",
  "mteb_dataset_name": "STS16",
  "mteb_version": "1.1.2",
  "test": {
    "cos_sim": {
      "pearson": 0.842513527626852,
      "spearman": 0.8551404048138939
    },
    "euclidean": {
      "pearson": 0.8646230462559071,
      "spearman": 0.8714921581054489
    },
    "evaluation_time": 0.17,
    "manhattan": {
      "pearson": 0.8563978318787431,
      "spearman": 0.8646582067554442
    }
  }
}