{
  "dataset_revision": "6031580fec1f6af667f0bd2da0a551cf4f0b2375",
  "mteb_dataset_name": "STS14",
  "mteb_version": "1.1.2",
  "test": {
    "cos_sim": {
      "pearson": 0.860326153265765,
      "spearman": 0.8286238089097974
    },
    "euclidean": {
      "pearson": 0.8569292196150943,
      "spearman": 0.8428251364798969
    },
    "evaluation_time": 0.62,
    "manhattan": {
      "pearson": 0.8286259645133189,
      "spearman": 0.8233820746959837
    }
  }
}