{
  "dataset_revision": "ae752c7c21bf194d8b67fd573edf7ae58183cbe3",
  "mteb_dataset_name": "STS15",
  "mteb_version": "1.1.2",
  "test": {
    "cos_sim": {
      "pearson": 0.8806962837258835,
      "spearman": 0.8905554464743182
    },
    "euclidean": {
      "pearson": 0.8948347811606188,
      "spearman": 0.9011562815344558
    },
    "evaluation_time": 0.46,
    "manhattan": {
      "pearson": 0.8749673033310367,
      "spearman": 0.8847189338898788
    }
  }
}