{
  "dataset_revision": "af5e6fb845001ecf41f4c1e033ce921939a2a68d",
  "mteb_dataset_name": "STS17",
  "mteb_version": "1.1.2",
  "test": {
    "en-en": {
      "cos_sim": {
        "pearson": 0.9010037759681498,
        "spearman": 0.8989178694277208
      },
      "euclidean": {
        "pearson": 0.8929095687436578,
        "spearman": 0.8870269465168001
      },
      "manhattan": {
        "pearson": 0.863026081152219,
        "spearman": 0.8490174311500602
      }
    },
    "evaluation_time": 0.03
  }
}