{
  "dataset_revision": "e8379541af4e31359cca9fbcf4b00f2671dba205",
  "mteb_dataset_name": "AmazonCounterfactualClassification",
  "mteb_version": "1.1.2",
  "test": {
    "en": {
      "accuracy": 0.7788059701492538,
      "accuracy_stderr": 0.038243920568619784,
      "ap": 0.41997851154294763,
      "ap_stderr": 0.045179426371398455,
      "f1": 0.7211897523270554,
      "f1_stderr": 0.03698785692326144,
      "main_score": 0.7788059701492538
    },
    "evaluation_time": 0.61
  }
}