{
  "dataset_revision": "b0fddb56ed78048fa8b90373c8a3cfc37b684831",
  "mteb_dataset_name": "STSBenchmark",
  "mteb_version": "1.1.2",
  "test": {
    "cos_sim": {
      "pearson": 0.8743292052206275,
      "spearman": 0.8804132299275411
    },
    "euclidean": {
      "pearson": 0.8925596823024357,
      "spearman": 0.894361178771747
    },
    "evaluation_time": 0.32,
    "manhattan": {
      "pearson": 0.875934695189356,
      "spearman": 0.8787137549967169
    }
  }
}