{
  "dataset_revision": "4f58c6b202a23cf9a4da393831edf4f9183cad37",
  "mteb_dataset_name": "EmotionClassification",
  "mteb_version": "1.1.2",
  "test": {
    "accuracy": 0.5669,
    "accuracy_stderr": 0.01999599959991999,
    "evaluation_time": 44.51,
    "f1": 0.506882312620984,
    "f1_stderr": 0.01045510204441308,
    "main_score": 0.5669
  }
}