{
  "dataset_revision": "c22ab2a51041ffd869aaddef7af8d8215647e41a",
  "mteb_dataset_name": "ArguAna",
  "mteb_version": "1.2.0",
  "test": {
    "evaluation_time": 1.86,
    "map_at_1": 0.24964,
    "map_at_10": 0.40762,
    "map_at_100": 0.41797,
    "map_at_1000": 0.41803,
    "map_at_3": 0.35135,
    "map_at_5": 0.3835,
    "mrr_at_1": 0.2532,
    "mrr_at_10": 0.40927,
    "mrr_at_100": 0.41961,
    "mrr_at_1000": 0.41967,
    "mrr_at_3": 0.3523,
    "mrr_at_5": 0.38541,
    "ndcg_at_1": 0.24964,
    "ndcg_at_10": 0.50298,
    "ndcg_at_100": 0.54443,
    "ndcg_at_1000": 0.54585,
    "ndcg_at_3": 0.38628,
    "ndcg_at_5": 0.44455,
    "precision_at_1": 0.24964,
    "precision_at_10": 0.08108,
    "precision_at_100": 0.00986,
    "precision_at_1000": 0.001,
    "precision_at_3": 0.16264,
    "precision_at_5": 0.12603,
    "recall_at_1": 0.24964,
    "recall_at_10": 0.81081,
    "recall_at_100": 0.98578,
    "recall_at_1000": 0.99644,
    "recall_at_3": 0.48791,
    "recall_at_5": 0.63016
  }
}