{
  "dataset_revision": "ae752c7c21bf194d8b67fd573edf7ae58183cbe3",
  "mteb_dataset_name": "STS15",
  "mteb_version": "1.2.0",
  "test": {
    "cos_sim": {
      "pearson": 0.8744920920477557,
      "spearman": 0.8843510374518647
    },
    "euclidean": {
      "pearson": 0.8891400337863781,
      "spearman": 0.8955714687644423
    },
    "evaluation_time": 0.28,
    "manhattan": {
      "pearson": 0.863157286538583,
      "spearman": 0.8694292552251155
    }
  }
}