{
  "dataset_revision": "b0fddb56ed78048fa8b90373c8a3cfc37b684831",
  "mteb_dataset_name": "STSBenchmark",
  "mteb_version": "1.2.0",
  "test": {
    "cos_sim": {
      "pearson": 0.87005869145437,
      "spearman": 0.8734873296055299
    },
    "euclidean": {
      "pearson": 0.8875212133760997,
      "spearman": 0.88618611007417
    },
    "evaluation_time": 0.14,
    "manhattan": {
      "pearson": 0.8628032379994822,
      "spearman": 0.8646713576632021
    }
  }
}