{
  "dataset_revision": "ad9991cb51e31e31e430383c75ffb2885547b5f0",
  "mteb_dataset_name": "CQADupstackEnglishRetrieval",
  "mteb_version": "1.2.0",
  "test": {
    "evaluation_time": 4.02,
    "map_at_1": 0.31358,
    "map_at_10": 0.41728,
    "map_at_100": 0.43013,
    "map_at_1000": 0.43149,
    "map_at_3": 0.388,
    "map_at_5": 0.40431,
    "mrr_at_1": 0.39108,
    "mrr_at_10": 0.47637,
    "mrr_at_100": 0.48286,
    "mrr_at_1000": 0.48331,
    "mrr_at_3": 0.4551,
    "mrr_at_5": 0.46717,
    "ndcg_at_1": 0.39108,
    "ndcg_at_10": 0.47374,
    "ndcg_at_100": 0.5182,
    "ndcg_at_1000": 0.53885,
    "ndcg_at_3": 0.43479,
    "ndcg_at_5": 0.45226,
    "precision_at_1": 0.39108,
    "precision_at_10": 0.0893,
    "precision_at_100": 0.01454,
    "precision_at_1000": 0.00195,
    "precision_at_3": 0.21146,
    "precision_at_5": 0.14879,
    "recall_at_1": 0.31358,
    "recall_at_10": 0.57072,
    "recall_at_100": 0.75853,
    "recall_at_1000": 0.88824,
    "recall_at_3": 0.45191,
    "recall_at_5": 0.5029
  }
}