{
  "dataset_revision": "31efe3c427b0bae9c22cbb560b8f15491cc6bed7",
  "mteb_dataset_name": "MassiveIntentClassification",
  "mteb_version": "1.2.0",
  "test": {
    "en": {
      "accuracy": 0.7434095494283792,
      "accuracy_stderr": 0.016907899432472267,
      "f1": 0.722817158301752,
      "f1_stderr": 0.013002726444197853,
      "main_score": 0.7434095494283792
    },
    "evaluation_time": 11.23
  }
}