{
  "dataset_revision": "7d571f92784cd94a019292a1f45445077d0ef634",
  "mteb_dataset_name": "MassiveScenarioClassification",
  "mteb_version": "1.2.0",
  "test": {
    "en": {
      "accuracy": 0.7739071956960323,
      "accuracy_stderr": 0.014970529232001498,
      "f1": 0.7665533284463799,
      "f1_stderr": 0.01369470442938562,
      "main_score": 0.7739071956960323
    },
    "evaluation_time": 10.61
  }
}