{
  "dataset_revision": "7e90230a92c190f1bf69ae9002b8cea547a64cca",
  "mteb_dataset_name": "STS13",
  "mteb_version": "1.1.2",
  "test": {
    "cos_sim": {
      "pearson": 0.8514912964231602,
      "spearman": 0.8637060444136577
    },
    "euclidean": {
      "pearson": 0.8561688796294143,
      "spearman": 0.8637049997435724
    },
    "evaluation_time": 0.1,
    "manhattan": {
      "pearson": 0.8561422488891772,
      "spearman": 0.8635733316427976
    }
  }
}