{
  "dataset_revision": "b0fddb56ed78048fa8b90373c8a3cfc37b684831",
  "mteb_dataset_name": "STSBenchmark",
  "mteb_version": "1.1.2",
  "test": {
    "cos_sim": {
      "pearson": 0.8619879333394419,
      "spearman": 0.8751905819261547
    },
    "euclidean": {
      "pearson": 0.8689613192846757,
      "spearman": 0.8751905819261547
    },
    "evaluation_time": 0.06,
    "manhattan": {
      "pearson": 0.8689687421726484,
      "spearman": 0.8748187598641346
    }
  }
}