{
  "dataset_revision": "4d8694f8f0e0100860b497b999b3dbed754a0513",
  "mteb_dataset_name": "STS16",
  "mteb_version": "1.1.2",
  "test": {
    "cos_sim": {
      "pearson": 0.8549087300893716,
      "spearman": 0.868658292399336
    },
    "euclidean": {
      "pearson": 0.8608640529365383,
      "spearman": 0.868658292399336
    },
    "evaluation_time": 1.67,
    "manhattan": {
      "pearson": 0.8606111225261251,
      "spearman": 0.868300081056529
    }
  }
}