{
  "dataset_revision": "ae752c7c21bf194d8b67fd573edf7ae58183cbe3",
  "mteb_dataset_name": "STS15",
  "mteb_version": "1.1.2",
  "test": {
    "cos_sim": {
      "pearson": 0.8858575235091698,
      "spearman": 0.8966651298801186
    },
    "euclidean": {
      "pearson": 0.8901962934557011,
      "spearman": 0.8966650369166103
    },
    "evaluation_time": 4.23,
    "manhattan": {
      "pearson": 0.8901409547411078,
      "spearman": 0.8967106276316632
    }
  }
}