{
  "dataset_revision": "d3fb88f8f02e40887cd149695127462bbcf29b4a",
  "mteb_dataset_name": "BIOSSES",
  "mteb_version": "1.1.2",
  "test": {
    "cos_sim": {
      "pearson": 0.9025846736887252,
      "spearman": 0.8865081514968477
    },
    "euclidean": {
      "pearson": 0.8861202714869039,
      "spearman": 0.8865081514968477
    },
    "evaluation_time": 0.01,
    "manhattan": {
      "pearson": 0.8845056283280991,
      "spearman": 0.8841948457745592
    }
  }
}