{
  "dataset_revision": "d80d48c1eb48d3562165c59d59d0034df9fff0bf",
  "mteb_dataset_name": "MTOPDomainClassification",
  "mteb_version": "1.2.0",
  "test": {
    "en": {
      "accuracy": 0.9264477884176927,
      "accuracy_stderr": 0.00641416858933626,
      "f1": 0.9246926450606485,
      "f1_stderr": 0.005896575074620605,
      "main_score": 0.9264477884176927
    },
    "evaluation_time": 0.56
  }
}