{
  "dataset_revision": "a6ea5a8cab320b040a23452cc28066d9beae2cee",
  "mteb_dataset_name": "SICK-R",
  "mteb_version": "1.1.2",
  "test": {
    "cos_sim": {
      "pearson": 0.8721375349203466,
      "spearman": 0.8293495766881303
    },
    "euclidean": {
      "pearson": 0.842784057536269,
      "spearman": 0.828053063500345
    },
    "evaluation_time": 0.72,
    "manhattan": {
      "pearson": 0.7991987321151666,
      "spearman": 0.8010746750637315
    }
  }
}