{
  "dataset_revision": "70970daeab8776df92f5ea462b6173c0b46fd2d1",
  "mteb_dataset_name": "TwitterSemEval2015",
  "mteb_version": "1.1.2",
  "test": {
    "cos_sim": {
      "accuracy": 0.8762591643321214,
      "accuracy_threshold": 0.7318593123164654,
      "ap": 0.7868348918303015,
      "f1": 0.7195862960568843,
      "f1_threshold": 0.6974725128304443,
      "precision": 0.7054499366286439,
      "recall": 0.7343007915567282
    },
    "dot": {
      "accuracy": 0.8542647672408654,
      "accuracy_threshold": 0.49701420107375976,
      "ap": 0.7182296509669013,
      "f1": 0.6673279603223806,
      "f1_threshold": 0.45458032279498206,
      "precision": 0.6294736842105263,
      "recall": 0.7100263852242744
    },
    "euclidean": {
      "accuracy": 0.8758419264469214,
      "accuracy_threshold": 0.6071482010140762,
      "ap": 0.7905959280110753,
      "f1": 0.7188893134632531,
      "f1_threshold": 0.6397090425638474,
      "precision": 0.694902733316917,
      "recall": 0.7445910290237467
    },
    "evaluation_time": 0.94,
    "manhattan": {
      "accuracy": 0.8676759849794361,
      "accuracy_threshold": 11.69474889313148,
      "ap": 0.7674554519132624,
      "f1": 0.6976622698184668,
      "f1_threshold": 12.480057046620434,
      "precision": 0.6907163175588311,
      "recall": 0.7047493403693932
    },
    "max": {
      "accuracy": 0.8762591643321214,
      "ap": 0.7905959280110753,
      "f1": 0.7195862960568843
    }
  }
}