{
  "dataset_revision": "a6ea5a8cab320b040a23452cc28066d9beae2cee",
  "mteb_dataset_name": "SICK-R",
  "mteb_version": "1.1.2",
  "test": {
    "cos_sim": {
      "pearson": 0.8769315710843103,
      "spearman": 0.8306999394661294
    },
    "euclidean": {
      "pearson": 0.8524859640431911,
      "spearman": 0.8297466598993851
    },
    "evaluation_time": 0.62,
    "manhattan": {
      "pearson": 0.8190172241067656,
      "spearman": 0.8104518648514107
    }
  }
}