{
  "dataset_revision": "4885aa143210c98657558c04aaf3dc47cfb54340",
  "mteb_dataset_name": "CQADupstackGamingRetrieval",
  "mteb_version": "1.2.0",
  "test": {
    "evaluation_time": 58.12,
    "map_at_1": 0.42802,
    "map_at_10": 0.56031,
    "map_at_100": 0.57025,
    "map_at_1000": 0.57074,
    "map_at_3": 0.5261,
    "map_at_5": 0.54454,
    "mrr_at_1": 0.49028,
    "mrr_at_10": 0.59418,
    "mrr_at_100": 0.60003,
    "mrr_at_1000": 0.60027,
    "mrr_at_3": 0.57085,
    "mrr_at_5": 0.58376,
    "ndcg_at_1": 0.49028,
    "ndcg_at_10": 0.62087,
    "ndcg_at_100": 0.65731,
    "ndcg_at_1000": 0.66641,
    "ndcg_at_3": 0.56595,
    "ndcg_at_5": 0.59102,
    "precision_at_1": 0.49028,
    "precision_at_10": 0.09987,
    "precision_at_100": 0.0127,
    "precision_at_1000": 0.00138,
    "precision_at_3": 0.25329,
    "precision_at_5": 0.17116,
    "recall_at_1": 0.42802,
    "recall_at_10": 0.76448,
    "recall_at_100": 0.91863,
    "recall_at_1000": 0.98238,
    "recall_at_3": 0.61727,
    "recall_at_5": 0.68108
  }
}