{
  "dataset_revision": "d80d48c1eb48d3562165c59d59d0034df9fff0bf",
  "mteb_dataset_name": "MTOPDomainClassification",
  "mteb_version": "1.2.0",
  "test": {
    "en": {
      "accuracy": 0.9458048335613315,
      "accuracy_stderr": 0.004207848255709296,
      "f1": 0.9439220612211872,
      "f1_stderr": 0.00375954572631236,
      "main_score": 0.9458048335613315
    },
    "evaluation_time": 14.26
  }
}