{
  "dataset_revision": "a6ea5a8cab320b040a23452cc28066d9beae2cee",
  "mteb_dataset_name": "SICK-R",
  "mteb_version": "1.2.0",
  "test": {
    "cos_sim": {
      "pearson": 0.8730180191784834,
      "spearman": 0.8284558875776332
    },
    "euclidean": {
      "pearson": 0.8463772773285836,
      "spearman": 0.8284558875776332
    },
    "evaluation_time": 6.13,
    "manhattan": {
      "pearson": 0.8448140890421443,
      "spearman": 0.8282433161286309
    }
  }
}