{
  "dataset_revision": "6031580fec1f6af667f0bd2da0a551cf4f0b2375",
  "mteb_dataset_name": "STS14",
  "mteb_version": "1.1.2",
  "test": {
    "cos_sim": {
      "pearson": 0.8677378186371291,
      "spearman": 0.8461097090226621
    },
    "euclidean": {
      "pearson": 0.8589206787165007,
      "spearman": 0.8461097090226621
    },
    "evaluation_time": 3.43,
    "manhattan": {
      "pearson": 0.8581376419281199,
      "spearman": 0.8462791995475595
    }
  }
}