{
  "dataset_revision": "4d8694f8f0e0100860b497b999b3dbed754a0513",
  "mteb_dataset_name": "STS16",
  "mteb_version": "1.1.2",
  "test": {
    "cos_sim": {
      "pearson": 0.8611033475591879,
      "spearman": 0.8742237590209269
    },
    "euclidean": {
      "pearson": 0.8667616369326153,
      "spearman": 0.8742237590209269
    },
    "evaluation_time": 1.56,
    "manhattan": {
      "pearson": 0.8660215459010692,
      "spearman": 0.873383903499182
    }
  }
}