{
  "dataset_revision": "ae752c7c21bf194d8b67fd573edf7ae58183cbe3",
  "mteb_dataset_name": "STS15",
  "mteb_version": "1.1.2",
  "test": {
    "cos_sim": {
      "pearson": 0.880331170778443,
      "spearman": 0.8907115870218356
    },
    "euclidean": {
      "pearson": 0.8961950432643805,
      "spearman": 0.9027346256035754
    },
    "evaluation_time": 0.53,
    "manhattan": {
      "pearson": 0.8731605454554308,
      "spearman": 0.8825717897764463
    }
  }
}