{
  "dataset_revision": "b0fddb56ed78048fa8b90373c8a3cfc37b684831",
  "mteb_dataset_name": "STSBenchmark",
  "mteb_version": "1.1.2",
  "test": {
    "cos_sim": {
      "pearson": 0.8798060708469752,
      "spearman": 0.8849371409908495
    },
    "euclidean": {
      "pearson": 0.8929201283669044,
      "spearman": 0.8964985629057367
    },
    "evaluation_time": 0.26,
    "manhattan": {
      "pearson": 0.8627793851103608,
      "spearman": 0.8693769705678549
    }
  }
}