{
  "dataset_revision": "70970daeab8776df92f5ea462b6173c0b46fd2d1",
  "mteb_dataset_name": "TwitterSemEval2015",
  "mteb_version": "1.1.2",
  "test": {
    "cos_sim": {
      "accuracy": 0.8764379805686356,
      "accuracy_threshold": 0.7357228219520009,
      "ap": 0.7855256280015174,
      "f1": 0.7161027728313406,
      "f1_threshold": 0.7006407585719601,
      "precision": 0.6913064833005894,
      "recall": 0.7427440633245382
    },
    "dot": {
      "accuracy": 0.8608809679918936,
      "accuracy_threshold": 0.48146991216176993,
      "ap": 0.7404390077438262,
      "f1": 0.681956813468342,
      "f1_threshold": 0.43831568077889715,
      "precision": 0.6342182890855457,
      "recall": 0.737467018469657
    },
    "euclidean": {
      "accuracy": 0.8779877212850927,
      "accuracy_threshold": 0.5801184284256704,
      "ap": 0.7916968330893196,
      "f1": 0.7212145640198844,
      "f1_threshold": 0.6006726740949562,
      "precision": 0.7347385710375034,
      "recall": 0.7081794195250659
    },
    "evaluation_time": 1.95,
    "manhattan": {
      "accuracy": 0.8667222983846933,
      "accuracy_threshold": 13.129101252443201,
      "ap": 0.7638851632680307,
      "f1": 0.7002271006813022,
      "f1_threshold": 13.780760245458449,
      "precision": 0.6709381044487428,
      "recall": 0.7321899736147758
    },
    "max": {
      "accuracy": 0.8779877212850927,
      "ap": 0.7916968330893196,
      "f1": 0.7212145640198844
    }
  }
}