{
  "dataset_revision": "ae752c7c21bf194d8b67fd573edf7ae58183cbe3",
  "mteb_dataset_name": "STS15",
  "mteb_version": "1.2.0",
  "test": {
    "cos_sim": {
      "pearson": 0.8735048419485152,
      "spearman": 0.8797597485197947
    },
    "euclidean": {
      "pearson": 0.874439929283192,
      "spearman": 0.8795862563286972
    },
    "evaluation_time": 0.09,
    "manhattan": {
      "pearson": 0.8077131947417904,
      "spearman": 0.8065292425210682
    }
  }
}