{
  "dataset_revision": "c22ab2a51041ffd869aaddef7af8d8215647e41a",
  "mteb_dataset_name": "ArguAna",
  "mteb_version": "1.2.0",
  "test": {
    "evaluation_time": 13.29,
    "map_at_1": 0.41536,
    "map_at_10": 0.57835,
    "map_at_100": 0.58299,
    "map_at_1000": 0.58302,
    "map_at_3": 0.53841,
    "map_at_5": 0.56419,
    "mrr_at_1": 0.42176,
    "mrr_at_10": 0.5806,
    "mrr_at_100": 0.58523,
    "mrr_at_1000": 0.58527,
    "mrr_at_3": 0.54054,
    "mrr_at_5": 0.56632,
    "ndcg_at_1": 0.41536,
    "ndcg_at_10": 0.66023,
    "ndcg_at_100": 0.67823,
    "ndcg_at_1000": 0.67893,
    "ndcg_at_3": 0.58011,
    "ndcg_at_5": 0.62648,
    "precision_at_1": 0.41536,
    "precision_at_10": 0.09168,
    "precision_at_100": 0.00991,
    "precision_at_1000": 0.001,
    "precision_at_3": 0.23376,
    "precision_at_5": 0.16273,
    "recall_at_1": 0.41536,
    "recall_at_10": 0.91679,
    "recall_at_100": 0.99147,
    "recall_at_1000": 0.99644,
    "recall_at_3": 0.70128,
    "recall_at_5": 0.81366
  }
}