{
  "dataset_revision": "5003b3064772da1887988e05400cf3806fe491f2",
  "mteb_dataset_name": "CQADupstackGisRetrieval",
  "mteb_version": "1.2.0",
  "test": {
    "evaluation_time": 49.93,
    "map_at_1": 0.27873,
    "map_at_10": 0.37287,
    "map_at_100": 0.38409,
    "map_at_1000": 0.38476,
    "map_at_3": 0.3466,
    "map_at_5": 0.36109,
    "mrr_at_1": 0.30282,
    "mrr_at_10": 0.3945,
    "mrr_at_100": 0.40453,
    "mrr_at_1000": 0.40503,
    "mrr_at_3": 0.37119,
    "mrr_at_5": 0.38435,
    "ndcg_at_1": 0.30282,
    "ndcg_at_10": 0.4248,
    "ndcg_at_100": 0.47788,
    "ndcg_at_1000": 0.49537,
    "ndcg_at_3": 0.37468,
    "ndcg_at_5": 0.39858,
    "precision_at_1": 0.30282,
    "precision_at_10": 0.06463,
    "precision_at_100": 0.00958,
    "precision_at_1000": 0.00115,
    "precision_at_3": 0.16008,
    "precision_at_5": 0.11006,
    "recall_at_1": 0.27873,
    "recall_at_10": 0.56427,
    "recall_at_100": 0.80271,
    "recall_at_1000": 0.93383,
    "recall_at_3": 0.42763,
    "recall_at_5": 0.48558
  }
}