{
  "dataset_revision": "f46a197baaae43b4f621051089b82a364682dfeb",
  "mteb_dataset_name": "CQADupstackAndroidRetrieval",
  "mteb_version": "1.2.0",
  "test": {
    "evaluation_time": 31.21,
    "map_at_1": 0.33984,
    "map_at_10": 0.45853,
    "map_at_100": 0.47443,
    "map_at_1000": 0.47563,
    "map_at_3": 0.42109,
    "map_at_5": 0.44147,
    "mrr_at_1": 0.41631,
    "mrr_at_10": 0.52112,
    "mrr_at_100": 0.52822,
    "mrr_at_1000": 0.52858,
    "mrr_at_3": 0.49499,
    "mrr_at_5": 0.51073,
    "ndcg_at_1": 0.41631,
    "ndcg_at_10": 0.525,
    "ndcg_at_100": 0.57911,
    "ndcg_at_1000": 0.59597,
    "ndcg_at_3": 0.47335,
    "ndcg_at_5": 0.49651,
    "precision_at_1": 0.41631,
    "precision_at_10": 0.10086,
    "precision_at_100": 0.01608,
    "precision_at_1000": 0.00206,
    "precision_at_3": 0.22747,
    "precision_at_5": 0.16423,
    "recall_at_1": 0.33984,
    "recall_at_10": 0.64774,
    "recall_at_100": 0.87274,
    "recall_at_1000": 0.97533,
    "recall_at_3": 0.49611,
    "recall_at_5": 0.56304
  }
}