{
  "dataset_revision": "27a168819829fe9bcd655c2df245fb19452e8e06",
  "mteb_dataset_name": "FiQA2018",
  "mteb_version": "1.2.0",
  "test": {
    "evaluation_time": 66.59,
    "map_at_1": 0.22322,
    "map_at_10": 0.37497,
    "map_at_100": 0.39549,
    "map_at_1000": 0.39728,
    "map_at_3": 0.3291,
    "map_at_5": 0.35456,
    "mrr_at_1": 0.45062,
    "mrr_at_10": 0.54543,
    "mrr_at_100": 0.55291,
    "mrr_at_1000": 0.55324,
    "mrr_at_3": 0.52366,
    "mrr_at_5": 0.5367,
    "ndcg_at_1": 0.45062,
    "ndcg_at_10": 0.45794,
    "ndcg_at_100": 0.52597,
    "ndcg_at_1000": 0.5535,
    "ndcg_at_3": 0.42377,
    "ndcg_at_5": 0.43372,
    "precision_at_1": 0.45062,
    "precision_at_10": 0.12701,
    "precision_at_100": 0.01975,
    "precision_at_1000": 0.00247,
    "precision_at_3": 0.28652,
    "precision_at_5": 0.20679,
    "recall_at_1": 0.22322,
    "recall_at_10": 0.52708,
    "recall_at_100": 0.77336,
    "recall_at_1000": 0.93581,
    "recall_at_3": 0.3863,
    "recall_at_5": 0.44973
  }
}