{
  "dataset_revision": "ae001d0e6b1228650b7bd1c2c65fb50ad11a8aba",
  "mteb_dataset_name": "MTOPIntentClassification",
  "mteb_version": "1.2.0",
  "test": {
    "en": {
      "accuracy": 0.6778613771089831,
      "accuracy_stderr": 0.018588340466955785,
      "f1": 0.5048807036775242,
      "f1_stderr": 0.0074908688696077325,
      "main_score": 0.6778613771089831
    },
    "evaluation_time": 32.41
  }
}