{
  "dataset_revision": "7e90230a92c190f1bf69ae9002b8cea547a64cca",
  "mteb_dataset_name": "STS13",
  "mteb_version": "1.1.2",
  "test": {
    "cos_sim": {
      "pearson": 0.8895993809139281,
      "spearman": 0.8962120695435225
    },
    "euclidean": {
      "pearson": 0.8895089272412534,
      "spearman": 0.8962120695435225
    },
    "evaluation_time": 1.44,
    "manhattan": {
      "pearson": 0.8885916885132947,
      "spearman": 0.8950844131511235
    }
  }
}