{
  "dataset_revision": "ae752c7c21bf194d8b67fd573edf7ae58183cbe3",
  "mteb_dataset_name": "STS15",
  "mteb_version": "1.2.0",
  "test": {
    "cos_sim": {
      "pearson": 0.8881072869233978,
      "spearman": 0.8987496537229023
    },
    "euclidean": {
      "pearson": 0.8921364422920671,
      "spearman": 0.8987496537229023
    },
    "evaluation_time": 1.97,
    "manhattan": {
      "pearson": 0.89304724928112,
      "spearman": 0.8998884902912955
    }
  }
}