{
  "dataset_revision": "eea2b4fe26a775864c896887d910b76a8098ad3f",
  "mteb_dataset_name": "STS22",
  "mteb_version": "1.2.0",
  "test": {
    "en": {
      "cos_sim": {
        "pearson": 0.6858698981314145,
        "spearman": 0.6898854327805974
      },
      "euclidean": {
        "pearson": 0.7050104579344988,
        "spearman": 0.6898854327805974
      },
      "manhattan": {
        "pearson": 0.7043772601275353,
        "spearman": 0.6911225071209938
      }
    },
    "evaluation_time": 0.04
  }
}