{
  "dataset_revision": "e8379541af4e31359cca9fbcf4b00f2671dba205",
  "mteb_dataset_name": "AmazonCounterfactualClassification",
  "mteb_version": "1.1.2",
  "test": {
    "en": {
      "accuracy": 0.7644776119402985,
      "accuracy_stderr": 0.037656926425547715,
      "ap": 0.3973233414550222,
      "ap_stderr": 0.041847784645119276,
      "f1": 0.7046976792779318,
      "f1_stderr": 0.036214263488075035,
      "main_score": 0.7644776119402985
    },
    "evaluation_time": 0.62
  }
}