{
  "dataset_revision": "ae752c7c21bf194d8b67fd573edf7ae58183cbe3",
  "mteb_dataset_name": "STS15",
  "mteb_version": "1.1.2",
  "test": {
    "cos_sim": {
      "pearson": 0.8750797998202979,
      "spearman": 0.8895094121721642
    },
    "euclidean": {
      "pearson": 0.8969131390999987,
      "spearman": 0.9022352083337377
    },
    "evaluation_time": 0.34,
    "manhattan": {
      "pearson": 0.8894251323153949,
      "spearman": 0.8962379340282516
    }
  }
}