{
  "dataset_revision": null,
  "mteb_dataset_name": "ArguAna",
  "mteb_version": "1.1.2",
  "test": {
    "evaluation_time": 2.3,
    "map_at_1": 0.4111,
    "map_at_10": 0.56985,
    "map_at_100": 0.57491,
    "map_at_1000": 0.57497,
    "map_at_3": 0.52857,
    "map_at_5": 0.55431,
    "mrr_at_1": 0.41821,
    "mrr_at_10": 0.57258,
    "mrr_at_100": 0.57765,
    "mrr_at_1000": 0.5777,
    "mrr_at_3": 0.53224,
    "mrr_at_5": 0.55703,
    "ndcg_at_1": 0.4111,
    "ndcg_at_10": 0.65125,
    "ndcg_at_100": 0.67089,
    "ndcg_at_1000": 0.67199,
    "ndcg_at_3": 0.56791,
    "ndcg_at_5": 0.6141,
    "precision_at_1": 0.4111,
    "precision_at_10": 0.09075,
    "precision_at_100": 0.00989,
    "precision_at_1000": 0.001,
    "precision_at_3": 0.22736,
    "precision_at_5": 0.15875,
    "recall_at_1": 0.4111,
    "recall_at_10": 0.90754,
    "recall_at_100": 0.98862,
    "recall_at_1000": 0.99644,
    "recall_at_3": 0.68208,
    "recall_at_5": 0.79374
  }
}