{
  "dataset_revision": null,
  "mteb_dataset_name": "SciFact",
  "mteb_version": "1.1.2",
  "test": {
    "evaluation_time": 0.84,
    "map_at_1": 0.60761,
    "map_at_10": 0.70589,
    "map_at_100": 0.71045,
    "map_at_1000": 0.71065,
    "map_at_3": 0.67524,
    "map_at_5": 0.69173,
    "mrr_at_1": 0.63667,
    "mrr_at_10": 0.71529,
    "mrr_at_100": 0.71886,
    "mrr_at_1000": 0.71904,
    "mrr_at_3": 0.69167,
    "mrr_at_5": 0.706,
    "ndcg_at_1": 0.63667,
    "ndcg_at_10": 0.75087,
    "ndcg_at_100": 0.77045,
    "ndcg_at_1000": 0.77473,
    "ndcg_at_3": 0.69834,
    "ndcg_at_5": 0.72316,
    "precision_at_1": 0.63667,
    "precision_at_10": 0.09967,
    "precision_at_100": 0.01097,
    "precision_at_1000": 0.00113,
    "precision_at_3": 0.26889,
    "precision_at_5": 0.17867,
    "recall_at_1": 0.60761,
    "recall_at_10": 0.87922,
    "recall_at_100": 0.96833,
    "recall_at_1000": 1.0,
    "recall_at_3": 0.73839,
    "recall_at_5": 0.79994
  }
}