{
  "dataset_revision": "70970daeab8776df92f5ea462b6173c0b46fd2d1",
  "mteb_dataset_name": "TwitterSemEval2015",
  "mteb_version": "1.1.2",
  "test": {
    "cos_sim": {
      "accuracy": 0.8758419264469214,
      "accuracy_threshold": 0.7257166582491853,
      "ap": 0.7860503806281678,
      "f1": 0.7191940067166107,
      "f1_threshold": 0.7019568056410915,
      "precision": 0.7044534412955465,
      "recall": 0.7345646437994723
    },
    "dot": {
      "accuracy": 0.8577814865589796,
      "accuracy_threshold": 0.36683729279240657,
      "ap": 0.729777964857668,
      "f1": 0.6749226006191951,
      "f1_threshold": 0.34091353842565375,
      "precision": 0.6359393232205367,
      "recall": 0.7189973614775725
    },
    "euclidean": {
      "accuracy": 0.8760803480956071,
      "accuracy_threshold": 0.5107987531065634,
      "ap": 0.7894828257832964,
      "f1": 0.7216575449569976,
      "f1_threshold": 0.541473201558121,
      "precision": 0.7129248197734295,
      "recall": 0.7306068601583113
    },
    "evaluation_time": 1.86,
    "manhattan": {
      "accuracy": 0.8687488823985218,
      "accuracy_threshold": 9.700553205299638,
      "ap": 0.7682545048653096,
      "f1": 0.6992813012230488,
      "f1_threshold": 10.294465339471577,
      "precision": 0.669645013281816,
      "recall": 0.7316622691292876
    },
    "max": {
      "accuracy": 0.8760803480956071,
      "ap": 0.7894828257832964,
      "f1": 0.7216575449569976
    }
  }
}