{
  "dataset_revision": null,
  "mteb_dataset_name": "CQADupstackPhysicsRetrieval",
  "mteb_version": "1.1.2",
  "test": {
    "evaluation_time": 29.27,
    "map_at_1": 0.31605,
    "map_at_10": 0.43136,
    "map_at_100": 0.44547,
    "map_at_1000": 0.4465,
    "map_at_3": 0.39701,
    "map_at_5": 0.41713,
    "mrr_at_1": 0.38787,
    "mrr_at_10": 0.48801,
    "mrr_at_100": 0.49609,
    "mrr_at_1000": 0.49647,
    "mrr_at_3": 0.46343,
    "mrr_at_5": 0.47782,
    "ndcg_at_1": 0.38787,
    "ndcg_at_10": 0.4946,
    "ndcg_at_100": 0.54903,
    "ndcg_at_1000": 0.56705,
    "ndcg_at_3": 0.44197,
    "ndcg_at_5": 0.46858,
    "precision_at_1": 0.38787,
    "precision_at_10": 0.08951,
    "precision_at_100": 0.01355,
    "precision_at_1000": 0.00169,
    "precision_at_3": 0.21078,
    "precision_at_5": 0.14957,
    "recall_at_1": 0.31605,
    "recall_at_10": 0.62466,
    "recall_at_100": 0.84691,
    "recall_at_1000": 0.96164,
    "recall_at_3": 0.47723,
    "recall_at_5": 0.54683
  }
}