{
  "dataset_revision": "ae752c7c21bf194d8b67fd573edf7ae58183cbe3",
  "mteb_dataset_name": "STS15",
  "mteb_version": "1.1.2",
  "test": {
    "cos_sim": {
      "pearson": 0.8773581304487844,
      "spearman": 0.8874661101163542
    },
    "euclidean": {
      "pearson": 0.888605226984498,
      "spearman": 0.894728474271445
    },
    "evaluation_time": 0.44,
    "manhattan": {
      "pearson": 0.8711693744139397,
      "spearman": 0.8817489868935104
    }
  }
}