{
  "dataset_revision": "7e90230a92c190f1bf69ae9002b8cea547a64cca",
  "mteb_dataset_name": "STS13",
  "mteb_version": "1.1.2",
  "test": {
    "cos_sim": {
      "pearson": 0.8757624923818569,
      "spearman": 0.8788498954934576
    },
    "euclidean": {
      "pearson": 0.8696485521908786,
      "spearman": 0.8778317885286863
    },
    "evaluation_time": 0.19,
    "manhattan": {
      "pearson": 0.83606093001108,
      "spearman": 0.8401720894688276
    }
  }
}