{
  "dataset_revision": "1399c76144fd37290681b995c656ef9b2e06e26d",
  "mteb_dataset_name": "AmazonReviewsClassification",
  "mteb_version": "1.1.2",
  "test": {
    "en": {
      "accuracy": 0.50112,
      "accuracy_stderr": 0.01158764859667395,
      "f1": 0.4882256863819783,
      "f1_stderr": 0.017320832871833412,
      "main_score": 0.50112
    },
    "evaluation_time": 7.26
  }
}