{
  "dataset_revision": null,
  "mteb_dataset_name": "ArguAna",
  "mteb_version": "1.1.2",
  "test": {
    "evaluation_time": 21.86,
    "map_at_1": 0.41323,
    "map_at_10": 0.57272,
    "map_at_100": 0.57761,
    "map_at_1000": 0.57763,
    "map_at_3": 0.52987,
    "map_at_5": 0.55711,
    "mrr_at_1": 0.42034,
    "mrr_at_10": 0.57527,
    "mrr_at_100": 0.58015,
    "mrr_at_1000": 0.58017,
    "mrr_at_3": 0.53307,
    "mrr_at_5": 0.55928,
    "ndcg_at_1": 0.41323,
    "ndcg_at_10": 0.65475,
    "ndcg_at_100": 0.67372,
    "ndcg_at_1000": 0.6743,
    "ndcg_at_3": 0.56838,
    "ndcg_at_5": 0.61738,
    "precision_at_1": 0.41323,
    "precision_at_10": 0.09132,
    "precision_at_100": 0.00992,
    "precision_at_1000": 0.001,
    "precision_at_3": 0.22665,
    "precision_at_5": 0.15974,
    "recall_at_1": 0.41323,
    "recall_at_10": 0.91323,
    "recall_at_100": 0.99218,
    "recall_at_1000": 0.99644,
    "recall_at_3": 0.67994,
    "recall_at_5": 0.79872
  }
}