{
  "dataset_revision": null,
  "mteb_dataset_name": "CQADupstackStatsRetrieval",
  "mteb_version": "1.1.2",
  "test": {
    "evaluation_time": 24.24,
    "map_at_1": 0.2736,
    "map_at_10": 0.35062,
    "map_at_100": 0.36016,
    "map_at_1000": 0.36115,
    "map_at_3": 0.3282,
    "map_at_5": 0.34177,
    "mrr_at_1": 0.30982,
    "mrr_at_10": 0.38145,
    "mrr_at_100": 0.38946,
    "mrr_at_1000": 0.39011,
    "mrr_at_3": 0.36094,
    "mrr_at_5": 0.37421,
    "ndcg_at_1": 0.30982,
    "ndcg_at_10": 0.39378,
    "ndcg_at_100": 0.44122,
    "ndcg_at_1000": 0.46552,
    "ndcg_at_3": 0.35382,
    "ndcg_at_5": 0.37565,
    "precision_at_1": 0.30982,
    "precision_at_10": 0.06074,
    "precision_at_100": 0.00925,
    "precision_at_1000": 0.00121,
    "precision_at_3": 0.15235,
    "precision_at_5": 0.10521,
    "recall_at_1": 0.2736,
    "recall_at_10": 0.49485,
    "recall_at_100": 0.7119,
    "recall_at_1000": 0.89136,
    "recall_at_3": 0.3863,
    "recall_at_5": 0.44199
  }
}