{
  "dataset_revision": null,
  "mteb_dataset_name": "SCIDOCS",
  "mteb_version": "1.1.2",
  "test": {
    "evaluation_time": 12.68,
    "map_at_1": 0.04723,
    "map_at_10": 0.13166,
    "map_at_100": 0.15884,
    "map_at_1000": 0.16273,
    "map_at_3": 0.0901,
    "map_at_5": 0.11014,
    "mrr_at_1": 0.233,
    "mrr_at_10": 0.35825,
    "mrr_at_100": 0.37056,
    "mrr_at_1000": 0.37089,
    "mrr_at_3": 0.32067,
    "mrr_at_5": 0.34307,
    "ndcg_at_1": 0.233,
    "ndcg_at_10": 0.22091,
    "ndcg_at_100": 0.31994,
    "ndcg_at_1000": 0.38052,
    "ndcg_at_3": 0.20156,
    "ndcg_at_5": 0.17979,
    "precision_at_1": 0.233,
    "precision_at_10": 0.1185,
    "precision_at_100": 0.02605,
    "precision_at_1000": 0.00405,
    "precision_at_3": 0.192,
    "precision_at_5": 0.1622,
    "recall_at_1": 0.04723,
    "recall_at_10": 0.23997,
    "recall_at_100": 0.52897,
    "recall_at_1000": 0.82258,
    "recall_at_3": 0.11658,
    "recall_at_5": 0.16437
  }
}