{
  "dataset_revision": "ae752c7c21bf194d8b67fd573edf7ae58183cbe3",
  "mteb_dataset_name": "STS15",
  "mteb_version": "1.1.2",
  "test": {
    "cos_sim": {
      "pearson": 0.8883962506279786,
      "spearman": 0.894810497654876
    },
    "euclidean": {
      "pearson": 0.8872518217370418,
      "spearman": 0.894810497654876
    },
    "evaluation_time": 0.45,
    "manhattan": {
      "pearson": 0.8862343988609307,
      "spearman": 0.893913083371832
    }
  }
}