{
  "dataset_revision": "70970daeab8776df92f5ea462b6173c0b46fd2d1",
  "mteb_dataset_name": "TwitterSemEval2015",
  "mteb_version": "1.1.2",
  "test": {
    "cos_sim": {
      "accuracy": 0.8733981045478929,
      "accuracy_threshold": 0.8555854032235097,
      "ap": 0.7852267680816493,
      "f1": 0.7124741200828159,
      "f1_threshold": 0.8370545659322349,
      "precision": 0.6990858303707466,
      "recall": 0.7263852242744063
    },
    "dot": {
      "accuracy": 0.8733981045478929,
      "accuracy_threshold": 0.8555854032235097,
      "ap": 0.7852267680816493,
      "f1": 0.7124741200828159,
      "f1_threshold": 0.8370545659322352,
      "precision": 0.6990858303707466,
      "recall": 0.7263852242744063
    },
    "euclidean": {
      "accuracy": 0.8733981045478929,
      "accuracy_threshold": 0.5374283146607235,
      "ap": 0.7852267680816493,
      "f1": 0.7124741200828159,
      "f1_threshold": 0.5708685203021793,
      "precision": 0.6990858303707466,
      "recall": 0.7263852242744063
    },
    "evaluation_time": 3.93,
    "manhattan": {
      "accuracy": 0.8711927042975502,
      "accuracy_threshold": 19.198592331644768,
      "ap": 0.7798910360594031,
      "f1": 0.7092819614711033,
      "f1_threshold": 20.49105887002407,
      "precision": 0.6743577545195052,
      "recall": 0.7480211081794196
    },
    "max": {
      "accuracy": 0.8733981045478929,
      "ap": 0.7852267680816493,
      "f1": 0.7124741200828159
    }
  }
}