{
  "dataset_revision": "1399c76144fd37290681b995c656ef9b2e06e26d",
  "mteb_dataset_name": "AmazonReviewsClassification",
  "mteb_version": "1.2.0",
  "test": {
    "en": {
      "accuracy": 0.53756,
      "accuracy_stderr": 0.011218841294893147,
      "f1": 0.5196955776905482,
      "f1_stderr": 0.018733936890632345,
      "main_score": 0.53756
    },
    "evaluation_time": 17.07
  }
}