{
  "dataset_revision": "e8379541af4e31359cca9fbcf4b00f2671dba205",
  "mteb_dataset_name": "AmazonCounterfactualClassification",
  "mteb_version": "1.1.2",
  "test": {
    "en": {
      "accuracy": 0.7780597014925373,
      "accuracy_stderr": 0.03865671641791045,
      "ap": 0.41531748626823034,
      "ap_stderr": 0.044658768300723885,
      "f1": 0.7188717913188654,
      "f1_stderr": 0.03735359642917825,
      "main_score": 0.7780597014925373
    },
    "evaluation_time": 15.21
  }
}