{
  "dataset_revision": null,
  "mteb_dataset_name": "ArguAna",
  "mteb_version": "1.1.2",
  "test": {
    "evaluation_time": 19.34,
    "map_at_1": 0.36984,
    "map_at_10": 0.53972,
    "map_at_100": 0.54545,
    "map_at_1000": 0.54548,
    "map_at_3": 0.49443,
    "map_at_5": 0.52448,
    "mrr_at_1": 0.37838,
    "mrr_at_10": 0.54303,
    "mrr_at_100": 0.54877,
    "mrr_at_1000": 0.54879,
    "mrr_at_3": 0.49727,
    "mrr_at_5": 0.52743,
    "ndcg_at_1": 0.36984,
    "ndcg_at_10": 0.62662,
    "ndcg_at_100": 0.64891,
    "ndcg_at_1000": 0.64941,
    "ndcg_at_3": 0.5353,
    "ndcg_at_5": 0.58977,
    "precision_at_1": 0.36984,
    "precision_at_10": 0.09004,
    "precision_at_100": 0.00993,
    "precision_at_1000": 0.001,
    "precision_at_3": 0.21788,
    "precision_at_5": 0.15733,
    "recall_at_1": 0.36984,
    "recall_at_10": 0.90043,
    "recall_at_100": 0.99289,
    "recall_at_1000": 0.99644,
    "recall_at_3": 0.65363,
    "recall_at_5": 0.78663
  }
}