{
  "dataset_revision": "46989137a86843e03a6195de44b09deda022eec7",
  "mteb_dataset_name": "CQADupstackTexRetrieval",
  "mteb_version": "1.2.0",
  "test": {
    "evaluation_time": 102.42,
    "map_at_1": 0.20831,
    "map_at_10": 0.29064,
    "map_at_100": 0.30295,
    "map_at_1000": 0.30423,
    "map_at_3": 0.26381,
    "map_at_5": 0.2784,
    "mrr_at_1": 0.25155,
    "mrr_at_10": 0.33142,
    "mrr_at_100": 0.341,
    "mrr_at_1000": 0.34173,
    "mrr_at_3": 0.30758,
    "mrr_at_5": 0.32068,
    "ndcg_at_1": 0.25155,
    "ndcg_at_10": 0.3415,
    "ndcg_at_100": 0.3974,
    "ndcg_at_1000": 0.42439,
    "ndcg_at_3": 0.29448,
    "ndcg_at_5": 0.31558,
    "precision_at_1": 0.25155,
    "precision_at_10": 0.06187,
    "precision_at_100": 0.01062,
    "precision_at_1000": 0.00147,
    "precision_at_3": 0.13833,
    "precision_at_5": 0.1,
    "recall_at_1": 0.20831,
    "recall_at_10": 0.45291,
    "recall_at_100": 0.70059,
    "recall_at_1000": 0.88862,
    "recall_at_3": 0.32052,
    "recall_at_5": 0.3746
  }
}