{
  "dataset_revision": "ae752c7c21bf194d8b67fd573edf7ae58183cbe3",
  "mteb_dataset_name": "STS15",
  "mteb_version": "1.2.0",
  "test": {
    "cos_sim": {
      "pearson": 0.8950862227098204,
      "spearman": 0.9019113936561547
    },
    "euclidean": {
      "pearson": 0.894787773456044,
      "spearman": 0.9019113936561547
    },
    "evaluation_time": 2.2,
    "manhattan": {
      "pearson": 0.8954295816219491,
      "spearman": 0.9026505340803931
    }
  }
}