{
  "dataset_revision": "4d8694f8f0e0100860b497b999b3dbed754a0513",
  "mteb_dataset_name": "STS16",
  "mteb_version": "1.2.0",
  "test": {
    "cos_sim": {
      "pearson": 0.8629960470624394,
      "spearman": 0.8759885399225414
    },
    "euclidean": {
      "pearson": 0.8691043509098467,
      "spearman": 0.8759885399225414
    },
    "evaluation_time": 0.15,
    "manhattan": {
      "pearson": 0.8689770508432686,
      "spearman": 0.875587842904139
    }
  }
}