{
  "dataset_revision": "eea2b4fe26a775864c896887d910b76a8098ad3f",
  "mteb_dataset_name": "STS22",
  "mteb_version": "1.2.0",
  "test": {
    "en": {
      "cos_sim": {
        "pearson": 0.6834983923027987,
        "spearman": 0.683124658737391
      },
      "euclidean": {
        "pearson": 0.7001547136579196,
        "spearman": 0.683124658737391
      },
      "manhattan": {
        "pearson": 0.6981798409030401,
        "spearman": 0.6816328447466368
      }
    },
    "evaluation_time": 0.1
  }
}