{
  "dataset_revision": "0fd18e25b25c072e09e0d92ab615fda904d66300",
  "mteb_dataset_name": "Banking77Classification",
  "mteb_version": "1.1.2",
  "test": {
    "accuracy": 0.8467857142857144,
    "accuracy_stderr": 0.00434009671948581,
    "evaluation_time": 11.4,
    "f1": 0.8402107881971743,
    "f1_stderr": 0.005461485602368825,
    "main_score": 0.8467857142857144
  }
}