{
  "dataset_revision": null,
  "mteb_dataset_name": "SciFact",
  "mteb_version": "1.1.2",
  "test": {
    "evaluation_time": 0.43,
    "map_at_1": 0.57928,
    "map_at_10": 0.67565,
    "map_at_100": 0.6828,
    "map_at_1000": 0.68305,
    "map_at_3": 0.65033,
    "map_at_5": 0.66522,
    "mrr_at_1": 0.60667,
    "mrr_at_10": 0.68619,
    "mrr_at_100": 0.69171,
    "mrr_at_1000": 0.69195,
    "mrr_at_3": 0.66667,
    "mrr_at_5": 0.67917,
    "ndcg_at_1": 0.60667,
    "ndcg_at_10": 0.71727,
    "ndcg_at_100": 0.74519,
    "ndcg_at_1000": 0.7514,
    "ndcg_at_3": 0.67561,
    "ndcg_at_5": 0.69743,
    "precision_at_1": 0.60667,
    "precision_at_10": 0.094,
    "precision_at_100": 0.0108,
    "precision_at_1000": 0.00113,
    "precision_at_3": 0.26333,
    "precision_at_5": 0.17267,
    "recall_at_1": 0.57928,
    "recall_at_10": 0.83189,
    "recall_at_100": 0.95167,
    "recall_at_1000": 1.0,
    "recall_at_3": 0.722,
    "recall_at_5": 0.77667
  }
}