{
  "dataset_revision": "ae752c7c21bf194d8b67fd573edf7ae58183cbe3",
  "mteb_dataset_name": "STS15",
  "mteb_version": "1.1.2",
  "test": {
    "cos_sim": {
      "pearson": 0.8676165427227677,
      "spearman": 0.8836440310437312
    },
    "euclidean": {
      "pearson": 0.8849987129616061,
      "spearman": 0.8887139946803007
    },
    "evaluation_time": 0.15,
    "manhattan": {
      "pearson": 0.8824225080032184,
      "spearman": 0.8867030944444525
    }
  }
}