{
  "dataset_revision": "70970daeab8776df92f5ea462b6173c0b46fd2d1",
  "mteb_dataset_name": "TwitterSemEval2015",
  "mteb_version": "1.1.2",
  "test": {
    "cos_sim": {
      "accuracy": 0.8740537640817786,
      "accuracy_threshold": 0.7479025975121836,
      "ap": 0.7737731617718968,
      "f1": 0.7111053248274963,
      "f1_threshold": 0.7236036107812134,
      "precision": 0.7018761243896171,
      "recall": 0.720580474934037
    },
    "dot": {
      "accuracy": 0.8478273827263515,
      "accuracy_threshold": 0.29427476696792343,
      "ap": 0.6915380576285134,
      "f1": 0.6567057136026775,
      "f1_threshold": 0.2699656685162449,
      "precision": 0.6003059440559441,
      "recall": 0.724802110817942
    },
    "euclidean": {
      "accuracy": 0.8715503367705788,
      "accuracy_threshold": 0.4350103219932781,
      "ap": 0.766108774736393,
      "f1": 0.7035723334177857,
      "f1_threshold": 0.46957606455651435,
      "precision": 0.6766569200779727,
      "recall": 0.7327176781002639
    },
    "evaluation_time": 0.87,
    "manhattan": {
      "accuracy": 0.8705370447636646,
      "accuracy_threshold": 5.351150029344189,
      "ap": 0.7663278145229064,
      "f1": 0.7065534624568851,
      "f1_threshold": 5.594851167419828,
      "precision": 0.71051227321238,
      "recall": 0.7026385224274406
    },
    "max": {
      "accuracy": 0.8740537640817786,
      "ap": 0.7737731617718968,
      "f1": 0.7111053248274963
    }
  }
}