{
  "dataset_revision": "4d8694f8f0e0100860b497b999b3dbed754a0513",
  "mteb_dataset_name": "STS16",
  "mteb_version": "1.1.2",
  "test": {
    "cos_sim": {
      "pearson": 0.8301990989760197,
      "spearman": 0.8444367837031949
    },
    "euclidean": {
      "pearson": 0.8626803490681818,
      "spearman": 0.8690875564284652
    },
    "evaluation_time": 0.13,
    "manhattan": {
      "pearson": 0.8534294528176567,
      "spearman": 0.8617379212813768
    }
  }
}