{
  "dataset_revision": "4d8694f8f0e0100860b497b999b3dbed754a0513",
  "mteb_dataset_name": "STS16",
  "mteb_version": "1.2.0",
  "test": {
    "cos_sim": {
      "pearson": 0.8457982360349638,
      "spearman": 0.8558476918935233
    },
    "euclidean": {
      "pearson": 0.847708408863012,
      "spearman": 0.8542853974664082
    },
    "evaluation_time": 0.03,
    "manhattan": {
      "pearson": 0.7842919797449679,
      "spearman": 0.7854814091810998
    }
  }
}