{
  "dataset_revision": "b0fddb56ed78048fa8b90373c8a3cfc37b684831",
  "mteb_dataset_name": "STSBenchmark",
  "mteb_version": "1.2.0",
  "test": {
    "cos_sim": {
      "pearson": 0.882244996481137,
      "spearman": 0.8944972289446032
    },
    "euclidean": {
      "pearson": 0.8916351206101272,
      "spearman": 0.8944972289446032
    },
    "evaluation_time": 0.39,
    "manhattan": {
      "pearson": 0.8915910518146742,
      "spearman": 0.8941732988707954
    }
  }
}