{
  "dataset_revision": "c22ab2a51041ffd869aaddef7af8d8215647e41a",
  "mteb_dataset_name": "ArguAna",
  "mteb_version": "1.2.0",
  "test": {
    "evaluation_time": 1.83,
    "map_at_1": 0.22191,
    "map_at_10": 0.38007,
    "map_at_100": 0.39152,
    "map_at_1000": 0.39162,
    "map_at_3": 0.32266,
    "map_at_5": 0.3552,
    "mrr_at_1": 0.22688,
    "mrr_at_10": 0.38208,
    "mrr_at_100": 0.39354,
    "mrr_at_1000": 0.39363,
    "mrr_at_3": 0.32397,
    "mrr_at_5": 0.35722,
    "ndcg_at_1": 0.22191,
    "ndcg_at_10": 0.47517,
    "ndcg_at_100": 0.52195,
    "ndcg_at_1000": 0.52396,
    "ndcg_at_3": 0.35645,
    "ndcg_at_5": 0.41506,
    "precision_at_1": 0.22191,
    "precision_at_10": 0.07824,
    "precision_at_100": 0.00982,
    "precision_at_1000": 0.001,
    "precision_at_3": 0.15149,
    "precision_at_5": 0.11935,
    "recall_at_1": 0.22191,
    "recall_at_10": 0.78236,
    "recall_at_100": 0.98151,
    "recall_at_1000": 0.99644,
    "recall_at_3": 0.45448,
    "recall_at_5": 0.59673
  }
}