{
  "dataset_revision": "7e90230a92c190f1bf69ae9002b8cea547a64cca",
  "mteb_dataset_name": "STS13",
  "mteb_version": "1.2.0",
  "test": {
    "cos_sim": {
      "pearson": 0.8405463698515063,
      "spearman": 0.8468500135250248
    },
    "euclidean": {
      "pearson": 0.8509070906435117,
      "spearman": 0.8530516752571228
    },
    "evaluation_time": 0.02,
    "manhattan": {
      "pearson": 0.8448622623694583,
      "spearman": 0.8475410701697487
    }
  }
}