{
  "dataset_revision": "70970daeab8776df92f5ea462b6173c0b46fd2d1",
  "mteb_dataset_name": "TwitterSemEval2015",
  "mteb_version": "1.2.0",
  "test": {
    "cos_sim": {
      "accuracy": 0.8707158610001788,
      "accuracy_threshold": 0.7511254470669203,
      "ap": 0.7649298937016521,
      "f1": 0.7096378146101904,
      "f1_threshold": 0.7069830386432152,
      "precision": 0.6636050516647531,
      "recall": 0.762532981530343
    },
    "dot": {
      "accuracy": 0.8416880252726947,
      "accuracy_threshold": 0.2552476716960821,
      "ap": 0.6772870426278633,
      "f1": 0.6523832450649975,
      "f1_threshold": 0.23242127116006084,
      "precision": 0.5998229305002213,
      "recall": 0.7150395778364116
    },
    "euclidean": {
      "accuracy": 0.8666626929725219,
      "accuracy_threshold": 0.4045350531151939,
      "ap": 0.755072467725995,
      "f1": 0.7004300047778309,
      "f1_threshold": 0.44673144361026484,
      "precision": 0.6398952422522916,
      "recall": 0.7736147757255937
    },
    "evaluation_time": 1.04,
    "manhattan": {
      "accuracy": 0.8667222983846933,
      "accuracy_threshold": 4.894236490714772,
      "ap": 0.7541246964016844,
      "f1": 0.6983170057774428,
      "f1_threshold": 5.356342412301264,
      "precision": 0.6663470757430489,
      "recall": 0.7335092348284961
    },
    "max": {
      "accuracy": 0.8707158610001788,
      "ap": 0.7649298937016521,
      "f1": 0.7096378146101904
    }
  }
}