{
  "dataset_revision": "eea2b4fe26a775864c896887d910b76a8098ad3f",
  "mteb_dataset_name": "STS22",
  "mteb_version": "1.2.0",
  "test": {
    "en": {
      "cos_sim": {
        "pearson": 0.6850206916559899,
        "spearman": 0.6864346464626492
      },
      "euclidean": {
        "pearson": 0.701913103024713,
        "spearman": 0.6864346464626492
      },
      "manhattan": {
        "pearson": 0.7021526488547585,
        "spearman": 0.6852553565157844
      }
    },
    "evaluation_time": 0.17
  }
}