{
  "dataset_revision": "e8379541af4e31359cca9fbcf4b00f2671dba205",
  "mteb_dataset_name": "AmazonCounterfactualClassification",
  "mteb_version": "1.1.2",
  "test": {
    "en": {
      "accuracy": 0.7698507462686567,
      "accuracy_stderr": 0.0376569264255477,
      "ap": 0.402940377740632,
      "ap_stderr": 0.04322494379437094,
      "f1": 0.7096862860419009,
      "f1_stderr": 0.03674480344045598,
      "main_score": 0.7698507462686567
    },
    "evaluation_time": 1.07
  }
}