{
  "dataset_revision": "6031580fec1f6af667f0bd2da0a551cf4f0b2375",
  "mteb_dataset_name": "STS14",
  "mteb_version": "1.1.2",
  "test": {
    "cos_sim": {
      "pearson": 0.8632842129022212,
      "spearman": 0.8300620930566244
    },
    "euclidean": {
      "pearson": 0.8638959897168587,
      "spearman": 0.8455638895355448
    },
    "evaluation_time": 0.66,
    "manhattan": {
      "pearson": 0.8354720834160606,
      "spearman": 0.8262052303653414
    }
  }
}