{
  "dataset_revision": null,
  "mteb_dataset_name": "SciFact",
  "mteb_version": "1.1.2",
  "test": {
    "evaluation_time": 0.58,
    "map_at_1": 0.60761,
    "map_at_10": 0.70445,
    "map_at_100": 0.70916,
    "map_at_1000": 0.70934,
    "map_at_3": 0.67191,
    "map_at_5": 0.69177,
    "mrr_at_1": 0.63667,
    "mrr_at_10": 0.71411,
    "mrr_at_100": 0.71777,
    "mrr_at_1000": 0.71794,
    "mrr_at_3": 0.69,
    "mrr_at_5": 0.70533,
    "ndcg_at_1": 0.63667,
    "ndcg_at_10": 0.74962,
    "ndcg_at_100": 0.77008,
    "ndcg_at_1000": 0.77393,
    "ndcg_at_3": 0.69543,
    "ndcg_at_5": 0.72467,
    "precision_at_1": 0.63667,
    "precision_at_10": 0.09967,
    "precision_at_100": 0.011,
    "precision_at_1000": 0.00113,
    "precision_at_3": 0.26778,
    "precision_at_5": 0.18067,
    "recall_at_1": 0.60761,
    "recall_at_10": 0.87822,
    "recall_at_100": 0.97167,
    "recall_at_1000": 1.0,
    "recall_at_3": 0.73589,
    "recall_at_5": 0.80661
  }
}