{
  "dataset_revision": "7e90230a92c190f1bf69ae9002b8cea547a64cca",
  "mteb_dataset_name": "STS13",
  "mteb_version": "1.1.2",
  "test": {
    "cos_sim": {
      "pearson": 0.8747075277240538,
      "spearman": 0.878029843387854
    },
    "euclidean": {
      "pearson": 0.8779701629567104,
      "spearman": 0.8869326139463348
    },
    "evaluation_time": 0.14,
    "manhattan": {
      "pearson": 0.852877885965218,
      "spearman": 0.8590510612304489
    }
  }
}