{
  "dataset_revision": "af5e6fb845001ecf41f4c1e033ce921939a2a68d",
  "mteb_dataset_name": "STS17",
  "mteb_version": "1.1.2",
  "test": {
    "en-en": {
      "cos_sim": {
        "pearson": 0.9028592551193845,
        "spearman": 0.9017082039919663
      },
      "euclidean": {
        "pearson": 0.8987687069872444,
        "spearman": 0.8942712839183393
      },
      "manhattan": {
        "pearson": 0.8738303830374288,
        "spearman": 0.8621165124210063
      }
    },
    "evaluation_time": 0.04
  }
}