{
  "dataset_revision": "a0d554a64d88156834ff5ae9920b964011b16384",
  "mteb_dataset_name": "STS12",
  "mteb_version": "1.1.2",
  "test": {
    "cos_sim": {
      "pearson": 0.8366609363970673,
      "spearman": 0.7417314843946644
    },
    "euclidean": {
      "pearson": 0.8489874417994976,
      "spearman": 0.7681048383712898
    },
    "evaluation_time": 0.34,
    "manhattan": {
      "pearson": 0.837730176306298,
      "spearman": 0.7664674605023397
    }
  }
}