{
  "dataset_revision": "4d8694f8f0e0100860b497b999b3dbed754a0513",
  "mteb_dataset_name": "STS16",
  "mteb_version": "1.1.2",
  "test": {
    "cos_sim": {
      "pearson": 0.8187993136400766,
      "spearman": 0.8421217759064686
    },
    "euclidean": {
      "pearson": 0.8551184578953479,
      "spearman": 0.8589385038147637
    },
    "evaluation_time": 0.14,
    "manhattan": {
      "pearson": 0.8552163937769417,
      "spearman": 0.8591843406368308
    }
  }
}