{
  "dataset_revision": "0fd18e25b25c072e09e0d92ab615fda904d66300",
  "mteb_dataset_name": "Banking77Classification",
  "mteb_version": "1.1.2",
  "test": {
    "accuracy": 0.836948051948052,
    "accuracy_stderr": 0.005658672708840081,
    "evaluation_time": 11.83,
    "f1": 0.82993666427632,
    "f1_stderr": 0.006482104934881924,
    "main_score": 0.836948051948052
  }
}