{
  "dataset_revision": "4f58c6b202a23cf9a4da393831edf4f9183cad37",
  "mteb_dataset_name": "EmotionClassification",
  "mteb_version": "1.1.2",
  "test": {
    "accuracy": 0.5595999999999999,
    "accuracy_stderr": 0.020609221237106453,
    "evaluation_time": 1.0,
    "f1": 0.49520958350069855,
    "f1_stderr": 0.010595835250181377,
    "main_score": 0.5595999999999999
  }
}