{
  "dataset_revision": null,
  "mteb_dataset_name": "SciFact",
  "mteb_version": "1.1.2",
  "test": {
    "evaluation_time": 0.84,
    "map_at_1": 0.60761,
    "map_at_10": 0.7048,
    "map_at_100": 0.70906,
    "map_at_1000": 0.70926,
    "map_at_3": 0.67302,
    "map_at_5": 0.69234,
    "mrr_at_1": 0.63667,
    "mrr_at_10": 0.71477,
    "mrr_at_100": 0.71805,
    "mrr_at_1000": 0.71824,
    "mrr_at_3": 0.69111,
    "mrr_at_5": 0.70628,
    "ndcg_at_1": 0.63667,
    "ndcg_at_10": 0.75148,
    "ndcg_at_100": 0.76989,
    "ndcg_at_1000": 0.77422,
    "ndcg_at_3": 0.69789,
    "ndcg_at_5": 0.72678,
    "precision_at_1": 0.63667,
    "precision_at_10": 0.10033,
    "precision_at_100": 0.01097,
    "precision_at_1000": 0.00113,
    "precision_at_3": 0.27,
    "precision_at_5": 0.182,
    "recall_at_1": 0.60761,
    "recall_at_10": 0.88489,
    "recall_at_100": 0.96833,
    "recall_at_1000": 1.0,
    "recall_at_3": 0.74256,
    "recall_at_5": 0.81328
  }
}