{
  "dataset_revision": "eea2b4fe26a775864c896887d910b76a8098ad3f",
  "mteb_dataset_name": "STS22",
  "mteb_version": "1.1.2",
  "test": {
    "en": {
      "cos_sim": {
        "pearson": 0.6892110636705627,
        "spearman": 0.6957664190856663
      },
      "euclidean": {
        "pearson": 0.7111387729237683,
        "spearman": 0.7018052951420753
      },
      "manhattan": {
        "pearson": 0.708649738060839,
        "spearman": 0.6910012412810471
      }
    },
    "evaluation_time": 0.07
  }
}