{
  "dataset_revision": null,
  "mteb_dataset_name": "ArguAna",
  "mteb_version": "1.1.2",
  "test": {
    "evaluation_time": 1.8,
    "map_at_1": 0.31579,
    "map_at_10": 0.48594,
    "map_at_100": 0.49339,
    "map_at_1000": 0.49342,
    "map_at_3": 0.438,
    "map_at_5": 0.46699,
    "mrr_at_1": 0.32219,
    "mrr_at_10": 0.48815,
    "mrr_at_100": 0.49567,
    "mrr_at_1000": 0.4957,
    "mrr_at_3": 0.44014,
    "mrr_at_5": 0.4688,
    "ndcg_at_1": 0.31579,
    "ndcg_at_10": 0.57689,
    "ndcg_at_100": 0.60655,
    "ndcg_at_1000": 0.6074,
    "ndcg_at_3": 0.47887,
    "ndcg_at_5": 0.53106,
    "precision_at_1": 0.31579,
    "precision_at_10": 0.08656,
    "precision_at_100": 0.0099,
    "precision_at_1000": 0.001,
    "precision_at_3": 0.19915,
    "precision_at_5": 0.14481,
    "recall_at_1": 0.31579,
    "recall_at_10": 0.86558,
    "recall_at_100": 0.99004,
    "recall_at_1000": 0.99644,
    "recall_at_3": 0.59744,
    "recall_at_5": 0.72404
  }
}