{
  "dataset_revision": "4f58c6b202a23cf9a4da393831edf4f9183cad37",
  "mteb_dataset_name": "EmotionClassification",
  "mteb_version": "1.1.2",
  "test": {
    "accuracy": 0.5398999999999999,
    "accuracy_stderr": 0.024683800355698882,
    "evaluation_time": 1.15,
    "f1": 0.47637177671225955,
    "f1_stderr": 0.014694726906431975,
    "main_score": 0.5398999999999999
  }
}