{
  "dataset_revision": "af5e6fb845001ecf41f4c1e033ce921939a2a68d",
  "mteb_dataset_name": "STS17",
  "mteb_version": "1.1.2",
  "test": {
    "en-en": {
      "cos_sim": {
        "pearson": 0.9016882817918903,
        "spearman": 0.9039254032985607
      },
      "euclidean": {
        "pearson": 0.9083827799554678,
        "spearman": 0.9036655512300347
      },
      "manhattan": {
        "pearson": 0.8974280979515016,
        "spearman": 0.8919149330602563
      }
    },
    "evaluation_time": 0.03
  }
}