{
  "dataset_revision": "a0d554a64d88156834ff5ae9920b964011b16384",
  "mteb_dataset_name": "STS12",
  "mteb_version": "1.2.0",
  "test": {
    "cos_sim": {
      "pearson": 0.852205391305382,
      "spearman": 0.7630545058860697
    },
    "euclidean": {
      "pearson": 0.8440073634807956,
      "spearman": 0.7907845528729571
    },
    "evaluation_time": 0.25,
    "manhattan": {
      "pearson": 0.7927955475472512,
      "spearman": 0.779560887501961
    }
  }
}