{
  "dataset_revision": "b0fddb56ed78048fa8b90373c8a3cfc37b684831",
  "mteb_dataset_name": "STSBenchmark",
  "mteb_version": "1.2.0",
  "test": {
    "cos_sim": {
      "pearson": 0.8789333192402888,
      "spearman": 0.8809778088237366
    },
    "euclidean": {
      "pearson": 0.8844907201282527,
      "spearman": 0.8894414091690515
    },
    "evaluation_time": 0.13,
    "manhattan": {
      "pearson": 0.8532088733001428,
      "spearman": 0.8614361756315283
    }
  }
}