{
  "dataset_revision": "ae752c7c21bf194d8b67fd573edf7ae58183cbe3",
  "mteb_dataset_name": "STS15",
  "mteb_version": "1.1.2",
  "test": {
    "cos_sim": {
      "pearson": 0.8783654395113871,
      "spearman": 0.8886228108034818
    },
    "euclidean": {
      "pearson": 0.8908531881261965,
      "spearman": 0.8969629489111852
    },
    "evaluation_time": 0.67,
    "manhattan": {
      "pearson": 0.8721628560040248,
      "spearman": 0.8822801044439709
    }
  }
}