{
  "dataset_revision": "af5e6fb845001ecf41f4c1e033ce921939a2a68d",
  "mteb_dataset_name": "STS17",
  "mteb_version": "1.1.2",
  "test": {
    "en-en": {
      "cos_sim": {
        "pearson": 0.9023540519583985,
        "spearman": 0.90374973407472
      },
      "euclidean": {
        "pearson": 0.9022996176107011,
        "spearman": 0.8975336574473035
      },
      "manhattan": {
        "pearson": 0.8831023810967532,
        "spearman": 0.8758625330874095
      }
    },
    "evaluation_time": 0.09
  }
}