{
  "dataset_revision": null,
  "mteb_dataset_name": "SciFact",
  "mteb_version": "1.1.2",
  "test": {
    "evaluation_time": 0.66,
    "map_at_1": 0.59761,
    "map_at_10": 0.68327,
    "map_at_100": 0.68928,
    "map_at_1000": 0.68949,
    "map_at_3": 0.65781,
    "map_at_5": 0.67073,
    "mrr_at_1": 0.62333,
    "mrr_at_10": 0.6929,
    "mrr_at_100": 0.69725,
    "mrr_at_1000": 0.69745,
    "mrr_at_3": 0.67333,
    "mrr_at_5": 0.684,
    "ndcg_at_1": 0.62333,
    "ndcg_at_10": 0.72432,
    "ndcg_at_100": 0.74898,
    "ndcg_at_1000": 0.75474,
    "ndcg_at_3": 0.67944,
    "ndcg_at_5": 0.69809,
    "precision_at_1": 0.62333,
    "precision_at_10": 0.095,
    "precision_at_100": 0.0108,
    "precision_at_1000": 0.00113,
    "precision_at_3": 0.26222,
    "precision_at_5": 0.17,
    "recall_at_1": 0.59761,
    "recall_at_10": 0.84189,
    "recall_at_100": 0.95167,
    "recall_at_1000": 0.99667,
    "recall_at_3": 0.7135,
    "recall_at_5": 0.76444
  }
}