{
  "dataset_revision": "b0fddb56ed78048fa8b90373c8a3cfc37b684831",
  "mteb_dataset_name": "STSBenchmark",
  "mteb_version": "1.1.2",
  "test": {
    "cos_sim": {
      "pearson": 0.8620226392334247,
      "spearman": 0.875807441821392
    },
    "euclidean": {
      "pearson": 0.8810538056690933,
      "spearman": 0.884112584215179
    },
    "evaluation_time": 0.16,
    "manhattan": {
      "pearson": 0.8849931411804045,
      "spearman": 0.8839541835315375
    }
  }
}