{
  "dataset_revision": "eea2b4fe26a775864c896887d910b76a8098ad3f",
  "mteb_dataset_name": "STS22",
  "mteb_version": "1.1.2",
  "test": {
    "en": {
      "cos_sim": {
        "pearson": 0.6796747737621444,
        "spearman": 0.6977685262418343
      },
      "euclidean": {
        "pearson": 0.7083853936331288,
        "spearman": 0.7010077077383986
      },
      "manhattan": {
        "pearson": 0.7145275462987755,
        "spearman": 0.7075471105838497
      }
    },
    "evaluation_time": 0.06
  }
}