{
  "dataset_revision": "ae752c7c21bf194d8b67fd573edf7ae58183cbe3",
  "mteb_dataset_name": "STS15",
  "mteb_version": "1.1.2",
  "test": {
    "cos_sim": {
      "pearson": 0.877219121931117,
      "spearman": 0.8876331260806286
    },
    "euclidean": {
      "pearson": 0.8903529742748184,
      "spearman": 0.8966123287135055
    },
    "evaluation_time": 0.28,
    "manhattan": {
      "pearson": 0.8735539098306511,
      "spearman": 0.8834553427631872
    }
  }
}