{
  "dataset_revision": null,
  "mteb_dataset_name": "ArguAna",
  "mteb_version": "1.1.2",
  "test": {
    "evaluation_time": 1.85,
    "map_at_1": 0.32575,
    "map_at_10": 0.49647,
    "map_at_100": 0.50327,
    "map_at_1000": 0.50332,
    "map_at_3": 0.44927,
    "map_at_5": 0.47732,
    "mrr_at_1": 0.33215,
    "mrr_at_10": 0.49903,
    "mrr_at_100": 0.50584,
    "mrr_at_1000": 0.50588,
    "mrr_at_3": 0.45175,
    "mrr_at_5": 0.48003,
    "ndcg_at_1": 0.32575,
    "ndcg_at_10": 0.5873,
    "ndcg_at_100": 0.61464,
    "ndcg_at_1000": 0.61552,
    "ndcg_at_3": 0.49121,
    "ndcg_at_5": 0.54168,
    "precision_at_1": 0.32575,
    "precision_at_10": 0.08748,
    "precision_at_100": 0.0099,
    "precision_at_1000": 0.001,
    "precision_at_3": 0.20436,
    "precision_at_5": 0.14708,
    "recall_at_1": 0.32575,
    "recall_at_10": 0.87482,
    "recall_at_100": 0.99004,
    "recall_at_1000": 0.99644,
    "recall_at_3": 0.61309,
    "recall_at_5": 0.73542
  }
}