{
  "dataset_revision": "4f58c6b202a23cf9a4da393831edf4f9183cad37",
  "mteb_dataset_name": "EmotionClassification",
  "mteb_version": "1.1.2",
  "test": {
    "accuracy": 0.5515999999999999,
    "accuracy_stderr": 0.02345079955992971,
    "evaluation_time": 0.69,
    "f1": 0.4907106070010716,
    "f1_stderr": 0.014174390543650847,
    "main_score": 0.5515999999999999
  }
}