{
  "dataset_revision": null,
  "mteb_dataset_name": "ArguAna",
  "mteb_version": "1.1.2",
  "test": {
    "evaluation_time": 2.47,
    "map_at_1": 0.3926,
    "map_at_10": 0.55749,
    "map_at_100": 0.56257,
    "map_at_1000": 0.56261,
    "map_at_3": 0.51292,
    "map_at_5": 0.54123,
    "mrr_at_1": 0.40043,
    "mrr_at_10": 0.56022,
    "mrr_at_100": 0.56536,
    "mrr_at_1000": 0.5654,
    "mrr_at_3": 0.51624,
    "mrr_at_5": 0.54401,
    "ndcg_at_1": 0.3926,
    "ndcg_at_10": 0.64236,
    "ndcg_at_100": 0.66208,
    "ndcg_at_1000": 0.66277,
    "ndcg_at_3": 0.55284,
    "ndcg_at_5": 0.60368,
    "precision_at_1": 0.3926,
    "precision_at_10": 0.09097,
    "precision_at_100": 0.00991,
    "precision_at_1000": 0.001,
    "precision_at_3": 0.22285,
    "precision_at_5": 0.15832,
    "recall_at_1": 0.3926,
    "recall_at_10": 0.90967,
    "recall_at_100": 0.99147,
    "recall_at_1000": 0.99644,
    "recall_at_3": 0.66856,
    "recall_at_5": 0.79161
  }
}