{
  "dataset_revision": "7e90230a92c190f1bf69ae9002b8cea547a64cca",
  "mteb_dataset_name": "STS13",
  "mteb_version": "1.1.2",
  "test": {
    "cos_sim": {
      "pearson": 0.8767816321768027,
      "spearman": 0.8814584345819362
    },
    "euclidean": {
      "pearson": 0.8908631459400185,
      "spearman": 0.89822721100548
    },
    "evaluation_time": 0.32,
    "manhattan": {
      "pearson": 0.8681915101412213,
      "spearman": 0.874499384732245
    }
  }
}