{
  "dataset_revision": "90fceea13679c63fe563ded68f3b6f06e50061de",
  "mteb_dataset_name": "CQADupstackMathematicaRetrieval",
  "mteb_version": "1.2.0",
  "test": {
    "evaluation_time": 4.69,
    "map_at_1": 0.18496,
    "map_at_10": 0.28057,
    "map_at_100": 0.29402,
    "map_at_1000": 0.29515,
    "map_at_3": 0.24986,
    "map_at_5": 0.26587,
    "mrr_at_1": 0.22761,
    "mrr_at_10": 0.32919,
    "mrr_at_100": 0.33843,
    "mrr_at_1000": 0.33906,
    "mrr_at_3": 0.29954,
    "mrr_at_5": 0.31633,
    "ndcg_at_1": 0.22761,
    "ndcg_at_10": 0.34147,
    "ndcg_at_100": 0.40107,
    "ndcg_at_1000": 0.42657,
    "ndcg_at_3": 0.28522,
    "ndcg_at_5": 0.30967,
    "precision_at_1": 0.22761,
    "precision_at_10": 0.06555,
    "precision_at_100": 0.011,
    "precision_at_1000": 0.00144,
    "precision_at_3": 0.14179,
    "precision_at_5": 0.10348,
    "recall_at_1": 0.18496,
    "recall_at_10": 0.47907,
    "recall_at_100": 0.73377,
    "recall_at_1000": 0.91493,
    "recall_at_3": 0.32317,
    "recall_at_5": 0.38541
  }
}