{
  "dataset_revision": "79531abbd1fb92d06c6d6315a0cbbbf5bb247ea4",
  "mteb_dataset_name": "CQADupstackPhysicsRetrieval",
  "mteb_version": "1.2.0",
  "test": {
    "evaluation_time": 9.8,
    "map_at_1": 0.32751,
    "map_at_10": 0.44587,
    "map_at_100": 0.45943,
    "map_at_1000": 0.46045,
    "map_at_3": 0.4079,
    "map_at_5": 0.43144,
    "mrr_at_1": 0.3975,
    "mrr_at_10": 0.50123,
    "mrr_at_100": 0.5094,
    "mrr_at_1000": 0.50973,
    "mrr_at_3": 0.47658,
    "mrr_at_5": 0.49309,
    "ndcg_at_1": 0.3975,
    "ndcg_at_10": 0.50991,
    "ndcg_at_100": 0.5624,
    "ndcg_at_1000": 0.57974,
    "ndcg_at_3": 0.45488,
    "ndcg_at_5": 0.48622,
    "precision_at_1": 0.3975,
    "precision_at_10": 0.09307,
    "precision_at_100": 0.01382,
    "precision_at_1000": 0.00173,
    "precision_at_3": 0.21784,
    "precision_at_5": 0.1565,
    "recall_at_1": 0.32751,
    "recall_at_10": 0.64078,
    "recall_at_100": 0.85625,
    "recall_at_1000": 0.96534,
    "recall_at_3": 0.48953,
    "recall_at_5": 0.57074
  }
}