{
  "dataset_revision": "ec0fa4fe99da2ff19ca1214b7966684033a58814",
  "mteb_dataset_name": "NFCorpus",
  "mteb_version": "1.2.0",
  "test": {
    "evaluation_time": 1.1,
    "map_at_1": 0.07617,
    "map_at_10": 0.15908,
    "map_at_100": 0.20465,
    "map_at_1000": 0.22164,
    "map_at_3": 0.11765,
    "map_at_5": 0.13623,
    "mrr_at_1": 0.50155,
    "mrr_at_10": 0.59926,
    "mrr_at_100": 0.60377,
    "mrr_at_1000": 0.60408,
    "mrr_at_3": 0.5805,
    "mrr_at_5": 0.59334,
    "ndcg_at_1": 0.48297,
    "ndcg_at_10": 0.39792,
    "ndcg_at_100": 0.37446,
    "ndcg_at_1000": 0.46174,
    "ndcg_at_3": 0.44886,
    "ndcg_at_5": 0.42954,
    "precision_at_1": 0.50155,
    "precision_at_10": 0.29226,
    "precision_at_100": 0.09449,
    "precision_at_1000": 0.02252,
    "precision_at_3": 0.41589,
    "precision_at_5": 0.36904,
    "recall_at_1": 0.07617,
    "recall_at_10": 0.20097,
    "recall_at_100": 0.37842,
    "recall_at_1000": 0.69982,
    "recall_at_3": 0.1303,
    "recall_at_5": 0.15868
  }
}