{
  "dataset_revision": "a0d554a64d88156834ff5ae9920b964011b16384",
  "mteb_dataset_name": "STS12",
  "mteb_version": "1.2.0",
  "test": {
    "cos_sim": {
      "pearson": 0.8529038295028545,
      "spearman": 0.7648989289318463
    },
    "euclidean": {
      "pearson": 0.8197071412961001,
      "spearman": 0.7648989289318463
    },
    "evaluation_time": 0.54,
    "manhattan": {
      "pearson": 0.8192005811305456,
      "spearman": 0.7682269501503535
    }
  }
}