{
  "dataset_revision": "af5e6fb845001ecf41f4c1e033ce921939a2a68d",
  "mteb_dataset_name": "STS17",
  "mteb_version": "1.1.2",
  "test": {
    "en-en": {
      "cos_sim": {
        "pearson": 0.9093106401729223,
        "spearman": 0.9084243805323298
      },
      "euclidean": {
        "pearson": 0.9113556642625775,
        "spearman": 0.9084243805323298
      },
      "manhattan": {
        "pearson": 0.911782897513301,
        "spearman": 0.90997426742626
      }
    },
    "evaluation_time": 0.08
  }
}