{
  "dataset_revision": "70970daeab8776df92f5ea462b6173c0b46fd2d1",
  "mteb_dataset_name": "TwitterSemEval2015",
  "mteb_version": "1.2.0",
  "test": {
    "cos_sim": {
      "accuracy": 0.8708350718245217,
      "accuracy_threshold": 0.8117429669411814,
      "ap": 0.7722390738990447,
      "f1": 0.7073230467793289,
      "f1_threshold": 0.7817451969698748,
      "precision": 0.659963436928702,
      "recall": 0.7620052770448549
    },
    "dot": {
      "accuracy": 0.8708350718245217,
      "accuracy_threshold": 0.8117429669411815,
      "ap": 0.7722390738990447,
      "f1": 0.7073230467793289,
      "f1_threshold": 0.781745196969875,
      "precision": 0.659963436928702,
      "recall": 0.7620052770448549
    },
    "euclidean": {
      "accuracy": 0.8708350718245217,
      "accuracy_threshold": 0.6136074199317851,
      "ap": 0.7722390738990447,
      "f1": 0.7073230467793289,
      "f1_threshold": 0.6606887360125367,
      "precision": 0.659963436928702,
      "recall": 0.7620052770448549
    },
    "evaluation_time": 1.91,
    "manhattan": {
      "accuracy": 0.8725040233653216,
      "accuracy_threshold": 25.697879221858507,
      "ap": 0.7765178171572387,
      "f1": 0.7126846663270503,
      "f1_threshold": 26.936553524750558,
      "precision": 0.6888232397833579,
      "recall": 0.7382585751978892
    },
    "max": {
      "accuracy": 0.8725040233653216,
      "ap": 0.7765178171572387,
      "f1": 0.7126846663270503
    }
  }
}