{
  "dataset_revision": "d3fb88f8f02e40887cd149695127462bbcf29b4a",
  "mteb_dataset_name": "BIOSSES",
  "mteb_version": "1.1.2",
  "test": {
    "cos_sim": {
      "pearson": 0.8935405113193142,
      "spearman": 0.8758332094658711
    },
    "euclidean": {
      "pearson": 0.873800239099866,
      "spearman": 0.8758332094658711
    },
    "evaluation_time": 0.16,
    "manhattan": {
      "pearson": 0.879212956128178,
      "spearman": 0.8809839292381538
    }
  }
}