{
  "dataset_revision": null,
  "mteb_dataset_name": "ArguAna",
  "mteb_version": "1.1.2",
  "test": {
    "evaluation_time": 1.6,
    "map_at_1": 0.37198,
    "map_at_10": 0.53459,
    "map_at_100": 0.54033,
    "map_at_1000": 0.54037,
    "map_at_3": 0.48779,
    "map_at_5": 0.5161,
    "mrr_at_1": 0.37909,
    "mrr_at_10": 0.53719,
    "mrr_at_100": 0.54287,
    "mrr_at_1000": 0.5429,
    "mrr_at_3": 0.49099,
    "mrr_at_5": 0.51827,
    "ndcg_at_1": 0.37198,
    "ndcg_at_10": 0.62227,
    "ndcg_at_100": 0.64434,
    "ndcg_at_1000": 0.64503,
    "ndcg_at_3": 0.52681,
    "ndcg_at_5": 0.5781,
    "precision_at_1": 0.37198,
    "precision_at_10": 0.09004,
    "precision_at_100": 0.00991,
    "precision_at_1000": 0.001,
    "precision_at_3": 0.21337,
    "precision_at_5": 0.15306,
    "recall_at_1": 0.37198,
    "recall_at_10": 0.90043,
    "recall_at_100": 0.99147,
    "recall_at_1000": 0.99644,
    "recall_at_3": 0.64011,
    "recall_at_5": 0.76529
  }
}