{
  "dataset_revision": "d3fb88f8f02e40887cd149695127462bbcf29b4a",
  "mteb_dataset_name": "BIOSSES",
  "mteb_version": "1.1.2",
  "test": {
    "cos_sim": {
      "pearson": 0.8983280002157682,
      "spearman": 0.8801766819288136
    },
    "euclidean": {
      "pearson": 0.8794270409143798,
      "spearman": 0.8801766819288136
    },
    "evaluation_time": 0.08,
    "manhattan": {
      "pearson": 0.8777818223527074,
      "spearman": 0.8782368786929363
    }
  }
}