{
  "dataset_revision": "a6ea5a8cab320b040a23452cc28066d9beae2cee",
  "mteb_dataset_name": "SICK-R",
  "mteb_version": "1.1.2",
  "test": {
    "cos_sim": {
      "pearson": 0.8762554224146029,
      "spearman": 0.830197675975273
    },
    "euclidean": {
      "pearson": 0.8498139201116434,
      "spearman": 0.830197675975273
    },
    "evaluation_time": 23.8,
    "manhattan": {
      "pearson": 0.8499700213888637,
      "spearman": 0.8300694126956205
    }
  }
}