{
  "dataset_revision": "ae752c7c21bf194d8b67fd573edf7ae58183cbe3",
  "mteb_dataset_name": "STS15",
  "mteb_version": "1.1.2",
  "test": {
    "cos_sim": {
      "pearson": 0.8925448838927198,
      "spearman": 0.9020327668571182
    },
    "euclidean": {
      "pearson": 0.8951644021195395,
      "spearman": 0.9020327668571182
    },
    "evaluation_time": 3.74,
    "manhattan": {
      "pearson": 0.8953543409934814,
      "spearman": 0.9023521282946536
    }
  }
}