{
  "dataset_revision": "eea2b4fe26a775864c896887d910b76a8098ad3f",
  "mteb_dataset_name": "STS22",
  "mteb_version": "1.1.2",
  "test": {
    "en": {
      "cos_sim": {
        "pearson": 0.6867596528751154,
        "spearman": 0.6901401724309553
      },
      "euclidean": {
        "pearson": 0.7046449006897999,
        "spearman": 0.6901401724309553
      },
      "manhattan": {
        "pearson": 0.7027979878430776,
        "spearman": 0.6887175369394993
      }
    },
    "evaluation_time": 0.33
  }
}