{
  "dataset_revision": "b0fddb56ed78048fa8b90373c8a3cfc37b684831",
  "mteb_dataset_name": "STSBenchmark",
  "mteb_version": "1.1.2",
  "test": {
    "cos_sim": {
      "pearson": 0.8816087853308967,
      "spearman": 0.8941723917474715
    },
    "euclidean": {
      "pearson": 0.8921683024817689,
      "spearman": 0.8941723917474715
    },
    "evaluation_time": 1.83,
    "manhattan": {
      "pearson": 0.8925816053332136,
      "spearman": 0.8943545883833564
    }
  }
}