{
  "dataset_revision": null,
  "mteb_dataset_name": "ArguAna",
  "mteb_version": "1.1.2",
  "test": {
    "evaluation_time": 1.95,
    "map_at_1": 0.36202,
    "map_at_10": 0.52972,
    "map_at_100": 0.5359,
    "map_at_1000": 0.53595,
    "map_at_3": 0.48483,
    "map_at_5": 0.51395,
    "mrr_at_1": 0.36842,
    "mrr_at_10": 0.53233,
    "mrr_at_100": 0.53851,
    "mrr_at_1000": 0.53856,
    "mrr_at_3": 0.48779,
    "mrr_at_5": 0.51631,
    "ndcg_at_1": 0.36202,
    "ndcg_at_10": 0.61647,
    "ndcg_at_100": 0.64042,
    "ndcg_at_1000": 0.64148,
    "ndcg_at_3": 0.52624,
    "ndcg_at_5": 0.57856,
    "precision_at_1": 0.36202,
    "precision_at_10": 0.08898,
    "precision_at_100": 0.00989,
    "precision_at_1000": 0.001,
    "precision_at_3": 0.2155,
    "precision_at_5": 0.15462,
    "recall_at_1": 0.36202,
    "recall_at_10": 0.88976,
    "recall_at_100": 0.98862,
    "recall_at_1000": 0.99644,
    "recall_at_3": 0.64651,
    "recall_at_5": 0.77312
  }
}