{
  "dataset_revision": "7e90230a92c190f1bf69ae9002b8cea547a64cca",
  "mteb_dataset_name": "STS13",
  "mteb_version": "1.1.2",
  "test": {
    "cos_sim": {
      "pearson": 0.8757491325082069,
      "spearman": 0.8801055490648317
    },
    "euclidean": {
      "pearson": 0.8858166530951448,
      "spearman": 0.8939622784499015
    },
    "evaluation_time": 0.35,
    "manhattan": {
      "pearson": 0.8638046202835167,
      "spearman": 0.8706858054988013
    }
  }
}