{
  "dataset_revision": "70970daeab8776df92f5ea462b6173c0b46fd2d1",
  "mteb_dataset_name": "TwitterSemEval2015",
  "mteb_version": "1.1.2",
  "test": {
    "cos_sim": {
      "accuracy": 0.8746498182034929,
      "accuracy_threshold": 0.7473870347008231,
      "ap": 0.7835661124987707,
      "f1": 0.717968253968254,
      "f1_threshold": 0.7094764965040814,
      "precision": 0.6920440636474908,
      "recall": 0.745910290237467
    },
    "dot": {
      "accuracy": 0.8598080705728081,
      "accuracy_threshold": 0.39583851373570594,
      "ap": 0.735965598980902,
      "f1": 0.6790444040508958,
      "f1_threshold": 0.3727211148163285,
      "precision": 0.6684560327198364,
      "recall": 0.6899736147757256
    },
    "euclidean": {
      "accuracy": 0.8754842939738928,
      "accuracy_threshold": 0.5168574490097597,
      "ap": 0.7877319095498995,
      "f1": 0.7208774583963692,
      "f1_threshold": 0.5522271367064001,
      "precision": 0.690246257846451,
      "recall": 0.754353562005277
    },
    "evaluation_time": 2.16,
    "manhattan": {
      "accuracy": 0.8683316445133218,
      "accuracy_threshold": 10.06765720016039,
      "ap": 0.7655869407624929,
      "f1": 0.6993060909791826,
      "f1_threshold": 10.747498480167552,
      "precision": 0.6816132264529058,
      "recall": 0.7179419525065963
    },
    "max": {
      "accuracy": 0.8754842939738928,
      "ap": 0.7877319095498995,
      "f1": 0.7208774583963692
    }
  }
}