{
  "dataset_revision": "6184bc1440d2dbc7612be22b50686b8826d22b32",
  "mteb_dataset_name": "CQADupstackProgrammersRetrieval",
  "mteb_version": "1.2.0",
  "test": {
    "evaluation_time": 8.0,
    "map_at_1": 0.29009,
    "map_at_10": 0.40547,
    "map_at_100": 0.41937,
    "map_at_1000": 0.42044,
    "map_at_3": 0.36915,
    "map_at_5": 0.38947,
    "mrr_at_1": 0.35845,
    "mrr_at_10": 0.45994,
    "mrr_at_100": 0.4686,
    "mrr_at_1000": 0.46904,
    "mrr_at_3": 0.4336,
    "mrr_at_5": 0.44867,
    "ndcg_at_1": 0.35845,
    "ndcg_at_10": 0.46923,
    "ndcg_at_100": 0.52418,
    "ndcg_at_1000": 0.54359,
    "ndcg_at_3": 0.41408,
    "ndcg_at_5": 0.43947,
    "precision_at_1": 0.35845,
    "precision_at_10": 0.08767,
    "precision_at_100": 0.01326,
    "precision_at_1000": 0.00166,
    "precision_at_3": 0.20053,
    "precision_at_5": 0.14429,
    "recall_at_1": 0.29009,
    "recall_at_10": 0.60227,
    "recall_at_100": 0.83262,
    "recall_at_1000": 0.96029,
    "recall_at_3": 0.44578,
    "recall_at_5": 0.5148
  }
}