{
  "dataset_revision": "46989137a86843e03a6195de44b09deda022eec7",
  "mteb_dataset_name": "CQADupstackTexRetrieval",
  "mteb_version": "1.2.0",
  "test": {
    "evaluation_time": 22.03,
    "map_at_1": 0.20675,
    "map_at_10": 0.28857,
    "map_at_100": 0.30072,
    "map_at_1000": 0.302,
    "map_at_3": 0.26241,
    "map_at_5": 0.27654,
    "mrr_at_1": 0.25017,
    "mrr_at_10": 0.32938,
    "mrr_at_100": 0.33879,
    "mrr_at_1000": 0.33952,
    "mrr_at_3": 0.30575,
    "mrr_at_5": 0.31884,
    "ndcg_at_1": 0.25017,
    "ndcg_at_10": 0.33907,
    "ndcg_at_100": 0.39471,
    "ndcg_at_1000": 0.42186,
    "ndcg_at_3": 0.29288,
    "ndcg_at_5": 0.31357,
    "precision_at_1": 0.25017,
    "precision_at_10": 0.06153,
    "precision_at_100": 0.01056,
    "precision_at_1000": 0.00147,
    "precision_at_3": 0.1373,
    "precision_at_5": 0.09924,
    "recall_at_1": 0.20675,
    "recall_at_10": 0.44914,
    "recall_at_100": 0.69755,
    "recall_at_1000": 0.88718,
    "recall_at_3": 0.31899,
    "recall_at_5": 0.3722
  }
}