{
  "dataset_revision": "ad9991cb51e31e31e430383c75ffb2885547b5f0",
  "mteb_dataset_name": "CQADupstackEnglishRetrieval",
  "mteb_version": "1.2.0",
  "test": {
    "evaluation_time": 10.04,
    "map_at_1": 0.34539,
    "map_at_10": 0.45714,
    "map_at_100": 0.46988,
    "map_at_1000": 0.47113,
    "map_at_3": 0.42385,
    "map_at_5": 0.44372,
    "mrr_at_1": 0.43248,
    "mrr_at_10": 0.51841,
    "mrr_at_100": 0.52385,
    "mrr_at_1000": 0.52426,
    "mrr_at_3": 0.49607,
    "mrr_at_5": 0.50884,
    "ndcg_at_1": 0.43248,
    "ndcg_at_10": 0.51588,
    "ndcg_at_100": 0.55676,
    "ndcg_at_1000": 0.57494,
    "ndcg_at_3": 0.47288,
    "ndcg_at_5": 0.49402,
    "precision_at_1": 0.43248,
    "precision_at_10": 0.09656,
    "precision_at_100": 0.015,
    "precision_at_1000": 0.00195,
    "precision_at_3": 0.22781,
    "precision_at_5": 0.16191,
    "recall_at_1": 0.34539,
    "recall_at_10": 0.61607,
    "recall_at_100": 0.7884,
    "recall_at_1000": 0.90036,
    "recall_at_3": 0.48753,
    "recall_at_5": 0.54859
  }
}