{
  "dataset_revision": "4ffe81d471b1924886b33c7567bfb200e9eec5c4",
  "mteb_dataset_name": "CQADupstackWordpressRetrieval",
  "mteb_version": "1.2.0",
  "test": {
    "evaluation_time": 11.68,
    "map_at_1": 0.25422,
    "map_at_10": 0.33693,
    "map_at_100": 0.34716,
    "map_at_1000": 0.34817,
    "map_at_3": 0.30988,
    "map_at_5": 0.32578,
    "mrr_at_1": 0.27357,
    "mrr_at_10": 0.35723,
    "mrr_at_100": 0.36645,
    "mrr_at_1000": 0.36718,
    "mrr_at_3": 0.33395,
    "mrr_at_5": 0.34754,
    "ndcg_at_1": 0.27357,
    "ndcg_at_10": 0.38468,
    "ndcg_at_100": 0.43354,
    "ndcg_at_1000": 0.45924,
    "ndcg_at_3": 0.33452,
    "ndcg_at_5": 0.36024,
    "precision_at_1": 0.27357,
    "precision_at_10": 0.05915,
    "precision_at_100": 0.00891,
    "precision_at_1000": 0.00123,
    "precision_at_3": 0.14171,
    "precision_at_5": 0.10055,
    "recall_at_1": 0.25422,
    "recall_at_10": 0.51115,
    "recall_at_100": 0.73199,
    "recall_at_1000": 0.92298,
    "recall_at_3": 0.37791,
    "recall_at_5": 0.4394
  }
}