{
  "dataset_revision": "4d8694f8f0e0100860b497b999b3dbed754a0513",
  "mteb_dataset_name": "STS16",
  "mteb_version": "1.1.2",
  "test": {
    "cos_sim": {
      "pearson": 0.8584806674202811,
      "spearman": 0.8704158749979921
    },
    "euclidean": {
      "pearson": 0.8640860522578299,
      "spearman": 0.8704158749979921
    },
    "evaluation_time": 0.85,
    "manhattan": {
      "pearson": 0.8629407049300366,
      "spearman": 0.8695308595198263
    }
  }
}