{
  "dataset_revision": "a0d554a64d88156834ff5ae9920b964011b16384",
  "mteb_dataset_name": "STS12",
  "mteb_version": "1.2.0",
  "test": {
    "cos_sim": {
      "pearson": 0.8525865419403611,
      "spearman": 0.7632276312691401
    },
    "euclidean": {
      "pearson": 0.8217480028362295,
      "spearman": 0.7632276312691401
    },
    "evaluation_time": 0.52,
    "manhattan": {
      "pearson": 0.8266092703477544,
      "spearman": 0.7683786036689153
    }
  }
}