{
  "dataset_revision": "b0fddb56ed78048fa8b90373c8a3cfc37b684831",
  "mteb_dataset_name": "STSBenchmark",
  "mteb_version": "1.2.0",
  "test": {
    "cos_sim": {
      "pearson": 0.8796370800998974,
      "spearman": 0.890539607941942
    },
    "euclidean": {
      "pearson": 0.8906588447129472,
      "spearman": 0.890539607941942
    },
    "evaluation_time": 0.15,
    "manhattan": {
      "pearson": 0.8896734994143745,
      "spearman": 0.8895152732891981
    }
  }
}