{
  "dataset_revision": null,
  "mteb_dataset_name": "ArguAna",
  "mteb_version": "1.1.2",
  "test": {
    "evaluation_time": 2.41,
    "map_at_1": 0.39687,
    "map_at_10": 0.5614,
    "map_at_100": 0.56678,
    "map_at_1000": 0.56682,
    "map_at_3": 0.51778,
    "map_at_5": 0.54687,
    "mrr_at_1": 0.40683,
    "mrr_at_10": 0.56509,
    "mrr_at_100": 0.57048,
    "mrr_at_1000": 0.57052,
    "mrr_at_3": 0.52181,
    "mrr_at_5": 0.55044,
    "ndcg_at_1": 0.39687,
    "ndcg_at_10": 0.64455,
    "ndcg_at_100": 0.66525,
    "ndcg_at_1000": 0.66605,
    "ndcg_at_3": 0.55774,
    "ndcg_at_5": 0.61002,
    "precision_at_1": 0.39687,
    "precision_at_10": 0.09054,
    "precision_at_100": 0.00991,
    "precision_at_1000": 0.001,
    "precision_at_3": 0.22451,
    "precision_at_5": 0.16003,
    "recall_at_1": 0.39687,
    "recall_at_10": 0.90541,
    "recall_at_100": 0.99075,
    "recall_at_1000": 0.99644,
    "recall_at_3": 0.67354,
    "recall_at_5": 0.80014
  }
}