{
  "dataset_revision": "b0fddb56ed78048fa8b90373c8a3cfc37b684831",
  "mteb_dataset_name": "STSBenchmark",
  "mteb_version": "1.1.2",
  "test": {
    "cos_sim": {
      "pearson": 0.8746795869156453,
      "spearman": 0.8775883493962569
    },
    "euclidean": {
      "pearson": 0.8881497318599633,
      "spearman": 0.8906039358136107
    },
    "evaluation_time": 0.18,
    "manhattan": {
      "pearson": 0.8624668859556807,
      "spearman": 0.8683769312433255
    }
  }
}