{
  "dataset_revision": null,
  "mteb_dataset_name": "ArguAna",
  "mteb_version": "1.1.2",
  "test": {
    "evaluation_time": 2.08,
    "map_at_1": 0.40683,
    "map_at_10": 0.57056,
    "map_at_100": 0.57552,
    "map_at_1000": 0.57555,
    "map_at_3": 0.52679,
    "map_at_5": 0.55652,
    "mrr_at_1": 0.41323,
    "mrr_at_10": 0.57301,
    "mrr_at_100": 0.57797,
    "mrr_at_1000": 0.57801,
    "mrr_at_3": 0.52975,
    "mrr_at_5": 0.55884,
    "ndcg_at_1": 0.40683,
    "ndcg_at_10": 0.65284,
    "ndcg_at_100": 0.67217,
    "ndcg_at_1000": 0.67286,
    "ndcg_at_3": 0.56577,
    "ndcg_at_5": 0.61921,
    "precision_at_1": 0.40683,
    "precision_at_10": 0.09111,
    "precision_at_100": 0.00991,
    "precision_at_1000": 0.001,
    "precision_at_3": 0.22617,
    "precision_at_5": 0.16159,
    "recall_at_1": 0.40683,
    "recall_at_10": 0.9111,
    "recall_at_100": 0.99147,
    "recall_at_1000": 0.99644,
    "recall_at_3": 0.67852,
    "recall_at_5": 0.80797
  }
}