{
  "dataset_revision": "a0d554a64d88156834ff5ae9920b964011b16384",
  "mteb_dataset_name": "STS12",
  "mteb_version": "1.1.2",
  "test": {
    "cos_sim": {
      "pearson": 0.8515144008322829,
      "spearman": 0.7599350496940106
    },
    "euclidean": {
      "pearson": 0.8486144670707473,
      "spearman": 0.7877828396178402
    },
    "evaluation_time": 0.54,
    "manhattan": {
      "pearson": 0.7988322441845849,
      "spearman": 0.7774886058993533
    }
  }
}