{
  "dataset_revision": "ae752c7c21bf194d8b67fd573edf7ae58183cbe3",
  "mteb_dataset_name": "STS15",
  "mteb_version": "1.1.2",
  "test": {
    "cos_sim": {
      "pearson": 0.8780073563385755,
      "spearman": 0.8891439880263997
    },
    "euclidean": {
      "pearson": 0.8927401032111799,
      "spearman": 0.8987213859581588
    },
    "evaluation_time": 0.52,
    "manhattan": {
      "pearson": 0.8756073402310319,
      "spearman": 0.8854231950860515
    }
  }
}