{
  "dataset_revision": "e8379541af4e31359cca9fbcf4b00f2671dba205",
  "mteb_dataset_name": "AmazonCounterfactualClassification",
  "mteb_version": "1.1.2",
  "test": {
    "en": {
      "accuracy": 0.7631343283582089,
      "accuracy_stderr": 0.03497158570380314,
      "ap": 0.39531540690548084,
      "ap_stderr": 0.0376122106949944,
      "f1": 0.7033281346182816,
      "f1_stderr": 0.03323649932968502,
      "main_score": 0.7631343283582089
    },
    "evaluation_time": 0.68
  }
}