{
  "dataset_revision": "a6ea5a8cab320b040a23452cc28066d9beae2cee",
  "mteb_dataset_name": "SICK-R",
  "mteb_version": "1.1.2",
  "test": {
    "cos_sim": {
      "pearson": 0.8744922678010745,
      "spearman": 0.8297597877893659
    },
    "euclidean": {
      "pearson": 0.8467071397575882,
      "spearman": 0.8283940042029085
    },
    "evaluation_time": 0.97,
    "manhattan": {
      "pearson": 0.8056142792285407,
      "spearman": 0.8048530455728321
    }
  }
}