{
  "dataset_revision": "af5e6fb845001ecf41f4c1e033ce921939a2a68d",
  "mteb_dataset_name": "STS17",
  "mteb_version": "1.1.2",
  "test": {
    "en-en": {
      "cos_sim": {
        "pearson": 0.8973471811305586,
        "spearman": 0.8984446772733488
      },
      "euclidean": {
        "pearson": 0.899894568395834,
        "spearman": 0.8953806523647386
      },
      "manhattan": {
        "pearson": 0.8817163700412441,
        "spearman": 0.8736826202462693
      }
    },
    "evaluation_time": 0.05
  }
}