{
  "dataset_revision": "e8379541af4e31359cca9fbcf4b00f2671dba205",
  "mteb_dataset_name": "AmazonCounterfactualClassification",
  "mteb_version": "1.1.2",
  "test": {
    "en": {
      "accuracy": 0.7437313432835821,
      "accuracy_stderr": 0.03546496047787848,
      "ap": 0.37070924201642974,
      "ap_stderr": 0.03719631062836516,
      "f1": 0.6828380942728838,
      "f1_stderr": 0.03410314411344002,
      "main_score": 0.7437313432835821
    },
    "evaluation_time": 0.55
  }
}