{
  "dataset_revision": "eea2b4fe26a775864c896887d910b76a8098ad3f",
  "mteb_dataset_name": "STS22",
  "mteb_version": "1.1.2",
  "test": {
    "en": {
      "cos_sim": {
        "pearson": 0.6889547033445358,
        "spearman": 0.6929040569441043
      },
      "euclidean": {
        "pearson": 0.7086075328994029,
        "spearman": 0.6995858861116404
      },
      "manhattan": {
        "pearson": 0.7050583315669967,
        "spearman": 0.6897820719639983
      }
    },
    "evaluation_time": 0.04
  }
}