{
  "dataset_revision": "af5e6fb845001ecf41f4c1e033ce921939a2a68d",
  "mteb_dataset_name": "STS17",
  "mteb_version": "1.1.2",
  "test": {
    "en-en": {
      "cos_sim": {
        "pearson": 0.8941799466261431,
        "spearman": 0.8965507554662077
      },
      "euclidean": {
        "pearson": 0.8967197763883928,
        "spearman": 0.8901463245287652
      },
      "manhattan": {
        "pearson": 0.8930686872553449,
        "spearman": 0.8844741690211184
      }
    },
    "evaluation_time": 0.06
  }
}