{
  "dataset_revision": "eea2b4fe26a775864c896887d910b76a8098ad3f",
  "mteb_dataset_name": "STS22",
  "mteb_version": "1.1.2",
  "test": {
    "en": {
      "cos_sim": {
        "pearson": 0.681553091080337,
        "spearman": 0.6934688790442589
      },
      "euclidean": {
        "pearson": 0.7008659076018869,
        "spearman": 0.6897047548177235
      },
      "manhattan": {
        "pearson": 0.7103694440148887,
        "spearman": 0.6981844111023227
      }
    },
    "evaluation_time": 0.06
  }
}