{
  "dataset_revision": "70970daeab8776df92f5ea462b6173c0b46fd2d1",
  "mteb_dataset_name": "TwitterSemEval2015",
  "mteb_version": "1.1.2",
  "test": {
    "cos_sim": {
      "accuracy": 0.877749299636407,
      "accuracy_threshold": 0.7434757028899628,
      "ap": 0.787704903259664,
      "f1": 0.7221023232194997,
      "f1_threshold": 0.7080077097250315,
      "precision": 0.6958649376070467,
      "recall": 0.7503957783641161
    },
    "dot": {
      "accuracy": 0.8614770221136079,
      "accuracy_threshold": 0.3672874716560297,
      "ap": 0.7377963208014924,
      "f1": 0.680177953534355,
      "f1_threshold": 0.34087447295864715,
      "precision": 0.6397024639702464,
      "recall": 0.7261213720316623
    },
    "euclidean": {
      "accuracy": 0.8766764022173213,
      "accuracy_threshold": 0.5007940407664753,
      "ap": 0.7883737227728749,
      "f1": 0.7213500784929355,
      "f1_threshold": 0.5255588285842137,
      "precision": 0.7153606642449403,
      "recall": 0.7274406332453826
    },
    "evaluation_time": 1.47,
    "manhattan": {
      "accuracy": 0.8759015318590928,
      "accuracy_threshold": 6.185546052923517,
      "ap": 0.7860569645227485,
      "f1": 0.7192851824274014,
      "f1_threshold": 6.596649393887342,
      "precision": 0.6790065604498594,
      "recall": 0.7646437994722955
    },
    "max": {
      "accuracy": 0.877749299636407,
      "ap": 0.7883737227728749,
      "f1": 0.7221023232194997
    }
  }
}