{
  "dataset_revision": "6031580fec1f6af667f0bd2da0a551cf4f0b2375",
  "mteb_dataset_name": "STS14",
  "mteb_version": "1.2.0",
  "test": {
    "cos_sim": {
      "pearson": 0.8687425961371812,
      "spearman": 0.8365650672560349
    },
    "euclidean": {
      "pearson": 0.8588964239888268,
      "spearman": 0.8464102396987344
    },
    "evaluation_time": 0.08,
    "manhattan": {
      "pearson": 0.823939028784521,
      "spearman": 0.8272031080759747
    }
  }
}