{
  "dataset_revision": "ae752c7c21bf194d8b67fd573edf7ae58183cbe3",
  "mteb_dataset_name": "STS15",
  "mteb_version": "1.2.0",
  "test": {
    "cos_sim": {
      "pearson": 0.872970691351633,
      "spearman": 0.8804179906037148
    },
    "euclidean": {
      "pearson": 0.8909466473612616,
      "spearman": 0.8975258819602062
    },
    "evaluation_time": 0.06,
    "manhattan": {
      "pearson": 0.8446601814519057,
      "spearman": 0.8439463118340166
    }
  }
}