{
  "dataset_revision": "e8379541af4e31359cca9fbcf4b00f2671dba205",
  "mteb_dataset_name": "AmazonCounterfactualClassification",
  "mteb_version": "1.2.0",
  "test": {
    "en": {
      "accuracy": 0.7497014925373133,
      "accuracy_stderr": 0.03819875096949266,
      "ap": 0.37542591095734,
      "ap_stderr": 0.04007102872562846,
      "f1": 0.6877032164265139,
      "f1_stderr": 0.03673377506602567,
      "main_score": 0.7497014925373133
    },
    "evaluation_time": 4.16
  }
}