{
  "dataset_revision": "7e90230a92c190f1bf69ae9002b8cea547a64cca",
  "mteb_dataset_name": "STS13",
  "mteb_version": "1.2.0",
  "test": {
    "cos_sim": {
      "pearson": 0.8747435251386425,
      "spearman": 0.8791263822122182
    },
    "euclidean": {
      "pearson": 0.8868361573511152,
      "spearman": 0.8931297825201275
    },
    "evaluation_time": 0.24,
    "manhattan": {
      "pearson": 0.8674203476255378,
      "spearman": 0.873141796079536
    }
  }
}