{
  "dataset_revision": "c22ab2a51041ffd869aaddef7af8d8215647e41a",
  "mteb_dataset_name": "ArguAna",
  "mteb_version": "1.2.0",
  "test": {
    "evaluation_time": 27.23,
    "map_at_1": 0.39047,
    "map_at_10": 0.55544,
    "map_at_100": 0.5605,
    "map_at_1000": 0.56052,
    "map_at_3": 0.51019,
    "map_at_5": 0.53982,
    "mrr_at_1": 0.399,
    "mrr_at_10": 0.5586,
    "mrr_at_100": 0.56366,
    "mrr_at_1000": 0.56369,
    "mrr_at_3": 0.51339,
    "mrr_at_5": 0.54273,
    "ndcg_at_1": 0.39047,
    "ndcg_at_10": 0.64141,
    "ndcg_at_100": 0.66086,
    "ndcg_at_1000": 0.66135,
    "ndcg_at_3": 0.55041,
    "ndcg_at_5": 0.60391,
    "precision_at_1": 0.39047,
    "precision_at_10": 0.09125,
    "precision_at_100": 0.00993,
    "precision_at_1000": 0.001,
    "precision_at_3": 0.22238,
    "precision_at_5": 0.15946,
    "recall_at_1": 0.39047,
    "recall_at_10": 0.91252,
    "recall_at_100": 0.99289,
    "recall_at_1000": 0.99644,
    "recall_at_3": 0.66714,
    "recall_at_5": 0.7973
  }
}