{
  "dataset_revision": "79531abbd1fb92d06c6d6315a0cbbbf5bb247ea4",
  "mteb_dataset_name": "CQADupstackPhysicsRetrieval",
  "mteb_version": "1.2.0",
  "test": {
    "evaluation_time": 102.27,
    "map_at_1": 0.32078,
    "map_at_10": 0.43509,
    "map_at_100": 0.44876,
    "map_at_1000": 0.44982,
    "map_at_3": 0.40007,
    "map_at_5": 0.42042,
    "mrr_at_1": 0.39269,
    "mrr_at_10": 0.49031,
    "mrr_at_100": 0.4985,
    "mrr_at_1000": 0.49886,
    "mrr_at_3": 0.46407,
    "mrr_at_5": 0.48072,
    "ndcg_at_1": 0.39269,
    "ndcg_at_10": 0.49764,
    "ndcg_at_100": 0.55149,
    "ndcg_at_1000": 0.56947,
    "ndcg_at_3": 0.44342,
    "ndcg_at_5": 0.47125,
    "precision_at_1": 0.39269,
    "precision_at_10": 0.08922,
    "precision_at_100": 0.0135,
    "precision_at_1000": 0.0017,
    "precision_at_3": 0.20982,
    "precision_at_5": 0.15014,
    "recall_at_1": 0.32078,
    "recall_at_10": 0.62772,
    "recall_at_100": 0.84858,
    "recall_at_1000": 0.96162,
    "recall_at_3": 0.47484,
    "recall_at_5": 0.54817
  }
}