{
  "dataset_revision": "4f58c6b202a23cf9a4da393831edf4f9183cad37",
  "mteb_dataset_name": "EmotionClassification",
  "mteb_version": "1.2.0",
  "test": {
    "accuracy": 0.569,
    "accuracy_stderr": 0.019371370627810507,
    "evaluation_time": 6.02,
    "f1": 0.507120344227167,
    "f1_stderr": 0.011403731479177831,
    "main_score": 0.569
  }
}