{
  "dataset_revision": "0228b52cf27578f30900b9e5271d331663a030d7",
  "mteb_dataset_name": "SciFact",
  "mteb_version": "1.2.0",
  "test": {
    "evaluation_time": 11.31,
    "map_at_1": 0.61028,
    "map_at_10": 0.70775,
    "map_at_100": 0.71217,
    "map_at_1000": 0.71238,
    "map_at_3": 0.67824,
    "map_at_5": 0.69384,
    "mrr_at_1": 0.63667,
    "mrr_at_10": 0.71584,
    "mrr_at_100": 0.7191,
    "mrr_at_1000": 0.7193,
    "mrr_at_3": 0.69333,
    "mrr_at_5": 0.7065,
    "ndcg_at_1": 0.63667,
    "ndcg_at_10": 0.75431,
    "ndcg_at_100": 0.77226,
    "ndcg_at_1000": 0.77662,
    "ndcg_at_3": 0.70441,
    "ndcg_at_5": 0.72742,
    "precision_at_1": 0.63667,
    "precision_at_10": 0.10067,
    "precision_at_100": 0.01097,
    "precision_at_1000": 0.00113,
    "precision_at_3": 0.27556,
    "precision_at_5": 0.18133,
    "recall_at_1": 0.61028,
    "recall_at_10": 0.88822,
    "recall_at_100": 0.96833,
    "recall_at_1000": 1.0,
    "recall_at_3": 0.75533,
    "recall_at_5": 0.81161
  }
}