{
  "dataset_revision": null,
  "mteb_dataset_name": "SciFact",
  "mteb_version": "1.1.2",
  "test": {
    "evaluation_time": 20.91,
    "map_at_1": 0.63094,
    "map_at_10": 0.72163,
    "map_at_100": 0.72539,
    "map_at_1000": 0.72563,
    "map_at_3": 0.68996,
    "map_at_5": 0.70631,
    "mrr_at_1": 0.66,
    "mrr_at_10": 0.731,
    "mrr_at_100": 0.73353,
    "mrr_at_1000": 0.73376,
    "mrr_at_3": 0.70556,
    "mrr_at_5": 0.72039,
    "ndcg_at_1": 0.66,
    "ndcg_at_10": 0.76695,
    "ndcg_at_100": 0.78197,
    "ndcg_at_1000": 0.78682,
    "ndcg_at_3": 0.712,
    "ndcg_at_5": 0.73653,
    "precision_at_1": 0.66,
    "precision_at_10": 0.10167,
    "precision_at_100": 0.01093,
    "precision_at_1000": 0.00113,
    "precision_at_3": 0.27444,
    "precision_at_5": 0.18133,
    "recall_at_1": 0.63094,
    "recall_at_10": 0.89822,
    "recall_at_100": 0.965,
    "recall_at_1000": 1.0,
    "recall_at_3": 0.7495,
    "recall_at_5": 0.80994
  }
}