{
  "dataset_revision": "eea2b4fe26a775864c896887d910b76a8098ad3f",
  "mteb_dataset_name": "STS22",
  "mteb_version": "1.1.2",
  "test": {
    "en": {
      "cos_sim": {
        "pearson": 0.6899381919926406,
        "spearman": 0.6907766146245014
      },
      "euclidean": {
        "pearson": 0.7063165866133967,
        "spearman": 0.6907766146245014
      },
      "manhattan": {
        "pearson": 0.7058297621340401,
        "spearman": 0.6910028690104424
      }
    },
    "evaluation_time": 0.5
  }
}