{
  "dataset_revision": "70970daeab8776df92f5ea462b6173c0b46fd2d1",
  "mteb_dataset_name": "TwitterSemEval2015",
  "mteb_version": "1.2.0",
  "test": {
    "cos_sim": {
      "accuracy": 0.8729808666626929,
      "accuracy_threshold": 0.8487043652651618,
      "ap": 0.7811598642546933,
      "f1": 0.7170854271356785,
      "f1_threshold": 0.8218727137640209,
      "precision": 0.6844124700239809,
      "recall": 0.7530343007915568
    },
    "dot": {
      "accuracy": 0.8729808666626929,
      "accuracy_threshold": 0.848704365265162,
      "ap": 0.7811598642546933,
      "f1": 0.7170854271356785,
      "f1_threshold": 0.8218727137640212,
      "precision": 0.6844124700239809,
      "recall": 0.7530343007915568
    },
    "euclidean": {
      "accuracy": 0.8729808666626929,
      "accuracy_threshold": 0.55008296589603,
      "ap": 0.7811598642546933,
      "f1": 0.7170854271356785,
      "f1_threshold": 0.5968706496678258,
      "precision": 0.6844124700239809,
      "recall": 0.7530343007915568
    },
    "evaluation_time": 21.48,
    "manhattan": {
      "accuracy": 0.8741729749061214,
      "accuracy_threshold": 28.343020610200675,
      "ap": 0.7817795233208409,
      "f1": 0.7153875331900368,
      "f1_threshold": 30.202801852860723,
      "precision": 0.6868171886380189,
      "recall": 0.7464379947229551
    },
    "max": {
      "accuracy": 0.8741729749061214,
      "ap": 0.7817795233208409,
      "f1": 0.7170854271356785
    }
  }
}