{
  "dataset_revision": "0fd18e25b25c072e09e0d92ab615fda904d66300",
  "mteb_dataset_name": "Banking77Classification",
  "mteb_version": "1.1.2",
  "test": {
    "accuracy": 0.8477272727272729,
    "accuracy_stderr": 0.004489450913621727,
    "evaluation_time": 11.76,
    "f1": 0.8412859539480271,
    "f1_stderr": 0.0057001784045744896,
    "main_score": 0.8477272727272729
  }
}