{
  "dataset_revision": "ae752c7c21bf194d8b67fd573edf7ae58183cbe3",
  "mteb_dataset_name": "STS15",
  "mteb_version": "1.1.2",
  "test": {
    "cos_sim": {
      "pearson": 0.8763959679818423,
      "spearman": 0.8887653747631156
    },
    "euclidean": {
      "pearson": 0.8925361220317862,
      "spearman": 0.8980190205196869
    },
    "evaluation_time": 0.56,
    "manhattan": {
      "pearson": 0.8804853068014908,
      "spearman": 0.8882877768347546
    }
  }
}