{
  "dataset_revision": "70970daeab8776df92f5ea462b6173c0b46fd2d1",
  "mteb_dataset_name": "TwitterSemEval2015",
  "mteb_version": "1.1.2",
  "test": {
    "cos_sim": {
      "accuracy": 0.8760207426834357,
      "accuracy_threshold": 0.7388918768582662,
      "ap": 0.7860329266051584,
      "f1": 0.7192363018177064,
      "f1_threshold": 0.7161843183339179,
      "precision": 0.7129893699766658,
      "recall": 0.7255936675461742
    },
    "dot": {
      "accuracy": 0.8580795136198367,
      "accuracy_threshold": 0.40552482654627964,
      "ap": 0.733295649649695,
      "f1": 0.6764705882352942,
      "f1_threshold": 0.3875366310072936,
      "precision": 0.6617869762746088,
      "recall": 0.691820580474934
    },
    "euclidean": {
      "accuracy": 0.8771532455146928,
      "accuracy_threshold": 0.5256279386135032,
      "ap": 0.7902015073643045,
      "f1": 0.7223487724626676,
      "f1_threshold": 0.566187832690687,
      "precision": 0.6940661478599222,
      "recall": 0.7530343007915568
    },
    "evaluation_time": 2.37,
    "manhattan": {
      "accuracy": 0.8717291530070931,
      "accuracy_threshold": 8.590871325568799,
      "ap": 0.7753259426221083,
      "f1": 0.7056954289904669,
      "f1_threshold": 9.359970065671746,
      "precision": 0.6573315118397086,
      "recall": 0.7617414248021108
    },
    "max": {
      "accuracy": 0.8771532455146928,
      "ap": 0.7902015073643045,
      "f1": 0.7223487724626676
    }
  }
}