{
  "dataset_revision": "0fd18e25b25c072e09e0d92ab615fda904d66300",
  "mteb_dataset_name": "Banking77Classification",
  "mteb_version": "1.1.2",
  "test": {
    "accuracy": 0.8491558441558442,
    "accuracy_stderr": 0.0043685423874166695,
    "evaluation_time": 12.25,
    "f1": 0.8429264765837192,
    "f1_stderr": 0.005472029071662426,
    "main_score": 0.8491558441558442
  }
}