{
  "dataset_revision": "e8379541af4e31359cca9fbcf4b00f2671dba205",
  "mteb_dataset_name": "AmazonCounterfactualClassification",
  "mteb_version": "1.2.0",
  "test": {
    "en": {
      "accuracy": 0.7365671641791045,
      "accuracy_stderr": 0.0354536522991633,
      "ap": 0.36137269107890574,
      "ap_stderr": 0.034091972287573845,
      "f1": 0.6750611898132927,
      "f1_stderr": 0.03329162753290571,
      "main_score": 0.7365671641791045
    },
    "evaluation_time": 3.8
  }
}