{
  "dataset_revision": "7e90230a92c190f1bf69ae9002b8cea547a64cca",
  "mteb_dataset_name": "STS13",
  "mteb_version": "1.2.0",
  "test": {
    "cos_sim": {
      "pearson": 0.8752503100275351,
      "spearman": 0.880669749169976
    },
    "euclidean": {
      "pearson": 0.8937897431005196,
      "spearman": 0.897685725817472
    },
    "evaluation_time": 0.03,
    "manhattan": {
      "pearson": 0.8567527230367252,
      "spearman": 0.8593993352729159
    }
  }
}