{
  "dataset_revision": "6031580fec1f6af667f0bd2da0a551cf4f0b2375",
  "mteb_dataset_name": "STS14",
  "mteb_version": "1.2.0",
  "test": {
    "cos_sim": {
      "pearson": 0.8680743470113579,
      "spearman": 0.834382021554552
    },
    "euclidean": {
      "pearson": 0.8676693159807922,
      "spearman": 0.8452532086752059
    },
    "evaluation_time": 0.07,
    "manhattan": {
      "pearson": 0.8480779861691595,
      "spearman": 0.8362197376283621
    }
  }
}