{
  "dataset_revision": "70970daeab8776df92f5ea462b6173c0b46fd2d1",
  "mteb_dataset_name": "TwitterSemEval2015",
  "mteb_version": "1.2.0",
  "test": {
    "cos_sim": {
      "accuracy": 0.87453060737915,
      "accuracy_threshold": 0.7499584574736096,
      "ap": 0.7819795963695465,
      "f1": 0.7157606667495957,
      "f1_threshold": 0.7124932616604511,
      "precision": 0.6771004942339374,
      "recall": 0.7591029023746702
    },
    "dot": {
      "accuracy": 0.8598080705728081,
      "accuracy_threshold": 0.41961158924835357,
      "ap": 0.7374941920254183,
      "f1": 0.6779354838709678,
      "f1_threshold": 0.39670833144913686,
      "precision": 0.6633838383838384,
      "recall": 0.6931398416886544
    },
    "euclidean": {
      "accuracy": 0.8758419264469214,
      "accuracy_threshold": 0.5236494213772858,
      "ap": 0.7855586789449681,
      "f1": 0.7188369152970923,
      "f1_threshold": 0.5571977367347618,
      "precision": 0.6900485436893203,
      "recall": 0.750131926121372
    },
    "evaluation_time": 2.63,
    "manhattan": {
      "accuracy": 0.8701198068784646,
      "accuracy_threshold": 8.538973945621974,
      "ap": 0.7711649595383924,
      "f1": 0.7059728274801332,
      "f1_threshold": 9.079545281978376,
      "precision": 0.6864406779661016,
      "recall": 0.7266490765171504
    },
    "max": {
      "accuracy": 0.8758419264469214,
      "ap": 0.7855586789449681,
      "f1": 0.7188369152970923
    }
  }
}