{
  "dataset_revision": "27a168819829fe9bcd655c2df245fb19452e8e06",
  "mteb_dataset_name": "FiQA2018",
  "mteb_version": "1.2.0",
  "test": {
    "evaluation_time": 76.68,
    "map_at_1": 0.22412,
    "map_at_10": 0.37268,
    "map_at_100": 0.39303,
    "map_at_1000": 0.39466,
    "map_at_3": 0.32328,
    "map_at_5": 0.35252,
    "mrr_at_1": 0.44907,
    "mrr_at_10": 0.54014,
    "mrr_at_100": 0.54803,
    "mrr_at_1000": 0.54827,
    "mrr_at_3": 0.51646,
    "mrr_at_5": 0.5305,
    "ndcg_at_1": 0.44907,
    "ndcg_at_10": 0.45533,
    "ndcg_at_100": 0.52549,
    "ndcg_at_1000": 0.5512,
    "ndcg_at_3": 0.41487,
    "ndcg_at_5": 0.43058,
    "precision_at_1": 0.44907,
    "precision_at_10": 0.12639,
    "precision_at_100": 0.01997,
    "precision_at_1000": 0.00246,
    "precision_at_3": 0.27726,
    "precision_at_5": 0.20864,
    "recall_at_1": 0.22412,
    "recall_at_10": 0.52659,
    "recall_at_100": 0.78468,
    "recall_at_1000": 0.9384,
    "recall_at_3": 0.37537,
    "recall_at_5": 0.44336
  }
}