{
  "dataset_revision": "ae001d0e6b1228650b7bd1c2c65fb50ad11a8aba",
  "mteb_dataset_name": "MTOPIntentClassification",
  "mteb_version": "1.2.0",
  "test": {
    "en": {
      "accuracy": 0.6913132694938441,
      "accuracy_stderr": 0.01902041902050033,
      "f1": 0.519298382852863,
      "f1_stderr": 0.004442258137456951,
      "main_score": 0.6913132694938441
    },
    "evaluation_time": 35.57
  }
}