{
  "dataset_revision": "b0fddb56ed78048fa8b90373c8a3cfc37b684831",
  "mteb_dataset_name": "STSBenchmark",
  "mteb_version": "1.2.0",
  "test": {
    "cos_sim": {
      "pearson": 0.8815650348067379,
      "spearman": 0.8960516214114955
    },
    "euclidean": {
      "pearson": 0.8930596877836464,
      "spearman": 0.8960516214114955
    },
    "evaluation_time": 0.91,
    "manhattan": {
      "pearson": 0.8926430734805584,
      "spearman": 0.8953779151212958
    }
  }
}