{
  "dataset_revision": "a0d554a64d88156834ff5ae9920b964011b16384",
  "mteb_dataset_name": "STS12",
  "mteb_version": "1.1.2",
  "test": {
    "cos_sim": {
      "pearson": 0.8318202024722116,
      "spearman": 0.7390101050191734
    },
    "euclidean": {
      "pearson": 0.849582625020568,
      "spearman": 0.7700315762066354
    },
    "evaluation_time": 0.27,
    "manhattan": {
      "pearson": 0.840232078695221,
      "spearman": 0.7695434715979973
    }
  }
}