{
  "dataset_revision": "eea2b4fe26a775864c896887d910b76a8098ad3f",
  "mteb_dataset_name": "STS22",
  "mteb_version": "1.1.2",
  "test": {
    "en": {
      "cos_sim": {
        "pearson": 0.6733812834321983,
        "spearman": 0.6951552066977467
      },
      "euclidean": {
        "pearson": 0.7001836507912662,
        "spearman": 0.6908767199823097
      },
      "manhattan": {
        "pearson": 0.7059209520791788,
        "spearman": 0.6951356739450036
      }
    },
    "evaluation_time": 0.04
  }
}