{
  "dataset_revision": "0fd18e25b25c072e09e0d92ab615fda904d66300",
  "mteb_dataset_name": "Banking77Classification",
  "mteb_version": "1.1.2",
  "test": {
    "accuracy": 0.8472077922077922,
    "accuracy_stderr": 0.004351618422796508,
    "evaluation_time": 11.7,
    "f1": 0.8413828758071824,
    "f1_stderr": 0.005174524229757935,
    "main_score": 0.8472077922077922
  }
}