{
  "dataset_revision": "af5e6fb845001ecf41f4c1e033ce921939a2a68d",
  "mteb_dataset_name": "STS17",
  "mteb_version": "1.1.2",
  "test": {
    "en-en": {
      "cos_sim": {
        "pearson": 0.8999933907642375,
        "spearman": 0.9022640414048192
      },
      "euclidean": {
        "pearson": 0.9065278895492056,
        "spearman": 0.9003878018390276
      },
      "manhattan": {
        "pearson": 0.8934787843919512,
        "spearman": 0.8858045654843854
      }
    },
    "evaluation_time": 0.05
  }
}