{
  "dataset_revision": "b0fddb56ed78048fa8b90373c8a3cfc37b684831",
  "mteb_dataset_name": "STSBenchmark",
  "mteb_version": "1.1.2",
  "test": {
    "cos_sim": {
      "pearson": 0.8734096910846034,
      "spearman": 0.8806508229354992
    },
    "euclidean": {
      "pearson": 0.8927804797199651,
      "spearman": 0.8940225102346419
    },
    "evaluation_time": 0.19,
    "manhattan": {
      "pearson": 0.8775346182294379,
      "spearman": 0.8800291044327622
    }
  }
}