{
  "dataset_revision": null,
  "mteb_dataset_name": "SciFact",
  "mteb_version": "1.1.2",
  "test": {
    "evaluation_time": 0.76,
    "map_at_1": 0.61094,
    "map_at_10": 0.70735,
    "map_at_100": 0.71219,
    "map_at_1000": 0.71237,
    "map_at_3": 0.67552,
    "map_at_5": 0.69365,
    "mrr_at_1": 0.64,
    "mrr_at_10": 0.71696,
    "mrr_at_100": 0.72075,
    "mrr_at_1000": 0.72091,
    "mrr_at_3": 0.69333,
    "mrr_at_5": 0.70717,
    "ndcg_at_1": 0.64,
    "ndcg_at_10": 0.75169,
    "ndcg_at_100": 0.77233,
    "ndcg_at_1000": 0.77616,
    "ndcg_at_3": 0.69811,
    "ndcg_at_5": 0.72445,
    "precision_at_1": 0.64,
    "precision_at_10": 0.09967,
    "precision_at_100": 0.011,
    "precision_at_1000": 0.00113,
    "precision_at_3": 0.26889,
    "precision_at_5": 0.17933,
    "recall_at_1": 0.61094,
    "recall_at_10": 0.87822,
    "recall_at_100": 0.97167,
    "recall_at_1000": 1.0,
    "recall_at_3": 0.73506,
    "recall_at_5": 0.79994
  }
}