{
  "dataset_revision": "b0fddb56ed78048fa8b90373c8a3cfc37b684831",
  "mteb_dataset_name": "STSBenchmark",
  "mteb_version": "1.1.2",
  "test": {
    "cos_sim": {
      "pearson": 0.8802044640621425,
      "spearman": 0.8927076097788277
    },
    "euclidean": {
      "pearson": 0.8917341667632301,
      "spearman": 0.8927076097788277
    },
    "evaluation_time": 0.38,
    "manhattan": {
      "pearson": 0.892472344195873,
      "spearman": 0.8934122453092262
    }
  }
}