{
  "dataset_revision": "0fd18e25b25c072e09e0d92ab615fda904d66300",
  "mteb_dataset_name": "Banking77Classification",
  "mteb_version": "1.1.2",
  "test": {
    "accuracy": 0.8454870129870129,
    "accuracy_stderr": 0.00427401492459317,
    "evaluation_time": 12.3,
    "f1": 0.8388626680028416,
    "f1_stderr": 0.005389186029521651,
    "main_score": 0.8454870129870129
  }
}