{
  "dataset_revision": "b0fddb56ed78048fa8b90373c8a3cfc37b684831",
  "mteb_dataset_name": "STSBenchmark",
  "mteb_version": "1.1.2",
  "test": {
    "cos_sim": {
      "pearson": 0.8747829026397923,
      "spearman": 0.8780632605263173
    },
    "euclidean": {
      "pearson": 0.8896430770474599,
      "spearman": 0.8920412269059674
    },
    "evaluation_time": 0.33,
    "manhattan": {
      "pearson": 0.8660033632017502,
      "spearman": 0.8710478871489855
    }
  }
}