{
  "dataset_revision": "7e90230a92c190f1bf69ae9002b8cea547a64cca",
  "mteb_dataset_name": "STS13",
  "mteb_version": "1.1.2",
  "test": {
    "cos_sim": {
      "pearson": 0.8658444392445604,
      "spearman": 0.8753346584125596
    },
    "euclidean": {
      "pearson": 0.8880580149821318,
      "spearman": 0.8934287546045703
    },
    "evaluation_time": 0.26,
    "manhattan": {
      "pearson": 0.8853243687622184,
      "spearman": 0.890357155069802
    }
  }
}