{
  "dataset_revision": "0228b52cf27578f30900b9e5271d331663a030d7",
  "mteb_dataset_name": "SciFact",
  "mteb_version": "1.2.0",
  "test": {
    "evaluation_time": 1.8,
    "map_at_1": 0.60828,
    "map_at_10": 0.69907,
    "map_at_100": 0.70488,
    "map_at_1000": 0.70507,
    "map_at_3": 0.6677,
    "map_at_5": 0.68572,
    "mrr_at_1": 0.64,
    "mrr_at_10": 0.71121,
    "mrr_at_100": 0.71573,
    "mrr_at_1000": 0.71591,
    "mrr_at_3": 0.68889,
    "mrr_at_5": 0.70139,
    "ndcg_at_1": 0.64,
    "ndcg_at_10": 0.74335,
    "ndcg_at_100": 0.76689,
    "ndcg_at_1000": 0.7708,
    "ndcg_at_3": 0.69188,
    "ndcg_at_5": 0.71685,
    "precision_at_1": 0.64,
    "precision_at_10": 0.09833,
    "precision_at_100": 0.011,
    "precision_at_1000": 0.00113,
    "precision_at_3": 0.26667,
    "precision_at_5": 0.178,
    "recall_at_1": 0.60828,
    "recall_at_10": 0.86756,
    "recall_at_100": 0.97167,
    "recall_at_1000": 1.0,
    "recall_at_3": 0.73006,
    "recall_at_5": 0.79244
  }
}