{
  "dataset_revision": "e8379541af4e31359cca9fbcf4b00f2671dba205",
  "mteb_dataset_name": "AmazonCounterfactualClassification",
  "mteb_version": "1.2.0",
  "test": {
    "en": {
      "accuracy": 0.7882089552238807,
      "accuracy_stderr": 0.03504412773688889,
      "ap": 0.4311950814447668,
      "ap_stderr": 0.0428083808930401,
      "f1": 0.7304706837233659,
      "f1_stderr": 0.03420837861166947,
      "main_score": 0.7882089552238807
    },
    "evaluation_time": 0.34
  }
}