{
  "dataset_revision": "eea2b4fe26a775864c896887d910b76a8098ad3f",
  "mteb_dataset_name": "STS22",
  "mteb_version": "1.2.0",
  "test": {
    "en": {
      "cos_sim": {
        "pearson": 0.6761196065226376,
        "spearman": 0.6811306902281994
      },
      "euclidean": {
        "pearson": 0.6968020345324519,
        "spearman": 0.6811542923044308
      },
      "manhattan": {
        "pearson": 0.6981239179655001,
        "spearman": 0.6821081417300522
      }
    },
    "evaluation_time": 0.05
  }
}