{
  "dataset_revision": "70970daeab8776df92f5ea462b6173c0b46fd2d1",
  "mteb_dataset_name": "TwitterSemEval2015",
  "mteb_version": "1.2.0",
  "test": {
    "cos_sim": {
      "accuracy": 0.8768552184538356,
      "accuracy_threshold": 0.7325365649511829,
      "ap": 0.7879854015416385,
      "f1": 0.7176616915422885,
      "f1_threshold": 0.6913283817307709,
      "precision": 0.6788235294117647,
      "recall": 0.7612137203166227
    },
    "dot": {
      "accuracy": 0.8584371460928653,
      "accuracy_threshold": 0.45134334884261484,
      "ap": 0.7379974849270043,
      "f1": 0.6836193062584865,
      "f1_threshold": 0.41315601901266547,
      "precision": 0.6423103688239388,
      "recall": 0.7306068601583113
    },
    "euclidean": {
      "accuracy": 0.8773916671633785,
      "accuracy_threshold": 0.5552550079625874,
      "ap": 0.7902210773721138,
      "f1": 0.720485424086532,
      "f1_threshold": 0.58905821966605,
      "precision": 0.7203903983117911,
      "recall": 0.720580474934037
    },
    "evaluation_time": 1.21,
    "manhattan": {
      "accuracy": 0.8751862669130357,
      "accuracy_threshold": 9.534038952345,
      "ap": 0.7829080418430614,
      "f1": 0.7139272271016313,
      "f1_threshold": 10.206289089055133,
      "precision": 0.680622009569378,
      "recall": 0.7506596306068601
    },
    "max": {
      "accuracy": 0.8773916671633785,
      "ap": 0.7902210773721138,
      "f1": 0.720485424086532
    }
  }
}