{
  "dataset_revision": "d3fb88f8f02e40887cd149695127462bbcf29b4a",
  "mteb_dataset_name": "BIOSSES",
  "mteb_version": "1.2.0",
  "test": {
    "cos_sim": {
      "pearson": 0.8777479577846246,
      "spearman": 0.8600677899991298
    },
    "euclidean": {
      "pearson": 0.8576244021364912,
      "spearman": 0.8600677899991298
    },
    "evaluation_time": 1.45,
    "manhattan": {
      "pearson": 0.8588852091735383,
      "spearman": 0.8670257798669503
    }
  }
}