{
  "dataset_revision": "160c094312a0e1facb97e55eeddb698c0abe3571",
  "mteb_dataset_name": "CQADupstackWebmastersRetrieval",
  "mteb_version": "1.2.0",
  "test": {
    "evaluation_time": 9.95,
    "map_at_1": 0.24318,
    "map_at_10": 0.33482,
    "map_at_100": 0.35239,
    "map_at_1000": 0.35451,
    "map_at_3": 0.30531,
    "map_at_5": 0.32137,
    "mrr_at_1": 0.29842,
    "mrr_at_10": 0.38926,
    "mrr_at_100": 0.40051,
    "mrr_at_1000": 0.40092,
    "mrr_at_3": 0.36462,
    "mrr_at_5": 0.37875,
    "ndcg_at_1": 0.29842,
    "ndcg_at_10": 0.39585,
    "ndcg_at_100": 0.46199,
    "ndcg_at_1000": 0.48375,
    "ndcg_at_3": 0.34723,
    "ndcg_at_5": 0.3703,
    "precision_at_1": 0.29842,
    "precision_at_10": 0.07727,
    "precision_at_100": 0.01567,
    "precision_at_1000": 0.00242,
    "precision_at_3": 0.16469,
    "precision_at_5": 0.12016,
    "recall_at_1": 0.24318,
    "recall_at_10": 0.50815,
    "recall_at_100": 0.80141,
    "recall_at_1000": 0.93215,
    "recall_at_3": 0.37061,
    "recall_at_5": 0.43314
  }
}