{
  "dataset_revision": "d80d48c1eb48d3562165c59d59d0034df9fff0bf",
  "mteb_dataset_name": "MTOPDomainClassification",
  "mteb_version": "1.2.0",
  "test": {
    "en": {
      "accuracy": 0.9374829001367988,
      "accuracy_stderr": 0.00579025597057911,
      "f1": 0.9357747811324707,
      "f1_stderr": 0.004723772581508066,
      "main_score": 0.9374829001367988
    },
    "evaluation_time": 15.66
  }
}