{
  "dataset_revision": "af5e6fb845001ecf41f4c1e033ce921939a2a68d",
  "mteb_dataset_name": "STS17",
  "mteb_version": "1.1.2",
  "test": {
    "en-en": {
      "cos_sim": {
        "pearson": 0.8939422273494244,
        "spearman": 0.8931619154719398
      },
      "euclidean": {
        "pearson": 0.8996502992675521,
        "spearman": 0.8931619154719398
      },
      "manhattan": {
        "pearson": 0.9002202969848341,
        "spearman": 0.8944531034869972
      }
    },
    "evaluation_time": 0.12
  }
}