{
  "dataset_revision": "4d8694f8f0e0100860b497b999b3dbed754a0513",
  "mteb_dataset_name": "STS16",
  "mteb_version": "1.2.0",
  "test": {
    "cos_sim": {
      "pearson": 0.854573934092008,
      "spearman": 0.8680232380018119
    },
    "euclidean": {
      "pearson": 0.8601399979133463,
      "spearman": 0.8680232380018119
    },
    "evaluation_time": 0.2,
    "manhattan": {
      "pearson": 0.859729192554599,
      "spearman": 0.867845894773214
    }
  }
}