{
  "dataset_revision": "ae752c7c21bf194d8b67fd573edf7ae58183cbe3",
  "mteb_dataset_name": "STS15",
  "mteb_version": "1.1.2",
  "test": {
    "cos_sim": {
      "pearson": 0.883415803546787,
      "spearman": 0.8939347305536866
    },
    "euclidean": {
      "pearson": 0.8875511126756883,
      "spearman": 0.8939343848998714
    },
    "evaluation_time": 1.76,
    "manhattan": {
      "pearson": 0.8880062066085479,
      "spearman": 0.8945033237395388
    }
  }
}