{
  "dataset_revision": "a0d554a64d88156834ff5ae9920b964011b16384",
  "mteb_dataset_name": "STS12",
  "mteb_version": "1.2.0",
  "test": {
    "cos_sim": {
      "pearson": 0.8784085953401233,
      "spearman": 0.7934779918262057
    },
    "euclidean": {
      "pearson": 0.8494372216187193,
      "spearman": 0.7934778152183856
    },
    "evaluation_time": 0.72,
    "manhattan": {
      "pearson": 0.8474609624214026,
      "spearman": 0.7934936473716688
    }
  }
}