{
  "dataset_revision": "27a168819829fe9bcd655c2df245fb19452e8e06",
  "mteb_dataset_name": "FiQA2018",
  "mteb_version": "1.2.0",
  "test": {
    "evaluation_time": 64.24,
    "map_at_1": 0.20001,
    "map_at_10": 0.34679,
    "map_at_100": 0.36748,
    "map_at_1000": 0.36923,
    "map_at_3": 0.29915,
    "map_at_5": 0.32672,
    "mrr_at_1": 0.40586,
    "mrr_at_10": 0.50366,
    "mrr_at_100": 0.51134,
    "mrr_at_1000": 0.51164,
    "mrr_at_3": 0.47505,
    "mrr_at_5": 0.49288,
    "ndcg_at_1": 0.40586,
    "ndcg_at_10": 0.42949,
    "ndcg_at_100": 0.4997,
    "ndcg_at_1000": 0.52819,
    "ndcg_at_3": 0.38505,
    "ndcg_at_5": 0.40269,
    "precision_at_1": 0.40586,
    "precision_at_10": 0.12191,
    "precision_at_100": 0.01952,
    "precision_at_1000": 0.00245,
    "precision_at_3": 0.26286,
    "precision_at_5": 0.1963,
    "recall_at_1": 0.20001,
    "recall_at_10": 0.50999,
    "recall_at_100": 0.76504,
    "recall_at_1000": 0.93648,
    "recall_at_3": 0.35054,
    "recall_at_5": 0.42476
  }
}