{
  "dataset_revision": "ec0fa4fe99da2ff19ca1214b7966684033a58814",
  "mteb_dataset_name": "NFCorpus",
  "mteb_version": "1.2.0",
  "test": {
    "evaluation_time": 4.58,
    "map_at_1": 0.07379,
    "map_at_10": 0.15989,
    "map_at_100": 0.20683,
    "map_at_1000": 0.2239,
    "map_at_3": 0.11837,
    "map_at_5": 0.13686,
    "mrr_at_1": 0.52012,
    "mrr_at_10": 0.61126,
    "mrr_at_100": 0.61576,
    "mrr_at_1000": 0.61609,
    "mrr_at_3": 0.59288,
    "mrr_at_5": 0.60511,
    "ndcg_at_1": 0.49845,
    "ndcg_at_10": 0.40313,
    "ndcg_at_100": 0.37776,
    "ndcg_at_1000": 0.46375,
    "ndcg_at_3": 0.45979,
    "ndcg_at_5": 0.43612,
    "precision_at_1": 0.51703,
    "precision_at_10": 0.29536,
    "precision_at_100": 0.0957,
    "precision_at_1000": 0.02254,
    "precision_at_3": 0.42724,
    "precision_at_5": 0.37276,
    "recall_at_1": 0.07379,
    "recall_at_10": 0.20051,
    "recall_at_100": 0.38183,
    "recall_at_1000": 0.69778,
    "recall_at_3": 0.1308,
    "recall_at_5": 0.16099
  }
}