{
  "dataset_revision": "a0d554a64d88156834ff5ae9920b964011b16384",
  "mteb_dataset_name": "STS12",
  "mteb_version": "1.2.0",
  "test": {
    "cos_sim": {
      "pearson": 0.8564020646530834,
      "spearman": 0.7677507897465032
    },
    "euclidean": {
      "pearson": 0.8237813889294707,
      "spearman": 0.7677507897465032
    },
    "evaluation_time": 1.77,
    "manhattan": {
      "pearson": 0.8292107008970262,
      "spearman": 0.7749216920201288
    }
  }
}