{
  "dataset_revision": "4d8694f8f0e0100860b497b999b3dbed754a0513",
  "mteb_dataset_name": "STS16",
  "mteb_version": "1.2.0",
  "test": {
    "cos_sim": {
      "pearson": 0.8606913748631828,
      "spearman": 0.8723266212846839
    },
    "euclidean": {
      "pearson": 0.866073689190602,
      "spearman": 0.8723266212846839
    },
    "evaluation_time": 0.49,
    "manhattan": {
      "pearson": 0.8655615396198775,
      "spearman": 0.8725420559483366
    }
  }
}