{
  "dataset_revision": "a0d554a64d88156834ff5ae9920b964011b16384",
  "mteb_dataset_name": "STS12",
  "mteb_version": "1.1.2",
  "test": {
    "cos_sim": {
      "pearson": 0.8541786734921021,
      "spearman": 0.7606522151765576
    },
    "euclidean": {
      "pearson": 0.8550885706680709,
      "spearman": 0.7912151465330445
    },
    "evaluation_time": 0.43,
    "manhattan": {
      "pearson": 0.7975774500199849,
      "spearman": 0.77543196403469
    }
  }
}