{
  "dataset_revision": "ae752c7c21bf194d8b67fd573edf7ae58183cbe3",
  "mteb_dataset_name": "STS15",
  "mteb_version": "1.1.2",
  "test": {
    "cos_sim": {
      "pearson": 0.876341977926951,
      "spearman": 0.8879421688398238
    },
    "euclidean": {
      "pearson": 0.8926052132659541,
      "spearman": 0.8986801684089104
    },
    "evaluation_time": 0.32,
    "manhattan": {
      "pearson": 0.8700611036494281,
      "spearman": 0.8788149896733498
    }
  }
}