{
  "dataset_revision": "af5e6fb845001ecf41f4c1e033ce921939a2a68d",
  "mteb_dataset_name": "STS17",
  "mteb_version": "1.1.2",
  "test": {
    "en-en": {
      "cos_sim": {
        "pearson": 0.9012697099175988,
        "spearman": 0.9038581339021227
      },
      "euclidean": {
        "pearson": 0.9082303169960093,
        "spearman": 0.9036002038163522
      },
      "manhattan": {
        "pearson": 0.8960096362469346,
        "spearman": 0.8913352630612367
      }
    },
    "evaluation_time": 0.05
  }
}