{
  "dataset_revision": "7e90230a92c190f1bf69ae9002b8cea547a64cca",
  "mteb_dataset_name": "STS13",
  "mteb_version": "1.1.2",
  "test": {
    "cos_sim": {
      "pearson": 0.8788914879101537,
      "spearman": 0.8818246385503778
    },
    "euclidean": {
      "pearson": 0.8775790222221224,
      "spearman": 0.8856269964546039
    },
    "evaluation_time": 0.18,
    "manhattan": {
      "pearson": 0.8472731205699449,
      "spearman": 0.8522856157888672
    }
  }
}