{
  "dataset_revision": "4d8694f8f0e0100860b497b999b3dbed754a0513",
  "mteb_dataset_name": "STS16",
  "mteb_version": "1.1.2",
  "test": {
    "cos_sim": {
      "pearson": 0.8450063132968548,
      "spearman": 0.8553202128032494
    },
    "euclidean": {
      "pearson": 0.8610230612509662,
      "spearman": 0.8689739706372832
    },
    "evaluation_time": 0.14,
    "manhattan": {
      "pearson": 0.848143620119972,
      "spearman": 0.8571225649789972
    }
  }
}