{
  "dataset_revision": "af5e6fb845001ecf41f4c1e033ce921939a2a68d",
  "mteb_dataset_name": "STS17",
  "mteb_version": "1.1.2",
  "test": {
    "en-en": {
      "cos_sim": {
        "pearson": 0.8863910523703963,
        "spearman": 0.8932153465925393
      },
      "euclidean": {
        "pearson": 0.8947761168518362,
        "spearman": 0.8854470766918865
      },
      "manhattan": {
        "pearson": 0.8982869766134948,
        "spearman": 0.8885422377211336
      }
    },
    "evaluation_time": 0.04
  }
}