{
  "dataset_revision": "b0fddb56ed78048fa8b90373c8a3cfc37b684831",
  "mteb_dataset_name": "STSBenchmark",
  "mteb_version": "1.1.2",
  "test": {
    "cos_sim": {
      "pearson": 0.8597879797420658,
      "spearman": 0.8729244137687616
    },
    "euclidean": {
      "pearson": 0.8801023125411984,
      "spearman": 0.8818808340576371
    },
    "evaluation_time": 0.17,
    "manhattan": {
      "pearson": 0.883710325415579,
      "spearman": 0.8817733147458887
    }
  }
}