{
  "dataset_revision": "4d8694f8f0e0100860b497b999b3dbed754a0513",
  "mteb_dataset_name": "STS16",
  "mteb_version": "1.1.2",
  "test": {
    "cos_sim": {
      "pearson": 0.8335393890760936,
      "spearman": 0.8488902675749332
    },
    "euclidean": {
      "pearson": 0.8542008659316438,
      "spearman": 0.8601858642785403
    },
    "evaluation_time": 0.04,
    "manhattan": {
      "pearson": 0.8535800020660399,
      "spearman": 0.8590171269413486
    }
  }
}