{
  "dataset_revision": null,
  "mteb_dataset_name": "ArguAna",
  "mteb_version": "1.1.2",
  "test": {
    "evaluation_time": 1.69,
    "map_at_1": 0.40541,
    "map_at_10": 0.56702,
    "map_at_100": 0.57183,
    "map_at_1000": 0.57187,
    "map_at_3": 0.52383,
    "map_at_5": 0.55174,
    "mrr_at_1": 0.41181,
    "mrr_at_10": 0.56958,
    "mrr_at_100": 0.57445,
    "mrr_at_1000": 0.57449,
    "mrr_at_3": 0.52679,
    "mrr_at_5": 0.55439,
    "ndcg_at_1": 0.40541,
    "ndcg_at_10": 0.6503,
    "ndcg_at_100": 0.66919,
    "ndcg_at_1000": 0.66988,
    "ndcg_at_3": 0.56347,
    "ndcg_at_5": 0.61367,
    "precision_at_1": 0.40541,
    "precision_at_10": 0.09125,
    "precision_at_100": 0.00991,
    "precision_at_1000": 0.001,
    "precision_at_3": 0.22617,
    "precision_at_5": 0.16003,
    "recall_at_1": 0.40541,
    "recall_at_10": 0.91252,
    "recall_at_100": 0.99147,
    "recall_at_1000": 0.99644,
    "recall_at_3": 0.67852,
    "recall_at_5": 0.80014
  }
}