{
  "dataset_revision": "af5e6fb845001ecf41f4c1e033ce921939a2a68d",
  "mteb_dataset_name": "STS17",
  "mteb_version": "1.1.2",
  "test": {
    "en-en": {
      "cos_sim": {
        "pearson": 0.9045655335005383,
        "spearman": 0.9041848709705357
      },
      "euclidean": {
        "pearson": 0.9015720358563156,
        "spearman": 0.8967998444313035
      },
      "manhattan": {
        "pearson": 0.883731491718822,
        "spearman": 0.8770995211887653
      }
    },
    "evaluation_time": 0.04
  }
}