{
  "dataset_revision": "6031580fec1f6af667f0bd2da0a551cf4f0b2375",
  "mteb_dataset_name": "STS14",
  "mteb_version": "1.1.2",
  "test": {
    "cos_sim": {
      "pearson": 0.8597990086639582,
      "spearman": 0.8280179199184765
    },
    "euclidean": {
      "pearson": 0.8539357499203611,
      "spearman": 0.8423765783332626
    },
    "evaluation_time": 0.39,
    "manhattan": {
      "pearson": 0.8334915158568359,
      "spearman": 0.8271952681740179
    }
  }
}