{
  "dataset_revision": "c22ab2a51041ffd869aaddef7af8d8215647e41a",
  "mteb_dataset_name": "ArguAna",
  "mteb_version": "1.2.0",
  "test": {
    "evaluation_time": 12.29,
    "map_at_1": 0.32859,
    "map_at_10": 0.49893,
    "map_at_100": 0.50572,
    "map_at_1000": 0.50576,
    "map_at_3": 0.45199,
    "map_at_5": 0.47969,
    "mrr_at_1": 0.3357,
    "mrr_at_10": 0.50162,
    "mrr_at_100": 0.50841,
    "mrr_at_1000": 0.50845,
    "mrr_at_3": 0.45377,
    "mrr_at_5": 0.48215,
    "ndcg_at_1": 0.32859,
    "ndcg_at_10": 0.58961,
    "ndcg_at_100": 0.6167,
    "ndcg_at_1000": 0.61748,
    "ndcg_at_3": 0.49362,
    "ndcg_at_5": 0.54363,
    "precision_at_1": 0.32859,
    "precision_at_10": 0.0877,
    "precision_at_100": 0.00991,
    "precision_at_1000": 0.001,
    "precision_at_3": 0.20484,
    "precision_at_5": 0.14723,
    "recall_at_1": 0.32859,
    "recall_at_10": 0.87696,
    "recall_at_100": 0.99075,
    "recall_at_1000": 0.99644,
    "recall_at_3": 0.61451,
    "recall_at_5": 0.73613
  }
}