{
  "dataset_revision": "0fd18e25b25c072e09e0d92ab615fda904d66300",
  "mteb_dataset_name": "Banking77Classification",
  "mteb_version": "1.1.2",
  "test": {
    "accuracy": 0.846038961038961,
    "accuracy_stderr": 0.005131102926009986,
    "evaluation_time": 34.7,
    "f1": 0.8399020187283123,
    "f1_stderr": 0.005753172378987636,
    "main_score": 0.846038961038961
  }
}