{
  "dataset_revision": "ad9991cb51e31e31e430383c75ffb2885547b5f0",
  "mteb_dataset_name": "CQADupstackEnglishRetrieval",
  "mteb_version": "1.2.0",
  "test": {
    "evaluation_time": 43.57,
    "map_at_1": 0.34748,
    "map_at_10": 0.45742,
    "map_at_100": 0.47011,
    "map_at_1000": 0.47136,
    "map_at_3": 0.42372,
    "map_at_5": 0.44352,
    "mrr_at_1": 0.43376,
    "mrr_at_10": 0.51766,
    "mrr_at_100": 0.52333,
    "mrr_at_1000": 0.52375,
    "mrr_at_3": 0.49427,
    "mrr_at_5": 0.50815,
    "ndcg_at_1": 0.43376,
    "ndcg_at_10": 0.51606,
    "ndcg_at_100": 0.55711,
    "ndcg_at_1000": 0.57527,
    "ndcg_at_3": 0.4715,
    "ndcg_at_5": 0.49363,
    "precision_at_1": 0.43376,
    "precision_at_10": 0.09675,
    "precision_at_100": 0.01503,
    "precision_at_1000": 0.00196,
    "precision_at_3": 0.22739,
    "precision_at_5": 0.16217,
    "recall_at_1": 0.34748,
    "recall_at_10": 0.61747,
    "recall_at_100": 0.78964,
    "recall_at_1000": 0.90114,
    "recall_at_3": 0.48423,
    "recall_at_5": 0.54743
  }
}