{
  "dataset_revision": "d66bd1f72af766a5cc4b0ca5e00c162f89e8cc46",
  "mteb_dataset_name": "SprintDuplicateQuestions",
  "mteb_version": "1.2.0",
  "test": {
    "cos_sim": {
      "accuracy": 0.9986831683168317,
      "accuracy_threshold": 0.781373937901732,
      "ap": 0.9673397140636656,
      "f1": 0.9329974811083124,
      "f1_threshold": 0.781373937901732,
      "precision": 0.9401015228426396,
      "recall": 0.926
    },
    "dot": {
      "accuracy": 0.9986831683168317,
      "accuracy_threshold": 0.7813739379017315,
      "ap": 0.9673397140636656,
      "f1": 0.9329974811083124,
      "f1_threshold": 0.7813739379017315,
      "precision": 0.9401015228426396,
      "recall": 0.926
    },
    "euclidean": {
      "accuracy": 0.9986831683168317,
      "accuracy_threshold": 0.6612504246095491,
      "ap": 0.9673397140636656,
      "f1": 0.9329974811083124,
      "f1_threshold": 0.6612504246095491,
      "precision": 0.9401015228426396,
      "recall": 0.926
    },
    "evaluation_time": 50.31,
    "manhattan": {
      "accuracy": 0.9987425742574257,
      "accuracy_threshold": 30.279702779267367,
      "ap": 0.9683429916451447,
      "f1": 0.9353031074885381,
      "f1_threshold": 30.279702779267367,
      "precision": 0.9532710280373832,
      "recall": 0.918
    },
    "max": {
      "accuracy": 0.9987425742574257,
      "ap": 0.9683429916451447,
      "f1": 0.9353031074885381
    }
  }
}