{
  "dataset_revision": "eea2b4fe26a775864c896887d910b76a8098ad3f",
  "mteb_dataset_name": "STS22",
  "mteb_version": "1.2.0",
  "test": {
    "en": {
      "cos_sim": {
        "pearson": 0.6783229310487155,
        "spearman": 0.6802606688664338
      },
      "euclidean": {
        "pearson": 0.6961031564077269,
        "spearman": 0.6802606688664338
      },
      "manhattan": {
        "pearson": 0.6944333126310636,
        "spearman": 0.677208676250324
      }
    },
    "evaluation_time": 0.07
  }
}