{
  "dataset_revision": "b0fddb56ed78048fa8b90373c8a3cfc37b684831",
  "mteb_dataset_name": "STSBenchmark",
  "mteb_version": "1.2.0",
  "test": {
    "cos_sim": {
      "pearson": 0.8838263603700975,
      "spearman": 0.8947648623951603
    },
    "euclidean": {
      "pearson": 0.8925460813092844,
      "spearman": 0.8947648623951603
    },
    "evaluation_time": 0.66,
    "manhattan": {
      "pearson": 0.8931899296812016,
      "spearman": 0.8953132069908601
    }
  }
}