{
  "dataset_revision": "b0fddb56ed78048fa8b90373c8a3cfc37b684831",
  "mteb_dataset_name": "STSBenchmark",
  "mteb_version": "1.1.2",
  "test": {
    "cos_sim": {
      "pearson": 0.8856690446401219,
      "spearman": 0.896287553650742
    },
    "euclidean": {
      "pearson": 0.8938061714672452,
      "spearman": 0.896287553650742
    },
    "evaluation_time": 1.75,
    "manhattan": {
      "pearson": 0.893308869708811,
      "spearman": 0.8954028381055477
    }
  }
}