{
  "dataset_revision": "eea2b4fe26a775864c896887d910b76a8098ad3f",
  "mteb_dataset_name": "STS22",
  "mteb_version": "1.1.2",
  "test": {
    "en": {
      "cos_sim": {
        "pearson": 0.6877689180762274,
        "spearman": 0.6935795646431365
      },
      "euclidean": {
        "pearson": 0.7037788285605172,
        "spearman": 0.6897234737057691
      },
      "manhattan": {
        "pearson": 0.6976772823945975,
        "spearman": 0.6780160300303724
      }
    },
    "evaluation_time": 0.07
  }
}