{
  "dataset_revision": "af5e6fb845001ecf41f4c1e033ce921939a2a68d",
  "mteb_dataset_name": "STS17",
  "mteb_version": "1.1.2",
  "test": {
    "en-en": {
      "cos_sim": {
        "pearson": 0.8790329559130303,
        "spearman": 0.8874394040161026
      },
      "euclidean": {
        "pearson": 0.8914171364548906,
        "spearman": 0.8789742231683527
      },
      "manhattan": {
        "pearson": 0.8964846772504954,
        "spearman": 0.8857019316052483
      }
    },
    "evaluation_time": 0.05
  }
}