{
  "dataset_revision": "0fd18e25b25c072e09e0d92ab615fda904d66300",
  "mteb_dataset_name": "Banking77Classification",
  "mteb_version": "1.2.0",
  "test": {
    "accuracy": 0.8431168831168832,
    "accuracy_stderr": 0.005671697851508459,
    "evaluation_time": 80.34,
    "f1": 0.837986050288331,
    "f1_stderr": 0.006289168437469102,
    "main_score": 0.8431168831168832
  }
}