{
  "dataset_revision": "a0d554a64d88156834ff5ae9920b964011b16384",
  "mteb_dataset_name": "STS12",
  "mteb_version": "1.1.2",
  "test": {
    "cos_sim": {
      "pearson": 0.8609653070647895,
      "spearman": 0.7734712656196069
    },
    "euclidean": {
      "pearson": 0.8278164048792227,
      "spearman": 0.7734712656196069
    },
    "evaluation_time": 6.8,
    "manhattan": {
      "pearson": 0.8253524650375478,
      "spearman": 0.7746289814017218
    }
  }
}