{
  "dataset_revision": "d604517c81ca91fe16a244d1248fc021f9ecee7a",
  "mteb_dataset_name": "TweetSentimentExtractionClassification",
  "mteb_version": "1.2.0",
  "test": {
    "accuracy": 0.6431805319750991,
    "accuracy_stderr": 0.02318901662331505,
    "evaluation_time": 3.45,
    "f1": 0.6422264453217428,
    "f1_stderr": 0.024486927266871093,
    "main_score": 0.6431805319750991
  }
}