{
  "dataset_revision": "4f58c6b202a23cf9a4da393831edf4f9183cad37",
  "mteb_dataset_name": "EmotionClassification",
  "mteb_version": "1.2.0",
  "test": {
    "accuracy": 0.55,
    "accuracy_stderr": 0.025414562754452422,
    "evaluation_time": 4.37,
    "f1": 0.4824032248784712,
    "f1_stderr": 0.01405495921625335,
    "main_score": 0.55
  }
}