{
  "dataset_revision": "7e90230a92c190f1bf69ae9002b8cea547a64cca",
  "mteb_dataset_name": "STS13",
  "mteb_version": "1.2.0",
  "test": {
    "cos_sim": {
      "pearson": 0.8763219978233479,
      "spearman": 0.8801977842626326
    },
    "euclidean": {
      "pearson": 0.8877384946778812,
      "spearman": 0.8924676582559534
    },
    "evaluation_time": 0.03,
    "manhattan": {
      "pearson": 0.8461520081499554,
      "spearman": 0.8492023073504753
    }
  }
}