{
  "dataset_revision": "7e90230a92c190f1bf69ae9002b8cea547a64cca",
  "mteb_dataset_name": "STS13",
  "mteb_version": "1.1.2",
  "test": {
    "cos_sim": {
      "pearson": 0.8765935681946345,
      "spearman": 0.8802809957749812
    },
    "euclidean": {
      "pearson": 0.8778286784839235,
      "spearman": 0.8854473217269757
    },
    "evaluation_time": 0.24,
    "manhattan": {
      "pearson": 0.8521485998119701,
      "spearman": 0.8573078261349832
    }
  }
}