{
  "dataset_revision": "70970daeab8776df92f5ea462b6173c0b46fd2d1",
  "mteb_dataset_name": "TwitterSemEval2015",
  "mteb_version": "1.1.2",
  "test": {
    "cos_sim": {
      "accuracy": 0.8746498182034929,
      "accuracy_threshold": 0.7462894569485846,
      "ap": 0.7783657033449171,
      "f1": 0.7106263022429219,
      "f1_threshold": 0.7020177238206569,
      "precision": 0.6635385671778439,
      "recall": 0.7649076517150396
    },
    "dot": {
      "accuracy": 0.860940573404065,
      "accuracy_threshold": 0.5384425010348213,
      "ap": 0.7430258831390503,
      "f1": 0.6852867830423941,
      "f1_threshold": 0.503844559655782,
      "precision": 0.649645390070922,
      "recall": 0.725065963060686
    },
    "euclidean": {
      "accuracy": 0.8764975859808071,
      "accuracy_threshold": 0.6085397882119883,
      "ap": 0.7832066827603595,
      "f1": 0.7153048862565621,
      "f1_threshold": 0.6200862105846152,
      "precision": 0.7301456444078044,
      "recall": 0.7010554089709763
    },
    "evaluation_time": 1.11,
    "manhattan": {
      "accuracy": 0.8668415092090361,
      "accuracy_threshold": 11.935459139879004,
      "ap": 0.7634808179728982,
      "f1": 0.7035303049474882,
      "f1_threshold": 12.948484838347175,
      "precision": 0.6759056649647459,
      "recall": 0.7335092348284961
    },
    "max": {
      "accuracy": 0.8764975859808071,
      "ap": 0.7832066827603595,
      "f1": 0.7153048862565621
    }
  }
}