{
  "dataset_revision": "a6ea5a8cab320b040a23452cc28066d9beae2cee",
  "mteb_dataset_name": "SICK-R",
  "mteb_version": "1.2.0",
  "test": {
    "cos_sim": {
      "pearson": 0.8659442124591668,
      "spearman": 0.824621348337911
    },
    "euclidean": {
      "pearson": 0.8366874890777835,
      "spearman": 0.824621348337911
    },
    "evaluation_time": 5.68,
    "manhattan": {
      "pearson": 0.8367367763853006,
      "spearman": 0.8257756942163859
    }
  }
}