{
  "dataset_revision": "7e90230a92c190f1bf69ae9002b8cea547a64cca",
  "mteb_dataset_name": "STS13",
  "mteb_version": "1.2.0",
  "test": {
    "cos_sim": {
      "pearson": 0.8797886843311059,
      "spearman": 0.8841260716032792
    },
    "euclidean": {
      "pearson": 0.8760128726131523,
      "spearman": 0.8841260716032792
    },
    "evaluation_time": 0.7,
    "manhattan": {
      "pearson": 0.8758168973609081,
      "spearman": 0.8836755119241559
    }
  }
}