{
  "dataset_revision": "af5e6fb845001ecf41f4c1e033ce921939a2a68d",
  "mteb_dataset_name": "STS17",
  "mteb_version": "1.1.2",
  "test": {
    "en-en": {
      "cos_sim": {
        "pearson": 0.9072824828614019,
        "spearman": 0.9040960753672375
      },
      "euclidean": {
        "pearson": 0.9068592028561164,
        "spearman": 0.9040960753672375
      },
      "manhattan": {
        "pearson": 0.9069040675963171,
        "spearman": 0.9039500046778294
      }
    },
    "evaluation_time": 0.22
  }
}