{
  "dataset_revision": null,
  "mteb_dataset_name": "ArguAna",
  "mteb_version": "1.1.2",
  "test": {
    "evaluation_time": 1.6,
    "map_at_1": 0.41821,
    "map_at_10": 0.57664,
    "map_at_100": 0.58171,
    "map_at_1000": 0.58176,
    "map_at_3": 0.53722,
    "map_at_5": 0.56187,
    "mrr_at_1": 0.4303,
    "mrr_at_10": 0.58111,
    "mrr_at_100": 0.58611,
    "mrr_at_1000": 0.58617,
    "mrr_at_3": 0.54149,
    "mrr_at_5": 0.56628,
    "ndcg_at_1": 0.41821,
    "ndcg_at_10": 0.65641,
    "ndcg_at_100": 0.67613,
    "ndcg_at_1000": 0.67722,
    "ndcg_at_3": 0.57691,
    "ndcg_at_5": 0.62123,
    "precision_at_1": 0.41821,
    "precision_at_10": 0.09068,
    "precision_at_100": 0.00989,
    "precision_at_1000": 0.001,
    "precision_at_3": 0.23068,
    "precision_at_5": 0.15989,
    "recall_at_1": 0.41821,
    "recall_at_10": 0.90683,
    "recall_at_100": 0.98862,
    "recall_at_1000": 0.99644,
    "recall_at_3": 0.69203,
    "recall_at_5": 0.79943
  }
}