{
  "dataset_revision": "a6ea5a8cab320b040a23452cc28066d9beae2cee",
  "mteb_dataset_name": "SICK-R",
  "mteb_version": "1.1.2",
  "test": {
    "cos_sim": {
      "pearson": 0.8714429938517648,
      "spearman": 0.8285653464747909
    },
    "euclidean": {
      "pearson": 0.8414110610012603,
      "spearman": 0.8272998146294376
    },
    "evaluation_time": 0.88,
    "manhattan": {
      "pearson": 0.79978967141227,
      "spearman": 0.8006409841662816
    }
  }
}