{
  "dataset_revision": "a6ea5a8cab320b040a23452cc28066d9beae2cee",
  "mteb_dataset_name": "SICK-R",
  "mteb_version": "1.1.2",
  "test": {
    "cos_sim": {
      "pearson": 0.8712672763247226,
      "spearman": 0.829389724924017
    },
    "euclidean": {
      "pearson": 0.852440535738414,
      "spearman": 0.8285351411002095
    },
    "evaluation_time": 1.34,
    "manhattan": {
      "pearson": 0.847487928221672,
      "spearman": 0.8256324174365295
    }
  }
}