{
  "dataset_revision": null,
  "mteb_dataset_name": "ArguAna",
  "mteb_version": "1.1.2",
  "test": {
    "evaluation_time": 1.98,
    "map_at_1": 0.36273,
    "map_at_10": 0.53354,
    "map_at_100": 0.53921,
    "map_at_1000": 0.53925,
    "map_at_3": 0.48886,
    "map_at_5": 0.51699,
    "mrr_at_1": 0.37055,
    "mrr_at_10": 0.53647,
    "mrr_at_100": 0.54208,
    "mrr_at_1000": 0.54211,
    "mrr_at_3": 0.49158,
    "mrr_at_5": 0.51961,
    "ndcg_at_1": 0.36273,
    "ndcg_at_10": 0.62087,
    "ndcg_at_100": 0.64353,
    "ndcg_at_1000": 0.64423,
    "ndcg_at_3": 0.53041,
    "ndcg_at_5": 0.58095,
    "precision_at_1": 0.36273,
    "precision_at_10": 0.08962,
    "precision_at_100": 0.00991,
    "precision_at_1000": 0.001,
    "precision_at_3": 0.21693,
    "precision_at_5": 0.15462,
    "recall_at_1": 0.36273,
    "recall_at_10": 0.89616,
    "recall_at_100": 0.99147,
    "recall_at_1000": 0.99644,
    "recall_at_3": 0.65078,
    "recall_at_5": 0.77312
  }
}