{
  "dataset_revision": "4f58c6b202a23cf9a4da393831edf4f9183cad37",
  "mteb_dataset_name": "EmotionClassification",
  "mteb_version": "1.1.2",
  "test": {
    "accuracy": 0.55125,
    "accuracy_stderr": 0.025939593289024395,
    "evaluation_time": 0.92,
    "f1": 0.48781584368721526,
    "f1_stderr": 0.016083830801150816,
    "main_score": 0.55125
  }
}