{
  "dataset_revision": "0fd18e25b25c072e09e0d92ab615fda904d66300",
  "mteb_dataset_name": "Banking77Classification",
  "mteb_version": "1.2.0",
  "test": {
    "accuracy": 0.8226623376623377,
    "accuracy_stderr": 0.007264025406324502,
    "evaluation_time": 17.09,
    "f1": 0.8175101152508146,
    "f1_stderr": 0.007771575681333427,
    "main_score": 0.8226623376623377
  }
}