{
  "dataset_revision": null,
  "mteb_dataset_name": "CQADupstackUnixRetrieval",
  "mteb_version": "1.1.2",
  "test": {
    "evaluation_time": 13.87,
    "map_at_1": 0.28492,
    "map_at_10": 0.38067,
    "map_at_100": 0.39298,
    "map_at_1000": 0.39399,
    "map_at_3": 0.35077,
    "map_at_5": 0.36819,
    "mrr_at_1": 0.33209,
    "mrr_at_10": 0.4187,
    "mrr_at_100": 0.42816,
    "mrr_at_1000": 0.42872,
    "mrr_at_3": 0.39381,
    "mrr_at_5": 0.40948,
    "ndcg_at_1": 0.33209,
    "ndcg_at_10": 0.43408,
    "ndcg_at_100": 0.48793,
    "ndcg_at_1000": 0.5095,
    "ndcg_at_3": 0.38291,
    "ndcg_at_5": 0.4088,
    "precision_at_1": 0.33209,
    "precision_at_10": 0.07323,
    "precision_at_100": 0.01115,
    "precision_at_1000": 0.00141,
    "precision_at_3": 0.17382,
    "precision_at_5": 0.12407,
    "recall_at_1": 0.28492,
    "recall_at_10": 0.55638,
    "recall_at_100": 0.78625,
    "recall_at_1000": 0.9347,
    "recall_at_3": 0.41836,
    "recall_at_5": 0.48308
  }
}