{
  "dataset_revision": "4f58c6b202a23cf9a4da393831edf4f9183cad37",
  "mteb_dataset_name": "EmotionClassification",
  "mteb_version": "1.1.2",
  "test": {
    "accuracy": 0.54795,
    "accuracy_stderr": 0.02670903405217044,
    "evaluation_time": 0.6,
    "f1": 0.48120616856597326,
    "f1_stderr": 0.01565514262179885,
    "main_score": 0.54795
  }
}