{
  "dataset_revision": "a6ea5a8cab320b040a23452cc28066d9beae2cee",
  "mteb_dataset_name": "SICK-R",
  "mteb_version": "1.1.2",
  "test": {
    "cos_sim": {
      "pearson": 0.8690538807176086,
      "spearman": 0.8264061664258882
    },
    "euclidean": {
      "pearson": 0.8388930050206543,
      "spearman": 0.8252724900375642
    },
    "evaluation_time": 1.15,
    "manhattan": {
      "pearson": 0.7955464207777783,
      "spearman": 0.7951736512064769
    }
  }
}