{
  "dataset_revision": "c22ab2a51041ffd869aaddef7af8d8215647e41a",
  "mteb_dataset_name": "ArguAna",
  "mteb_version": "1.2.0",
  "test": {
    "evaluation_time": 1.77,
    "map_at_1": 0.37269,
    "map_at_10": 0.53669,
    "map_at_100": 0.54216,
    "map_at_1000": 0.54219,
    "map_at_3": 0.48909,
    "map_at_5": 0.51847,
    "mrr_at_1": 0.38051,
    "mrr_at_10": 0.53948,
    "mrr_at_100": 0.54508,
    "mrr_at_1000": 0.54511,
    "mrr_at_3": 0.49218,
    "mrr_at_5": 0.52127,
    "ndcg_at_1": 0.37269,
    "ndcg_at_10": 0.62402,
    "ndcg_at_100": 0.6456,
    "ndcg_at_1000": 0.64628,
    "ndcg_at_3": 0.52714,
    "ndcg_at_5": 0.58012,
    "precision_at_1": 0.37269,
    "precision_at_10": 0.09011,
    "precision_at_100": 0.00991,
    "precision_at_1000": 0.001,
    "precision_at_3": 0.21242,
    "precision_at_5": 0.1532,
    "recall_at_1": 0.37269,
    "recall_at_10": 0.90114,
    "recall_at_100": 0.99147,
    "recall_at_1000": 0.99644,
    "recall_at_3": 0.63727,
    "recall_at_5": 0.766
  }
}