{
  "dataset_revision": "0228b52cf27578f30900b9e5271d331663a030d7",
  "mteb_dataset_name": "SciFact",
  "mteb_version": "1.2.0",
  "test": {
    "evaluation_time": 0.48,
    "map_at_1": 0.58583,
    "map_at_10": 0.67581,
    "map_at_100": 0.6822,
    "map_at_1000": 0.6824,
    "map_at_3": 0.65137,
    "map_at_5": 0.66363,
    "mrr_at_1": 0.60667,
    "mrr_at_10": 0.68136,
    "mrr_at_100": 0.68693,
    "mrr_at_1000": 0.68712,
    "mrr_at_3": 0.66444,
    "mrr_at_5": 0.67311,
    "ndcg_at_1": 0.60667,
    "ndcg_at_10": 0.71769,
    "ndcg_at_100": 0.74427,
    "ndcg_at_1000": 0.74962,
    "ndcg_at_3": 0.67655,
    "ndcg_at_5": 0.69255,
    "precision_at_1": 0.60667,
    "precision_at_10": 0.09533,
    "precision_at_100": 0.01083,
    "precision_at_1000": 0.00113,
    "precision_at_3": 0.26556,
    "precision_at_5": 0.172,
    "recall_at_1": 0.58583,
    "recall_at_10": 0.83922,
    "recall_at_100": 0.955,
    "recall_at_1000": 0.99667,
    "recall_at_3": 0.72533,
    "recall_at_5": 0.76456
  }
}