{
  "dataset_revision": "7e90230a92c190f1bf69ae9002b8cea547a64cca",
  "mteb_dataset_name": "STS13",
  "mteb_version": "1.2.0",
  "test": {
    "cos_sim": {
      "pearson": 0.8633927629996784,
      "spearman": 0.8728588641253766
    },
    "euclidean": {
      "pearson": 0.8889254048124603,
      "spearman": 0.8895945513296373
    },
    "evaluation_time": 0.03,
    "manhattan": {
      "pearson": 0.8796201560309178,
      "spearman": 0.8816409119726657
    }
  }
}