{
  "dataset_revision": "6031580fec1f6af667f0bd2da0a551cf4f0b2375",
  "mteb_dataset_name": "STS14",
  "mteb_version": "1.2.0",
  "test": {
    "cos_sim": {
      "pearson": 0.8486802363224345,
      "spearman": 0.8131986855151921
    },
    "euclidean": {
      "pearson": 0.8609803799116539,
      "spearman": 0.8317306189939184
    },
    "evaluation_time": 0.28,
    "manhattan": {
      "pearson": 0.8592026095823281,
      "spearman": 0.8305394581423748
    }
  }
}