{
  "dataset_revision": null,
  "mteb_dataset_name": "ArguAna",
  "mteb_version": "1.1.2",
  "test": {
    "evaluation_time": 2.3,
    "map_at_1": 0.367,
    "map_at_10": 0.54175,
    "map_at_100": 0.54737,
    "map_at_1000": 0.54743,
    "map_at_3": 0.50107,
    "map_at_5": 0.52617,
    "mrr_at_1": 0.37411,
    "mrr_at_10": 0.54443,
    "mrr_at_100": 0.54999,
    "mrr_at_1000": 0.55004,
    "mrr_at_3": 0.50356,
    "mrr_at_5": 0.52831,
    "ndcg_at_1": 0.367,
    "ndcg_at_10": 0.62763,
    "ndcg_at_100": 0.64984,
    "ndcg_at_1000": 0.65084,
    "ndcg_at_3": 0.54515,
    "ndcg_at_5": 0.59018,
    "precision_at_1": 0.367,
    "precision_at_10": 0.08969,
    "precision_at_100": 0.00989,
    "precision_at_1000": 0.001,
    "precision_at_3": 0.22428,
    "precision_at_5": 0.15633,
    "recall_at_1": 0.367,
    "recall_at_10": 0.89687,
    "recall_at_100": 0.98933,
    "recall_at_1000": 0.99644,
    "recall_at_3": 0.67283,
    "recall_at_5": 0.78165
  }
}