{
  "dataset_revision": "ae752c7c21bf194d8b67fd573edf7ae58183cbe3",
  "mteb_dataset_name": "STS15",
  "mteb_version": "1.2.0",
  "test": {
    "cos_sim": {
      "pearson": 0.8958441181580837,
      "spearman": 0.9035815528540415
    },
    "euclidean": {
      "pearson": 0.896440331249628,
      "spearman": 0.9035815528540415
    },
    "evaluation_time": 1.24,
    "manhattan": {
      "pearson": 0.8964212454939401,
      "spearman": 0.9035616744232412
    }
  }
}