{
  "dataset_revision": "7e90230a92c190f1bf69ae9002b8cea547a64cca",
  "mteb_dataset_name": "STS13",
  "mteb_version": "1.1.2",
  "test": {
    "cos_sim": {
      "pearson": 0.8806128853571585,
      "spearman": 0.8843544717410936
    },
    "euclidean": {
      "pearson": 0.8770353205786593,
      "spearman": 0.8843544717410936
    },
    "evaluation_time": 1.1,
    "manhattan": {
      "pearson": 0.8790861968237581,
      "spearman": 0.886345191775493
    }
  }
}