{
  "dataset_revision": "eea2b4fe26a775864c896887d910b76a8098ad3f",
  "mteb_dataset_name": "STS22",
  "mteb_version": "1.1.2",
  "test": {
    "en": {
      "cos_sim": {
        "pearson": 0.6844366607451684,
        "spearman": 0.6846970453332109
      },
      "euclidean": {
        "pearson": 0.7008205616826634,
        "spearman": 0.6846970453332109
      },
      "manhattan": {
        "pearson": 0.7015834317369765,
        "spearman": 0.6840719972454314
      }
    },
    "evaluation_time": 0.33
  }
}