{
  "dataset_revision": "70970daeab8776df92f5ea462b6173c0b46fd2d1",
  "mteb_dataset_name": "TwitterSemEval2015",
  "mteb_version": "1.2.0",
  "test": {
    "cos_sim": {
      "accuracy": 0.877749299636407,
      "accuracy_threshold": 0.822562696515972,
      "ap": 0.7884150383717913,
      "f1": 0.7191235059760955,
      "f1_threshold": 0.7967160896507371,
      "precision": 0.6808109382366808,
      "recall": 0.7620052770448549
    },
    "dot": {
      "accuracy": 0.877749299636407,
      "accuracy_threshold": 0.8225626965159722,
      "ap": 0.7884150383717913,
      "f1": 0.7191235059760955,
      "f1_threshold": 0.7967160896507375,
      "precision": 0.6808109382366808,
      "recall": 0.7620052770448549
    },
    "euclidean": {
      "accuracy": 0.877749299636407,
      "accuracy_threshold": 0.595713526605348,
      "ap": 0.7884150383717913,
      "f1": 0.7191235059760955,
      "f1_threshold": 0.6376267095123709,
      "precision": 0.6808109382366808,
      "recall": 0.7620052770448549
    },
    "evaluation_time": 4.0,
    "manhattan": {
      "accuracy": 0.8760803480956071,
      "accuracy_threshold": 34.71471262417321,
      "ap": 0.7868151961641983,
      "f1": 0.7184831742842792,
      "f1_threshold": 37.42090377630147,
      "precision": 0.6854336367992333,
      "recall": 0.7548812664907651
    },
    "max": {
      "accuracy": 0.877749299636407,
      "ap": 0.7884150383717913,
      "f1": 0.7191235059760955
    }
  }
}