{
  "dataset_revision": null,
  "mteb_dataset_name": "SciFact",
  "mteb_version": "1.1.2",
  "test": {
    "evaluation_time": 1.15,
    "map_at_1": 0.61761,
    "map_at_10": 0.71032,
    "map_at_100": 0.71495,
    "map_at_1000": 0.71516,
    "map_at_3": 0.68015,
    "map_at_5": 0.696,
    "mrr_at_1": 0.64667,
    "mrr_at_10": 0.72,
    "mrr_at_100": 0.72361,
    "mrr_at_1000": 0.72381,
    "mrr_at_3": 0.69722,
    "mrr_at_5": 0.71006,
    "ndcg_at_1": 0.64667,
    "ndcg_at_10": 0.75476,
    "ndcg_at_100": 0.77434,
    "ndcg_at_1000": 0.77829,
    "ndcg_at_3": 0.70258,
    "ndcg_at_5": 0.72556,
    "precision_at_1": 0.64667,
    "precision_at_10": 0.1,
    "precision_at_100": 0.011,
    "precision_at_1000": 0.00113,
    "precision_at_3": 0.27111,
    "precision_at_5": 0.17867,
    "recall_at_1": 0.61761,
    "recall_at_10": 0.88256,
    "recall_at_100": 0.97167,
    "recall_at_1000": 1.0,
    "recall_at_3": 0.7395,
    "recall_at_5": 0.79744
  }
}