{
  "dataset_revision": null,
  "mteb_dataset_name": "SciFact",
  "mteb_version": "1.1.2",
  "test": {
    "evaluation_time": 0.58,
    "map_at_1": 0.59194,
    "map_at_10": 0.68706,
    "map_at_100": 0.69238,
    "map_at_1000": 0.69256,
    "map_at_3": 0.66193,
    "map_at_5": 0.67454,
    "mrr_at_1": 0.61667,
    "mrr_at_10": 0.69525,
    "mrr_at_100": 0.69976,
    "mrr_at_1000": 0.69993,
    "mrr_at_3": 0.67556,
    "mrr_at_5": 0.68839,
    "ndcg_at_1": 0.61667,
    "ndcg_at_10": 0.72953,
    "ndcg_at_100": 0.75353,
    "ndcg_at_1000": 0.75848,
    "ndcg_at_3": 0.68644,
    "ndcg_at_5": 0.70634,
    "precision_at_1": 0.61667,
    "precision_at_10": 0.09633,
    "precision_at_100": 0.01087,
    "precision_at_1000": 0.00113,
    "precision_at_3": 0.26778,
    "precision_at_5": 0.174,
    "recall_at_1": 0.59194,
    "recall_at_10": 0.84922,
    "recall_at_100": 0.95833,
    "recall_at_1000": 0.99667,
    "recall_at_3": 0.73283,
    "recall_at_5": 0.78417
  }
}