{
  "dataset_revision": "a6ea5a8cab320b040a23452cc28066d9beae2cee",
  "mteb_dataset_name": "SICK-R",
  "mteb_version": "1.1.2",
  "test": {
    "cos_sim": {
      "pearson": 0.8751203330087318,
      "spearman": 0.831461932734014
    },
    "euclidean": {
      "pearson": 0.8534439906571838,
      "spearman": 0.8305034739279739
    },
    "evaluation_time": 0.94,
    "manhattan": {
      "pearson": 0.844702712333775,
      "spearman": 0.824164800318436
    }
  }
}