{
  "dataset_revision": "6031580fec1f6af667f0bd2da0a551cf4f0b2375",
  "mteb_dataset_name": "STS14",
  "mteb_version": "1.1.2",
  "test": {
    "cos_sim": {
      "pearson": 0.8559062470030329,
      "spearman": 0.8241976863877354
    },
    "euclidean": {
      "pearson": 0.8602637300699058,
      "spearman": 0.8425776514028407
    },
    "evaluation_time": 0.37,
    "manhattan": {
      "pearson": 0.8568036065778565,
      "spearman": 0.8402823979151236
    }
  }
}