{
  "dataset_revision": "79531abbd1fb92d06c6d6315a0cbbbf5bb247ea4",
  "mteb_dataset_name": "CQADupstackPhysicsRetrieval",
  "mteb_version": "1.2.0",
  "test": {
    "evaluation_time": 9.25,
    "map_at_1": 0.31024,
    "map_at_10": 0.41852,
    "map_at_100": 0.43239,
    "map_at_1000": 0.43349,
    "map_at_3": 0.38726,
    "map_at_5": 0.40403,
    "mrr_at_1": 0.38114,
    "mrr_at_10": 0.47623,
    "mrr_at_100": 0.48515,
    "mrr_at_1000": 0.48557,
    "mrr_at_3": 0.45444,
    "mrr_at_5": 0.46643,
    "ndcg_at_1": 0.38114,
    "ndcg_at_10": 0.47935,
    "ndcg_at_100": 0.53441,
    "ndcg_at_1000": 0.55396,
    "ndcg_at_3": 0.43131,
    "ndcg_at_5": 0.45244,
    "precision_at_1": 0.38114,
    "precision_at_10": 0.08614,
    "precision_at_100": 0.01319,
    "precision_at_1000": 0.00168,
    "precision_at_3": 0.20468,
    "precision_at_5": 0.14225,
    "recall_at_1": 0.31024,
    "recall_at_10": 0.60161,
    "recall_at_100": 0.82739,
    "recall_at_1000": 0.95215,
    "recall_at_3": 0.46665,
    "recall_at_5": 0.52324
  }
}