{
  "dataset_revision": "ad9991cb51e31e31e430383c75ffb2885547b5f0",
  "mteb_dataset_name": "CQADupstackEnglishRetrieval",
  "mteb_version": "1.2.0",
  "test": {
    "evaluation_time": 9.74,
    "map_at_1": 0.31946,
    "map_at_10": 0.42499,
    "map_at_100": 0.43755,
    "map_at_1000": 0.43892,
    "map_at_3": 0.39582,
    "map_at_5": 0.41188,
    "mrr_at_1": 0.39809,
    "mrr_at_10": 0.48384,
    "mrr_at_100": 0.49007,
    "mrr_at_1000": 0.49051,
    "mrr_at_3": 0.46274,
    "mrr_at_5": 0.47401,
    "ndcg_at_1": 0.39809,
    "ndcg_at_10": 0.4814,
    "ndcg_at_100": 0.52475,
    "ndcg_at_1000": 0.54501,
    "ndcg_at_3": 0.44239,
    "ndcg_at_5": 0.45907,
    "precision_at_1": 0.39809,
    "precision_at_10": 0.09064,
    "precision_at_100": 0.01456,
    "precision_at_1000": 0.00194,
    "precision_at_3": 0.21401,
    "precision_at_5": 0.1507,
    "recall_at_1": 0.31946,
    "recall_at_10": 0.57842,
    "recall_at_100": 0.762,
    "recall_at_1000": 0.88799,
    "recall_at_3": 0.45946,
    "recall_at_5": 0.50807
  }
}