{
  "dataset_revision": "eea2b4fe26a775864c896887d910b76a8098ad3f",
  "mteb_dataset_name": "STS22",
  "mteb_version": "1.2.0",
  "test": {
    "en": {
      "cos_sim": {
        "pearson": 0.6843653313129492,
        "spearman": 0.685497888195678
      },
      "euclidean": {
        "pearson": 0.7003120246993741,
        "spearman": 0.685497888195678
      },
      "manhattan": {
        "pearson": 0.6993294279389933,
        "spearman": 0.6836764590023838
      }
    },
    "evaluation_time": 0.04
  }
}