{
  "dataset_revision": null,
  "mteb_dataset_name": "SciFact",
  "mteb_version": "1.1.2",
  "test": {
    "evaluation_time": 0.72,
    "map_at_1": 0.59428,
    "map_at_10": 0.6848,
    "map_at_100": 0.69032,
    "map_at_1000": 0.69058,
    "map_at_3": 0.65763,
    "map_at_5": 0.67191,
    "mrr_at_1": 0.62,
    "mrr_at_10": 0.69351,
    "mrr_at_100": 0.69765,
    "mrr_at_1000": 0.6979,
    "mrr_at_3": 0.67278,
    "mrr_at_5": 0.68428,
    "ndcg_at_1": 0.62,
    "ndcg_at_10": 0.7268,
    "ndcg_at_100": 0.74962,
    "ndcg_at_1000": 0.75599,
    "ndcg_at_3": 0.68008,
    "ndcg_at_5": 0.70074,
    "precision_at_1": 0.62,
    "precision_at_10": 0.09567,
    "precision_at_100": 0.01077,
    "precision_at_1000": 0.00113,
    "precision_at_3": 0.26333,
    "precision_at_5": 0.17267,
    "recall_at_1": 0.59428,
    "recall_at_10": 0.84689,
    "recall_at_100": 0.94833,
    "recall_at_1000": 0.99667,
    "recall_at_3": 0.71683,
    "recall_at_5": 0.77178
  }
}