{
  "dataset_revision": "af5e6fb845001ecf41f4c1e033ce921939a2a68d",
  "mteb_dataset_name": "STS17",
  "mteb_version": "1.2.0",
  "test": {
    "en-en": {
      "cos_sim": {
        "pearson": 0.8784735089420797,
        "spearman": 0.8820916791975623
      },
      "euclidean": {
        "pearson": 0.8776344438971476,
        "spearman": 0.8816077239397602
      },
      "manhattan": {
        "pearson": 0.8664614416808032,
        "spearman": 0.8680185370661953
      }
    },
    "evaluation_time": 0.02
  }
}