{
  "dataset_revision": null,
  "mteb_dataset_name": "ArguAna",
  "mteb_version": "1.1.2",
  "test": {
    "evaluation_time": 2.15,
    "map_at_1": 0.35917,
    "map_at_10": 0.52756,
    "map_at_100": 0.5339,
    "map_at_1000": 0.53396,
    "map_at_3": 0.48293,
    "map_at_5": 0.51063,
    "mrr_at_1": 0.36558,
    "mrr_at_10": 0.53009,
    "mrr_at_100": 0.53643,
    "mrr_at_1000": 0.53649,
    "mrr_at_3": 0.48495,
    "mrr_at_5": 0.51268,
    "ndcg_at_1": 0.35917,
    "ndcg_at_10": 0.61401,
    "ndcg_at_100": 0.63885,
    "ndcg_at_1000": 0.63985,
    "ndcg_at_3": 0.52397,
    "ndcg_at_5": 0.57399,
    "precision_at_1": 0.35917,
    "precision_at_10": 0.08862,
    "precision_at_100": 0.00989,
    "precision_at_1000": 0.001,
    "precision_at_3": 0.21432,
    "precision_at_5": 0.15292,
    "recall_at_1": 0.35917,
    "recall_at_10": 0.8862,
    "recall_at_100": 0.98933,
    "recall_at_1000": 0.99644,
    "recall_at_3": 0.64296,
    "recall_at_5": 0.76458
  }
}