{
  "dataset_revision": "0fd18e25b25c072e09e0d92ab615fda904d66300",
  "mteb_dataset_name": "Banking77Classification",
  "mteb_version": "1.1.2",
  "test": {
    "accuracy": 0.8354220779220778,
    "accuracy_stderr": 0.00600157748982176,
    "evaluation_time": 11.86,
    "f1": 0.8282293381149524,
    "f1_stderr": 0.00688120412820238,
    "main_score": 0.8354220779220778
  }
}