{
  "dataset_revision": "6031580fec1f6af667f0bd2da0a551cf4f0b2375",
  "mteb_dataset_name": "STS14",
  "mteb_version": "1.1.2",
  "test": {
    "cos_sim": {
      "pearson": 0.8574231626655892,
      "spearman": 0.8259180794620888
    },
    "euclidean": {
      "pearson": 0.8573534122791495,
      "spearman": 0.842237808765479
    },
    "evaluation_time": 0.66,
    "manhattan": {
      "pearson": 0.8396138281426131,
      "spearman": 0.8305049967166462
    }
  }
}