{
  "dataset_revision": "c22ab2a51041ffd869aaddef7af8d8215647e41a",
  "mteb_dataset_name": "ArguAna",
  "mteb_version": "1.2.0",
  "test": {
    "evaluation_time": 12.78,
    "map_at_1": 0.39829,
    "map_at_10": 0.56586,
    "map_at_100": 0.57039,
    "map_at_1000": 0.57041,
    "map_at_3": 0.5224,
    "map_at_5": 0.55057,
    "mrr_at_1": 0.40612,
    "mrr_at_10": 0.56892,
    "mrr_at_100": 0.5733,
    "mrr_at_1000": 0.57332,
    "mrr_at_3": 0.5256,
    "mrr_at_5": 0.55324,
    "ndcg_at_1": 0.39829,
    "ndcg_at_10": 0.65103,
    "ndcg_at_100": 0.66885,
    "ndcg_at_1000": 0.66924,
    "ndcg_at_3": 0.56354,
    "ndcg_at_5": 0.61426,
    "precision_at_1": 0.39829,
    "precision_at_10": 0.09189,
    "precision_at_100": 0.00994,
    "precision_at_1000": 0.001,
    "precision_at_3": 0.2276,
    "precision_at_5": 0.16117,
    "recall_at_1": 0.39829,
    "recall_at_10": 0.91892,
    "recall_at_100": 0.9936,
    "recall_at_1000": 0.99644,
    "recall_at_3": 0.68279,
    "recall_at_5": 0.80583
  }
}