{
  "dataset_revision": "ae001d0e6b1228650b7bd1c2c65fb50ad11a8aba",
  "mteb_dataset_name": "MTOPIntentClassification",
  "mteb_version": "1.2.0",
  "test": {
    "en": {
      "accuracy": 0.6939352485180119,
      "accuracy_stderr": 0.01728196095013808,
      "f1": 0.5148514325755784,
      "f1_stderr": 0.011045065204136012,
      "main_score": 0.6939352485180119
    },
    "evaluation_time": 31.08
  }
}