{
  "dataset_revision": "0228b52cf27578f30900b9e5271d331663a030d7",
  "mteb_dataset_name": "SciFact",
  "mteb_version": "1.2.0",
  "test": {
    "evaluation_time": 32.98,
    "map_at_1": 0.61761,
    "map_at_10": 0.71446,
    "map_at_100": 0.71904,
    "map_at_1000": 0.71932,
    "map_at_3": 0.68219,
    "map_at_5": 0.70254,
    "mrr_at_1": 0.64667,
    "mrr_at_10": 0.72369,
    "mrr_at_100": 0.72734,
    "mrr_at_1000": 0.7276,
    "mrr_at_3": 0.69778,
    "mrr_at_5": 0.71744,
    "ndcg_at_1": 0.64667,
    "ndcg_at_10": 0.75917,
    "ndcg_at_100": 0.77674,
    "ndcg_at_1000": 0.78209,
    "ndcg_at_3": 0.70462,
    "ndcg_at_5": 0.73745,
    "precision_at_1": 0.64667,
    "precision_at_10": 0.10067,
    "precision_at_100": 0.0109,
    "precision_at_1000": 0.00113,
    "precision_at_3": 0.27222,
    "precision_at_5": 0.184,
    "recall_at_1": 0.61761,
    "recall_at_10": 0.88656,
    "recall_at_100": 0.96167,
    "recall_at_1000": 1.0,
    "recall_at_3": 0.74283,
    "recall_at_5": 0.82494
  }
}