{
  "dataset_revision": "70970daeab8776df92f5ea462b6173c0b46fd2d1",
  "mteb_dataset_name": "TwitterSemEval2015",
  "mteb_version": "1.2.0",
  "test": {
    "cos_sim": {
      "accuracy": 0.8748882398521786,
      "accuracy_threshold": 0.8252403712343562,
      "ap": 0.7871131028172804,
      "f1": 0.7188693659281895,
      "f1_threshold": 0.7971606043716594,
      "precision": 0.6946358267716536,
      "recall": 0.7448548812664908
    },
    "dot": {
      "accuracy": 0.8748882398521786,
      "accuracy_threshold": 0.8252403712343562,
      "ap": 0.7871131028172804,
      "f1": 0.7188693659281895,
      "f1_threshold": 0.7971606043716593,
      "precision": 0.6946358267716536,
      "recall": 0.7448548812664908
    },
    "euclidean": {
      "accuracy": 0.8748882398521786,
      "accuracy_threshold": 0.5912015277769216,
      "ap": 0.7871131028172804,
      "f1": 0.7188693659281895,
      "f1_threshold": 0.6369291876112432,
      "precision": 0.6946358267716536,
      "recall": 0.7448548812664908
    },
    "evaluation_time": 11.78,
    "manhattan": {
      "accuracy": 0.8756035047982357,
      "accuracy_threshold": 28.50037882308157,
      "ap": 0.7876227484868598,
      "f1": 0.7192017397978764,
      "f1_threshold": 30.266664513079967,
      "precision": 0.698038241867395,
      "recall": 0.741688654353562
    },
    "max": {
      "accuracy": 0.8756035047982357,
      "ap": 0.7876227484868598,
      "f1": 0.7192017397978764
    }
  }
}