{
  "dataset_revision": "d3fb88f8f02e40887cd149695127462bbcf29b4a",
  "mteb_dataset_name": "BIOSSES",
  "mteb_version": "1.1.2",
  "test": {
    "cos_sim": {
      "pearson": 0.8799299973243828,
      "spearman": 0.8629654463856421
    },
    "euclidean": {
      "pearson": 0.8597958522712716,
      "spearman": 0.8629654463856421
    },
    "evaluation_time": 0.05,
    "manhattan": {
      "pearson": 0.8666057432573895,
      "spearman": 0.870435496113865
    }
  }
}