{
  "dataset_revision": "27a168819829fe9bcd655c2df245fb19452e8e06",
  "mteb_dataset_name": "FiQA2018",
  "mteb_version": "1.2.0",
  "test": {
    "evaluation_time": 12.89,
    "map_at_1": 0.19924,
    "map_at_10": 0.34058,
    "map_at_100": 0.36119,
    "map_at_1000": 0.36301,
    "map_at_3": 0.29486,
    "map_at_5": 0.32036,
    "mrr_at_1": 0.39815,
    "mrr_at_10": 0.49498,
    "mrr_at_100": 0.50359,
    "mrr_at_1000": 0.50389,
    "mrr_at_3": 0.46888,
    "mrr_at_5": 0.48462,
    "ndcg_at_1": 0.39815,
    "ndcg_at_10": 0.42149,
    "ndcg_at_100": 0.49271,
    "ndcg_at_1000": 0.52234,
    "ndcg_at_3": 0.38058,
    "ndcg_at_5": 0.39516,
    "precision_at_1": 0.39815,
    "precision_at_10": 0.11914,
    "precision_at_100": 0.01926,
    "precision_at_1000": 0.00245,
    "precision_at_3": 0.2608,
    "precision_at_5": 0.19198,
    "recall_at_1": 0.19924,
    "recall_at_10": 0.49808,
    "recall_at_100": 0.75682,
    "recall_at_1000": 0.93564,
    "recall_at_3": 0.34651,
    "recall_at_5": 0.41599
  }
}