{
  "dataset_revision": "a6ea5a8cab320b040a23452cc28066d9beae2cee",
  "mteb_dataset_name": "SICK-R",
  "mteb_version": "1.2.0",
  "test": {
    "cos_sim": {
      "pearson": 0.863405054797286,
      "spearman": 0.8211979283385676
    },
    "euclidean": {
      "pearson": 0.834472532009709,
      "spearman": 0.8211979283385676
    },
    "evaluation_time": 2.64,
    "manhattan": {
      "pearson": 0.834171278606842,
      "spearman": 0.8209586504581495
    }
  }
}