{
  "dataset_revision": "a0d554a64d88156834ff5ae9920b964011b16384",
  "mteb_dataset_name": "STS12",
  "mteb_version": "1.1.2",
  "test": {
    "cos_sim": {
      "pearson": 0.8545255445997473,
      "spearman": 0.7687339033152344
    },
    "euclidean": {
      "pearson": 0.8190318060221312,
      "spearman": 0.7687339033152344
    },
    "evaluation_time": 1.2,
    "manhattan": {
      "pearson": 0.8237763522009895,
      "spearman": 0.7753918442600684
    }
  }
}