{
  "dataset_revision": "70970daeab8776df92f5ea462b6173c0b46fd2d1",
  "mteb_dataset_name": "TwitterSemEval2015",
  "mteb_version": "1.1.2",
  "test": {
    "cos_sim": {
      "accuracy": 0.8735769207844072,
      "accuracy_threshold": 0.8147655339984623,
      "ap": 0.7751912986443465,
      "f1": 0.7069053708439899,
      "f1_threshold": 0.7928046062143104,
      "precision": 0.6858560794044665,
      "recall": 0.729287598944591
    },
    "dot": {
      "accuracy": 0.8735769207844072,
      "accuracy_threshold": 0.814765533998463,
      "ap": 0.7751912986443465,
      "f1": 0.7069053708439899,
      "f1_threshold": 0.792804606214311,
      "precision": 0.6858560794044665,
      "recall": 0.729287598944591
    },
    "euclidean": {
      "accuracy": 0.8735769207844072,
      "accuracy_threshold": 0.6086615907003744,
      "ap": 0.7751912986443465,
      "f1": 0.7069053708439899,
      "f1_threshold": 0.6437319221306275,
      "precision": 0.6858560794044665,
      "recall": 0.729287598944591
    },
    "evaluation_time": 30.37,
    "manhattan": {
      "accuracy": 0.8739941586696072,
      "accuracy_threshold": 25.244753518001485,
      "ap": 0.779486768600743,
      "f1": 0.7114956736711989,
      "f1_threshold": 26.872884190727493,
      "precision": 0.6693023255813954,
      "recall": 0.7593667546174142
    },
    "max": {
      "accuracy": 0.8739941586696072,
      "ap": 0.779486768600743,
      "f1": 0.7114956736711989
    }
  }
}