{
  "dataset_revision": "6031580fec1f6af667f0bd2da0a551cf4f0b2375",
  "mteb_dataset_name": "STS14",
  "mteb_version": "1.2.0",
  "test": {
    "cos_sim": {
      "pearson": 0.8618048026661662,
      "spearman": 0.8297797592273871
    },
    "euclidean": {
      "pearson": 0.8649937029746412,
      "spearman": 0.8480792404673585
    },
    "evaluation_time": 1.14,
    "manhattan": {
      "pearson": 0.8487104162643271,
      "spearman": 0.8374170525124907
    }
  }
}