{
  "dataset_revision": "a0d554a64d88156834ff5ae9920b964011b16384",
  "mteb_dataset_name": "STS12",
  "mteb_version": "1.2.0",
  "test": {
    "cos_sim": {
      "pearson": 0.8502598333866834,
      "spearman": 0.7529727815526049
    },
    "euclidean": {
      "pearson": 0.8497725000988179,
      "spearman": 0.7808033572071373
    },
    "evaluation_time": 0.05,
    "manhattan": {
      "pearson": 0.7924138742428337,
      "spearman": 0.7686825234438865
    }
  }
}