{
  "dataset_revision": "6c6430d3a6d36f8d2a829195bc5dc94d7e063e53",
  "mteb_dataset_name": "CQADupstackUnixRetrieval",
  "mteb_version": "1.2.0",
  "test": {
    "evaluation_time": 79.72,
    "map_at_1": 0.29555,
    "map_at_10": 0.39587,
    "map_at_100": 0.40795,
    "map_at_1000": 0.40888,
    "map_at_3": 0.36638,
    "map_at_5": 0.38411,
    "mrr_at_1": 0.34795,
    "mrr_at_10": 0.43809,
    "mrr_at_100": 0.44664,
    "mrr_at_1000": 0.44713,
    "mrr_at_3": 0.41262,
    "mrr_at_5": 0.42783,
    "ndcg_at_1": 0.34795,
    "ndcg_at_10": 0.45204,
    "ndcg_at_100": 0.50452,
    "ndcg_at_1000": 0.52529,
    "ndcg_at_3": 0.40095,
    "ndcg_at_5": 0.42678,
    "precision_at_1": 0.34795,
    "precision_at_10": 0.07565,
    "precision_at_100": 0.01146,
    "precision_at_1000": 0.00143,
    "precision_at_3": 0.1819,
    "precision_at_5": 0.12836,
    "recall_at_1": 0.29555,
    "recall_at_10": 0.57857,
    "recall_at_100": 0.8028,
    "recall_at_1000": 0.94716,
    "recall_at_3": 0.44354,
    "recall_at_5": 0.50688
  }
}