{
  "dataset_revision": "7d571f92784cd94a019292a1f45445077d0ef634",
  "mteb_dataset_name": "MassiveScenarioClassification",
  "mteb_version": "1.2.0",
  "test": {
    "en": {
      "accuracy": 0.7793880295897782,
      "accuracy_stderr": 0.014066602897989925,
      "f1": 0.7756568744467515,
      "f1_stderr": 0.012385940362344456,
      "main_score": 0.7793880295897782
    },
    "evaluation_time": 15.24
  }
}