{
  "dataset_revision": "a6ea5a8cab320b040a23452cc28066d9beae2cee",
  "mteb_dataset_name": "SICK-R",
  "mteb_version": "1.2.0",
  "test": {
    "cos_sim": {
      "pearson": 0.87293337663904,
      "spearman": 0.8288159088919785
    },
    "euclidean": {
      "pearson": 0.8450898686665534,
      "spearman": 0.8288159088919785
    },
    "evaluation_time": 4.98,
    "manhattan": {
      "pearson": 0.8465797507089948,
      "spearman": 0.8287553881616709
    }
  }
}