{
  "dataset_revision": "6031580fec1f6af667f0bd2da0a551cf4f0b2375",
  "mteb_dataset_name": "STS14",
  "mteb_version": "1.2.0",
  "test": {
    "cos_sim": {
      "pearson": 0.8671433587003189,
      "spearman": 0.8414622306333205
    },
    "euclidean": {
      "pearson": 0.8572107482917793,
      "spearman": 0.8414622306333205
    },
    "evaluation_time": 1.84,
    "manhattan": {
      "pearson": 0.8564408030212505,
      "spearman": 0.8400476101372324
    }
  }
}