{
  "dataset_revision": "d7c0de2777da35d6aae2200a62c6e0e5af397c4c",
  "mteb_dataset_name": "ToxicConversationsClassification",
  "mteb_version": "1.2.0",
  "test": {
    "accuracy": 0.736606,
    "accuracy_stderr": 0.044435192404219434,
    "ap": 0.1639232820174228,
    "ap_stderr": 0.013583157269226522,
    "evaluation_time": 39.01,
    "f1": 0.5722307819299811,
    "f1_stderr": 0.029333991049342246,
    "main_score": 0.736606
  }
}