{
  "dataset_revision": "eea2b4fe26a775864c896887d910b76a8098ad3f",
  "mteb_dataset_name": "STS22",
  "mteb_version": "1.1.2",
  "test": {
    "en": {
      "cos_sim": {
        "pearson": 0.6751325053603048,
        "spearman": 0.6908677674706358
      },
      "euclidean": {
        "pearson": 0.70132630862122,
        "spearman": 0.694836171736276
      },
      "manhattan": {
        "pearson": 0.7052275634765057,
        "spearman": 0.6936210717427156
      }
    },
    "evaluation_time": 0.06
  }
}