{
  "dataset_revision": "f46a197baaae43b4f621051089b82a364682dfeb",
  "mteb_dataset_name": "CQADupstackAndroidRetrieval",
  "mteb_version": "1.2.0",
  "test": {
    "evaluation_time": 28.36,
    "map_at_1": 0.34389,
    "map_at_10": 0.46524,
    "map_at_100": 0.48153,
    "map_at_1000": 0.48265,
    "map_at_3": 0.42813,
    "map_at_5": 0.44895,
    "mrr_at_1": 0.42632,
    "mrr_at_10": 0.52927,
    "mrr_at_100": 0.5364,
    "mrr_at_1000": 0.53674,
    "mrr_at_3": 0.50358,
    "mrr_at_5": 0.51981,
    "ndcg_at_1": 0.42632,
    "ndcg_at_10": 0.5311,
    "ndcg_at_100": 0.58609,
    "ndcg_at_1000": 0.60196,
    "ndcg_at_3": 0.48246,
    "ndcg_at_5": 0.50541,
    "precision_at_1": 0.42632,
    "precision_at_10": 0.10143,
    "precision_at_100": 0.01622,
    "precision_at_1000": 0.00206,
    "precision_at_3": 0.23367,
    "precision_at_5": 0.16767,
    "recall_at_1": 0.34389,
    "recall_at_10": 0.65107,
    "recall_at_100": 0.8794,
    "recall_at_1000": 0.9754,
    "recall_at_3": 0.5046,
    "recall_at_5": 0.57165
  }
}