{
  "dataset_revision": "3d86128a09e091d6018b6d26cad27f2739fc2db7",
  "mteb_dataset_name": "ImdbClassification",
  "mteb_version": "1.2.0",
  "test": {
    "accuracy": 0.9418559999999999,
    "accuracy_stderr": 0.003817316334809063,
    "ap": 0.913541891485561,
    "ap_stderr": 0.009337273164276447,
    "evaluation_time": 15.7,
    "f1": 0.9418276150035243,
    "f1_stderr": 0.003842208086211333,
    "main_score": 0.9418559999999999
  }
}