{
  "dataset_revision": "ec0fa4fe99da2ff19ca1214b7966684033a58814",
  "mteb_dataset_name": "NFCorpus",
  "mteb_version": "1.2.0",
  "test": {
    "evaluation_time": 4.27,
    "map_at_1": 0.07601,
    "map_at_10": 0.15871,
    "map_at_100": 0.20521,
    "map_at_1000": 0.22205,
    "map_at_3": 0.11715,
    "map_at_5": 0.1361,
    "mrr_at_1": 0.51393,
    "mrr_at_10": 0.60163,
    "mrr_at_100": 0.60564,
    "mrr_at_1000": 0.60598,
    "mrr_at_3": 0.5774,
    "mrr_at_5": 0.59241,
    "ndcg_at_1": 0.49845,
    "ndcg_at_10": 0.39861,
    "ndcg_at_100": 0.37476,
    "ndcg_at_1000": 0.46184,
    "ndcg_at_3": 0.44648,
    "ndcg_at_5": 0.42655,
    "precision_at_1": 0.51084,
    "precision_at_10": 0.2935,
    "precision_at_100": 0.09505,
    "precision_at_1000": 0.02259,
    "precision_at_3": 0.41176,
    "precision_at_5": 0.36471,
    "recall_at_1": 0.07601,
    "recall_at_10": 0.20271,
    "recall_at_100": 0.38092,
    "recall_at_1000": 0.69939,
    "recall_at_3": 0.12713,
    "recall_at_5": 0.15831
  }
}