{
  "dataset_revision": "70970daeab8776df92f5ea462b6173c0b46fd2d1",
  "mteb_dataset_name": "TwitterSemEval2015",
  "mteb_version": "1.1.2",
  "test": {
    "cos_sim": {
      "accuracy": 0.8768552184538356,
      "accuracy_threshold": 0.8308684986866657,
      "ap": 0.7845922559990148,
      "f1": 0.7168955524757464,
      "f1_threshold": 0.8065838747558198,
      "precision": 0.6860380998312032,
      "recall": 0.7506596306068601
    },
    "dot": {
      "accuracy": 0.8768552184538356,
      "accuracy_threshold": 0.8308684986866666,
      "ap": 0.7845922559990148,
      "f1": 0.7168955524757464,
      "f1_threshold": 0.8065838747558205,
      "precision": 0.6860380998312032,
      "recall": 0.7506596306068601
    },
    "euclidean": {
      "accuracy": 0.8768552184538356,
      "accuracy_threshold": 0.5816038183307098,
      "ap": 0.7845922559990148,
      "f1": 0.7168955524757464,
      "f1_threshold": 0.6219583947168194,
      "precision": 0.6860380998312032,
      "recall": 0.7506596306068601
    },
    "evaluation_time": 14.45,
    "manhattan": {
      "accuracy": 0.8759611372712642,
      "accuracy_threshold": 29.116099154437705,
      "ap": 0.7833280789841447,
      "f1": 0.7147905098435133,
      "f1_threshold": 30.83407317209007,
      "precision": 0.6850507982583455,
      "recall": 0.7472295514511873
    },
    "max": {
      "accuracy": 0.8768552184538356,
      "ap": 0.7845922559990148,
      "f1": 0.7168955524757464
    }
  }
}