{
  "dataset_revision": null,
  "mteb_dataset_name": "NFCorpus",
  "mteb_version": "1.1.2",
  "test": {
    "evaluation_time": 2.08,
    "map_at_1": 0.07455,
    "map_at_10": 0.16483,
    "map_at_100": 0.21465,
    "map_at_1000": 0.23251,
    "map_at_3": 0.1197,
    "map_at_5": 0.13912,
    "mrr_at_1": 0.5356,
    "mrr_at_10": 0.62314,
    "mrr_at_100": 0.62719,
    "mrr_at_1000": 0.62751,
    "mrr_at_3": 0.6032,
    "mrr_at_5": 0.61682,
    "ndcg_at_1": 0.51393,
    "ndcg_at_10": 0.42027,
    "ndcg_at_100": 0.39249,
    "ndcg_at_1000": 0.48248,
    "ndcg_at_3": 0.46863,
    "ndcg_at_5": 0.4493,
    "precision_at_1": 0.5356,
    "precision_at_10": 0.313,
    "precision_at_100": 0.10096,
    "precision_at_1000": 0.02337,
    "precision_at_3": 0.43756,
    "precision_at_5": 0.39133,
    "recall_at_1": 0.07455,
    "recall_at_10": 0.21032,
    "recall_at_100": 0.40041,
    "recall_at_1000": 0.73673,
    "recall_at_3": 0.12839,
    "recall_at_5": 0.16017
  }
}