{
  "dataset_revision": "f46a197baaae43b4f621051089b82a364682dfeb",
  "mteb_dataset_name": "CQADupstackAndroidRetrieval",
  "mteb_version": "1.2.0",
  "test": {
    "evaluation_time": 28.31,
    "map_at_1": 0.33486,
    "map_at_10": 0.45025,
    "map_at_100": 0.46638,
    "map_at_1000": 0.46763,
    "map_at_3": 0.41514,
    "map_at_5": 0.43371,
    "mrr_at_1": 0.41345,
    "mrr_at_10": 0.51626,
    "mrr_at_100": 0.52317,
    "mrr_at_1000": 0.52355,
    "mrr_at_3": 0.49118,
    "mrr_at_5": 0.50598,
    "ndcg_at_1": 0.41345,
    "ndcg_at_10": 0.51704,
    "ndcg_at_100": 0.57203,
    "ndcg_at_1000": 0.58946,
    "ndcg_at_3": 0.4682,
    "ndcg_at_5": 0.48854,
    "precision_at_1": 0.41345,
    "precision_at_10": 0.099,
    "precision_at_100": 0.01588,
    "precision_at_1000": 0.00205,
    "precision_at_3": 0.22556,
    "precision_at_5": 0.16052,
    "recall_at_1": 0.33486,
    "recall_at_10": 0.63938,
    "recall_at_100": 0.86949,
    "recall_at_1000": 0.97543,
    "recall_at_3": 0.49231,
    "recall_at_5": 0.55322
  }
}