{
  "dataset_revision": "4d8694f8f0e0100860b497b999b3dbed754a0513",
  "mteb_dataset_name": "STS16",
  "mteb_version": "1.2.0",
  "test": {
    "cos_sim": {
      "pearson": 0.8571491397355653,
      "spearman": 0.870763702980323
    },
    "euclidean": {
      "pearson": 0.8627760172469402,
      "spearman": 0.870763702980323
    },
    "evaluation_time": 0.6,
    "manhattan": {
      "pearson": 0.8642999797310857,
      "spearman": 0.8721517131031707
    }
  }
}