{
  "dataset_revision": "eea2b4fe26a775864c896887d910b76a8098ad3f",
  "mteb_dataset_name": "STS22",
  "mteb_version": "1.2.0",
  "test": {
    "en": {
      "cos_sim": {
        "pearson": 0.6805593266796607,
        "spearman": 0.6768758055889937
      },
      "euclidean": {
        "pearson": 0.6977205678223611,
        "spearman": 0.6768758055889937
      },
      "manhattan": {
        "pearson": 0.6965281391581131,
        "spearman": 0.6762361079366571
      }
    },
    "evaluation_time": 0.09
  }
}