{
  "dataset_revision": null,
  "mteb_dataset_name": "ArguAna",
  "mteb_version": "1.1.2",
  "test": {
    "evaluation_time": 2.6,
    "map_at_1": 0.38762,
    "map_at_10": 0.55518,
    "map_at_100": 0.5607,
    "map_at_1000": 0.56073,
    "map_at_3": 0.51292,
    "map_at_5": 0.53988,
    "mrr_at_1": 0.39758,
    "mrr_at_10": 0.55868,
    "mrr_at_100": 0.5642,
    "mrr_at_1000": 0.56423,
    "mrr_at_3": 0.5179,
    "mrr_at_5": 0.54326,
    "ndcg_at_1": 0.38762,
    "ndcg_at_10": 0.6394,
    "ndcg_at_100": 0.66071,
    "ndcg_at_1000": 0.6613,
    "ndcg_at_3": 0.55414,
    "ndcg_at_5": 0.60275,
    "precision_at_1": 0.38762,
    "precision_at_10": 0.0904,
    "precision_at_100": 0.00992,
    "precision_at_1000": 0.001,
    "precision_at_3": 0.22451,
    "precision_at_5": 0.15832,
    "recall_at_1": 0.38762,
    "recall_at_10": 0.90398,
    "recall_at_100": 0.99218,
    "recall_at_1000": 0.99644,
    "recall_at_3": 0.67354,
    "recall_at_5": 0.79161
  }
}