{
  "dataset_revision": null,
  "mteb_dataset_name": "SciFact",
  "mteb_version": "1.1.2",
  "test": {
    "evaluation_time": 1.14,
    "map_at_1": 0.61761,
    "map_at_10": 0.70846,
    "map_at_100": 0.71286,
    "map_at_1000": 0.71309,
    "map_at_3": 0.67681,
    "map_at_5": 0.695,
    "mrr_at_1": 0.64667,
    "mrr_at_10": 0.71827,
    "mrr_at_100": 0.72173,
    "mrr_at_1000": 0.72195,
    "mrr_at_3": 0.69444,
    "mrr_at_5": 0.70811,
    "ndcg_at_1": 0.64667,
    "ndcg_at_10": 0.75315,
    "ndcg_at_100": 0.77229,
    "ndcg_at_1000": 0.77671,
    "ndcg_at_3": 0.69934,
    "ndcg_at_5": 0.72543,
    "precision_at_1": 0.64667,
    "precision_at_10": 0.1,
    "precision_at_100": 0.01097,
    "precision_at_1000": 0.00113,
    "precision_at_3": 0.27,
    "precision_at_5": 0.18,
    "recall_at_1": 0.61761,
    "recall_at_10": 0.88156,
    "recall_at_100": 0.96833,
    "recall_at_1000": 1.0,
    "recall_at_3": 0.73617,
    "recall_at_5": 0.80078
  }
}