{
  "dataset_revision": "0fd18e25b25c072e09e0d92ab615fda904d66300",
  "mteb_dataset_name": "Banking77Classification",
  "mteb_version": "1.1.2",
  "test": {
    "accuracy": 0.8452922077922078,
    "accuracy_stderr": 0.004392726358905908,
    "evaluation_time": 12.15,
    "f1": 0.8385898357569237,
    "f1_stderr": 0.00568257807867847,
    "main_score": 0.8452922077922078
  }
}