{
  "dataset_revision": "6031580fec1f6af667f0bd2da0a551cf4f0b2375",
  "mteb_dataset_name": "STS14",
  "mteb_version": "1.1.2",
  "test": {
    "cos_sim": {
      "pearson": 0.8637197540791383,
      "spearman": 0.8315797055801766
    },
    "euclidean": {
      "pearson": 0.859134447807763,
      "spearman": 0.8467495946900968
    },
    "evaluation_time": 0.8,
    "manhattan": {
      "pearson": 0.8351640413505871,
      "spearman": 0.8292536642182864
    }
  }
}