{
  "dataset_revision": "4f58c6b202a23cf9a4da393831edf4f9183cad37",
  "mteb_dataset_name": "EmotionClassification",
  "mteb_version": "1.1.2",
  "test": {
    "accuracy": 0.5514,
    "accuracy_stderr": 0.024667590072806056,
    "evaluation_time": 0.57,
    "f1": 0.48815180107530115,
    "f1_stderr": 0.014299956675575688,
    "main_score": 0.5514
  }
}