{
  "dataset_revision": "4d8694f8f0e0100860b497b999b3dbed754a0513",
  "mteb_dataset_name": "STS16",
  "mteb_version": "1.1.2",
  "test": {
    "cos_sim": {
      "pearson": 0.8396074589890771,
      "spearman": 0.856699171233426
    },
    "euclidean": {
      "pearson": 0.8651818724224901,
      "spearman": 0.8702524446984389
    },
    "evaluation_time": 0.16,
    "manhattan": {
      "pearson": 0.8641885387216687,
      "spearman": 0.8698752543531031
    }
  }
}