{
  "dataset_revision": "af5e6fb845001ecf41f4c1e033ce921939a2a68d",
  "mteb_dataset_name": "STS17",
  "mteb_version": "1.1.2",
  "test": {
    "en-en": {
      "cos_sim": {
        "pearson": 0.9032996232725322,
        "spearman": 0.9051239517448091
      },
      "euclidean": {
        "pearson": 0.9029624788238141,
        "spearman": 0.8981517671014305
      },
      "manhattan": {
        "pearson": 0.8932714291650911,
        "spearman": 0.887785360912069
      }
    },
    "evaluation_time": 0.05
  }
}