{
  "dataset_revision": "b0fddb56ed78048fa8b90373c8a3cfc37b684831",
  "mteb_dataset_name": "STSBenchmark",
  "mteb_version": "1.1.2",
  "test": {
    "cos_sim": {
      "pearson": 0.8734521097090975,
      "spearman": 0.8807404517594714
    },
    "euclidean": {
      "pearson": 0.8871740716112558,
      "spearman": 0.8906770233812149
    },
    "evaluation_time": 0.18,
    "manhattan": {
      "pearson": 0.8771467519593955,
      "spearman": 0.8798964903331024
    }
  }
}