{
  "dataset_revision": "7e90230a92c190f1bf69ae9002b8cea547a64cca",
  "mteb_dataset_name": "STS13",
  "mteb_version": "1.1.2",
  "test": {
    "cos_sim": {
      "pearson": 0.8490642384347543,
      "spearman": 0.8528460416410351
    },
    "euclidean": {
      "pearson": 0.862306026177994,
      "spearman": 0.8697677313633929
    },
    "evaluation_time": 0.11,
    "manhattan": {
      "pearson": 0.8445083864180222,
      "spearman": 0.8516561643483158
    }
  }
}