{
  "dataset_revision": "a0d554a64d88156834ff5ae9920b964011b16384",
  "mteb_dataset_name": "STS12",
  "mteb_version": "1.2.0",
  "test": {
    "cos_sim": {
      "pearson": 0.833775741609954,
      "spearman": 0.7512013302210734
    },
    "euclidean": {
      "pearson": 0.8254776107035677,
      "spearman": 0.7750732536300149
    },
    "evaluation_time": 0.29,
    "manhattan": {
      "pearson": 0.7522216395549443,
      "spearman": 0.7499746661073269
    }
  }
}