{
  "dataset_revision": "e8379541af4e31359cca9fbcf4b00f2671dba205",
  "mteb_dataset_name": "AmazonCounterfactualClassification",
  "mteb_version": "1.1.2",
  "test": {
    "en": {
      "accuracy": 0.7797014925373135,
      "accuracy_stderr": 0.038310266804863616,
      "ap": 0.4205581772453991,
      "ap_stderr": 0.04625585307945597,
      "f1": 0.7218553644038714,
      "f1_stderr": 0.037443682963932835,
      "main_score": 0.7797014925373135
    },
    "evaluation_time": 0.59
  }
}