{
  "dataset_revision": "7e90230a92c190f1bf69ae9002b8cea547a64cca",
  "mteb_dataset_name": "STS13",
  "mteb_version": "1.1.2",
  "test": {
    "cos_sim": {
      "pearson": 0.8750882375166231,
      "spearman": 0.8806372133654385
    },
    "euclidean": {
      "pearson": 0.8890325304785245,
      "spearman": 0.8961046092120735
    },
    "evaluation_time": 0.31,
    "manhattan": {
      "pearson": 0.8762597130477017,
      "spearman": 0.882415431034816
    }
  }
}