{
  "dataset_revision": "70970daeab8776df92f5ea462b6173c0b46fd2d1",
  "mteb_dataset_name": "TwitterSemEval2015",
  "mteb_version": "1.1.2",
  "test": {
    "cos_sim": {
      "accuracy": 0.876914823866007,
      "accuracy_threshold": 0.7544752194631632,
      "ap": 0.7866778857368562,
      "f1": 0.7204138279081505,
      "f1_threshold": 0.7091880265442734,
      "precision": 0.6902804642166345,
      "recall": 0.7532981530343008
    },
    "dot": {
      "accuracy": 0.8601060976336652,
      "accuracy_threshold": 0.4320989509830737,
      "ap": 0.7411472602829462,
      "f1": 0.6834355828220858,
      "f1_threshold": 0.40579779074411676,
      "precision": 0.6387614678899083,
      "recall": 0.7348284960422163
    },
    "euclidean": {
      "accuracy": 0.8773916671633785,
      "accuracy_threshold": 0.5438108628925775,
      "ap": 0.7913317906073625,
      "f1": 0.7240679685518641,
      "f1_threshold": 0.5799374599293872,
      "precision": 0.697021484375,
      "recall": 0.7532981530343008
    },
    "evaluation_time": 2.01,
    "manhattan": {
      "accuracy": 0.8733384991357215,
      "accuracy_threshold": 8.840223206569608,
      "ap": 0.7794075112201199,
      "f1": 0.7136597938144329,
      "f1_threshold": 9.411306922139861,
      "precision": 0.6974811083123426,
      "recall": 0.7306068601583113
    },
    "max": {
      "accuracy": 0.8773916671633785,
      "ap": 0.7913317906073625,
      "f1": 0.7240679685518641
    }
  }
}