{
  "dataset_revision": null,
  "mteb_dataset_name": "SciFact",
  "mteb_version": "1.1.2",
  "test": {
    "evaluation_time": 0.52,
    "map_at_1": 0.61428,
    "map_at_10": 0.70484,
    "map_at_100": 0.7099,
    "map_at_1000": 0.71012,
    "map_at_3": 0.67457,
    "map_at_5": 0.69183,
    "mrr_at_1": 0.64333,
    "mrr_at_10": 0.71553,
    "mrr_at_100": 0.71874,
    "mrr_at_1000": 0.71893,
    "mrr_at_3": 0.69111,
    "mrr_at_5": 0.70611,
    "ndcg_at_1": 0.64333,
    "ndcg_at_10": 0.74918,
    "ndcg_at_100": 0.76918,
    "ndcg_at_1000": 0.77386,
    "ndcg_at_3": 0.69691,
    "ndcg_at_5": 0.72255,
    "precision_at_1": 0.64333,
    "precision_at_10": 0.09867,
    "precision_at_100": 0.01093,
    "precision_at_1000": 0.00113,
    "precision_at_3": 0.26778,
    "precision_at_5": 0.178,
    "recall_at_1": 0.61428,
    "recall_at_10": 0.87522,
    "recall_at_100": 0.965,
    "recall_at_1000": 1.0,
    "recall_at_3": 0.73294,
    "recall_at_5": 0.79761
  }
}