{
  "dataset_revision": "7e90230a92c190f1bf69ae9002b8cea547a64cca",
  "mteb_dataset_name": "STS13",
  "mteb_version": "1.1.2",
  "test": {
    "cos_sim": {
      "pearson": 0.869296029958728,
      "spearman": 0.8787886123731082
    },
    "euclidean": {
      "pearson": 0.8860684379021463,
      "spearman": 0.8929325924827168
    },
    "evaluation_time": 0.18,
    "manhattan": {
      "pearson": 0.8831370612158136,
      "spearman": 0.8889943472355842
    }
  }
}