{
  "dataset_revision": "0fd18e25b25c072e09e0d92ab615fda904d66300",
  "mteb_dataset_name": "Banking77Classification",
  "mteb_version": "1.2.0",
  "test": {
    "accuracy": 0.8516233766233767,
    "accuracy_stderr": 0.004554721536818243,
    "evaluation_time": 24.11,
    "f1": 0.8458051478599812,
    "f1_stderr": 0.005653108513366627,
    "main_score": 0.8516233766233767
  }
}