{
  "dataset_revision": "6184bc1440d2dbc7612be22b50686b8826d22b32",
  "mteb_dataset_name": "CQADupstackProgrammersRetrieval",
  "mteb_version": "1.2.0",
  "test": {
    "evaluation_time": 15.06,
    "map_at_1": 0.25866,
    "map_at_10": 0.36832,
    "map_at_100": 0.38256,
    "map_at_1000": 0.38356,
    "map_at_3": 0.33477,
    "map_at_5": 0.34998,
    "mrr_at_1": 0.32306,
    "mrr_at_10": 0.42362,
    "mrr_at_100": 0.43269,
    "mrr_at_1000": 0.43312,
    "mrr_at_3": 0.39745,
    "mrr_at_5": 0.40995,
    "ndcg_at_1": 0.32306,
    "ndcg_at_10": 0.4325,
    "ndcg_at_100": 0.49049,
    "ndcg_at_1000": 0.51094,
    "ndcg_at_3": 0.37715,
    "ndcg_at_5": 0.39648,
    "precision_at_1": 0.32306,
    "precision_at_10": 0.08151,
    "precision_at_100": 0.01274,
    "precision_at_1000": 0.00163,
    "precision_at_3": 0.18341,
    "precision_at_5": 0.129,
    "recall_at_1": 0.25866,
    "recall_at_10": 0.56924,
    "recall_at_100": 0.814,
    "recall_at_1000": 0.95009,
    "recall_at_3": 0.41076,
    "recall_at_5": 0.46357
  }
}