{
  "dataset_revision": "f46a197baaae43b4f621051089b82a364682dfeb",
  "mteb_dataset_name": "CQADupstackAndroidRetrieval",
  "mteb_version": "1.2.0",
  "test": {
    "evaluation_time": 11.63,
    "map_at_1": 0.32981,
    "map_at_10": 0.45048,
    "map_at_100": 0.46624,
    "map_at_1000": 0.46746,
    "map_at_3": 0.41351,
    "map_at_5": 0.43387,
    "mrr_at_1": 0.40629,
    "mrr_at_10": 0.51461,
    "mrr_at_100": 0.52177,
    "mrr_at_1000": 0.52215,
    "mrr_at_3": 0.48927,
    "mrr_at_5": 0.50501,
    "ndcg_at_1": 0.40629,
    "ndcg_at_10": 0.51876,
    "ndcg_at_100": 0.57279,
    "ndcg_at_1000": 0.59,
    "ndcg_at_3": 0.46792,
    "ndcg_at_5": 0.49105,
    "precision_at_1": 0.40629,
    "precision_at_10": 0.10029,
    "precision_at_100": 0.01602,
    "precision_at_1000": 0.00206,
    "precision_at_3": 0.22699,
    "precision_at_5": 0.16309,
    "recall_at_1": 0.32981,
    "recall_at_10": 0.64603,
    "recall_at_100": 0.87161,
    "recall_at_1000": 0.97727,
    "recall_at_3": 0.49488,
    "recall_at_5": 0.56265
  }
}