{
  "dataset_revision": "5003b3064772da1887988e05400cf3806fe491f2",
  "mteb_dataset_name": "CQADupstackGisRetrieval",
  "mteb_version": "1.2.0",
  "test": {
    "evaluation_time": 17.75,
    "map_at_1": 0.27798,
    "map_at_10": 0.37087,
    "map_at_100": 0.38115,
    "map_at_1000": 0.38181,
    "map_at_3": 0.34399,
    "map_at_5": 0.35837,
    "mrr_at_1": 0.29944,
    "mrr_at_10": 0.39088,
    "mrr_at_100": 0.39988,
    "mrr_at_1000": 0.40036,
    "mrr_at_3": 0.3661,
    "mrr_at_5": 0.37977,
    "ndcg_at_1": 0.29944,
    "ndcg_at_10": 0.42409,
    "ndcg_at_100": 0.47479,
    "ndcg_at_1000": 0.49219,
    "ndcg_at_3": 0.37167,
    "ndcg_at_5": 0.39591,
    "precision_at_1": 0.29944,
    "precision_at_10": 0.06531,
    "precision_at_100": 0.00955,
    "precision_at_1000": 0.00114,
    "precision_at_3": 0.15932,
    "precision_at_5": 0.10983,
    "recall_at_1": 0.27798,
    "recall_at_10": 0.56908,
    "recall_at_100": 0.80139,
    "recall_at_1000": 0.93201,
    "recall_at_3": 0.42565,
    "recall_at_5": 0.48445
  }
}