{
  "dataset_revision": "6031580fec1f6af667f0bd2da0a551cf4f0b2375",
  "mteb_dataset_name": "STS14",
  "mteb_version": "1.1.2",
  "test": {
    "cos_sim": {
      "pearson": 0.8616305567134978,
      "spearman": 0.8432065408100244
    },
    "euclidean": {
      "pearson": 0.8539912074613165,
      "spearman": 0.8432064145012487
    },
    "evaluation_time": 3.63,
    "manhattan": {
      "pearson": 0.853386287876041,
      "spearman": 0.8430025752279302
    }
  }
}