{
  "dataset_revision": "4d8694f8f0e0100860b497b999b3dbed754a0513",
  "mteb_dataset_name": "STS16",
  "mteb_version": "1.1.2",
  "test": {
    "cos_sim": {
      "pearson": 0.8548213517049511,
      "spearman": 0.8691269482566664
    },
    "euclidean": {
      "pearson": 0.8615409754401246,
      "spearman": 0.8691269482566664
    },
    "evaluation_time": 1.06,
    "manhattan": {
      "pearson": 0.8609468326421554,
      "spearman": 0.868626622158071
    }
  }
}