{
  "dataset_revision": "a0d554a64d88156834ff5ae9920b964011b16384",
  "mteb_dataset_name": "STS12",
  "mteb_version": "1.2.0",
  "test": {
    "cos_sim": {
      "pearson": 0.8730502238973702,
      "spearman": 0.7896998147044326
    },
    "euclidean": {
      "pearson": 0.8399705740445139,
      "spearman": 0.7896999959029805
    },
    "evaluation_time": 0.43,
    "manhattan": {
      "pearson": 0.8416742675546751,
      "spearman": 0.7893476287751244
    }
  }
}