{
  "dataset_revision": "d7c0de2777da35d6aae2200a62c6e0e5af397c4c",
  "mteb_dataset_name": "ToxicConversationsClassification",
  "mteb_version": "1.2.0",
  "test": {
    "accuracy": 0.727822,
    "accuracy_stderr": 0.0451832362276099,
    "ap": 0.1554891543275587,
    "ap_stderr": 0.01235663634464247,
    "evaluation_time": 49.95,
    "f1": 0.5628892630313987,
    "f1_stderr": 0.028981142032697,
    "main_score": 0.727822
  }
}