{
  "dataset_revision": "70970daeab8776df92f5ea462b6173c0b46fd2d1",
  "mteb_dataset_name": "TwitterSemEval2015",
  "mteb_version": "1.1.2",
  "test": {
    "cos_sim": {
      "accuracy": 0.8756035047982357,
      "accuracy_threshold": 0.732790789174381,
      "ap": 0.7831472604601499,
      "f1": 0.7166921898928024,
      "f1_threshold": 0.7004273045968928,
      "precision": 0.6940187839841819,
      "recall": 0.7408970976253298
    },
    "dot": {
      "accuracy": 0.8547416105382368,
      "accuracy_threshold": 0.4375017166007484,
      "ap": 0.7213998475117138,
      "f1": 0.6665001872892995,
      "f1_threshold": 0.40040164529849676,
      "precision": 0.6326143635932685,
      "recall": 0.704221635883905
    },
    "euclidean": {
      "accuracy": 0.8754842939738928,
      "accuracy_threshold": 0.5574797450167155,
      "ap": 0.7876332054394874,
      "f1": 0.7197292554524943,
      "f1_threshold": 0.5927975703636212,
      "precision": 0.6855300859598854,
      "recall": 0.7575197889182058
    },
    "evaluation_time": 1.31,
    "manhattan": {
      "accuracy": 0.8674971687429218,
      "accuracy_threshold": 10.658159591428447,
      "ap": 0.7644886179312967,
      "f1": 0.6952590104637644,
      "f1_threshold": 11.198595441871964,
      "precision": 0.6810933940774487,
      "recall": 0.7100263852242744
    },
    "max": {
      "accuracy": 0.8756035047982357,
      "ap": 0.7876332054394874,
      "f1": 0.7197292554524943
    }
  }
}