{
  "dataset_revision": "ae752c7c21bf194d8b67fd573edf7ae58183cbe3",
  "mteb_dataset_name": "STS15",
  "mteb_version": "1.1.2",
  "test": {
    "cos_sim": {
      "pearson": 0.8795957635235745,
      "spearman": 0.8905107781700577
    },
    "euclidean": {
      "pearson": 0.8957683314183771,
      "spearman": 0.9017072127890366
    },
    "evaluation_time": 0.64,
    "manhattan": {
      "pearson": 0.8798258489425198,
      "spearman": 0.888560926314569
    }
  }
}