{
  "dataset_revision": "6031580fec1f6af667f0bd2da0a551cf4f0b2375",
  "mteb_dataset_name": "STS14",
  "mteb_version": "1.1.2",
  "test": {
    "cos_sim": {
      "pearson": 0.8622083460687804,
      "spearman": 0.830552258465858
    },
    "euclidean": {
      "pearson": 0.8619238774519865,
      "spearman": 0.8474525860132891
    },
    "evaluation_time": 0.79,
    "manhattan": {
      "pearson": 0.8423366114657234,
      "spearman": 0.8343211878791695
    }
  }
}