{
  "dataset_revision": "b0fddb56ed78048fa8b90373c8a3cfc37b684831",
  "mteb_dataset_name": "STSBenchmark",
  "mteb_version": "1.1.2",
  "test": {
    "cos_sim": {
      "pearson": 0.8451636732067066,
      "spearman": 0.8560083688624427
    },
    "euclidean": {
      "pearson": 0.867776383319211,
      "spearman": 0.8650033602183064
    },
    "evaluation_time": 0.08,
    "manhattan": {
      "pearson": 0.8739059426844242,
      "spearman": 0.8671145958352707
    }
  }
}