{
  "dataset_revision": null,
  "mteb_dataset_name": "SciFact",
  "mteb_version": "1.1.2",
  "test": {
    "evaluation_time": 0.47,
    "map_at_1": 0.60928,
    "map_at_10": 0.70189,
    "map_at_100": 0.70622,
    "map_at_1000": 0.70642,
    "map_at_3": 0.67207,
    "map_at_5": 0.68833,
    "mrr_at_1": 0.63667,
    "mrr_at_10": 0.71112,
    "mrr_at_100": 0.71434,
    "mrr_at_1000": 0.71452,
    "mrr_at_3": 0.68889,
    "mrr_at_5": 0.70122,
    "ndcg_at_1": 0.63667,
    "ndcg_at_10": 0.74693,
    "ndcg_at_100": 0.76643,
    "ndcg_at_1000": 0.77071,
    "ndcg_at_3": 0.69468,
    "ndcg_at_5": 0.71839,
    "precision_at_1": 0.63667,
    "precision_at_10": 0.09933,
    "precision_at_100": 0.01097,
    "precision_at_1000": 0.00113,
    "precision_at_3": 0.26889,
    "precision_at_5": 0.17733,
    "recall_at_1": 0.60928,
    "recall_at_10": 0.87756,
    "recall_at_100": 0.96833,
    "recall_at_1000": 1.0,
    "recall_at_3": 0.73072,
    "recall_at_5": 0.79261
  }
}