{
  "dataset_revision": "eea2b4fe26a775864c896887d910b76a8098ad3f",
  "mteb_dataset_name": "STS22",
  "mteb_version": "1.1.2",
  "test": {
    "en": {
      "cos_sim": {
        "pearson": 0.6752867435433688,
        "spearman": 0.6861725820300126
      },
      "euclidean": {
        "pearson": 0.6934836112520957,
        "spearman": 0.6812324233154032
      },
      "manhattan": {
        "pearson": 0.7015413190689972,
        "spearman": 0.6871207344027508
      }
    },
    "evaluation_time": 0.03
  }
}