{
  "dataset_revision": "b0fddb56ed78048fa8b90373c8a3cfc37b684831",
  "mteb_dataset_name": "STSBenchmark",
  "mteb_version": "1.2.0",
  "test": {
    "cos_sim": {
      "pearson": 0.8771875645444297,
      "spearman": 0.8948843461137788
    },
    "euclidean": {
      "pearson": 0.8941119759634324,
      "spearman": 0.8966369015033416
    },
    "evaluation_time": 0.03,
    "manhattan": {
      "pearson": 0.8796379337523418,
      "spearman": 0.8812528137966577
    }
  }
}