{
  "dataset_revision": "b0fddb56ed78048fa8b90373c8a3cfc37b684831",
  "mteb_dataset_name": "STSBenchmark",
  "mteb_version": "1.1.2",
  "test": {
    "cos_sim": {
      "pearson": 0.8781552264085913,
      "spearman": 0.8831561005544877
    },
    "euclidean": {
      "pearson": 0.8930294018379024,
      "spearman": 0.8950707782825569
    },
    "evaluation_time": 0.27,
    "manhattan": {
      "pearson": 0.867037100102914,
      "spearman": 0.8723345453738403
    }
  }
}