{
  "dataset_revision": "7e90230a92c190f1bf69ae9002b8cea547a64cca",
  "mteb_dataset_name": "STS13",
  "mteb_version": "1.1.2",
  "test": {
    "cos_sim": {
      "pearson": 0.8642079267970061,
      "spearman": 0.8745147967100998
    },
    "euclidean": {
      "pearson": 0.8880220032561561,
      "spearman": 0.8925829233368392
    },
    "evaluation_time": 0.3,
    "manhattan": {
      "pearson": 0.8861278735216672,
      "spearman": 0.8904135144004359
    }
  }
}