{
  "dataset_revision": "ad9991cb51e31e31e430383c75ffb2885547b5f0",
  "mteb_dataset_name": "CQADupstackEnglishRetrieval",
  "mteb_version": "1.2.0",
  "test": {
    "evaluation_time": 7.26,
    "map_at_1": 0.31464,
    "map_at_10": 0.41705,
    "map_at_100": 0.43,
    "map_at_1000": 0.4313,
    "map_at_3": 0.38623,
    "map_at_5": 0.40472,
    "mrr_at_1": 0.3949,
    "mrr_at_10": 0.4763,
    "mrr_at_100": 0.48316,
    "mrr_at_1000": 0.4836,
    "mrr_at_3": 0.45403,
    "mrr_at_5": 0.46744,
    "ndcg_at_1": 0.3949,
    "ndcg_at_10": 0.47273,
    "ndcg_at_100": 0.51738,
    "ndcg_at_1000": 0.53746,
    "ndcg_at_3": 0.43138,
    "ndcg_at_5": 0.45247,
    "precision_at_1": 0.3949,
    "precision_at_10": 0.08885,
    "precision_at_100": 0.01445,
    "precision_at_1000": 0.00193,
    "precision_at_3": 0.20807,
    "precision_at_5": 0.14892,
    "recall_at_1": 0.31464,
    "recall_at_10": 0.56843,
    "recall_at_100": 0.75627,
    "recall_at_1000": 0.88115,
    "recall_at_3": 0.44397,
    "recall_at_5": 0.50381
  }
}