{
  "dataset_revision": "a6ea5a8cab320b040a23452cc28066d9beae2cee",
  "mteb_dataset_name": "SICK-R",
  "mteb_version": "1.2.0",
  "test": {
    "cos_sim": {
      "pearson": 0.8731432920423305,
      "spearman": 0.8270988789357706
    },
    "euclidean": {
      "pearson": 0.8492410343284733,
      "spearman": 0.8270989477482196
    },
    "evaluation_time": 0.4,
    "manhattan": {
      "pearson": 0.8492561107670767,
      "spearman": 0.8271046674550636
    }
  }
}