{
  "dataset_revision": "7e90230a92c190f1bf69ae9002b8cea547a64cca",
  "mteb_dataset_name": "STS13",
  "mteb_version": "1.1.2",
  "test": {
    "cos_sim": {
      "pearson": 0.8863050600235842,
      "spearman": 0.8974354453333113
    },
    "euclidean": {
      "pearson": 0.8895620669198862,
      "spearman": 0.8974354453333113
    },
    "evaluation_time": 0.3,
    "manhattan": {
      "pearson": 0.8896210713586312,
      "spearman": 0.8972734371702996
    }
  }
}