{
  "dataset_revision": "eea2b4fe26a775864c896887d910b76a8098ad3f",
  "mteb_dataset_name": "STS22",
  "mteb_version": "1.1.2",
  "test": {
    "en": {
      "cos_sim": {
        "pearson": 0.684454726188222,
        "spearman": 0.6909629896402585
      },
      "euclidean": {
        "pearson": 0.7031941867284508,
        "spearman": 0.6909629896402585
      },
      "manhattan": {
        "pearson": 0.7041318015227889,
        "spearman": 0.6928405754976891
      }
    },
    "evaluation_time": 0.09
  }
}