{
  "dataset_revision": "c22ab2a51041ffd869aaddef7af8d8215647e41a",
  "mteb_dataset_name": "ArguAna",
  "mteb_version": "1.2.0",
  "test": {
    "evaluation_time": 2.93,
    "map_at_1": 0.38762,
    "map_at_10": 0.55459,
    "map_at_100": 0.55976,
    "map_at_1000": 0.55978,
    "map_at_3": 0.50996,
    "map_at_5": 0.53869,
    "mrr_at_1": 0.39474,
    "mrr_at_10": 0.5575,
    "mrr_at_100": 0.56253,
    "mrr_at_1000": 0.56256,
    "mrr_at_3": 0.51304,
    "mrr_at_5": 0.54145,
    "ndcg_at_1": 0.38762,
    "ndcg_at_10": 0.64016,
    "ndcg_at_100": 0.66018,
    "ndcg_at_1000": 0.66066,
    "ndcg_at_3": 0.55029,
    "ndcg_at_5": 0.60211,
    "precision_at_1": 0.38762,
    "precision_at_10": 0.09097,
    "precision_at_100": 0.00993,
    "precision_at_1000": 0.001,
    "precision_at_3": 0.22238,
    "precision_at_5": 0.15861,
    "recall_at_1": 0.38762,
    "recall_at_10": 0.90967,
    "recall_at_100": 0.99289,
    "recall_at_1000": 0.99644,
    "recall_at_3": 0.66714,
    "recall_at_5": 0.79303
  }
}