{
  "dataset_revision": "6031580fec1f6af667f0bd2da0a551cf4f0b2375",
  "mteb_dataset_name": "STS14",
  "mteb_version": "1.2.0",
  "test": {
    "cos_sim": {
      "pearson": 0.8620939075069507,
      "spearman": 0.8285543943973684
    },
    "euclidean": {
      "pearson": 0.8606867684876118,
      "spearman": 0.8421794007853738
    },
    "evaluation_time": 0.72,
    "manhattan": {
      "pearson": 0.8373604368987013,
      "spearman": 0.8252672730606747
    }
  }
}