{
  "dataset_revision": "7e90230a92c190f1bf69ae9002b8cea547a64cca",
  "mteb_dataset_name": "STS13",
  "mteb_version": "1.2.0",
  "test": {
    "cos_sim": {
      "pearson": 0.8747499568538791,
      "spearman": 0.8788568194059196
    },
    "euclidean": {
      "pearson": 0.8860474248157819,
      "spearman": 0.8925511349091289
    },
    "evaluation_time": 0.25,
    "manhattan": {
      "pearson": 0.863948425090461,
      "spearman": 0.8694500303715582
    }
  }
}