{
  "dataset_revision": "e8379541af4e31359cca9fbcf4b00f2671dba205",
  "mteb_dataset_name": "AmazonCounterfactualClassification",
  "mteb_version": "1.1.2",
  "test": {
    "en": {
      "accuracy": 0.7708955223880597,
      "accuracy_stderr": 0.03801870780308376,
      "ap": 0.4053071691714548,
      "ap_stderr": 0.04361193923890581,
      "f1": 0.7112224065761567,
      "f1_stderr": 0.03684017012638255,
      "main_score": 0.7708955223880597
    },
    "evaluation_time": 0.89
  }
}