{
  "dataset_revision": null,
  "mteb_dataset_name": "SciFact",
  "mteb_version": "1.1.2",
  "test": {
    "evaluation_time": 0.86,
    "map_at_1": 0.60194,
    "map_at_10": 0.6953,
    "map_at_100": 0.70155,
    "map_at_1000": 0.70172,
    "map_at_3": 0.66741,
    "map_at_5": 0.6828,
    "mrr_at_1": 0.62667,
    "mrr_at_10": 0.70342,
    "mrr_at_100": 0.70863,
    "mrr_at_1000": 0.70879,
    "mrr_at_3": 0.68389,
    "mrr_at_5": 0.69472,
    "ndcg_at_1": 0.62667,
    "ndcg_at_10": 0.73856,
    "ndcg_at_100": 0.76377,
    "ndcg_at_1000": 0.76762,
    "ndcg_at_3": 0.69222,
    "ndcg_at_5": 0.71415,
    "precision_at_1": 0.62667,
    "precision_at_10": 0.098,
    "precision_at_100": 0.011,
    "precision_at_1000": 0.00113,
    "precision_at_3": 0.27,
    "precision_at_5": 0.178,
    "recall_at_1": 0.60194,
    "recall_at_10": 0.86156,
    "recall_at_100": 0.97167,
    "recall_at_1000": 1.0,
    "recall_at_3": 0.737,
    "recall_at_5": 0.79244
  }
}