{
  "dataset_revision": "7e90230a92c190f1bf69ae9002b8cea547a64cca",
  "mteb_dataset_name": "STS13",
  "mteb_version": "1.1.2",
  "test": {
    "cos_sim": {
      "pearson": 0.8730601551383488,
      "spearman": 0.8774658585984144
    },
    "euclidean": {
      "pearson": 0.8871369138663376,
      "spearman": 0.8942938859891254
    },
    "evaluation_time": 0.33,
    "manhattan": {
      "pearson": 0.8664467110329862,
      "spearman": 0.8723696597258892
    }
  }
}