{
  "dataset_revision": "6031580fec1f6af667f0bd2da0a551cf4f0b2375",
  "mteb_dataset_name": "STS14",
  "mteb_version": "1.1.2",
  "test": {
    "cos_sim": {
      "pearson": 0.8643740711179838,
      "spearman": 0.8316476238987446
    },
    "euclidean": {
      "pearson": 0.8661566230824516,
      "spearman": 0.8483250807938081
    },
    "evaluation_time": 0.83,
    "manhattan": {
      "pearson": 0.8421635892079332,
      "spearman": 0.8324283505629706
    }
  }
}