{
  "dataset_revision": "4d8694f8f0e0100860b497b999b3dbed754a0513",
  "mteb_dataset_name": "STS16",
  "mteb_version": "1.1.2",
  "test": {
    "cos_sim": {
      "pearson": 0.8387655798928177,
      "spearman": 0.8554714610786883
    },
    "euclidean": {
      "pearson": 0.867203881321774,
      "spearman": 0.8722200002985436
    },
    "evaluation_time": 0.19,
    "manhattan": {
      "pearson": 0.8621486009296727,
      "spearman": 0.8681774800567258
    }
  }
}