{
  "dataset_revision": "1399c76144fd37290681b995c656ef9b2e06e26d",
  "mteb_dataset_name": "AmazonReviewsClassification",
  "mteb_version": "1.2.0",
  "test": {
    "en": {
      "accuracy": 0.53004,
      "accuracy_stderr": 0.010615761866206306,
      "f1": 0.5141388785572196,
      "f1_stderr": 0.017827014649498266,
      "main_score": 0.53004
    },
    "evaluation_time": 16.8
  }
}