{
  "dataset_revision": "4d8694f8f0e0100860b497b999b3dbed754a0513",
  "mteb_dataset_name": "STS16",
  "mteb_version": "1.2.0",
  "test": {
    "cos_sim": {
      "pearson": 0.8609502295351823,
      "spearman": 0.8732930180835737
    },
    "euclidean": {
      "pearson": 0.865364890187874,
      "spearman": 0.8732930180835737
    },
    "evaluation_time": 0.5,
    "manhattan": {
      "pearson": 0.8641642785779268,
      "spearman": 0.8720310822420381
    }
  }
}