{
  "dataset_revision": "d7c0de2777da35d6aae2200a62c6e0e5af397c4c",
  "mteb_dataset_name": "ToxicConversationsClassification",
  "mteb_version": "1.2.0",
  "test": {
    "accuracy": 0.7349479999999999,
    "accuracy_stderr": 0.04468006195161327,
    "ap": 0.16324497094547513,
    "ap_stderr": 0.013404738469045734,
    "evaluation_time": 29.85,
    "f1": 0.5710262755889337,
    "f1_stderr": 0.029356531668122472,
    "main_score": 0.7349479999999999
  }
}