{
  "dataset_revision": null,
  "mteb_dataset_name": "ArguAna",
  "mteb_version": "1.1.2",
  "test": {
    "evaluation_time": 23.9,
    "map_at_1": 0.37055,
    "map_at_10": 0.54473,
    "map_at_100": 0.55016,
    "map_at_1000": 0.55018,
    "map_at_3": 0.50166,
    "map_at_5": 0.52798,
    "mrr_at_1": 0.3798,
    "mrr_at_10": 0.548,
    "mrr_at_100": 0.5535,
    "mrr_at_1000": 0.55352,
    "mrr_at_3": 0.50486,
    "mrr_at_5": 0.53096,
    "ndcg_at_1": 0.37055,
    "ndcg_at_10": 0.6311,
    "ndcg_at_100": 0.65265,
    "ndcg_at_1000": 0.65314,
    "ndcg_at_3": 0.54384,
    "ndcg_at_5": 0.59098,
    "precision_at_1": 0.37055,
    "precision_at_10": 0.09026,
    "precision_at_100": 0.00993,
    "precision_at_1000": 0.001,
    "precision_at_3": 0.22191,
    "precision_at_5": 0.1559,
    "recall_at_1": 0.37055,
    "recall_at_10": 0.90256,
    "recall_at_100": 0.99289,
    "recall_at_1000": 0.99644,
    "recall_at_3": 0.66572,
    "recall_at_5": 0.77952
  }
}