{
  "dataset_revision": "c22ab2a51041ffd869aaddef7af8d8215647e41a",
  "mteb_dataset_name": "ArguAna",
  "mteb_version": "1.2.0",
  "test": {
    "evaluation_time": 15.13,
    "map_at_1": 0.38265,
    "map_at_10": 0.55417,
    "map_at_100": 0.55964,
    "map_at_1000": 0.55966,
    "map_at_3": 0.51351,
    "map_at_5": 0.53823,
    "mrr_at_1": 0.38834,
    "mrr_at_10": 0.55648,
    "mrr_at_100": 0.56188,
    "mrr_at_1000": 0.5619,
    "mrr_at_3": 0.51624,
    "mrr_at_5": 0.54035,
    "ndcg_at_1": 0.38265,
    "ndcg_at_10": 0.63852,
    "ndcg_at_100": 0.65999,
    "ndcg_at_1000": 0.66048,
    "ndcg_at_3": 0.55591,
    "ndcg_at_5": 0.60015,
    "precision_at_1": 0.38265,
    "precision_at_10": 0.09033,
    "precision_at_100": 0.00993,
    "precision_at_1000": 0.001,
    "precision_at_3": 0.22617,
    "precision_at_5": 0.15704,
    "recall_at_1": 0.38265,
    "recall_at_10": 0.90327,
    "recall_at_100": 0.99289,
    "recall_at_1000": 0.99644,
    "recall_at_3": 0.67852,
    "recall_at_5": 0.78521
  }
}