{
  "dataset_revision": "90fceea13679c63fe563ded68f3b6f06e50061de",
  "mteb_dataset_name": "CQADupstackMathematicaRetrieval",
  "mteb_version": "1.2.0",
  "test": {
    "evaluation_time": 28.97,
    "map_at_1": 0.19568,
    "map_at_10": 0.28727,
    "map_at_100": 0.30007,
    "map_at_1000": 0.3013,
    "map_at_3": 0.25944,
    "map_at_5": 0.27541,
    "mrr_at_1": 0.24378,
    "mrr_at_10": 0.33856,
    "mrr_at_100": 0.34813,
    "mrr_at_1000": 0.34877,
    "mrr_at_3": 0.31281,
    "mrr_at_5": 0.32749,
    "ndcg_at_1": 0.24378,
    "ndcg_at_10": 0.34446,
    "ndcg_at_100": 0.40299,
    "ndcg_at_1000": 0.43049,
    "ndcg_at_3": 0.29475,
    "ndcg_at_5": 0.31864,
    "precision_at_1": 0.24378,
    "precision_at_10": 0.06306,
    "precision_at_100": 0.01062,
    "precision_at_1000": 0.00144,
    "precision_at_3": 0.14303,
    "precision_at_5": 0.10348,
    "recall_at_1": 0.19568,
    "recall_at_10": 0.46914,
    "recall_at_100": 0.71961,
    "recall_at_1000": 0.91342,
    "recall_at_3": 0.33169,
    "recall_at_5": 0.39254
  }
}