{
  "dataset_revision": "5003b3064772da1887988e05400cf3806fe491f2",
  "mteb_dataset_name": "CQADupstackGisRetrieval",
  "mteb_version": "1.2.0",
  "test": {
    "evaluation_time": 60.44,
    "map_at_1": 0.28657,
    "map_at_10": 0.38253,
    "map_at_100": 0.39389,
    "map_at_1000": 0.39454,
    "map_at_3": 0.3551,
    "map_at_5": 0.37243,
    "mrr_at_1": 0.30734,
    "mrr_at_10": 0.40366,
    "mrr_at_100": 0.41339,
    "mrr_at_1000": 0.41385,
    "mrr_at_3": 0.37928,
    "mrr_at_5": 0.39437,
    "ndcg_at_1": 0.30734,
    "ndcg_at_10": 0.43437,
    "ndcg_at_100": 0.48765,
    "ndcg_at_1000": 0.50416,
    "ndcg_at_3": 0.38284,
    "ndcg_at_5": 0.41138,
    "precision_at_1": 0.30734,
    "precision_at_10": 0.06576,
    "precision_at_100": 0.00969,
    "precision_at_1000": 0.00114,
    "precision_at_3": 0.16234,
    "precision_at_5": 0.11345,
    "recall_at_1": 0.28657,
    "recall_at_10": 0.572,
    "recall_at_100": 0.81163,
    "recall_at_1000": 0.93537,
    "recall_at_3": 0.43441,
    "recall_at_5": 0.50387
  }
}