{
  "dataset_revision": "4885aa143210c98657558c04aaf3dc47cfb54340",
  "mteb_dataset_name": "CQADupstackGamingRetrieval",
  "mteb_version": "1.2.0",
  "test": {
    "evaluation_time": 76.26,
    "map_at_1": 0.42886,
    "map_at_10": 0.56219,
    "map_at_100": 0.57219,
    "map_at_1000": 0.57265,
    "map_at_3": 0.52797,
    "map_at_5": 0.5472,
    "mrr_at_1": 0.49154,
    "mrr_at_10": 0.59598,
    "mrr_at_100": 0.60178,
    "mrr_at_1000": 0.602,
    "mrr_at_3": 0.57262,
    "mrr_at_5": 0.58607,
    "ndcg_at_1": 0.49154,
    "ndcg_at_10": 0.62305,
    "ndcg_at_100": 0.65937,
    "ndcg_at_1000": 0.66818,
    "ndcg_at_3": 0.56829,
    "ndcg_at_5": 0.59464,
    "precision_at_1": 0.49154,
    "precision_at_10": 0.10013,
    "precision_at_100": 0.01274,
    "precision_at_1000": 0.00138,
    "precision_at_3": 0.25496,
    "precision_at_5": 0.17292,
    "recall_at_1": 0.42886,
    "recall_at_10": 0.76779,
    "recall_at_100": 0.92107,
    "recall_at_1000": 0.9828,
    "recall_at_3": 0.62073,
    "recall_at_5": 0.68798
  }
}