{
  "dataset_revision": "a0d554a64d88156834ff5ae9920b964011b16384",
  "mteb_dataset_name": "STS12",
  "mteb_version": "1.1.2",
  "test": {
    "cos_sim": {
      "pearson": 0.8715342651586513,
      "spearman": 0.7852401707262247
    },
    "euclidean": {
      "pearson": 0.8397004870574133,
      "spearman": 0.7852401707262247
    },
    "evaluation_time": 3.95,
    "manhattan": {
      "pearson": 0.8404797845568425,
      "spearman": 0.7857096869606104
    }
  }
}