{
  "dataset_revision": "70970daeab8776df92f5ea462b6173c0b46fd2d1",
  "mteb_dataset_name": "TwitterSemEval2015",
  "mteb_version": "1.1.2",
  "test": {
    "cos_sim": {
      "accuracy": 0.8776300888120642,
      "accuracy_threshold": 0.8138828574570377,
      "ap": 0.7885955579829765,
      "f1": 0.718257527226137,
      "f1_threshold": 0.7927908652440961,
      "precision": 0.69813200498132,
      "recall": 0.7395778364116095
    },
    "dot": {
      "accuracy": 0.8776300888120642,
      "accuracy_threshold": 0.813882857457038,
      "ap": 0.7885955579829765,
      "f1": 0.718257527226137,
      "f1_threshold": 0.7927908652440967,
      "precision": 0.69813200498132,
      "recall": 0.7395778364116095
    },
    "euclidean": {
      "accuracy": 0.8776300888120642,
      "accuracy_threshold": 0.6101100598046467,
      "ap": 0.7885955579829765,
      "f1": 0.718257527226137,
      "f1_threshold": 0.6437532675692658,
      "precision": 0.69813200498132,
      "recall": 0.7395778364116095
    },
    "evaluation_time": 15.39,
    "manhattan": {
      "accuracy": 0.876914823866007,
      "accuracy_threshold": 32.98863869656689,
      "ap": 0.7871189600428685,
      "f1": 0.7166149068322981,
      "f1_threshold": 34.91279364994729,
      "precision": 0.7031488065007618,
      "recall": 0.7306068601583113
    },
    "max": {
      "accuracy": 0.8776300888120642,
      "ap": 0.7885955579829765,
      "f1": 0.718257527226137
    }
  }
}