{
  "dataset_revision": "e8379541af4e31359cca9fbcf4b00f2671dba205",
  "mteb_dataset_name": "AmazonCounterfactualClassification",
  "mteb_version": "1.1.2",
  "test": {
    "en": {
      "accuracy": 0.7352238805970149,
      "accuracy_stderr": 0.03448504152036318,
      "ap": 0.36150503387132465,
      "ap_stderr": 0.035347730157827766,
      "f1": 0.6744780384408603,
      "f1_stderr": 0.033464728397560664,
      "main_score": 0.7352238805970149
    },
    "evaluation_time": 1.32
  }
}