{
  "dataset_revision": "a0d554a64d88156834ff5ae9920b964011b16384",
  "mteb_dataset_name": "STS12",
  "mteb_version": "1.2.0",
  "test": {
    "cos_sim": {
      "pearson": 0.8521341293374053,
      "spearman": 0.762663578338329
    },
    "euclidean": {
      "pearson": 0.8462386849403569,
      "spearman": 0.7903328060361403
    },
    "evaluation_time": 0.2,
    "manhattan": {
      "pearson": 0.8095297908394055,
      "spearman": 0.782814450155324
    }
  }
}