{
  "dataset_revision": "a0d554a64d88156834ff5ae9920b964011b16384",
  "mteb_dataset_name": "STS12",
  "mteb_version": "1.2.0",
  "test": {
    "cos_sim": {
      "pearson": 0.8521554983924129,
      "spearman": 0.7630525512944015
    },
    "euclidean": {
      "pearson": 0.8437125415148532,
      "spearman": 0.7907871446398762
    },
    "evaluation_time": 0.25,
    "manhattan": {
      "pearson": 0.7892511301865748,
      "spearman": 0.7787329835247634
    }
  }
}