{
  "dataset_revision": "a6ea5a8cab320b040a23452cc28066d9beae2cee",
  "mteb_dataset_name": "SICK-R",
  "mteb_version": "1.2.0",
  "test": {
    "cos_sim": {
      "pearson": 0.8719927422977104,
      "spearman": 0.8264891190570682
    },
    "euclidean": {
      "pearson": 0.8455368053733433,
      "spearman": 0.8291092557419184
    },
    "evaluation_time": 0.25,
    "manhattan": {
      "pearson": 0.7751190749208257,
      "spearman": 0.7806731541504698
    }
  }
}