{
  "dataset_revision": "0fd18e25b25c072e09e0d92ab615fda904d66300",
  "mteb_dataset_name": "Banking77Classification",
  "mteb_version": "1.2.0",
  "test": {
    "accuracy": 0.8524350649350649,
    "accuracy_stderr": 0.006160708938621656,
    "evaluation_time": 11.85,
    "f1": 0.8478962639543258,
    "f1_stderr": 0.006869509099532623,
    "main_score": 0.8524350649350649
  }
}