{
  "dataset_revision": null,
  "mteb_dataset_name": "ArguAna",
  "mteb_version": "1.1.2",
  "test": {
    "evaluation_time": 13.79,
    "map_at_1": 0.38051,
    "map_at_10": 0.55077,
    "map_at_100": 0.55617,
    "map_at_1000": 0.55619,
    "map_at_3": 0.50747,
    "map_at_5": 0.53567,
    "mrr_at_1": 0.38691,
    "mrr_at_10": 0.55324,
    "mrr_at_100": 0.55858,
    "mrr_at_1000": 0.55859,
    "mrr_at_3": 0.50972,
    "mrr_at_5": 0.53781,
    "ndcg_at_1": 0.38051,
    "ndcg_at_10": 0.63655,
    "ndcg_at_100": 0.65773,
    "ndcg_at_1000": 0.65803,
    "ndcg_at_3": 0.54935,
    "ndcg_at_5": 0.60025,
    "precision_at_1": 0.38051,
    "precision_at_10": 0.09061,
    "precision_at_100": 0.00994,
    "precision_at_1000": 0.001,
    "precision_at_3": 0.22357,
    "precision_at_5": 0.15889,
    "recall_at_1": 0.38051,
    "recall_at_10": 0.90612,
    "recall_at_100": 0.99431,
    "recall_at_1000": 0.99644,
    "recall_at_3": 0.6707,
    "recall_at_5": 0.79445
  }
}