{
  "dataset_revision": "4d8694f8f0e0100860b497b999b3dbed754a0513",
  "mteb_dataset_name": "STS16",
  "mteb_version": "1.1.2",
  "test": {
    "cos_sim": {
      "pearson": 0.8646695027797653,
      "spearman": 0.876379856891828
    },
    "euclidean": {
      "pearson": 0.8689437688318792,
      "spearman": 0.876379856891828
    },
    "evaluation_time": 0.51,
    "manhattan": {
      "pearson": 0.8689350818567855,
      "spearman": 0.8762033032796842
    }
  }
}