{
  "dataset_revision": "b0fddb56ed78048fa8b90373c8a3cfc37b684831",
  "mteb_dataset_name": "STSBenchmark",
  "mteb_version": "1.1.2",
  "test": {
    "cos_sim": {
      "pearson": 0.8751186460085186,
      "spearman": 0.8803263178921097
    },
    "euclidean": {
      "pearson": 0.891262540663778,
      "spearman": 0.8932019896996193
    },
    "evaluation_time": 0.33,
    "manhattan": {
      "pearson": 0.872997727642037,
      "spearman": 0.876540333327043
    }
  }
}