{
  "dataset_revision": "e8379541af4e31359cca9fbcf4b00f2671dba205",
  "mteb_dataset_name": "AmazonCounterfactualClassification",
  "mteb_version": "1.1.2",
  "test": {
    "en": {
      "accuracy": 0.7692537313432837,
      "accuracy_stderr": 0.0403714100109057,
      "ap": 0.40221143292306294,
      "ap_stderr": 0.04550017622723767,
      "f1": 0.7089747790226437,
      "f1_stderr": 0.03918952874709257,
      "main_score": 0.7692537313432837
    },
    "evaluation_time": 21.41
  }
}