{
  "dataset_revision": "c22ab2a51041ffd869aaddef7af8d8215647e41a",
  "mteb_dataset_name": "ArguAna",
  "mteb_version": "1.2.0",
  "test": {
    "evaluation_time": 16.2,
    "map_at_1": 0.38265,
    "map_at_10": 0.55428,
    "map_at_100": 0.55957,
    "map_at_1000": 0.55959,
    "map_at_3": 0.51292,
    "map_at_5": 0.53789,
    "mrr_at_1": 0.39047,
    "mrr_at_10": 0.55723,
    "mrr_at_100": 0.56245,
    "mrr_at_1000": 0.56247,
    "mrr_at_3": 0.51671,
    "mrr_at_5": 0.5409,
    "ndcg_at_1": 0.38265,
    "ndcg_at_10": 0.63937,
    "ndcg_at_100": 0.66005,
    "ndcg_at_1000": 0.66054,
    "ndcg_at_3": 0.55511,
    "ndcg_at_5": 0.60001,
    "precision_at_1": 0.38265,
    "precision_at_10": 0.09068,
    "precision_at_100": 0.00993,
    "precision_at_1000": 0.001,
    "precision_at_3": 0.2257,
    "precision_at_5": 0.15718,
    "recall_at_1": 0.38265,
    "recall_at_10": 0.90683,
    "recall_at_100": 0.99289,
    "recall_at_1000": 0.99644,
    "recall_at_3": 0.6771,
    "recall_at_5": 0.78592
  }
}