{
  "dataset_revision": "d3fb88f8f02e40887cd149695127462bbcf29b4a",
  "mteb_dataset_name": "BIOSSES",
  "mteb_version": "1.2.0",
  "test": {
    "cos_sim": {
      "pearson": 0.8909046584687,
      "spearman": 0.8707367077964545
    },
    "euclidean": {
      "pearson": 0.8722205564418781,
      "spearman": 0.8707367077964545
    },
    "evaluation_time": 0.09,
    "manhattan": {
      "pearson": 0.8766305632536902,
      "spearman": 0.8756404339890137
    }
  }
}