{
  "dataset_revision": "65ac3a16b8e91f9cee4c9828cc7c335575432a2a",
  "mteb_dataset_name": "CQADupstackStatsRetrieval",
  "mteb_version": "1.2.0",
  "test": {
    "evaluation_time": 73.63,
    "map_at_1": 0.28728,
    "map_at_10": 0.35762,
    "map_at_100": 0.36696,
    "map_at_1000": 0.36799,
    "map_at_3": 0.33536,
    "map_at_5": 0.3472,
    "mrr_at_1": 0.32515,
    "mrr_at_10": 0.38934,
    "mrr_at_100": 0.39721,
    "mrr_at_1000": 0.398,
    "mrr_at_3": 0.3704,
    "mrr_at_5": 0.38083,
    "ndcg_at_1": 0.32515,
    "ndcg_at_10": 0.39883,
    "ndcg_at_100": 0.44358,
    "ndcg_at_1000": 0.46861,
    "ndcg_at_3": 0.35867,
    "ndcg_at_5": 0.3767,
    "precision_at_1": 0.32515,
    "precision_at_10": 0.06104,
    "precision_at_100": 0.00905,
    "precision_at_1000": 0.00118,
    "precision_at_3": 0.15031,
    "precision_at_5": 0.10245,
    "recall_at_1": 0.28728,
    "recall_at_10": 0.4942,
    "recall_at_100": 0.6966,
    "recall_at_1000": 0.8798,
    "recall_at_3": 0.3845,
    "recall_at_5": 0.42924
  }
}