{
  "dataset_revision": "4885aa143210c98657558c04aaf3dc47cfb54340",
  "mteb_dataset_name": "CQADupstackGamingRetrieval",
  "mteb_version": "1.2.0",
  "test": {
    "evaluation_time": 76.94,
    "map_at_1": 0.43085,
    "map_at_10": 0.56505,
    "map_at_100": 0.57482,
    "map_at_1000": 0.57529,
    "map_at_3": 0.53043,
    "map_at_5": 0.55001,
    "mrr_at_1": 0.49279,
    "mrr_at_10": 0.59836,
    "mrr_at_100": 0.60405,
    "mrr_at_1000": 0.60428,
    "mrr_at_3": 0.57544,
    "mrr_at_5": 0.58823,
    "ndcg_at_1": 0.49279,
    "ndcg_at_10": 0.62588,
    "ndcg_at_100": 0.6616,
    "ndcg_at_1000": 0.67037,
    "ndcg_at_3": 0.5709,
    "ndcg_at_5": 0.59712,
    "precision_at_1": 0.49279,
    "precision_at_10": 0.10063,
    "precision_at_100": 0.01276,
    "precision_at_1000": 0.00139,
    "precision_at_3": 0.25538,
    "precision_at_5": 0.17379,
    "recall_at_1": 0.43085,
    "recall_at_10": 0.77078,
    "recall_at_100": 0.92167,
    "recall_at_1000": 0.98288,
    "recall_at_3": 0.62404,
    "recall_at_5": 0.68923
  }
}