{
  "dataset_revision": "31efe3c427b0bae9c22cbb560b8f15491cc6bed7",
  "mteb_dataset_name": "MassiveIntentClassification",
  "mteb_version": "1.2.0",
  "test": {
    "en": {
      "accuracy": 0.7409213180901142,
      "accuracy_stderr": 0.01734740464592551,
      "f1": 0.7264856534099143,
      "f1_stderr": 0.014083021606792756,
      "main_score": 0.7409213180901142
    },
    "evaluation_time": 23.05
  }
}