{
  "dataset_revision": "7e90230a92c190f1bf69ae9002b8cea547a64cca",
  "mteb_dataset_name": "STS13",
  "mteb_version": "1.2.0",
  "test": {
    "cos_sim": {
      "pearson": 0.8880590966699226,
      "spearman": 0.8924220415774741
    },
    "euclidean": {
      "pearson": 0.8850817400406156,
      "spearman": 0.8924220415774741
    },
    "evaluation_time": 1.12,
    "manhattan": {
      "pearson": 0.8849038581067485,
      "spearman": 0.8916975487170827
    }
  }
}