{
  "dataset_revision": "70970daeab8776df92f5ea462b6173c0b46fd2d1",
  "mteb_dataset_name": "TwitterSemEval2015",
  "mteb_version": "1.2.0",
  "test": {
    "cos_sim": {
      "accuracy": 0.8763783751564642,
      "accuracy_threshold": 0.8088413453604466,
      "ap": 0.7859588727782121,
      "f1": 0.7178273327519621,
      "f1_threshold": 0.7771317745462567,
      "precision": 0.6799622374321453,
      "recall": 0.7601583113456465
    },
    "dot": {
      "accuracy": 0.8763783751564642,
      "accuracy_threshold": 0.808841345360447,
      "ap": 0.7859588727782121,
      "f1": 0.7178273327519621,
      "f1_threshold": 0.7771317745462567,
      "precision": 0.6799622374321453,
      "recall": 0.7601583113456465
    },
    "euclidean": {
      "accuracy": 0.8763783751564642,
      "accuracy_threshold": 0.6183181272347188,
      "ap": 0.7859588727782121,
      "f1": 0.7178273327519621,
      "f1_threshold": 0.667634968241375,
      "precision": 0.6799622374321453,
      "recall": 0.7601583113456465
    },
    "evaluation_time": 15.33,
    "manhattan": {
      "accuracy": 0.8760207426834357,
      "accuracy_threshold": 32.415700605905414,
      "ap": 0.7856695942086298,
      "f1": 0.7185854025583145,
      "f1_threshold": 34.019305769836365,
      "precision": 0.6847514340344169,
      "recall": 0.7559366754617414
    },
    "max": {
      "accuracy": 0.8763783751564642,
      "ap": 0.7859588727782121,
      "f1": 0.7185854025583145
    }
  }
}