{
  "dataset_revision": "4d8694f8f0e0100860b497b999b3dbed754a0513",
  "mteb_dataset_name": "STS16",
  "mteb_version": "1.1.2",
  "test": {
    "cos_sim": {
      "pearson": 0.8309341338886954,
      "spearman": 0.8487423284027804
    },
    "euclidean": {
      "pearson": 0.8587146615526553,
      "spearman": 0.8640953819180541
    },
    "evaluation_time": 0.13,
    "manhattan": {
      "pearson": 0.8581842412848759,
      "spearman": 0.863412779946289
    }
  }
}