{
  "dataset_revision": "0228b52cf27578f30900b9e5271d331663a030d7",
  "mteb_dataset_name": "SciFact",
  "mteb_version": "1.2.0",
  "test": {
    "evaluation_time": 0.49,
    "map_at_1": 0.59928,
    "map_at_10": 0.69799,
    "map_at_100": 0.70305,
    "map_at_1000": 0.70331,
    "map_at_3": 0.66904,
    "map_at_5": 0.6888,
    "mrr_at_1": 0.63,
    "mrr_at_10": 0.7083,
    "mrr_at_100": 0.7124,
    "mrr_at_1000": 0.71263,
    "mrr_at_3": 0.68667,
    "mrr_at_5": 0.703,
    "ndcg_at_1": 0.63,
    "ndcg_at_10": 0.74124,
    "ndcg_at_100": 0.76295,
    "ndcg_at_1000": 0.76853,
    "ndcg_at_3": 0.69499,
    "ndcg_at_5": 0.72395,
    "precision_at_1": 0.63,
    "precision_at_10": 0.098,
    "precision_at_100": 0.01087,
    "precision_at_1000": 0.00113,
    "precision_at_3": 0.27111,
    "precision_at_5": 0.182,
    "recall_at_1": 0.59928,
    "recall_at_10": 0.86156,
    "recall_at_100": 0.95833,
    "recall_at_1000": 1.0,
    "recall_at_3": 0.74172,
    "recall_at_5": 0.81244
  }
}