{
  "dataset_revision": "0228b52cf27578f30900b9e5271d331663a030d7",
  "mteb_dataset_name": "SciFact",
  "mteb_version": "1.2.0",
  "test": {
    "evaluation_time": 0.52,
    "map_at_1": 0.61594,
    "map_at_10": 0.71577,
    "map_at_100": 0.71993,
    "map_at_1000": 0.72023,
    "map_at_3": 0.69052,
    "map_at_5": 0.70374,
    "mrr_at_1": 0.64667,
    "mrr_at_10": 0.72525,
    "mrr_at_100": 0.72863,
    "mrr_at_1000": 0.7289,
    "mrr_at_3": 0.70778,
    "mrr_at_5": 0.71744,
    "ndcg_at_1": 0.64667,
    "ndcg_at_10": 0.75891,
    "ndcg_at_100": 0.77664,
    "ndcg_at_1000": 0.78238,
    "ndcg_at_3": 0.71799,
    "ndcg_at_5": 0.73603,
    "precision_at_1": 0.64667,
    "precision_at_10": 0.1,
    "precision_at_100": 0.01087,
    "precision_at_1000": 0.00113,
    "precision_at_3": 0.28111,
    "precision_at_5": 0.18267,
    "recall_at_1": 0.61594,
    "recall_at_10": 0.87989,
    "recall_at_100": 0.95833,
    "recall_at_1000": 1.0,
    "recall_at_3": 0.77033,
    "recall_at_5": 0.81578
  }
}