{
  "dataset_revision": "e8379541af4e31359cca9fbcf4b00f2671dba205",
  "mteb_dataset_name": "AmazonCounterfactualClassification",
  "mteb_version": "1.1.2",
  "test": {
    "en": {
      "accuracy": 0.7265671641791045,
      "accuracy_stderr": 0.03596860094518704,
      "ap": 0.35365535607663556,
      "ap_stderr": 0.0331280342357891,
      "f1": 0.6665430047071922,
      "f1_stderr": 0.03348505585118361,
      "main_score": 0.7265671641791045
    },
    "evaluation_time": 0.64
  }
}