{
  "dataset_revision": null,
  "mteb_dataset_name": "ArguAna",
  "mteb_version": "1.1.2",
  "test": {
    "evaluation_time": 1.76,
    "map_at_1": 0.41821,
    "map_at_10": 0.57773,
    "map_at_100": 0.58269,
    "map_at_1000": 0.58273,
    "map_at_3": 0.53722,
    "map_at_5": 0.564,
    "mrr_at_1": 0.42603,
    "mrr_at_10": 0.58055,
    "mrr_at_100": 0.58551,
    "mrr_at_1000": 0.58554,
    "mrr_at_3": 0.54054,
    "mrr_at_5": 0.56668,
    "ndcg_at_1": 0.41821,
    "ndcg_at_10": 0.65834,
    "ndcg_at_100": 0.67764,
    "ndcg_at_1000": 0.67833,
    "ndcg_at_3": 0.57742,
    "ndcg_at_5": 0.62542,
    "precision_at_1": 0.41821,
    "precision_at_10": 0.09111,
    "precision_at_100": 0.00991,
    "precision_at_1000": 0.001,
    "precision_at_3": 0.23139,
    "precision_at_5": 0.16202,
    "recall_at_1": 0.41821,
    "recall_at_10": 0.9111,
    "recall_at_100": 0.99147,
    "recall_at_1000": 0.99644,
    "recall_at_3": 0.69417,
    "recall_at_5": 0.8101
  }
}