{
  "dataset_revision": "7e90230a92c190f1bf69ae9002b8cea547a64cca",
  "mteb_dataset_name": "STS13",
  "mteb_version": "1.1.2",
  "test": {
    "cos_sim": {
      "pearson": 0.8786037604231759,
      "spearman": 0.8846038375783754
    },
    "euclidean": {
      "pearson": 0.888586456803154,
      "spearman": 0.8960851097947622
    },
    "evaluation_time": 0.18,
    "manhattan": {
      "pearson": 0.8740453091801917,
      "spearman": 0.8801865184466992
    }
  }
}