{
  "dataset_revision": "0fd18e25b25c072e09e0d92ab615fda904d66300",
  "mteb_dataset_name": "Banking77Classification",
  "mteb_version": "1.2.0",
  "test": {
    "accuracy": 0.8535389610389611,
    "accuracy_stderr": 0.004118260452136,
    "evaluation_time": 22.38,
    "f1": 0.8482036304823282,
    "f1_stderr": 0.005145236183292998,
    "main_score": 0.8535389610389611
  }
}