{
  "dataset_revision": "f46a197baaae43b4f621051089b82a364682dfeb",
  "mteb_dataset_name": "CQADupstackAndroidRetrieval",
  "mteb_version": "1.2.0",
  "test": {
    "evaluation_time": 28.21,
    "map_at_1": 0.33124,
    "map_at_10": 0.44639,
    "map_at_100": 0.46149,
    "map_at_1000": 0.46281,
    "map_at_3": 0.40918,
    "map_at_5": 0.42937,
    "mrr_at_1": 0.40629,
    "mrr_at_10": 0.51028,
    "mrr_at_100": 0.51693,
    "mrr_at_1000": 0.51733,
    "mrr_at_3": 0.48355,
    "mrr_at_5": 0.50036,
    "ndcg_at_1": 0.40629,
    "ndcg_at_10": 0.51426,
    "ndcg_at_100": 0.56679,
    "ndcg_at_1000": 0.58536,
    "ndcg_at_3": 0.46102,
    "ndcg_at_5": 0.48524,
    "precision_at_1": 0.40629,
    "precision_at_10": 0.09928,
    "precision_at_100": 0.01571,
    "precision_at_1000": 0.00204,
    "precision_at_3": 0.22222,
    "precision_at_5": 0.16052,
    "recall_at_1": 0.33124,
    "recall_at_10": 0.64234,
    "recall_at_100": 0.86282,
    "recall_at_1000": 0.97652,
    "recall_at_3": 0.48534,
    "recall_at_5": 0.5539
  }
}