{
  "dataset_revision": "0228b52cf27578f30900b9e5271d331663a030d7",
  "mteb_dataset_name": "SciFact",
  "mteb_version": "1.2.0",
  "test": {
    "evaluation_time": 10.03,
    "map_at_1": 0.61594,
    "map_at_10": 0.70859,
    "map_at_100": 0.71328,
    "map_at_1000": 0.71346,
    "map_at_3": 0.67624,
    "map_at_5": 0.69331,
    "mrr_at_1": 0.64333,
    "mrr_at_10": 0.7176,
    "mrr_at_100": 0.72142,
    "mrr_at_1000": 0.72158,
    "mrr_at_3": 0.69278,
    "mrr_at_5": 0.70761,
    "ndcg_at_1": 0.64333,
    "ndcg_at_10": 0.75281,
    "ndcg_at_100": 0.77303,
    "ndcg_at_1000": 0.77683,
    "ndcg_at_3": 0.69764,
    "ndcg_at_5": 0.72275,
    "precision_at_1": 0.64333,
    "precision_at_10": 0.1,
    "precision_at_100": 0.011,
    "precision_at_1000": 0.00113,
    "precision_at_3": 0.26778,
    "precision_at_5": 0.17733,
    "recall_at_1": 0.61594,
    "recall_at_10": 0.87989,
    "recall_at_100": 0.97167,
    "recall_at_1000": 1.0,
    "recall_at_3": 0.73072,
    "recall_at_5": 0.79328
  }
}