{
  "dataset_revision": "4d8694f8f0e0100860b497b999b3dbed754a0513",
  "mteb_dataset_name": "STS16",
  "mteb_version": "1.2.0",
  "test": {
    "cos_sim": {
      "pearson": 0.8349609391318564,
      "spearman": 0.850842302860398
    },
    "euclidean": {
      "pearson": 0.8637390768401685,
      "spearman": 0.8687658327835226
    },
    "evaluation_time": 0.18,
    "manhattan": {
      "pearson": 0.8599036420828603,
      "spearman": 0.8657095019374261
    }
  }
}