{
  "dataset_revision": "70970daeab8776df92f5ea462b6173c0b46fd2d1",
  "mteb_dataset_name": "TwitterSemEval2015",
  "mteb_version": "1.2.0",
  "test": {
    "cos_sim": {
      "accuracy": 0.8756631102104071,
      "accuracy_threshold": 0.7502625336325817,
      "ap": 0.7854787340728107,
      "f1": 0.7181157604610374,
      "f1_threshold": 0.7108839974996592,
      "precision": 0.6836832061068703,
      "recall": 0.7562005277044855
    },
    "dot": {
      "accuracy": 0.8635632115396078,
      "accuracy_threshold": 0.4192087781367845,
      "ap": 0.7472953637891623,
      "f1": 0.6884625094673061,
      "f1_threshold": 0.3953624706292762,
      "precision": 0.6599709583736689,
      "recall": 0.7195250659630607
    },
    "euclidean": {
      "accuracy": 0.8759015318590928,
      "accuracy_threshold": 0.5321383718560004,
      "ap": 0.7889786413375269,
      "f1": 0.722333000997009,
      "f1_threshold": 0.5679384068811384,
      "precision": 0.6844591402928673,
      "recall": 0.7646437994722955
    },
    "evaluation_time": 2.67,
    "manhattan": {
      "accuracy": 0.8716099421827502,
      "accuracy_threshold": 8.697749631272071,
      "ap": 0.7767784344450268,
      "f1": 0.7092668024439919,
      "f1_threshold": 9.225766155572254,
      "precision": 0.6851942941465814,
      "recall": 0.7350923482849604
    },
    "max": {
      "accuracy": 0.8759015318590928,
      "ap": 0.7889786413375269,
      "f1": 0.722333000997009
    }
  }
}