{
  "dataset_revision": "79531abbd1fb92d06c6d6315a0cbbbf5bb247ea4",
  "mteb_dataset_name": "CQADupstackPhysicsRetrieval",
  "mteb_version": "1.2.0",
  "test": {
    "evaluation_time": 59.33,
    "map_at_1": 0.32678,
    "map_at_10": 0.44385,
    "map_at_100": 0.45675,
    "map_at_1000": 0.45781,
    "map_at_3": 0.40745,
    "map_at_5": 0.42796,
    "mrr_at_1": 0.40038,
    "mrr_at_10": 0.50008,
    "mrr_at_100": 0.50784,
    "mrr_at_1000": 0.5082,
    "mrr_at_3": 0.47642,
    "mrr_at_5": 0.48975,
    "ndcg_at_1": 0.40038,
    "ndcg_at_10": 0.50766,
    "ndcg_at_100": 0.55873,
    "ndcg_at_1000": 0.57664,
    "ndcg_at_3": 0.45311,
    "ndcg_at_5": 0.47937,
    "precision_at_1": 0.40038,
    "precision_at_10": 0.0924,
    "precision_at_100": 0.01365,
    "precision_at_1000": 0.00171,
    "precision_at_3": 0.21431,
    "precision_at_5": 0.15265,
    "recall_at_1": 0.32678,
    "recall_at_10": 0.63896,
    "recall_at_100": 0.8491,
    "recall_at_1000": 0.96138,
    "recall_at_3": 0.48734,
    "recall_at_5": 0.55472
  }
}