{
  "dataset_revision": "ae001d0e6b1228650b7bd1c2c65fb50ad11a8aba",
  "mteb_dataset_name": "MTOPIntentClassification",
  "mteb_version": "1.2.0",
  "test": {
    "en": {
      "accuracy": 0.6903328773369812,
      "accuracy_stderr": 0.01882077644177613,
      "f1": 0.5199080370485966,
      "f1_stderr": 0.005114981195838168,
      "main_score": 0.6903328773369812
    },
    "evaluation_time": 34.26
  }
}