{
  "dataset_revision": "af5e6fb845001ecf41f4c1e033ce921939a2a68d",
  "mteb_dataset_name": "STS17",
  "mteb_version": "1.2.0",
  "test": {
    "en-en": {
      "cos_sim": {
        "pearson": 0.9049147268269924,
        "spearman": 0.9040826214879498
      },
      "euclidean": {
        "pearson": 0.9076878933121107,
        "spearman": 0.9040826214879498
      },
      "manhattan": {
        "pearson": 0.9095294550817575,
        "spearman": 0.9085085633770149
      }
    },
    "evaluation_time": 0.18
  }
}