{
  "dataset_revision": "a0d554a64d88156834ff5ae9920b964011b16384",
  "mteb_dataset_name": "STS12",
  "mteb_version": "1.1.2",
  "test": {
    "cos_sim": {
      "pearson": 0.844342543764012,
      "spearman": 0.7525277167431971
    },
    "euclidean": {
      "pearson": 0.852038787894115,
      "spearman": 0.7788862580466953
    },
    "evaluation_time": 0.46,
    "manhattan": {
      "pearson": 0.8395101157801287,
      "spearman": 0.7775259472534602
    }
  }
}