{
  "dataset_revision": "f46a197baaae43b4f621051089b82a364682dfeb",
  "mteb_dataset_name": "CQADupstackAndroidRetrieval",
  "mteb_version": "1.2.0",
  "test": {
    "evaluation_time": 29.47,
    "map_at_1": 0.33312,
    "map_at_10": 0.45442,
    "map_at_100": 0.47029,
    "map_at_1000": 0.47142,
    "map_at_3": 0.41743,
    "map_at_5": 0.43857,
    "mrr_at_1": 0.41488,
    "mrr_at_10": 0.52153,
    "mrr_at_100": 0.52815,
    "mrr_at_1000": 0.52849,
    "mrr_at_3": 0.49642,
    "mrr_at_5": 0.51195,
    "ndcg_at_1": 0.41488,
    "ndcg_at_10": 0.52394,
    "ndcg_at_100": 0.57801,
    "ndcg_at_1000": 0.59399,
    "ndcg_at_3": 0.47308,
    "ndcg_at_5": 0.49722,
    "precision_at_1": 0.41488,
    "precision_at_10": 0.10172,
    "precision_at_100": 0.01624,
    "precision_at_1000": 0.00207,
    "precision_at_3": 0.22842,
    "precision_at_5": 0.16538,
    "recall_at_1": 0.33312,
    "recall_at_10": 0.65092,
    "recall_at_100": 0.88,
    "recall_at_1000": 0.97775,
    "recall_at_3": 0.5014,
    "recall_at_5": 0.57036
  }
}