{
  "dataset_revision": "46989137a86843e03a6195de44b09deda022eec7",
  "mteb_dataset_name": "CQADupstackTexRetrieval",
  "mteb_version": "1.2.0",
  "test": {
    "evaluation_time": 101.31,
    "map_at_1": 0.19001,
    "map_at_10": 0.27017,
    "map_at_100": 0.2828,
    "map_at_1000": 0.28405,
    "map_at_3": 0.24433,
    "map_at_5": 0.25776,
    "mrr_at_1": 0.23056,
    "mrr_at_10": 0.31095,
    "mrr_at_100": 0.32092,
    "mrr_at_1000": 0.32163,
    "mrr_at_3": 0.28688,
    "mrr_at_5": 0.29997,
    "ndcg_at_1": 0.23056,
    "ndcg_at_10": 0.32146,
    "ndcg_at_100": 0.37922,
    "ndcg_at_1000": 0.4066,
    "ndcg_at_3": 0.27465,
    "ndcg_at_5": 0.29461,
    "precision_at_1": 0.23056,
    "precision_at_10": 0.05922,
    "precision_at_100": 0.01036,
    "precision_at_1000": 0.00145,
    "precision_at_3": 0.13053,
    "precision_at_5": 0.09415,
    "recall_at_1": 0.19001,
    "recall_at_10": 0.43497,
    "recall_at_100": 0.69138,
    "recall_at_1000": 0.88447,
    "recall_at_3": 0.30247,
    "recall_at_5": 0.35447
  }
}