{
  "dataset_revision": "4ffe81d471b1924886b33c7567bfb200e9eec5c4",
  "mteb_dataset_name": "CQADupstackWordpressRetrieval",
  "mteb_version": "1.2.0",
  "test": {
    "evaluation_time": 60.71,
    "map_at_1": 0.22193,
    "map_at_10": 0.31312,
    "map_at_100": 0.32177,
    "map_at_1000": 0.32282,
    "map_at_3": 0.28568,
    "map_at_5": 0.30155,
    "mrr_at_1": 0.24399,
    "mrr_at_10": 0.33591,
    "mrr_at_100": 0.34333,
    "mrr_at_1000": 0.34411,
    "mrr_at_3": 0.31054,
    "mrr_at_5": 0.3256,
    "ndcg_at_1": 0.24399,
    "ndcg_at_10": 0.36583,
    "ndcg_at_100": 0.40969,
    "ndcg_at_1000": 0.43481,
    "ndcg_at_3": 0.31376,
    "ndcg_at_5": 0.34008,
    "precision_at_1": 0.24399,
    "precision_at_10": 0.0586,
    "precision_at_100": 0.00869,
    "precision_at_1000": 0.0012,
    "precision_at_3": 0.13678,
    "precision_at_5": 0.09871,
    "recall_at_1": 0.22193,
    "recall_at_10": 0.50578,
    "recall_at_100": 0.70894,
    "recall_at_1000": 0.89296,
    "recall_at_3": 0.36694,
    "recall_at_5": 0.42919
  }
}