{
  "dataset_revision": "4f58c6b202a23cf9a4da393831edf4f9183cad37",
  "mteb_dataset_name": "EmotionClassification",
  "mteb_version": "1.1.2",
  "test": {
    "accuracy": 0.5435500000000001,
    "accuracy_stderr": 0.02489824290989226,
    "evaluation_time": 59.21,
    "f1": 0.4765861135173384,
    "f1_stderr": 0.014531897480505067,
    "main_score": 0.5435500000000001
  }
}