{
  "dataset_revision": "3d86128a09e091d6018b6d26cad27f2739fc2db7",
  "mteb_dataset_name": "ImdbClassification",
  "mteb_version": "1.2.0",
  "test": {
    "accuracy": 0.9352360000000001,
    "accuracy_stderr": 0.0045930190506898744,
    "ap": 0.9060291108491594,
    "ap_stderr": 0.00844640620902266,
    "evaluation_time": 14.62,
    "f1": 0.9351927822886266,
    "f1_stderr": 0.004627465803689898,
    "main_score": 0.9352360000000001
  }
}