{
  "dataset_revision": "7d571f92784cd94a019292a1f45445077d0ef634",
  "mteb_dataset_name": "MassiveScenarioClassification",
  "mteb_version": "1.2.0",
  "test": {
    "en": {
      "accuracy": 0.767955615332885,
      "accuracy_stderr": 0.013956862853784759,
      "f1": 0.7608881708958258,
      "f1_stderr": 0.013049574085513944,
      "main_score": 0.767955615332885
    },
    "evaluation_time": 14.51
  }
}