{
  "dataset_revision": "ae001d0e6b1228650b7bd1c2c65fb50ad11a8aba",
  "mteb_dataset_name": "MTOPIntentClassification",
  "mteb_version": "1.2.0",
  "test": {
    "en": {
      "accuracy": 0.6743046055631555,
      "accuracy_stderr": 0.02308964218563507,
      "f1": 0.4937963290984431,
      "f1_stderr": 0.012265374263792213,
      "main_score": 0.6743046055631555
    },
    "evaluation_time": 33.27
  }
}