{
  "dataset_revision": "a0d554a64d88156834ff5ae9920b964011b16384",
  "mteb_dataset_name": "STS12",
  "mteb_version": "1.2.0",
  "test": {
    "cos_sim": {
      "pearson": 0.8686580913892611,
      "spearman": 0.7911290385374601
    },
    "euclidean": {
      "pearson": 0.8301544161699244,
      "spearman": 0.7911290385374601
    },
    "evaluation_time": 1.82,
    "manhattan": {
      "pearson": 0.8272455934428781,
      "spearman": 0.788734016553348
    }
  }
}