{
  "dataset_revision": "eea2b4fe26a775864c896887d910b76a8098ad3f",
  "mteb_dataset_name": "STS22",
  "mteb_version": "1.1.2",
  "test": {
    "en": {
      "cos_sim": {
        "pearson": 0.6820170035942414,
        "spearman": 0.6790447550081756
      },
      "euclidean": {
        "pearson": 0.6982178840063428,
        "spearman": 0.6790447550081756
      },
      "manhattan": {
        "pearson": 0.6979303217515023,
        "spearman": 0.6789812735617605
      }
    },
    "evaluation_time": 0.31
  }
}