{
  "dataset_revision": "d604517c81ca91fe16a244d1248fc021f9ecee7a",
  "mteb_dataset_name": "TweetSentimentExtractionClassification",
  "mteb_version": "1.2.0",
  "test": {
    "accuracy": 0.623203169213356,
    "accuracy_stderr": 0.026459072840923296,
    "evaluation_time": 13.45,
    "f1": 0.6234492944367183,
    "f1_stderr": 0.027786320655922514,
    "main_score": 0.623203169213356
  }
}