{
  "dataset_revision": "70970daeab8776df92f5ea462b6173c0b46fd2d1",
  "mteb_dataset_name": "TwitterSemEval2015",
  "mteb_version": "1.1.2",
  "test": {
    "cos_sim": {
      "accuracy": 0.87494784526435,
      "accuracy_threshold": 0.8570375748060564,
      "ap": 0.7883215590803473,
      "f1": 0.7186579587655271,
      "f1_threshold": 0.8445658180789775,
      "precision": 0.6981836277681015,
      "recall": 0.7403693931398417
    },
    "dot": {
      "accuracy": 0.87494784526435,
      "accuracy_threshold": 0.8570375748060567,
      "ap": 0.7883215590803473,
      "f1": 0.7186579587655271,
      "f1_threshold": 0.8445658180789781,
      "precision": 0.6981836277681015,
      "recall": 0.7403693931398417
    },
    "euclidean": {
      "accuracy": 0.87494784526435,
      "accuracy_threshold": 0.5347194122419648,
      "ap": 0.7883215590803473,
      "f1": 0.7186579587655271,
      "f1_threshold": 0.5575557031296599,
      "precision": 0.6981836277681015,
      "recall": 0.7403693931398417
    },
    "evaluation_time": 25.12,
    "manhattan": {
      "accuracy": 0.8735769207844072,
      "accuracy_threshold": 26.176071142083124,
      "ap": 0.7850991107596683,
      "f1": 0.7167571663088773,
      "f1_threshold": 27.95127650705193,
      "precision": 0.687333494792928,
      "recall": 0.7488126649076517
    },
    "max": {
      "accuracy": 0.87494784526435,
      "ap": 0.7883215590803473,
      "f1": 0.7186579587655271
    }
  }
}