{
  "dataset_revision": "a0d554a64d88156834ff5ae9920b964011b16384",
  "mteb_dataset_name": "STS12",
  "mteb_version": "1.1.2",
  "test": {
    "cos_sim": {
      "pearson": 0.8183455529171476,
      "spearman": 0.7255115505389576
    },
    "euclidean": {
      "pearson": 0.8256194860822486,
      "spearman": 0.7349902768051673
    },
    "evaluation_time": 0.27,
    "manhattan": {
      "pearson": 0.8125046793065765,
      "spearman": 0.7325333379789931
    }
  }
}