{
  "dataset_revision": "a0d554a64d88156834ff5ae9920b964011b16384",
  "mteb_dataset_name": "STS12",
  "mteb_version": "1.1.2",
  "test": {
    "cos_sim": {
      "pearson": 0.8406139679010447,
      "spearman": 0.7577239225277045
    },
    "euclidean": {
      "pearson": 0.8350930851741558,
      "spearman": 0.7886275192715482
    },
    "evaluation_time": 0.19,
    "manhattan": {
      "pearson": 0.79194036201746,
      "spearman": 0.7818081357057792
    }
  }
}