{
  "dataset_revision": "6031580fec1f6af667f0bd2da0a551cf4f0b2375",
  "mteb_dataset_name": "STS14",
  "mteb_version": "1.2.0",
  "test": {
    "cos_sim": {
      "pearson": 0.8612939490521959,
      "spearman": 0.8253290456335121
    },
    "euclidean": {
      "pearson": 0.8596386521453785,
      "spearman": 0.8309259004983879
    },
    "evaluation_time": 0.08,
    "manhattan": {
      "pearson": 0.8316828230021953,
      "spearman": 0.8163621768489256
    }
  }
}