{
  "dataset_revision": "0fd18e25b25c072e09e0d92ab615fda904d66300",
  "mteb_dataset_name": "Banking77Classification",
  "mteb_version": "1.2.0",
  "test": {
    "accuracy": 0.8453246753246754,
    "accuracy_stderr": 0.0053036486961643625,
    "evaluation_time": 12.03,
    "f1": 0.8386621161976461,
    "f1_stderr": 0.005935459618790567,
    "main_score": 0.8453246753246754
  }
}