{
  "dataset_revision": "7e90230a92c190f1bf69ae9002b8cea547a64cca",
  "mteb_dataset_name": "STS13",
  "mteb_version": "1.2.0",
  "test": {
    "cos_sim": {
      "pearson": 0.8742913474609856,
      "spearman": 0.8778171630759684
    },
    "euclidean": {
      "pearson": 0.8839062666622612,
      "spearman": 0.8917426956158425
    },
    "evaluation_time": 0.27,
    "manhattan": {
      "pearson": 0.8581802471551521,
      "spearman": 0.864073686192757
    }
  }
}