{
  "dataset_revision": "70970daeab8776df92f5ea462b6173c0b46fd2d1",
  "mteb_dataset_name": "TwitterSemEval2015",
  "mteb_version": "1.2.0",
  "test": {
    "cos_sim": {
      "accuracy": 0.8768552184538356,
      "accuracy_threshold": 0.7330457440509659,
      "ap": 0.7858448357543518,
      "f1": 0.7174841464992883,
      "f1_threshold": 0.7022996311643672,
      "precision": 0.7040894081788164,
      "recall": 0.7313984168865435
    },
    "dot": {
      "accuracy": 0.8602849138701794,
      "accuracy_threshold": 0.5271531767411815,
      "ap": 0.7389468264891412,
      "f1": 0.6817851079311181,
      "f1_threshold": 0.4761803166247054,
      "precision": 0.630834829443447,
      "recall": 0.741688654353562
    },
    "euclidean": {
      "accuracy": 0.8782261429337784,
      "accuracy_threshold": 0.6095653649662682,
      "ap": 0.7920905218533588,
      "f1": 0.7222669889873758,
      "f1_threshold": 0.6327012315789969,
      "precision": 0.7355032822757112,
      "recall": 0.7094986807387863
    },
    "evaluation_time": 2.89,
    "manhattan": {
      "accuracy": 0.8672587470942361,
      "accuracy_threshold": 13.589891191458067,
      "ap": 0.7647775515560563,
      "f1": 0.7018820577164366,
      "f1_threshold": 14.486864652103838,
      "precision": 0.6691387559808613,
      "recall": 0.7379947229551451
    },
    "max": {
      "accuracy": 0.8782261429337784,
      "ap": 0.7920905218533588,
      "f1": 0.7222669889873758
    }
  }
}