{
  "dataset_revision": "d3fb88f8f02e40887cd149695127462bbcf29b4a",
  "mteb_dataset_name": "BIOSSES",
  "mteb_version": "1.1.2",
  "test": {
    "cos_sim": {
      "pearson": 0.8881454726944255,
      "spearman": 0.877291074009605
    },
    "euclidean": {
      "pearson": 0.8691917202370509,
      "spearman": 0.877291074009605
    },
    "evaluation_time": 0.1,
    "manhattan": {
      "pearson": 0.8751969700782122,
      "spearman": 0.8787308658523834
    }
  }
}