{
  "dataset_revision": "f46a197baaae43b4f621051089b82a364682dfeb",
  "mteb_dataset_name": "CQADupstackAndroidRetrieval",
  "mteb_version": "1.2.0",
  "test": {
    "evaluation_time": 22.72,
    "map_at_1": 0.34358,
    "map_at_10": 0.46633,
    "map_at_100": 0.48174,
    "map_at_1000": 0.48288,
    "map_at_3": 0.42824,
    "map_at_5": 0.44951,
    "mrr_at_1": 0.42775,
    "mrr_at_10": 0.53365,
    "mrr_at_100": 0.53996,
    "mrr_at_1000": 0.54025,
    "mrr_at_3": 0.50835,
    "mrr_at_5": 0.52401,
    "ndcg_at_1": 0.42775,
    "ndcg_at_10": 0.53578,
    "ndcg_at_100": 0.58792,
    "ndcg_at_1000": 0.60321,
    "ndcg_at_3": 0.48444,
    "ndcg_at_5": 0.50734,
    "precision_at_1": 0.42775,
    "precision_at_10": 0.10372,
    "precision_at_100": 0.01635,
    "precision_at_1000": 0.00208,
    "precision_at_3": 0.23367,
    "precision_at_5": 0.16881,
    "recall_at_1": 0.34358,
    "recall_at_10": 0.66268,
    "recall_at_100": 0.88452,
    "recall_at_1000": 0.97625,
    "recall_at_3": 0.50767,
    "recall_at_5": 0.57523
  }
}