{
  "dataset_revision": "d80d48c1eb48d3562165c59d59d0034df9fff0bf",
  "mteb_dataset_name": "MTOPDomainClassification",
  "mteb_version": "1.2.0",
  "test": {
    "en": {
      "accuracy": 0.9416780665754674,
      "accuracy_stderr": 0.005225885310664201,
      "f1": 0.9402113187283803,
      "f1_stderr": 0.003974461100399883,
      "main_score": 0.9416780665754674
    },
    "evaluation_time": 13.62
  }
}