{
  "dataset_revision": "eea2b4fe26a775864c896887d910b76a8098ad3f",
  "mteb_dataset_name": "STS22",
  "mteb_version": "1.1.2",
  "test": {
    "en": {
      "cos_sim": {
        "pearson": 0.6833769202236151,
        "spearman": 0.6922236660568861
      },
      "euclidean": {
        "pearson": 0.6978833549534468,
        "spearman": 0.6832858039475216
      },
      "manhattan": {
        "pearson": 0.700089660340482,
        "spearman": 0.6791603237952392
      }
    },
    "evaluation_time": 0.04
  }
}