{
  "dataset_revision": null,
  "mteb_dataset_name": "ArguAna",
  "mteb_version": "1.1.2",
  "test": {
    "evaluation_time": 24.57,
    "map_at_1": 0.3862,
    "map_at_10": 0.55438,
    "map_at_100": 0.55975,
    "map_at_1000": 0.55978,
    "map_at_3": 0.51138,
    "map_at_5": 0.53826,
    "mrr_at_1": 0.39189,
    "mrr_at_10": 0.5564,
    "mrr_at_100": 0.56177,
    "mrr_at_1000": 0.5618,
    "mrr_at_3": 0.51387,
    "mrr_at_5": 0.54043,
    "ndcg_at_1": 0.3862,
    "ndcg_at_10": 0.63919,
    "ndcg_at_100": 0.66009,
    "ndcg_at_1000": 0.66058,
    "ndcg_at_3": 0.55229,
    "ndcg_at_5": 0.60038,
    "precision_at_1": 0.3862,
    "precision_at_10": 0.09061,
    "precision_at_100": 0.00993,
    "precision_at_1000": 0.001,
    "precision_at_3": 0.22357,
    "precision_at_5": 0.15733,
    "recall_at_1": 0.3862,
    "recall_at_10": 0.90612,
    "recall_at_100": 0.99289,
    "recall_at_1000": 0.99644,
    "recall_at_3": 0.6707,
    "recall_at_5": 0.78663
  }
}