{
  "dataset_revision": "d3fb88f8f02e40887cd149695127462bbcf29b4a",
  "mteb_dataset_name": "BIOSSES",
  "mteb_version": "1.1.2",
  "test": {
    "cos_sim": {
      "pearson": 0.8934965941726041,
      "spearman": 0.8737307519213955
    },
    "euclidean": {
      "pearson": 0.8741880434221465,
      "spearman": 0.8737307519213955
    },
    "evaluation_time": 0.06,
    "manhattan": {
      "pearson": 0.8731991423375566,
      "spearman": 0.8717849244518664
    }
  }
}