{
  "dataset_revision": "4d8694f8f0e0100860b497b999b3dbed754a0513",
  "mteb_dataset_name": "STS16",
  "mteb_version": "1.2.0",
  "test": {
    "cos_sim": {
      "pearson": 0.860770803294941,
      "spearman": 0.872991612405775
    },
    "euclidean": {
      "pearson": 0.8660440134972508,
      "spearman": 0.872991612405775
    },
    "evaluation_time": 0.19,
    "manhattan": {
      "pearson": 0.865902660795013,
      "spearman": 0.8728369784105463
    }
  }
}