{
  "dataset_revision": "6031580fec1f6af667f0bd2da0a551cf4f0b2375",
  "mteb_dataset_name": "STS14",
  "mteb_version": "1.1.2",
  "test": {
    "cos_sim": {
      "pearson": 0.871971151079636,
      "spearman": 0.8452367700535259
    },
    "euclidean": {
      "pearson": 0.8631634607084211,
      "spearman": 0.8452367700535259
    },
    "evaluation_time": 1.06,
    "manhattan": {
      "pearson": 0.8623041490063041,
      "spearman": 0.8440587298468498
    }
  }
}