{
  "dataset_revision": "4f58c6b202a23cf9a4da393831edf4f9183cad37",
  "mteb_dataset_name": "EmotionClassification",
  "mteb_version": "1.1.2",
  "test": {
    "accuracy": 0.5668,
    "accuracy_stderr": 0.020467290978534513,
    "evaluation_time": 1.09,
    "f1": 0.5056317466518744,
    "f1_stderr": 0.01130748382659883,
    "main_score": 0.5668
  }
}