{
  "dataset_revision": "7e90230a92c190f1bf69ae9002b8cea547a64cca",
  "mteb_dataset_name": "STS13",
  "mteb_version": "1.1.2",
  "test": {
    "cos_sim": {
      "pearson": 0.8757603247433124,
      "spearman": 0.880375674183219
    },
    "euclidean": {
      "pearson": 0.8893435378437979,
      "spearman": 0.8966219381133501
    },
    "evaluation_time": 0.41,
    "manhattan": {
      "pearson": 0.8676442308932483,
      "spearman": 0.8738346446491764
    }
  }
}