{
  "dataset_revision": "d3fb88f8f02e40887cd149695127462bbcf29b4a",
  "mteb_dataset_name": "BIOSSES",
  "mteb_version": "1.1.2",
  "test": {
    "cos_sim": {
      "pearson": 0.903039568355367,
      "spearman": 0.8912672960817639
    },
    "euclidean": {
      "pearson": 0.8900403339807567,
      "spearman": 0.8912672960817639
    },
    "evaluation_time": 0.05,
    "manhattan": {
      "pearson": 0.8897228812950978,
      "spearman": 0.888791336050877
    }
  }
}