{
  "dataset_revision": "ad9991cb51e31e31e430383c75ffb2885547b5f0",
  "mteb_dataset_name": "CQADupstackEnglishRetrieval",
  "mteb_version": "1.2.0",
  "test": {
    "evaluation_time": 7.32,
    "map_at_1": 0.33001,
    "map_at_10": 0.44154,
    "map_at_100": 0.45442,
    "map_at_1000": 0.4557,
    "map_at_3": 0.40805,
    "map_at_5": 0.42686,
    "mrr_at_1": 0.41592,
    "mrr_at_10": 0.50251,
    "mrr_at_100": 0.50909,
    "mrr_at_1000": 0.50948,
    "mrr_at_3": 0.48142,
    "mrr_at_5": 0.4933,
    "ndcg_at_1": 0.41592,
    "ndcg_at_10": 0.50053,
    "ndcg_at_100": 0.54409,
    "ndcg_at_1000": 0.56226,
    "ndcg_at_3": 0.45727,
    "ndcg_at_5": 0.47689,
    "precision_at_1": 0.41592,
    "precision_at_10": 0.09465,
    "precision_at_100": 0.01513,
    "precision_at_1000": 0.00196,
    "precision_at_3": 0.22187,
    "precision_at_5": 0.15631,
    "recall_at_1": 0.33001,
    "recall_at_10": 0.60384,
    "recall_at_100": 0.78648,
    "recall_at_1000": 0.89827,
    "recall_at_3": 0.47239,
    "recall_at_5": 0.5303
  }
}