{
  "dataset_revision": "eea2b4fe26a775864c896887d910b76a8098ad3f",
  "mteb_dataset_name": "STS22",
  "mteb_version": "1.1.2",
  "test": {
    "en": {
      "cos_sim": {
        "pearson": 0.6737696567313878,
        "spearman": 0.6817248114574689
      },
      "euclidean": {
        "pearson": 0.695649810375745,
        "spearman": 0.6817248114574689
      },
      "manhattan": {
        "pearson": 0.6929978464053306,
        "spearman": 0.6769474256823851
      }
    },
    "evaluation_time": 0.11
  }
}