{
  "dataset_revision": "b0fddb56ed78048fa8b90373c8a3cfc37b684831",
  "mteb_dataset_name": "STSBenchmark",
  "mteb_version": "1.2.0",
  "test": {
    "cos_sim": {
      "pearson": 0.8830099790039926,
      "spearman": 0.8934403546786889
    },
    "euclidean": {
      "pearson": 0.8925278101162881,
      "spearman": 0.8934403546786889
    },
    "evaluation_time": 0.1,
    "manhattan": {
      "pearson": 0.8906520575877853,
      "spearman": 0.8907593448228558
    }
  }
}