{
  "dataset_revision": "6184bc1440d2dbc7612be22b50686b8826d22b32",
  "mteb_dataset_name": "CQADupstackProgrammersRetrieval",
  "mteb_version": "1.2.0",
  "test": {
    "evaluation_time": 36.17,
    "map_at_1": 0.2532,
    "map_at_10": 0.36262,
    "map_at_100": 0.3773,
    "map_at_1000": 0.37836,
    "map_at_3": 0.32817,
    "map_at_5": 0.34645,
    "mrr_at_1": 0.31735,
    "mrr_at_10": 0.41827,
    "mrr_at_100": 0.42751,
    "mrr_at_1000": 0.42799,
    "mrr_at_3": 0.39117,
    "mrr_at_5": 0.40573,
    "ndcg_at_1": 0.31735,
    "ndcg_at_10": 0.4263,
    "ndcg_at_100": 0.48537,
    "ndcg_at_1000": 0.50692,
    "ndcg_at_3": 0.37011,
    "ndcg_at_5": 0.39437,
    "precision_at_1": 0.31735,
    "precision_at_10": 0.08025,
    "precision_at_100": 0.01266,
    "precision_at_1000": 0.00164,
    "precision_at_3": 0.17922,
    "precision_at_5": 0.12991,
    "recall_at_1": 0.2532,
    "recall_at_10": 0.56096,
    "recall_at_100": 0.80887,
    "recall_at_1000": 0.95242,
    "recall_at_3": 0.40405,
    "recall_at_5": 0.46683
  }
}