{
  "dataset_revision": "a0d554a64d88156834ff5ae9920b964011b16384",
  "mteb_dataset_name": "STS12",
  "mteb_version": "1.1.2",
  "test": {
    "cos_sim": {
      "pearson": 0.8779828658206652,
      "spearman": 0.7927438610765867
    },
    "euclidean": {
      "pearson": 0.8492353164879718,
      "spearman": 0.7927437591624069
    },
    "evaluation_time": 2.28,
    "manhattan": {
      "pearson": 0.8488242365273595,
      "spearman": 0.7925207578818575
    }
  }
}