{
  "dataset_revision": "ae752c7c21bf194d8b67fd573edf7ae58183cbe3",
  "mteb_dataset_name": "STS15",
  "mteb_version": "1.1.2",
  "test": {
    "cos_sim": {
      "pearson": 0.8850564565592607,
      "spearman": 0.8957392961477113
    },
    "euclidean": {
      "pearson": 0.8893974692047341,
      "spearman": 0.8957392961477113
    },
    "evaluation_time": 0.99,
    "manhattan": {
      "pearson": 0.8897633771202065,
      "spearman": 0.8963329983918529
    }
  }
}