{
  "dataset_revision": "d7c0de2777da35d6aae2200a62c6e0e5af397c4c",
  "mteb_dataset_name": "ToxicConversationsClassification",
  "mteb_version": "1.2.0",
  "test": {
    "accuracy": 0.724026,
    "accuracy_stderr": 0.04473307595057596,
    "ap": 0.15393728720699537,
    "ap_stderr": 0.012005269303181089,
    "evaluation_time": 38.8,
    "f1": 0.5601174810647678,
    "f1_stderr": 0.02855078708598899,
    "main_score": 0.724026
  }
}