{
  "dataset_revision": "a0d554a64d88156834ff5ae9920b964011b16384",
  "mteb_dataset_name": "STS12",
  "mteb_version": "1.1.2",
  "test": {
    "cos_sim": {
      "pearson": 0.8335050126027812,
      "spearman": 0.7506447260663929
    },
    "euclidean": {
      "pearson": 0.8303198797345699,
      "spearman": 0.7775252395702913
    },
    "evaluation_time": 0.21,
    "manhattan": {
      "pearson": 0.764358830135501,
      "spearman": 0.7574191242569177
    }
  }
}