{
  "dataset_revision": "a6ea5a8cab320b040a23452cc28066d9beae2cee",
  "mteb_dataset_name": "SICK-R",
  "mteb_version": "1.1.2",
  "test": {
    "cos_sim": {
      "pearson": 0.8743756633470763,
      "spearman": 0.8273129723312923
    },
    "euclidean": {
      "pearson": 0.8486481995901901,
      "spearman": 0.8269847082965462
    },
    "evaluation_time": 1.61,
    "manhattan": {
      "pearson": 0.8029142009586321,
      "spearman": 0.7942004093439311
    }
  }
}