{
  "dataset_revision": "eea2b4fe26a775864c896887d910b76a8098ad3f",
  "mteb_dataset_name": "STS22",
  "mteb_version": "1.1.2",
  "test": {
    "en": {
      "cos_sim": {
        "pearson": 0.6881770348486825,
        "spearman": 0.6924002746962717
      },
      "euclidean": {
        "pearson": 0.7042998813671839,
        "spearman": 0.6911436676031322
      },
      "manhattan": {
        "pearson": 0.7035774432255829,
        "spearman": 0.6824125271269655
      }
    },
    "evaluation_time": 0.06
  }
}