{
  "dataset_revision": "e8379541af4e31359cca9fbcf4b00f2671dba205",
  "mteb_dataset_name": "AmazonCounterfactualClassification",
  "mteb_version": "1.1.2",
  "test": {
    "en": {
      "accuracy": 0.7517910447761194,
      "accuracy_stderr": 0.03813454741882929,
      "ap": 0.3802370360484001,
      "ap_stderr": 0.039591696844621264,
      "f1": 0.6909443542391791,
      "f1_stderr": 0.036333367267313996,
      "main_score": 0.7517910447761194
    },
    "evaluation_time": 1.9
  }
}