{
  "dataset_revision": "6031580fec1f6af667f0bd2da0a551cf4f0b2375",
  "mteb_dataset_name": "STS14",
  "mteb_version": "1.1.2",
  "test": {
    "cos_sim": {
      "pearson": 0.8649646447071203,
      "spearman": 0.832934194836731
    },
    "euclidean": {
      "pearson": 0.8634292203386742,
      "spearman": 0.849089726375977
    },
    "evaluation_time": 0.79,
    "manhattan": {
      "pearson": 0.8367890689861115,
      "spearman": 0.8308132872491276
    }
  }
}