{
  "dataset_revision": "e8379541af4e31359cca9fbcf4b00f2671dba205",
  "mteb_dataset_name": "AmazonCounterfactualClassification",
  "mteb_version": "1.2.0",
  "test": {
    "en": {
      "accuracy": 0.7914925373134329,
      "accuracy_stderr": 0.03733760411134099,
      "ap": 0.43653315324540276,
      "ap_stderr": 0.04646764962547274,
      "f1": 0.7340767575621988,
      "f1_stderr": 0.03659152162753174,
      "main_score": 0.7914925373134329
    },
    "evaluation_time": 13.77
  }
}