{
  "dataset_revision": "a0d554a64d88156834ff5ae9920b964011b16384",
  "mteb_dataset_name": "STS12",
  "mteb_version": "1.2.0",
  "test": {
    "cos_sim": {
      "pearson": 0.8612944409669769,
      "spearman": 0.7799845649762397
    },
    "euclidean": {
      "pearson": 0.8205115974909791,
      "spearman": 0.7799845649762397
    },
    "evaluation_time": 0.84,
    "manhattan": {
      "pearson": 0.8170699358788472,
      "spearman": 0.7793336010207401
    }
  }
}