{
  "dataset_revision": "46989137a86843e03a6195de44b09deda022eec7",
  "mteb_dataset_name": "CQADupstackTexRetrieval",
  "mteb_version": "1.2.0",
  "test": {
    "evaluation_time": 98.03,
    "map_at_1": 0.2074,
    "map_at_10": 0.28902,
    "map_at_100": 0.30139,
    "map_at_1000": 0.30268,
    "map_at_3": 0.2627,
    "map_at_5": 0.27646,
    "mrr_at_1": 0.25086,
    "mrr_at_10": 0.32975,
    "mrr_at_100": 0.33948,
    "mrr_at_1000": 0.34021,
    "mrr_at_3": 0.30592,
    "mrr_at_5": 0.31886,
    "ndcg_at_1": 0.25086,
    "ndcg_at_10": 0.33961,
    "ndcg_at_100": 0.39587,
    "ndcg_at_1000": 0.42295,
    "ndcg_at_3": 0.29342,
    "ndcg_at_5": 0.31333,
    "precision_at_1": 0.25086,
    "precision_at_10": 0.06177,
    "precision_at_100": 0.01061,
    "precision_at_1000": 0.00147,
    "precision_at_3": 0.13799,
    "precision_at_5": 0.09904,
    "recall_at_1": 0.2074,
    "recall_at_10": 0.44963,
    "recall_at_100": 0.69941,
    "recall_at_1000": 0.88808,
    "recall_at_3": 0.32015,
    "recall_at_5": 0.37142
  }
}