{
  "dataset_revision": null,
  "mteb_dataset_name": "SCIDOCS",
  "mteb_version": "1.2.0",
  "test": {
    "evaluation_time": 30.26,
    "map_at_1": 0.05313,
    "map_at_10": 0.14283,
    "map_at_100": 0.16935,
    "map_at_1000": 0.17307,
    "map_at_3": 0.09851,
    "map_at_5": 0.12,
    "mrr_at_1": 0.263,
    "mrr_at_10": 0.38182,
    "mrr_at_100": 0.39347,
    "mrr_at_1000": 0.39387,
    "mrr_at_3": 0.34633,
    "mrr_at_5": 0.36868,
    "ndcg_at_1": 0.263,
    "ndcg_at_10": 0.2344,
    "ndcg_at_100": 0.3302,
    "ndcg_at_1000": 0.38766,
    "ndcg_at_3": 0.21758,
    "ndcg_at_5": 0.1931,
    "precision_at_1": 0.263,
    "precision_at_10": 0.1233,
    "precision_at_100": 0.02611,
    "precision_at_1000": 0.00398,
    "precision_at_3": 0.20467,
    "precision_at_5": 0.1722,
    "recall_at_1": 0.05313,
    "recall_at_10": 0.2499,
    "recall_at_100": 0.5298,
    "recall_at_1000": 0.80777,
    "recall_at_3": 0.12452,
    "recall_at_5": 0.17457
  }
}