{
  "dataset_revision": "eea2b4fe26a775864c896887d910b76a8098ad3f",
  "mteb_dataset_name": "STS22",
  "mteb_version": "1.2.0",
  "test": {
    "en": {
      "cos_sim": {
        "pearson": 0.6853000722408479,
        "spearman": 0.6874194227467806
      },
      "euclidean": {
        "pearson": 0.7019910653859518,
        "spearman": 0.6874194227467806
      },
      "manhattan": {
        "pearson": 0.7010610371001946,
        "spearman": 0.6840142128518999
      }
    },
    "evaluation_time": 0.09
  }
}