{
  "dataset_revision": "d604517c81ca91fe16a244d1248fc021f9ecee7a",
  "mteb_dataset_name": "TweetSentimentExtractionClassification",
  "mteb_version": "1.2.0",
  "test": {
    "accuracy": 0.6421901528013582,
    "accuracy_stderr": 0.02213153667417485,
    "evaluation_time": 13.44,
    "f1": 0.6410364893251159,
    "f1_stderr": 0.023382328966239915,
    "main_score": 0.6421901528013582
  }
}