{
  "dataset_revision": null,
  "mteb_dataset_name": "ArguAna",
  "mteb_version": "1.1.2",
  "test": {
    "evaluation_time": 23.78,
    "map_at_1": 0.3606,
    "map_at_10": 0.53249,
    "map_at_100": 0.5384,
    "map_at_1000": 0.53842,
    "map_at_3": 0.48755,
    "map_at_5": 0.51561,
    "mrr_at_1": 0.36913,
    "mrr_at_10": 0.5356,
    "mrr_at_100": 0.54144,
    "mrr_at_1000": 0.54146,
    "mrr_at_3": 0.4904,
    "mrr_at_5": 0.51842,
    "ndcg_at_1": 0.3606,
    "ndcg_at_10": 0.62027,
    "ndcg_at_100": 0.64347,
    "ndcg_at_1000": 0.64385,
    "ndcg_at_3": 0.52927,
    "ndcg_at_5": 0.57989,
    "precision_at_1": 0.3606,
    "precision_at_10": 0.08969,
    "precision_at_100": 0.00994,
    "precision_at_1000": 0.001,
    "precision_at_3": 0.21669,
    "precision_at_5": 0.15462,
    "recall_at_1": 0.3606,
    "recall_at_10": 0.89687,
    "recall_at_100": 0.9936,
    "recall_at_1000": 0.99644,
    "recall_at_3": 0.65007,
    "recall_at_5": 0.77312
  }
}