{
  "dataset_revision": "d3fb88f8f02e40887cd149695127462bbcf29b4a",
  "mteb_dataset_name": "BIOSSES",
  "mteb_version": "1.1.2",
  "test": {
    "cos_sim": {
      "pearson": 0.8941037542908497,
      "spearman": 0.872784947238064
    },
    "euclidean": {
      "pearson": 0.8762810849153835,
      "spearman": 0.872784947238064
    },
    "evaluation_time": 0.32,
    "manhattan": {
      "pearson": 0.8807523439700637,
      "spearman": 0.8789417140301962
    }
  }
}