{
  "dataset_revision": "5003b3064772da1887988e05400cf3806fe491f2",
  "mteb_dataset_name": "CQADupstackGisRetrieval",
  "mteb_version": "1.2.0",
  "test": {
    "evaluation_time": 59.47,
    "map_at_1": 0.29429,
    "map_at_10": 0.3891,
    "map_at_100": 0.4,
    "map_at_1000": 0.40067,
    "map_at_3": 0.35986,
    "map_at_5": 0.37759,
    "mrr_at_1": 0.31525,
    "mrr_at_10": 0.41003,
    "mrr_at_100": 0.41935,
    "mrr_at_1000": 0.41983,
    "mrr_at_3": 0.38418,
    "mrr_at_5": 0.39944,
    "ndcg_at_1": 0.31525,
    "ndcg_at_10": 0.44137,
    "ndcg_at_100": 0.49286,
    "ndcg_at_1000": 0.5095,
    "ndcg_at_3": 0.3864,
    "ndcg_at_5": 0.41522,
    "precision_at_1": 0.31525,
    "precision_at_10": 0.06667,
    "precision_at_100": 0.00972,
    "precision_at_1000": 0.00115,
    "precision_at_3": 0.16234,
    "precision_at_5": 0.11367,
    "recall_at_1": 0.29429,
    "recall_at_10": 0.58137,
    "recall_at_100": 0.81257,
    "recall_at_1000": 0.93643,
    "recall_at_3": 0.43441,
    "recall_at_5": 0.50323
  }
}