{
  "dataset_revision": "70970daeab8776df92f5ea462b6173c0b46fd2d1",
  "mteb_dataset_name": "TwitterSemEval2015",
  "mteb_version": "1.2.0",
  "test": {
    "cos_sim": {
      "accuracy": 0.8745902127913214,
      "accuracy_threshold": 0.8391643847049726,
      "ap": 0.7812095799453719,
      "f1": 0.7146112939984808,
      "f1_threshold": 0.8200050900274012,
      "precision": 0.686952288218111,
      "recall": 0.7445910290237467
    },
    "dot": {
      "accuracy": 0.8745902127913214,
      "accuracy_threshold": 0.8391643847049726,
      "ap": 0.7812095799453719,
      "f1": 0.7146112939984808,
      "f1_threshold": 0.8200050900274012,
      "precision": 0.686952288218111,
      "recall": 0.7445910290237467
    },
    "euclidean": {
      "accuracy": 0.8745902127913214,
      "accuracy_threshold": 0.567160674392158,
      "ap": 0.7812095799453719,
      "f1": 0.7146112939984808,
      "f1_threshold": 0.5999915164056684,
      "precision": 0.686952288218111,
      "recall": 0.7445910290237467
    },
    "evaluation_time": 26.23,
    "manhattan": {
      "accuracy": 0.8741729749061214,
      "accuracy_threshold": 30.75188757597401,
      "ap": 0.7807217105704906,
      "f1": 0.7156653706258622,
      "f1_threshold": 32.73086353539505,
      "precision": 0.6820463781974659,
      "recall": 0.7527704485488127
    },
    "max": {
      "accuracy": 0.8745902127913214,
      "ap": 0.7812095799453719,
      "f1": 0.7156653706258622
    }
  }
}