{
  "dataset_revision": null,
  "mteb_dataset_name": "ArguAna",
  "mteb_version": "1.1.2",
  "test": {
    "evaluation_time": 1.29,
    "map_at_1": 0.31863,
    "map_at_10": 0.47654,
    "map_at_100": 0.48447,
    "map_at_1000": 0.48452,
    "map_at_3": 0.42686,
    "map_at_5": 0.4546,
    "mrr_at_1": 0.32646,
    "mrr_at_10": 0.47929,
    "mrr_at_100": 0.48729,
    "mrr_at_1000": 0.48733,
    "mrr_at_3": 0.42994,
    "mrr_at_5": 0.45743,
    "ndcg_at_1": 0.31863,
    "ndcg_at_10": 0.56712,
    "ndcg_at_100": 0.59847,
    "ndcg_at_1000": 0.59952,
    "ndcg_at_3": 0.46378,
    "ndcg_at_5": 0.51398,
    "precision_at_1": 0.31863,
    "precision_at_10": 0.08578,
    "precision_at_100": 0.00989,
    "precision_at_1000": 0.001,
    "precision_at_3": 0.19037,
    "precision_at_5": 0.13869,
    "recall_at_1": 0.31863,
    "recall_at_10": 0.85775,
    "recall_at_100": 0.98862,
    "recall_at_1000": 0.99644,
    "recall_at_3": 0.57112,
    "recall_at_5": 0.69346
  }
}