{
  "dataset_revision": "0fd18e25b25c072e09e0d92ab615fda904d66300",
  "mteb_dataset_name": "Banking77Classification",
  "mteb_version": "1.1.2",
  "test": {
    "accuracy": 0.845194805194805,
    "accuracy_stderr": 0.004309262343645981,
    "evaluation_time": 11.78,
    "f1": 0.8383363323373592,
    "f1_stderr": 0.005538791551706498,
    "main_score": 0.845194805194805
  }
}