{
  "dataset_revision": "a0d554a64d88156834ff5ae9920b964011b16384",
  "mteb_dataset_name": "STS12",
  "mteb_version": "1.1.2",
  "test": {
    "cos_sim": {
      "pearson": 0.8515250348099813,
      "spearman": 0.7623915477724948
    },
    "euclidean": {
      "pearson": 0.8507501439716475,
      "spearman": 0.7926451600107723
    },
    "evaluation_time": 0.58,
    "manhattan": {
      "pearson": 0.8168991800118456,
      "spearman": 0.7867826676484827
    }
  }
}