{
  "dataset_revision": "4d8694f8f0e0100860b497b999b3dbed754a0513",
  "mteb_dataset_name": "STS16",
  "mteb_version": "1.1.2",
  "test": {
    "cos_sim": {
      "pearson": 0.8419818514360498,
      "spearman": 0.8546878238287551
    },
    "euclidean": {
      "pearson": 0.8632230672845458,
      "spearman": 0.8702160299686734
    },
    "evaluation_time": 0.24,
    "manhattan": {
      "pearson": 0.8567369601498969,
      "spearman": 0.864071032463445
    }
  }
}