{
  "dataset_revision": "70970daeab8776df92f5ea462b6173c0b46fd2d1",
  "mteb_dataset_name": "TwitterSemEval2015",
  "mteb_version": "1.1.2",
  "test": {
    "cos_sim": {
      "accuracy": 0.8765571913929785,
      "accuracy_threshold": 0.7327063464332768,
      "ap": 0.7876000906266991,
      "f1": 0.7214812896542794,
      "f1_threshold": 0.7056111317097185,
      "precision": 0.7083651156877702,
      "recall": 0.7350923482849604
    },
    "dot": {
      "accuracy": 0.8567681945520653,
      "accuracy_threshold": 0.40000396911548086,
      "ap": 0.7295356202674617,
      "f1": 0.6727034120734908,
      "f1_threshold": 0.37646768549666576,
      "precision": 0.6691906005221933,
      "recall": 0.6762532981530343
    },
    "euclidean": {
      "accuracy": 0.8770340346903499,
      "accuracy_threshold": 0.5275258383968493,
      "ap": 0.791195081735619,
      "f1": 0.7227485158519641,
      "f1_threshold": 0.5668355512519965,
      "precision": 0.6932396413859947,
      "recall": 0.7548812664907651
    },
    "evaluation_time": 1.97,
    "manhattan": {
      "accuracy": 0.8717291530070931,
      "accuracy_threshold": 8.597451678650025,
      "ap": 0.77575138603929,
      "f1": 0.7068149852959978,
      "f1_threshold": 9.175587273387837,
      "precision": 0.6856859340114115,
      "recall": 0.729287598944591
    },
    "max": {
      "accuracy": 0.8770340346903499,
      "ap": 0.791195081735619,
      "f1": 0.7227485158519641
    }
  }
}