{
  "dataset_revision": "7e90230a92c190f1bf69ae9002b8cea547a64cca",
  "mteb_dataset_name": "STS13",
  "mteb_version": "1.1.2",
  "test": {
    "cos_sim": {
      "pearson": 0.867600467105685,
      "spearman": 0.8774505765217699
    },
    "euclidean": {
      "pearson": 0.8882863567048094,
      "spearman": 0.8935619531703679
    },
    "evaluation_time": 0.32,
    "manhattan": {
      "pearson": 0.8850608401462947,
      "spearman": 0.8897928748885691
    }
  }
}