{
  "dataset_revision": "4d8694f8f0e0100860b497b999b3dbed754a0513",
  "mteb_dataset_name": "STS16",
  "mteb_version": "1.2.0",
  "test": {
    "cos_sim": {
      "pearson": 0.8389016626214549,
      "spearman": 0.8569169919539135
    },
    "euclidean": {
      "pearson": 0.8711067110055304,
      "spearman": 0.8757182150064772
    },
    "evaluation_time": 0.02,
    "manhattan": {
      "pearson": 0.8542414998351024,
      "spearman": 0.8593745465802823
    }
  }
}