{
  "dataset_revision": null,
  "mteb_dataset_name": "SciFact",
  "mteb_version": "1.1.2",
  "test": {
    "evaluation_time": 1.16,
    "map_at_1": 0.60828,
    "map_at_10": 0.70066,
    "map_at_100": 0.70597,
    "map_at_1000": 0.7062,
    "map_at_3": 0.66881,
    "map_at_5": 0.68879,
    "mrr_at_1": 0.64,
    "mrr_at_10": 0.71211,
    "mrr_at_100": 0.71614,
    "mrr_at_1000": 0.71635,
    "mrr_at_3": 0.68833,
    "mrr_at_5": 0.70317,
    "ndcg_at_1": 0.64,
    "ndcg_at_10": 0.74591,
    "ndcg_at_100": 0.76727,
    "ndcg_at_1000": 0.77167,
    "ndcg_at_3": 0.69263,
    "ndcg_at_5": 0.72169,
    "precision_at_1": 0.64,
    "precision_at_10": 0.099,
    "precision_at_100": 0.01097,
    "precision_at_1000": 0.00113,
    "precision_at_3": 0.26778,
    "precision_at_5": 0.18067,
    "recall_at_1": 0.60828,
    "recall_at_10": 0.87422,
    "recall_at_100": 0.96833,
    "recall_at_1000": 1.0,
    "recall_at_3": 0.732,
    "recall_at_5": 0.80411
  }
}