{
  "dataset_revision": "70970daeab8776df92f5ea462b6173c0b46fd2d1",
  "mteb_dataset_name": "TwitterSemEval2015",
  "mteb_version": "1.1.2",
  "test": {
    "cos_sim": {
      "accuracy": 0.8771532455146928,
      "accuracy_threshold": 0.7351971030608788,
      "ap": 0.7870080743840486,
      "f1": 0.7187819856704197,
      "f1_threshold": 0.7076010040835312,
      "precision": 0.6977148534525583,
      "recall": 0.7411609498680739
    },
    "dot": {
      "accuracy": 0.8633247898909221,
      "accuracy_threshold": 0.43393806163626303,
      "ap": 0.7473495679494273,
      "f1": 0.6883835279655809,
      "f1_threshold": 0.400742454582109,
      "precision": 0.6444188722669736,
      "recall": 0.7387862796833773
    },
    "euclidean": {
      "accuracy": 0.8786433808189784,
      "accuracy_threshold": 0.5438193866426203,
      "ap": 0.7923727090386852,
      "f1": 0.7217847769028872,
      "f1_threshold": 0.5747349252003211,
      "precision": 0.7180156657963447,
      "recall": 0.7255936675461742
    },
    "evaluation_time": 2.72,
    "manhattan": {
      "accuracy": 0.8682124336889789,
      "accuracy_threshold": 12.347102835670277,
      "ap": 0.7682040205965204,
      "f1": 0.7042147516307075,
      "f1_threshold": 13.15316178130124,
      "precision": 0.6712099473935916,
      "recall": 0.7406332453825858
    },
    "max": {
      "accuracy": 0.8786433808189784,
      "ap": 0.7923727090386852,
      "f1": 0.7217847769028872
    }
  }
}