{
  "dataset_revision": "ae752c7c21bf194d8b67fd573edf7ae58183cbe3",
  "mteb_dataset_name": "STS15",
  "mteb_version": "1.1.2",
  "test": {
    "cos_sim": {
      "pearson": 0.8769031645019842,
      "spearman": 0.8890526651317979
    },
    "euclidean": {
      "pearson": 0.8939073314571223,
      "spearman": 0.8991602094913936
    },
    "evaluation_time": 0.35,
    "manhattan": {
      "pearson": 0.884713957007126,
      "spearman": 0.8917726761713689
    }
  }
}