{
  "dataset_revision": "0fd18e25b25c072e09e0d92ab615fda904d66300",
  "mteb_dataset_name": "Banking77Classification",
  "mteb_version": "1.2.0",
  "test": {
    "accuracy": 0.8488961038961038,
    "accuracy_stderr": 0.00596943640754983,
    "evaluation_time": 9.19,
    "f1": 0.8432066953443602,
    "f1_stderr": 0.006805505528321408,
    "main_score": 0.8488961038961038
  }
}