{
  "dataset_revision": "a0d554a64d88156834ff5ae9920b964011b16384",
  "mteb_dataset_name": "STS12",
  "mteb_version": "1.2.0",
  "test": {
    "cos_sim": {
      "pearson": 0.8444338857374037,
      "spearman": 0.749887706383615
    },
    "euclidean": {
      "pearson": 0.8398036517318428,
      "spearman": 0.7677691548558594
    },
    "evaluation_time": 0.07,
    "manhattan": {
      "pearson": 0.7576827652921978,
      "spearman": 0.7379128192039786
    }
  }
}