{
  "dataset_revision": "70970daeab8776df92f5ea462b6173c0b46fd2d1",
  "mteb_dataset_name": "TwitterSemEval2015",
  "mteb_version": "1.2.0",
  "test": {
    "cos_sim": {
      "accuracy": 0.8751862669130357,
      "accuracy_threshold": 0.7567124544945169,
      "ap": 0.7850274008687997,
      "f1": 0.7191763191763192,
      "f1_threshold": 0.7218325614792392,
      "precision": 0.7020100502512563,
      "recall": 0.737203166226913
    },
    "dot": {
      "accuracy": 0.8618346545866364,
      "accuracy_threshold": 0.4223462370612153,
      "ap": 0.7446843586205905,
      "f1": 0.6828742514970061,
      "f1_threshold": 0.3851929884273333,
      "precision": 0.6252192982456141,
      "recall": 0.7522427440633246
    },
    "euclidean": {
      "accuracy": 0.8769744292781785,
      "accuracy_threshold": 0.5231152333414231,
      "ap": 0.7883275353093772,
      "f1": 0.7245855288523325,
      "f1_threshold": 0.5539668952835295,
      "precision": 0.7063392633425206,
      "recall": 0.7437994722955145
    },
    "evaluation_time": 4.11,
    "manhattan": {
      "accuracy": 0.8699409906419503,
      "accuracy_threshold": 10.459539302423288,
      "ap": 0.7724262868815914,
      "f1": 0.7085897120354417,
      "f1_threshold": 11.302571198203783,
      "precision": 0.6639760147601476,
      "recall": 0.7596306068601583
    },
    "max": {
      "accuracy": 0.8769744292781785,
      "ap": 0.7883275353093772,
      "f1": 0.7245855288523325
    }
  }
}