{
  "dataset_revision": "a0d554a64d88156834ff5ae9920b964011b16384",
  "mteb_dataset_name": "STS12",
  "mteb_version": "1.1.2",
  "test": {
    "cos_sim": {
      "pearson": 0.8402261484355362,
      "spearman": 0.7505951435011846
    },
    "euclidean": {
      "pearson": 0.8512389416507767,
      "spearman": 0.7722715787972583
    },
    "evaluation_time": 0.47,
    "manhattan": {
      "pearson": 0.8417957468114924,
      "spearman": 0.77198136352116
    }
  }
}