{
  "dataset_revision": null,
  "mteb_dataset_name": "ArguAna",
  "mteb_version": "1.1.2",
  "test": {
    "evaluation_time": 1.86,
    "map_at_1": 0.38834,
    "map_at_10": 0.55144,
    "map_at_100": 0.55677,
    "map_at_1000": 0.55679,
    "map_at_3": 0.50498,
    "map_at_5": 0.53556,
    "mrr_at_1": 0.39545,
    "mrr_at_10": 0.55413,
    "mrr_at_100": 0.55953,
    "mrr_at_1000": 0.55955,
    "mrr_at_3": 0.50925,
    "mrr_at_5": 0.53819,
    "ndcg_at_1": 0.38834,
    "ndcg_at_10": 0.6368,
    "ndcg_at_100": 0.6576,
    "ndcg_at_1000": 0.65809,
    "ndcg_at_3": 0.54382,
    "ndcg_at_5": 0.59876,
    "precision_at_1": 0.38834,
    "precision_at_10": 0.09061,
    "precision_at_100": 0.00993,
    "precision_at_1000": 0.001,
    "precision_at_3": 0.21882,
    "precision_at_5": 0.15789,
    "recall_at_1": 0.38834,
    "recall_at_10": 0.90612,
    "recall_at_100": 0.99289,
    "recall_at_1000": 0.99644,
    "recall_at_3": 0.65647,
    "recall_at_5": 0.78947
  }
}