{
  "dataset_revision": "4d8694f8f0e0100860b497b999b3dbed754a0513",
  "mteb_dataset_name": "STS16",
  "mteb_version": "1.1.2",
  "test": {
    "cos_sim": {
      "pearson": 0.8414987731427742,
      "spearman": 0.8535720759249984
    },
    "euclidean": {
      "pearson": 0.8612942152056194,
      "spearman": 0.8683227267060283
    },
    "evaluation_time": 0.1,
    "manhattan": {
      "pearson": 0.8530026988277719,
      "spearman": 0.8603086258081613
    }
  }
}