{
  "dataset_revision": "a0d554a64d88156834ff5ae9920b964011b16384",
  "mteb_dataset_name": "STS12",
  "mteb_version": "1.2.0",
  "test": {
    "cos_sim": {
      "pearson": 0.844039939954031,
      "spearman": 0.7528918624991361
    },
    "euclidean": {
      "pearson": 0.8439423872573562,
      "spearman": 0.7780165609793446
    },
    "evaluation_time": 0.98,
    "manhattan": {
      "pearson": 0.7838763113407174,
      "spearman": 0.759141293182403
    }
  }
}