{
  "dataset_revision": "ae752c7c21bf194d8b67fd573edf7ae58183cbe3",
  "mteb_dataset_name": "STS15",
  "mteb_version": "1.2.0",
  "test": {
    "cos_sim": {
      "pearson": 0.8612632208803668,
      "spearman": 0.8827375249976912
    },
    "euclidean": {
      "pearson": 0.8906007632253208,
      "spearman": 0.8947399082060459
    },
    "evaluation_time": 0.81,
    "manhattan": {
      "pearson": 0.8910093998128005,
      "spearman": 0.8948982848267966
    }
  }
}