{
  "dataset_revision": "b0fddb56ed78048fa8b90373c8a3cfc37b684831",
  "mteb_dataset_name": "STSBenchmark",
  "mteb_version": "1.2.0",
  "test": {
    "cos_sim": {
      "pearson": 0.8751966500165982,
      "spearman": 0.8753183168018753
    },
    "euclidean": {
      "pearson": 0.8829174288571318,
      "spearman": 0.8866015519400614
    },
    "evaluation_time": 0.14,
    "manhattan": {
      "pearson": 0.8563329931345753,
      "spearman": 0.8614199390403173
    }
  }
}