{
  "dataset_revision": "0228b52cf27578f30900b9e5271d331663a030d7",
  "mteb_dataset_name": "SciFact",
  "mteb_version": "1.2.0",
  "test": {
    "evaluation_time": 0.5,
    "map_at_1": 0.61761,
    "map_at_10": 0.71193,
    "map_at_100": 0.71669,
    "map_at_1000": 0.71689,
    "map_at_3": 0.68052,
    "map_at_5": 0.69809,
    "mrr_at_1": 0.64667,
    "mrr_at_10": 0.72165,
    "mrr_at_100": 0.72533,
    "mrr_at_1000": 0.72551,
    "mrr_at_3": 0.69833,
    "mrr_at_5": 0.71167,
    "ndcg_at_1": 0.64667,
    "ndcg_at_10": 0.75604,
    "ndcg_at_100": 0.77557,
    "ndcg_at_1000": 0.77987,
    "ndcg_at_3": 0.70346,
    "ndcg_at_5": 0.72864,
    "precision_at_1": 0.64667,
    "precision_at_10": 0.1,
    "precision_at_100": 0.01097,
    "precision_at_1000": 0.00113,
    "precision_at_3": 0.27111,
    "precision_at_5": 0.18,
    "recall_at_1": 0.61761,
    "recall_at_10": 0.88156,
    "recall_at_100": 0.96833,
    "recall_at_1000": 1.0,
    "recall_at_3": 0.74172,
    "recall_at_5": 0.80328
  }
}