{
  "dataset_revision": "4d8694f8f0e0100860b497b999b3dbed754a0513",
  "mteb_dataset_name": "STS16",
  "mteb_version": "1.2.0",
  "test": {
    "cos_sim": {
      "pearson": 0.8411690829186598,
      "spearman": 0.8538417368313626
    },
    "euclidean": {
      "pearson": 0.864180022146562,
      "spearman": 0.8711543012138353
    },
    "evaluation_time": 0.1,
    "manhattan": {
      "pearson": 0.8536601750775887,
      "spearman": 0.8618597159836872
    }
  }
}