{
  "dataset_revision": "0228b52cf27578f30900b9e5271d331663a030d7",
  "mteb_dataset_name": "SciFact",
  "mteb_version": "1.2.0",
  "test": {
    "evaluation_time": 0.82,
    "map_at_1": 0.60828,
    "map_at_10": 0.69836,
    "map_at_100": 0.70414,
    "map_at_1000": 0.70432,
    "map_at_3": 0.66798,
    "map_at_5": 0.6855,
    "mrr_at_1": 0.64,
    "mrr_at_10": 0.7099,
    "mrr_at_100": 0.71473,
    "mrr_at_1000": 0.7149,
    "mrr_at_3": 0.68778,
    "mrr_at_5": 0.70211,
    "ndcg_at_1": 0.64,
    "ndcg_at_10": 0.7417,
    "ndcg_at_100": 0.76605,
    "ndcg_at_1000": 0.7699,
    "ndcg_at_3": 0.6922,
    "ndcg_at_5": 0.7178,
    "precision_at_1": 0.64,
    "precision_at_10": 0.098,
    "precision_at_100": 0.011,
    "precision_at_1000": 0.00113,
    "precision_at_3": 0.26778,
    "precision_at_5": 0.178,
    "recall_at_1": 0.60828,
    "recall_at_10": 0.86256,
    "recall_at_100": 0.97167,
    "recall_at_1000": 1.0,
    "recall_at_3": 0.73172,
    "recall_at_5": 0.79633
  }
}