{
  "dataset_revision": "4f58c6b202a23cf9a4da393831edf4f9183cad37",
  "mteb_dataset_name": "EmotionClassification",
  "mteb_version": "1.1.2",
  "test": {
    "accuracy": 0.5527500000000001,
    "accuracy_stderr": 0.02289896285861,
    "evaluation_time": 0.81,
    "f1": 0.4921114162107269,
    "f1_stderr": 0.013916534011987804,
    "main_score": 0.5527500000000001
  }
}