{
  "dataset_revision": null,
  "mteb_dataset_name": "SciFact",
  "mteb_version": "1.1.2",
  "test": {
    "evaluation_time": 38.21,
    "map_at_1": 0.62094,
    "map_at_10": 0.71217,
    "map_at_100": 0.71708,
    "map_at_1000": 0.71725,
    "map_at_3": 0.68124,
    "map_at_5": 0.69715,
    "mrr_at_1": 0.65,
    "mrr_at_10": 0.72172,
    "mrr_at_100": 0.72579,
    "mrr_at_1000": 0.72594,
    "mrr_at_3": 0.69778,
    "mrr_at_5": 0.71194,
    "ndcg_at_1": 0.65,
    "ndcg_at_10": 0.75568,
    "ndcg_at_100": 0.77618,
    "ndcg_at_1000": 0.77998,
    "ndcg_at_3": 0.70307,
    "ndcg_at_5": 0.72651,
    "precision_at_1": 0.65,
    "precision_at_10": 0.1,
    "precision_at_100": 0.011,
    "precision_at_1000": 0.00113,
    "precision_at_3": 0.27111,
    "precision_at_5": 0.178,
    "recall_at_1": 0.62094,
    "recall_at_10": 0.87989,
    "recall_at_100": 0.97167,
    "recall_at_1000": 1.0,
    "recall_at_3": 0.73739,
    "recall_at_5": 0.79661
  }
}