{
  "dataset_revision": "6031580fec1f6af667f0bd2da0a551cf4f0b2375",
  "mteb_dataset_name": "STS14",
  "mteb_version": "1.1.2",
  "test": {
    "cos_sim": {
      "pearson": 0.8602569049664304,
      "spearman": 0.844350916830665
    },
    "euclidean": {
      "pearson": 0.8525974375187574,
      "spearman": 0.844350916830665
    },
    "evaluation_time": 4.12,
    "manhattan": {
      "pearson": 0.8529070796557974,
      "spearman": 0.8428420693240756
    }
  }
}