{
  "dataset_revision": "eea2b4fe26a775864c896887d910b76a8098ad3f",
  "mteb_dataset_name": "STS22",
  "mteb_version": "1.2.0",
  "test": {
    "en": {
      "cos_sim": {
        "pearson": 0.6843635727670632,
        "spearman": 0.6850421239650055
      },
      "euclidean": {
        "pearson": 0.701070447964701,
        "spearman": 0.6850421239650055
      },
      "manhattan": {
        "pearson": 0.7012819733596608,
        "spearman": 0.685434406749263
      }
    },
    "evaluation_time": 0.11
  }
}