{
  "dataset_revision": "70970daeab8776df92f5ea462b6173c0b46fd2d1",
  "mteb_dataset_name": "TwitterSemEval2015",
  "mteb_version": "1.2.0",
  "test": {
    "cos_sim": {
      "accuracy": 0.8757227156225785,
      "accuracy_threshold": 0.8322031238049414,
      "ap": 0.7895384297821179,
      "f1": 0.7225411404515881,
      "f1_threshold": 0.8163772218226824,
      "precision": 0.6994319585082737,
      "recall": 0.7472295514511873
    },
    "dot": {
      "accuracy": 0.8757227156225785,
      "accuracy_threshold": 0.8322031238049412,
      "ap": 0.7895384297821179,
      "f1": 0.7225411404515881,
      "f1_threshold": 0.8163772218226826,
      "precision": 0.6994319585082737,
      "recall": 0.7472295514511873
    },
    "euclidean": {
      "accuracy": 0.8757227156225785,
      "accuracy_threshold": 0.5793045402886148,
      "ap": 0.7895384297821179,
      "f1": 0.7225411404515881,
      "f1_threshold": 0.6060078843604011,
      "precision": 0.6994319585082737,
      "recall": 0.7472295514511873
    },
    "evaluation_time": 4.34,
    "manhattan": {
      "accuracy": 0.8754246885617214,
      "accuracy_threshold": 34.75077860484896,
      "ap": 0.7878466390159006,
      "f1": 0.7193635313743103,
      "f1_threshold": 36.15451114620214,
      "precision": 0.7002248313764676,
      "recall": 0.7395778364116095
    },
    "max": {
      "accuracy": 0.8757227156225785,
      "ap": 0.7895384297821179,
      "f1": 0.7225411404515881
    }
  }
}