{
  "dataset_revision": null,
  "mteb_dataset_name": "ArguAna",
  "mteb_version": "1.1.2",
  "test": {
    "evaluation_time": 1.98,
    "map_at_1": 0.40754,
    "map_at_10": 0.56673,
    "map_at_100": 0.57203,
    "map_at_1000": 0.57208,
    "map_at_3": 0.52537,
    "map_at_5": 0.55111,
    "mrr_at_1": 0.41394,
    "mrr_at_10": 0.56934,
    "mrr_at_100": 0.57456,
    "mrr_at_1000": 0.57461,
    "mrr_at_3": 0.52821,
    "mrr_at_5": 0.55353,
    "ndcg_at_1": 0.40754,
    "ndcg_at_10": 0.64812,
    "ndcg_at_100": 0.66872,
    "ndcg_at_1000": 0.6697,
    "ndcg_at_3": 0.56497,
    "ndcg_at_5": 0.61101,
    "precision_at_1": 0.40754,
    "precision_at_10": 0.0904,
    "precision_at_100": 0.00989,
    "precision_at_1000": 0.001,
    "precision_at_3": 0.22665,
    "precision_at_5": 0.15818,
    "recall_at_1": 0.40754,
    "recall_at_10": 0.90398,
    "recall_at_100": 0.98933,
    "recall_at_1000": 0.99644,
    "recall_at_3": 0.67994,
    "recall_at_5": 0.7909
  }
}