{
  "dataset_revision": "b0fddb56ed78048fa8b90373c8a3cfc37b684831",
  "mteb_dataset_name": "STSBenchmark",
  "mteb_version": "1.1.2",
  "test": {
    "cos_sim": {
      "pearson": 0.8674047709618641,
      "spearman": 0.8767815319211417
    },
    "euclidean": {
      "pearson": 0.8888943753784386,
      "spearman": 0.889697332482155
    },
    "evaluation_time": 0.24,
    "manhattan": {
      "pearson": 0.8854248085641901,
      "spearman": 0.8841991915854535
    }
  }
}