{
  "dataset_revision": "e8379541af4e31359cca9fbcf4b00f2671dba205",
  "mteb_dataset_name": "AmazonCounterfactualClassification",
  "mteb_version": "1.1.2",
  "test": {
    "en": {
      "accuracy": 0.7483582089552239,
      "accuracy_stderr": 0.03360828165979122,
      "ap": 0.37534626192941645,
      "ap_stderr": 0.03677781919845458,
      "f1": 0.687242394900843,
      "f1_stderr": 0.03276659297609667,
      "main_score": 0.7483582089552239
    },
    "evaluation_time": 0.55
  }
}