{
  "dataset_revision": "af5e6fb845001ecf41f4c1e033ce921939a2a68d",
  "mteb_dataset_name": "STS17",
  "mteb_version": "1.1.2",
  "test": {
    "en-en": {
      "cos_sim": {
        "pearson": 0.9039210320292442,
        "spearman": 0.9024585460596626
      },
      "euclidean": {
        "pearson": 0.9016384612138352,
        "spearman": 0.8972380564995278
      },
      "manhattan": {
        "pearson": 0.8794516907733869,
        "spearman": 0.8709972259404669
      }
    },
    "evaluation_time": 0.03
  }
}