{
  "dataset_revision": "ae752c7c21bf194d8b67fd573edf7ae58183cbe3",
  "mteb_dataset_name": "STS15",
  "mteb_version": "1.1.2",
  "test": {
    "cos_sim": {
      "pearson": 0.8767197649375753,
      "spearman": 0.8869622020160604
    },
    "euclidean": {
      "pearson": 0.8890551958677093,
      "spearman": 0.895266189272235
    },
    "evaluation_time": 0.19,
    "manhattan": {
      "pearson": 0.8724972900445312,
      "spearman": 0.8828537543182621
    }
  }
}