{
  "dataset_revision": "a0d554a64d88156834ff5ae9920b964011b16384",
  "mteb_dataset_name": "STS12",
  "mteb_version": "1.1.2",
  "test": {
    "cos_sim": {
      "pearson": 0.8437575674415267,
      "spearman": 0.7559140107531498
    },
    "euclidean": {
      "pearson": 0.8453207200635904,
      "spearman": 0.7867028165511182
    },
    "evaluation_time": 0.54,
    "manhattan": {
      "pearson": 0.7799665263944585,
      "spearman": 0.7662567950610291
    }
  }
}