{
  "dataset_revision": "70970daeab8776df92f5ea462b6173c0b46fd2d1",
  "mteb_dataset_name": "TwitterSemEval2015",
  "mteb_version": "1.1.2",
  "test": {
    "cos_sim": {
      "accuracy": 0.87327889372355,
      "accuracy_threshold": 0.7630373797106277,
      "ap": 0.7792271968608239,
      "f1": 0.7127235301685322,
      "f1_threshold": 0.722036566147739,
      "precision": 0.6954556866683405,
      "recall": 0.7308707124010554
    },
    "dot": {
      "accuracy": 0.861357811289265,
      "accuracy_threshold": 0.45492157101796116,
      "ap": 0.7401656063870092,
      "f1": 0.6804179671597231,
      "f1_threshold": 0.4482908024120199,
      "precision": 0.7004749930148086,
      "recall": 0.6614775725593668
    },
    "euclidean": {
      "accuracy": 0.87411336949395,
      "accuracy_threshold": 0.538949503207891,
      "ap": 0.7831358246822553,
      "f1": 0.7165867453584163,
      "f1_threshold": 0.5940736831472905,
      "precision": 0.6709647708956942,
      "recall": 0.7688654353562006
    },
    "evaluation_time": 1.19,
    "manhattan": {
      "accuracy": 0.8660666388508077,
      "accuracy_threshold": 10.934405860365894,
      "ap": 0.7585702760647274,
      "f1": 0.6925649601234886,
      "f1_threshold": 11.698666208847648,
      "precision": 0.6757028112449799,
      "recall": 0.7102902374670185
    },
    "max": {
      "accuracy": 0.87411336949395,
      "ap": 0.7831358246822553,
      "f1": 0.7165867453584163
    }
  }
}