{
  "dataset_revision": "0fd18e25b25c072e09e0d92ab615fda904d66300",
  "mteb_dataset_name": "Banking77Classification",
  "mteb_version": "1.1.2",
  "test": {
    "accuracy": 0.8532142857142857,
    "accuracy_stderr": 0.005167236097943229,
    "evaluation_time": 69.17,
    "f1": 0.8480999870648029,
    "f1_stderr": 0.006111892641235904,
    "main_score": 0.8532142857142857
  }
}