{
  "dataset_revision": "d3fb88f8f02e40887cd149695127462bbcf29b4a",
  "mteb_dataset_name": "BIOSSES",
  "mteb_version": "1.1.2",
  "test": {
    "cos_sim": {
      "pearson": 0.8961781992331846,
      "spearman": 0.8767247960463365
    },
    "euclidean": {
      "pearson": 0.8764484155662113,
      "spearman": 0.8767247960463365
    },
    "evaluation_time": 0.19,
    "manhattan": {
      "pearson": 0.8779669709629202,
      "spearman": 0.8789296655628925
    }
  }
}