{
  "dataset_revision": "b0fddb56ed78048fa8b90373c8a3cfc37b684831",
  "mteb_dataset_name": "STSBenchmark",
  "mteb_version": "1.2.0",
  "test": {
    "cos_sim": {
      "pearson": 0.882514175885805,
      "spearman": 0.8940375900145433
    },
    "euclidean": {
      "pearson": 0.8921100331693403,
      "spearman": 0.8940375900145433
    },
    "evaluation_time": 0.29,
    "manhattan": {
      "pearson": 0.8927807191199059,
      "spearman": 0.8947131288771145
    }
  }
}