{
  "dataset_revision": "b0fddb56ed78048fa8b90373c8a3cfc37b684831",
  "mteb_dataset_name": "STSBenchmark",
  "mteb_version": "1.2.0",
  "test": {
    "cos_sim": {
      "pearson": 0.8830258081167026,
      "spearman": 0.8943438472185441
    },
    "euclidean": {
      "pearson": 0.8923667250386385,
      "spearman": 0.8943438472185441
    },
    "evaluation_time": 0.61,
    "manhattan": {
      "pearson": 0.8924892970786247,
      "spearman": 0.8939152406108792
    }
  }
}