{
  "dataset_revision": null,
  "mteb_dataset_name": "SciFact",
  "mteb_version": "1.1.2",
  "test": {
    "evaluation_time": 0.66,
    "map_at_1": 0.61428,
    "map_at_10": 0.71004,
    "map_at_100": 0.71461,
    "map_at_1000": 0.71478,
    "map_at_3": 0.67941,
    "map_at_5": 0.69698,
    "mrr_at_1": 0.64333,
    "mrr_at_10": 0.71965,
    "mrr_at_100": 0.72316,
    "mrr_at_1000": 0.72332,
    "mrr_at_3": 0.69667,
    "mrr_at_5": 0.711,
    "ndcg_at_1": 0.64333,
    "ndcg_at_10": 0.75458,
    "ndcg_at_100": 0.77431,
    "ndcg_at_1000": 0.77813,
    "ndcg_at_3": 0.70288,
    "ndcg_at_5": 0.72905,
    "precision_at_1": 0.64333,
    "precision_at_10": 0.1,
    "precision_at_100": 0.011,
    "precision_at_1000": 0.00113,
    "precision_at_3": 0.27111,
    "precision_at_5": 0.18067,
    "recall_at_1": 0.61428,
    "recall_at_10": 0.88156,
    "recall_at_100": 0.97167,
    "recall_at_1000": 1.0,
    "recall_at_3": 0.74339,
    "recall_at_5": 0.80828
  }
}