{
  "dataset_revision": "70970daeab8776df92f5ea462b6173c0b46fd2d1",
  "mteb_dataset_name": "TwitterSemEval2015",
  "mteb_version": "1.1.2",
  "test": {
    "cos_sim": {
      "accuracy": 0.8754246885617214,
      "accuracy_threshold": 0.7270550911997898,
      "ap": 0.785741885417083,
      "f1": 0.7186136391971077,
      "f1_threshold": 0.6921449640456732,
      "precision": 0.6811628456629638,
      "recall": 0.7604221635883905
    },
    "dot": {
      "accuracy": 0.8603445192823508,
      "accuracy_threshold": 0.4201322183692249,
      "ap": 0.7333897710843096,
      "f1": 0.6836973960261631,
      "f1_threshold": 0.39308533185586264,
      "precision": 0.6422443774634825,
      "recall": 0.7308707124010554
    },
    "euclidean": {
      "accuracy": 0.8754246885617214,
      "accuracy_threshold": 0.5493292926252239,
      "ap": 0.7901249217319848,
      "f1": 0.7227478937135451,
      "f1_threshold": 0.5827346884708241,
      "precision": 0.7103184713375796,
      "recall": 0.7356200527704485
    },
    "evaluation_time": 1.3,
    "manhattan": {
      "accuracy": 0.8683316445133218,
      "accuracy_threshold": 10.175757874561924,
      "ap": 0.7697905971666444,
      "f1": 0.7013602895295147,
      "f1_threshold": 10.905084754299859,
      "precision": 0.665403741416055,
      "recall": 0.741424802110818
    },
    "max": {
      "accuracy": 0.8754246885617214,
      "ap": 0.7901249217319848,
      "f1": 0.7227478937135451
    }
  }
}