{
  "dataset_revision": "e8379541af4e31359cca9fbcf4b00f2671dba205",
  "mteb_dataset_name": "AmazonCounterfactualClassification",
  "mteb_version": "1.1.2",
  "test": {
    "en": {
      "accuracy": 0.7432835820895523,
      "accuracy_stderr": 0.0355023146594634,
      "ap": 0.37029115364630494,
      "ap_stderr": 0.03694052652760254,
      "f1": 0.6824336047644738,
      "f1_stderr": 0.034085134802940606,
      "main_score": 0.7432835820895523
    },
    "evaluation_time": 0.75
  }
}