{
  "dataset_revision": "af5e6fb845001ecf41f4c1e033ce921939a2a68d",
  "mteb_dataset_name": "STS17",
  "mteb_version": "1.1.2",
  "test": {
    "en-en": {
      "cos_sim": {
        "pearson": 0.9013738627962045,
        "spearman": 0.9009313385622458
      },
      "euclidean": {
        "pearson": 0.9039299611010451,
        "spearman": 0.8988398369278526
      },
      "manhattan": {
        "pearson": 0.8869523743607066,
        "spearman": 0.8788704360995628
      }
    },
    "evaluation_time": 0.05
  }
}