{
  "dataset_revision": "90fceea13679c63fe563ded68f3b6f06e50061de",
  "mteb_dataset_name": "CQADupstackMathematicaRetrieval",
  "mteb_version": "1.2.0",
  "test": {
    "evaluation_time": 8.07,
    "map_at_1": 0.19682,
    "map_at_10": 0.28424,
    "map_at_100": 0.29833,
    "map_at_1000": 0.29954,
    "map_at_3": 0.25542,
    "map_at_5": 0.27026,
    "mrr_at_1": 0.24378,
    "mrr_at_10": 0.33442,
    "mrr_at_100": 0.34462,
    "mrr_at_1000": 0.34528,
    "mrr_at_3": 0.30576,
    "mrr_at_5": 0.32274,
    "ndcg_at_1": 0.24378,
    "ndcg_at_10": 0.34191,
    "ndcg_at_100": 0.40297,
    "ndcg_at_1000": 0.42966,
    "ndcg_at_3": 0.28907,
    "ndcg_at_5": 0.31235,
    "precision_at_1": 0.24378,
    "precision_at_10": 0.06418,
    "precision_at_100": 0.01083,
    "precision_at_1000": 0.00144,
    "precision_at_3": 0.14013,
    "precision_at_5": 0.10199,
    "recall_at_1": 0.19682,
    "recall_at_10": 0.46848,
    "recall_at_100": 0.72582,
    "recall_at_1000": 0.91371,
    "recall_at_3": 0.3233,
    "recall_at_5": 0.38195
  }
}