{
  "dataset_revision": "4f58c6b202a23cf9a4da393831edf4f9183cad37",
  "mteb_dataset_name": "EmotionClassification",
  "mteb_version": "1.2.0",
  "test": {
    "accuracy": 0.5573,
    "accuracy_stderr": 0.020975223479143205,
    "evaluation_time": 1.22,
    "f1": 0.4985340004675761,
    "f1_stderr": 0.01297294476406291,
    "main_score": 0.5573
  }
}