{
  "dataset_revision": "31efe3c427b0bae9c22cbb560b8f15491cc6bed7",
  "mteb_dataset_name": "MassiveIntentClassification",
  "mteb_version": "1.2.0",
  "test": {
    "en": {
      "accuracy": 0.741930060524546,
      "accuracy_stderr": 0.01838277602233413,
      "f1": 0.7256855305192627,
      "f1_stderr": 0.01632586937229539,
      "main_score": 0.741930060524546
    },
    "evaluation_time": 5.79
  }
}