{
  "dataset_revision": "ae752c7c21bf194d8b67fd573edf7ae58183cbe3",
  "mteb_dataset_name": "STS15",
  "mteb_version": "1.2.0",
  "test": {
    "cos_sim": {
      "pearson": 0.8946303392367527,
      "spearman": 0.9023430240756641
    },
    "euclidean": {
      "pearson": 0.8950674915144868,
      "spearman": 0.9023430240756641
    },
    "evaluation_time": 1.25,
    "manhattan": {
      "pearson": 0.8947579323526624,
      "spearman": 0.9020698915004121
    }
  }
}