{
  "dataset_revision": "4d8694f8f0e0100860b497b999b3dbed754a0513",
  "mteb_dataset_name": "STS16",
  "mteb_version": "1.1.2",
  "test": {
    "cos_sim": {
      "pearson": 0.8623415522760821,
      "spearman": 0.8752093500782375
    },
    "euclidean": {
      "pearson": 0.8682375006002971,
      "spearman": 0.8752093500782375
    },
    "evaluation_time": 1.05,
    "manhattan": {
      "pearson": 0.8683767825977556,
      "spearman": 0.8754410894635937
    }
  }
}