{
  "dataset_revision": "6031580fec1f6af667f0bd2da0a551cf4f0b2375",
  "mteb_dataset_name": "STS14",
  "mteb_version": "1.1.2",
  "test": {
    "cos_sim": {
      "pearson": 0.8645461012413389,
      "spearman": 0.837952295820378
    },
    "euclidean": {
      "pearson": 0.8539058095449437,
      "spearman": 0.837952295820378
    },
    "evaluation_time": 4.68,
    "manhattan": {
      "pearson": 0.8520055319816244,
      "spearman": 0.8366114583353351
    }
  }
}