{
  "dataset_revision": "0fd18e25b25c072e09e0d92ab615fda904d66300",
  "mteb_dataset_name": "Banking77Classification",
  "mteb_version": "1.1.2",
  "test": {
    "accuracy": 0.8404220779220779,
    "accuracy_stderr": 0.004792124202980562,
    "evaluation_time": 12.03,
    "f1": 0.8327178260706548,
    "f1_stderr": 0.005828539063750209,
    "main_score": 0.8404220779220779
  }
}