{
  "dataset_revision": "a6ea5a8cab320b040a23452cc28066d9beae2cee",
  "mteb_dataset_name": "SICK-R",
  "mteb_version": "1.1.2",
  "test": {
    "cos_sim": {
      "pearson": 0.87731589786894,
      "spearman": 0.8310418195495505
    },
    "euclidean": {
      "pearson": 0.8521002520256894,
      "spearman": 0.830851198212575
    },
    "evaluation_time": 1.56,
    "manhattan": {
      "pearson": 0.8090876299470262,
      "spearman": 0.8015024038502974
    }
  }
}