{
  "dataset_revision": null,
  "mteb_dataset_name": "CQADupstackMathematicaRetrieval",
  "mteb_version": "1.1.2",
  "test": {
    "evaluation_time": 9.13,
    "map_at_1": 0.18416,
    "map_at_10": 0.27451,
    "map_at_100": 0.28686,
    "map_at_1000": 0.2881,
    "map_at_3": 0.24433,
    "map_at_5": 0.26496,
    "mrr_at_1": 0.23259,
    "mrr_at_10": 0.32612,
    "mrr_at_100": 0.33529,
    "mrr_at_1000": 0.33594,
    "mrr_at_3": 0.29602,
    "mrr_at_5": 0.3171,
    "ndcg_at_1": 0.23259,
    "ndcg_at_10": 0.33164,
    "ndcg_at_100": 0.38964,
    "ndcg_at_1000": 0.41751,
    "ndcg_at_3": 0.27819,
    "ndcg_at_5": 0.31108,
    "precision_at_1": 0.23259,
    "precision_at_10": 0.06132,
    "precision_at_100": 0.01039,
    "precision_at_1000": 0.00142,
    "precision_at_3": 0.13516,
    "precision_at_5": 0.10323,
    "recall_at_1": 0.18416,
    "recall_at_10": 0.45529,
    "recall_at_100": 0.70767,
    "recall_at_1000": 0.90476,
    "recall_at_3": 0.31233,
    "recall_at_5": 0.39505
  }
}