{
  "dataset_revision": null,
  "mteb_dataset_name": "SciFact",
  "mteb_version": "1.1.2",
  "test": {
    "evaluation_time": 156.39,
    "map_at_1": 0.61194,
    "map_at_10": 0.70309,
    "map_at_100": 0.70886,
    "map_at_1000": 0.7091,
    "map_at_3": 0.67157,
    "map_at_5": 0.69104,
    "mrr_at_1": 0.63667,
    "mrr_at_10": 0.71139,
    "mrr_at_100": 0.71606,
    "mrr_at_1000": 0.71629,
    "mrr_at_3": 0.68778,
    "mrr_at_5": 0.70378,
    "ndcg_at_1": 0.63667,
    "ndcg_at_10": 0.74611,
    "ndcg_at_100": 0.76868,
    "ndcg_at_1000": 0.77354,
    "ndcg_at_3": 0.69389,
    "ndcg_at_5": 0.72352,
    "precision_at_1": 0.63667,
    "precision_at_10": 0.09867,
    "precision_at_100": 0.01093,
    "precision_at_1000": 0.00113,
    "precision_at_3": 0.26778,
    "precision_at_5": 0.18,
    "recall_at_1": 0.61194,
    "recall_at_10": 0.86822,
    "recall_at_100": 0.965,
    "recall_at_1000": 1.0,
    "recall_at_3": 0.73172,
    "recall_at_5": 0.80494
  }
}