{
  "dataset_revision": "ae752c7c21bf194d8b67fd573edf7ae58183cbe3",
  "mteb_dataset_name": "STS15",
  "mteb_version": "1.2.0",
  "test": {
    "cos_sim": {
      "pearson": 0.8869218020914317,
      "spearman": 0.8981128840690155
    },
    "euclidean": {
      "pearson": 0.8914922888765514,
      "spearman": 0.8981129637212493
    },
    "evaluation_time": 0.16,
    "manhattan": {
      "pearson": 0.8914638395080119,
      "spearman": 0.8981395943127921
    }
  }
}