{
  "dataset_revision": "70970daeab8776df92f5ea462b6173c0b46fd2d1",
  "mteb_dataset_name": "TwitterSemEval2015",
  "mteb_version": "1.1.2",
  "test": {
    "cos_sim": {
      "accuracy": 0.87369613160875,
      "accuracy_threshold": 0.8095630407333374,
      "ap": 0.7816538643558175,
      "f1": 0.714087876117336,
      "f1_threshold": 0.7856805324554443,
      "precision": 0.6828798458945341,
      "recall": 0.7482849604221636
    },
    "dot": {
      "accuracy": 0.87369613160875,
      "accuracy_threshold": 0.8095631003379822,
      "ap": 0.7816536970769716,
      "f1": 0.714087876117336,
      "f1_threshold": 0.7856805324554443,
      "precision": 0.6828798458945341,
      "recall": 0.7482849604221636
    },
    "euclidean": {
      "accuracy": 0.87369613160875,
      "accuracy_threshold": 0.6171497106552124,
      "ap": 0.7816539616478457,
      "f1": 0.714087876117336,
      "f1_threshold": 0.6547051668167114,
      "precision": 0.6828798458945341,
      "recall": 0.7482849604221636
    },
    "evaluation_time": 17.19,
    "manhattan": {
      "accuracy": 0.8740537640817786,
      "accuracy_threshold": 22.0153865814209,
      "ap": 0.7812324874780867,
      "f1": 0.7141377524598652,
      "f1_threshold": 23.309104919433594,
      "precision": 0.701067615658363,
      "recall": 0.7277044854881266
    },
    "max": {
      "accuracy": 0.8740537640817786,
      "ap": 0.7816539616478457,
      "f1": 0.7141377524598652
    }
  }
}