{
  "dataset_revision": null,
  "mteb_dataset_name": "ArguAna",
  "mteb_version": "1.1.2",
  "test": {
    "evaluation_time": 1.4,
    "map_at_1": 0.38762,
    "map_at_10": 0.54974,
    "map_at_100": 0.55532,
    "map_at_1000": 0.55535,
    "map_at_3": 0.50688,
    "map_at_5": 0.53355,
    "mrr_at_1": 0.39687,
    "mrr_at_10": 0.55328,
    "mrr_at_100": 0.55893,
    "mrr_at_1000": 0.55896,
    "mrr_at_3": 0.51055,
    "mrr_at_5": 0.53694,
    "ndcg_at_1": 0.38762,
    "ndcg_at_10": 0.63342,
    "ndcg_at_100": 0.6557,
    "ndcg_at_1000": 0.65644,
    "ndcg_at_3": 0.54702,
    "ndcg_at_5": 0.59508,
    "precision_at_1": 0.38762,
    "precision_at_10": 0.08969,
    "precision_at_100": 0.00991,
    "precision_at_1000": 0.001,
    "precision_at_3": 0.22119,
    "precision_at_5": 0.15605,
    "recall_at_1": 0.38762,
    "recall_at_10": 0.89687,
    "recall_at_100": 0.99075,
    "recall_at_1000": 0.99644,
    "recall_at_3": 0.66358,
    "recall_at_5": 0.78023
  }
}