{
  "dataset_revision": "0fd18e25b25c072e09e0d92ab615fda904d66300",
  "mteb_dataset_name": "Banking77Classification",
  "mteb_version": "1.1.2",
  "test": {
    "accuracy": 0.8541233766233767,
    "accuracy_stderr": 0.00407088999938347,
    "evaluation_time": 11.22,
    "f1": 0.8487141097098609,
    "f1_stderr": 0.005191136072729211,
    "main_score": 0.8541233766233767
  }
}