{
  "dataset_revision": "e8379541af4e31359cca9fbcf4b00f2671dba205",
  "mteb_dataset_name": "AmazonCounterfactualClassification",
  "mteb_version": "1.2.0",
  "test": {
    "en": {
      "accuracy": 0.7214925373134328,
      "accuracy_stderr": 0.041255632070604745,
      "ap": 0.35027229231847923,
      "ap_stderr": 0.03820417550732645,
      "f1": 0.6621978892525385,
      "f1_stderr": 0.038995906120303334,
      "main_score": 0.7214925373134328
    },
    "evaluation_time": 10.02
  }
}