{
  "dataset_revision": "31efe3c427b0bae9c22cbb560b8f15491cc6bed7",
  "mteb_dataset_name": "MassiveIntentClassification",
  "mteb_version": "1.2.0",
  "test": {
    "en": {
      "accuracy": 0.7310020174848687,
      "accuracy_stderr": 0.018390001382509846,
      "f1": 0.7137064395915769,
      "f1_stderr": 0.013492011436514649,
      "main_score": 0.7310020174848687
    },
    "evaluation_time": 11.2
  }
}