{
  "dataset_revision": "0228b52cf27578f30900b9e5271d331663a030d7",
  "mteb_dataset_name": "SciFact",
  "mteb_version": "1.2.0",
  "test": {
    "evaluation_time": 7.22,
    "map_at_1": 0.60594,
    "map_at_10": 0.69756,
    "map_at_100": 0.70355,
    "map_at_1000": 0.70372,
    "map_at_3": 0.6658,
    "map_at_5": 0.68279,
    "mrr_at_1": 0.63333,
    "mrr_at_10": 0.70775,
    "mrr_at_100": 0.71237,
    "mrr_at_1000": 0.71253,
    "mrr_at_3": 0.685,
    "mrr_at_5": 0.69683,
    "ndcg_at_1": 0.63333,
    "ndcg_at_10": 0.74166,
    "ndcg_at_100": 0.76526,
    "ndcg_at_1000": 0.76905,
    "ndcg_at_3": 0.68812,
    "ndcg_at_5": 0.71121,
    "precision_at_1": 0.63333,
    "precision_at_10": 0.09833,
    "precision_at_100": 0.011,
    "precision_at_1000": 0.00113,
    "precision_at_3": 0.26444,
    "precision_at_5": 0.17467,
    "recall_at_1": 0.60594,
    "recall_at_10": 0.86756,
    "recall_at_100": 0.97167,
    "recall_at_1000": 1.0,
    "recall_at_3": 0.72228,
    "recall_at_5": 0.77911
  }
}