{
  "dataset_revision": "4d8694f8f0e0100860b497b999b3dbed754a0513",
  "mteb_dataset_name": "STS16",
  "mteb_version": "1.2.0",
  "test": {
    "cos_sim": {
      "pearson": 0.8521842315263315,
      "spearman": 0.8677395364722302
    },
    "euclidean": {
      "pearson": 0.8614403502687974,
      "spearman": 0.8677395364722302
    },
    "evaluation_time": 0.02,
    "manhattan": {
      "pearson": 0.8611276289252232,
      "spearman": 0.8674788725324627
    }
  }
}