{
  "dataset_revision": "d7c0de2777da35d6aae2200a62c6e0e5af397c4c",
  "mteb_dataset_name": "ToxicConversationsClassification",
  "mteb_version": "1.2.0",
  "test": {
    "accuracy": 0.7244759999999999,
    "accuracy_stderr": 0.04440479505639001,
    "ap": 0.15474769724243548,
    "ap_stderr": 0.011656799192673581,
    "evaluation_time": 2.58,
    "f1": 0.5608409612314611,
    "f1_stderr": 0.02818567573272087,
    "main_score": 0.7244759999999999
  }
}