{
  "dataset_revision": "0fd18e25b25c072e09e0d92ab615fda904d66300",
  "mteb_dataset_name": "Banking77Classification",
  "mteb_version": "1.1.2",
  "test": {
    "accuracy": 0.858181818181818,
    "accuracy_stderr": 0.004187682425295113,
    "evaluation_time": 12.17,
    "f1": 0.8532348138261957,
    "f1_stderr": 0.005230942284183405,
    "main_score": 0.858181818181818
  }
}