{
  "dataset_revision": "0fd18e25b25c072e09e0d92ab615fda904d66300",
  "mteb_dataset_name": "Banking77Classification",
  "mteb_version": "1.2.0",
  "test": {
    "accuracy": 0.8499675324675324,
    "accuracy_stderr": 0.003765254014972664,
    "evaluation_time": 10.27,
    "f1": 0.8438659310431202,
    "f1_stderr": 0.004616788428489222,
    "main_score": 0.8499675324675324
  }
}