{
  "dataset_revision": "eea2b4fe26a775864c896887d910b76a8098ad3f",
  "mteb_dataset_name": "STS22",
  "mteb_version": "1.1.2",
  "test": {
    "en": {
      "cos_sim": {
        "pearson": 0.6796817419132812,
        "spearman": 0.6769238236061539
      },
      "euclidean": {
        "pearson": 0.6946661737419276,
        "spearman": 0.6769238236061539
      },
      "manhattan": {
        "pearson": 0.693673806903254,
        "spearman": 0.6756777967540836
      }
    },
    "evaluation_time": 0.1
  }
}