{
  "dataset_revision": null,
  "mteb_dataset_name": "SciFact",
  "mteb_version": "1.1.2",
  "test": {
    "evaluation_time": 0.86,
    "map_at_1": 0.60761,
    "map_at_10": 0.70417,
    "map_at_100": 0.70835,
    "map_at_1000": 0.70855,
    "map_at_3": 0.67235,
    "map_at_5": 0.69217,
    "mrr_at_1": 0.63667,
    "mrr_at_10": 0.71369,
    "mrr_at_100": 0.71689,
    "mrr_at_1000": 0.71708,
    "mrr_at_3": 0.69,
    "mrr_at_5": 0.70567,
    "ndcg_at_1": 0.63667,
    "ndcg_at_10": 0.75079,
    "ndcg_at_100": 0.76909,
    "ndcg_at_1000": 0.77341,
    "ndcg_at_3": 0.69646,
    "ndcg_at_5": 0.72654,
    "precision_at_1": 0.63667,
    "precision_at_10": 0.10033,
    "precision_at_100": 0.01097,
    "precision_at_1000": 0.00113,
    "precision_at_3": 0.26889,
    "precision_at_5": 0.182,
    "recall_at_1": 0.60761,
    "recall_at_10": 0.88489,
    "recall_at_100": 0.96833,
    "recall_at_1000": 1.0,
    "recall_at_3": 0.73922,
    "recall_at_5": 0.81328
  }
}