{
  "dataset_revision": "0fd18e25b25c072e09e0d92ab615fda904d66300",
  "mteb_dataset_name": "Banking77Classification",
  "mteb_version": "1.2.0",
  "test": {
    "accuracy": 0.8476623376623376,
    "accuracy_stderr": 0.0038765744302855305,
    "evaluation_time": 10.37,
    "f1": 0.8410765406492267,
    "f1_stderr": 0.005132546794036187,
    "main_score": 0.8476623376623376
  }
}