{
  "dataset_revision": "ae752c7c21bf194d8b67fd573edf7ae58183cbe3",
  "mteb_dataset_name": "STS15",
  "mteb_version": "1.2.0",
  "test": {
    "cos_sim": {
      "pearson": 0.8659970430661621,
      "spearman": 0.876147555381668
    },
    "euclidean": {
      "pearson": 0.8865559584124167,
      "spearman": 0.8926536358647821
    },
    "evaluation_time": 0.03,
    "manhattan": {
      "pearson": 0.8739856202653942,
      "spearman": 0.8761826886230265
    }
  }
}