{
  "dataset_revision": "b0fddb56ed78048fa8b90373c8a3cfc37b684831",
  "mteb_dataset_name": "STSBenchmark",
  "mteb_version": "1.2.0",
  "test": {
    "cos_sim": {
      "pearson": 0.8741298150198697,
      "spearman": 0.88890435321916
    },
    "euclidean": {
      "pearson": 0.8843549057147673,
      "spearman": 0.889720328974701
    },
    "evaluation_time": 0.02,
    "manhattan": {
      "pearson": 0.879555578027886,
      "spearman": 0.8831986391406601
    }
  }
}