{
  "dataset_revision": "7e90230a92c190f1bf69ae9002b8cea547a64cca",
  "mteb_dataset_name": "STS13",
  "mteb_version": "1.2.0",
  "test": {
    "cos_sim": {
      "pearson": 0.8743677796426473,
      "spearman": 0.874922727438583
    },
    "euclidean": {
      "pearson": 0.8358507874059848,
      "spearman": 0.8423792676270264
    },
    "evaluation_time": 0.04,
    "manhattan": {
      "pearson": 0.7292030239338501,
      "spearman": 0.7163558948369098
    }
  }
}