{
  "dataset_revision": "e8379541af4e31359cca9fbcf4b00f2671dba205",
  "mteb_dataset_name": "AmazonCounterfactualClassification",
  "mteb_version": "1.1.2",
  "test": {
    "en": {
      "accuracy": 0.7722388059701493,
      "accuracy_stderr": 0.03866910422154232,
      "ap": 0.40779432888359457,
      "ap_stderr": 0.04424323225747898,
      "f1": 0.7128566099937884,
      "f1_stderr": 0.03739870667980615,
      "main_score": 0.7722388059701493
    },
    "evaluation_time": 0.69
  }
}