{
  "dataset_revision": "0fd18e25b25c072e09e0d92ab615fda904d66300",
  "mteb_dataset_name": "Banking77Classification",
  "mteb_version": "1.1.2",
  "test": {
    "accuracy": 0.8475649350649352,
    "accuracy_stderr": 0.005565601802790248,
    "evaluation_time": 11.67,
    "f1": 0.8415733802204258,
    "f1_stderr": 0.006524427173337995,
    "main_score": 0.8475649350649352
  }
}