{
  "dataset_revision": null,
  "mteb_dataset_name": "SciFact",
  "mteb_version": "1.1.2",
  "test": {
    "evaluation_time": 0.73,
    "map_at_1": 0.60528,
    "map_at_10": 0.6947,
    "map_at_100": 0.70095,
    "map_at_1000": 0.70114,
    "map_at_3": 0.66352,
    "map_at_5": 0.68312,
    "mrr_at_1": 0.63,
    "mrr_at_10": 0.70278,
    "mrr_at_100": 0.70801,
    "mrr_at_1000": 0.70819,
    "mrr_at_3": 0.68111,
    "mrr_at_5": 0.69561,
    "ndcg_at_1": 0.63,
    "ndcg_at_10": 0.7373,
    "ndcg_at_100": 0.76304,
    "ndcg_at_1000": 0.76692,
    "ndcg_at_3": 0.68672,
    "ndcg_at_5": 0.71555,
    "precision_at_1": 0.63,
    "precision_at_10": 0.09767,
    "precision_at_100": 0.011,
    "precision_at_1000": 0.00113,
    "precision_at_3": 0.26556,
    "precision_at_5": 0.17867,
    "recall_at_1": 0.60528,
    "recall_at_10": 0.85822,
    "recall_at_100": 0.97167,
    "recall_at_1000": 1.0,
    "recall_at_3": 0.72506,
    "recall_at_5": 0.79744
  }
}