{
  "dataset_revision": "d3fb88f8f02e40887cd149695127462bbcf29b4a",
  "mteb_dataset_name": "BIOSSES",
  "mteb_version": "1.2.0",
  "test": {
    "cos_sim": {
      "pearson": 0.9048713742382388,
      "spearman": 0.8920263495218896
    },
    "euclidean": {
      "pearson": 0.884594158947598,
      "spearman": 0.8920263495218896
    },
    "evaluation_time": 0.08,
    "manhattan": {
      "pearson": 0.8824273884304946,
      "spearman": 0.8878455313675456
    }
  }
}