{
  "dataset_revision": "6c6430d3a6d36f8d2a829195bc5dc94d7e063e53",
  "mteb_dataset_name": "CQADupstackUnixRetrieval",
  "mteb_version": "1.2.0",
  "test": {
    "evaluation_time": 19.71,
    "map_at_1": 0.28319,
    "map_at_10": 0.38407,
    "map_at_100": 0.39623,
    "map_at_1000": 0.39721,
    "map_at_3": 0.35527,
    "map_at_5": 0.37184,
    "mrr_at_1": 0.33302,
    "mrr_at_10": 0.42675,
    "mrr_at_100": 0.43545,
    "mrr_at_1000": 0.43603,
    "mrr_at_3": 0.40205,
    "mrr_at_5": 0.41651,
    "ndcg_at_1": 0.33302,
    "ndcg_at_10": 0.44081,
    "ndcg_at_100": 0.493,
    "ndcg_at_1000": 0.51476,
    "ndcg_at_3": 0.38989,
    "ndcg_at_5": 0.41458,
    "precision_at_1": 0.33302,
    "precision_at_10": 0.07388,
    "precision_at_100": 0.01127,
    "precision_at_1000": 0.00143,
    "precision_at_3": 0.17755,
    "precision_at_5": 0.12444,
    "recall_at_1": 0.28319,
    "recall_at_10": 0.56897,
    "recall_at_100": 0.79012,
    "recall_at_1000": 0.94042,
    "recall_at_3": 0.43286,
    "recall_at_5": 0.49416
  }
}