{
  "dataset_revision": "4f58c6b202a23cf9a4da393831edf4f9183cad37",
  "mteb_dataset_name": "EmotionClassification",
  "mteb_version": "1.1.2",
  "test": {
    "accuracy": 0.5688500000000001,
    "accuracy_stderr": 0.019489805027244386,
    "evaluation_time": 13.08,
    "f1": 0.5074413618206578,
    "f1_stderr": 0.011225947753986788,
    "main_score": 0.5688500000000001
  }
}