{
  "dataset_revision": "27a168819829fe9bcd655c2df245fb19452e8e06",
  "mteb_dataset_name": "FiQA2018",
  "mteb_version": "1.2.0",
  "test": {
    "evaluation_time": 21.31,
    "map_at_1": 0.21787,
    "map_at_10": 0.3696,
    "map_at_100": 0.39008,
    "map_at_1000": 0.39175,
    "map_at_3": 0.32439,
    "map_at_5": 0.35016,
    "mrr_at_1": 0.43827,
    "mrr_at_10": 0.53711,
    "mrr_at_100": 0.54488,
    "mrr_at_1000": 0.54518,
    "mrr_at_3": 0.51852,
    "mrr_at_5": 0.52801,
    "ndcg_at_1": 0.43827,
    "ndcg_at_10": 0.45224,
    "ndcg_at_100": 0.52242,
    "ndcg_at_1000": 0.54826,
    "ndcg_at_3": 0.41936,
    "ndcg_at_5": 0.42858,
    "precision_at_1": 0.43827,
    "precision_at_10": 0.12577,
    "precision_at_100": 0.01985,
    "precision_at_1000": 0.00246,
    "precision_at_3": 0.28498,
    "precision_at_5": 0.20617,
    "recall_at_1": 0.21787,
    "recall_at_10": 0.52263,
    "recall_at_100": 0.78016,
    "recall_at_1000": 0.93157,
    "recall_at_3": 0.38689,
    "recall_at_5": 0.44603
  }
}