{
  "dataset_revision": null,
  "mteb_dataset_name": "SciFact",
  "mteb_version": "1.1.2",
  "test": {
    "evaluation_time": 6.91,
    "map_at_1": 0.60928,
    "map_at_10": 0.70605,
    "map_at_100": 0.71067,
    "map_at_1000": 0.71091,
    "map_at_3": 0.67487,
    "map_at_5": 0.69314,
    "mrr_at_1": 0.63667,
    "mrr_at_10": 0.71502,
    "mrr_at_100": 0.71845,
    "mrr_at_1000": 0.71868,
    "mrr_at_3": 0.69,
    "mrr_at_5": 0.70683,
    "ndcg_at_1": 0.63667,
    "ndcg_at_10": 0.75225,
    "ndcg_at_100": 0.77055,
    "ndcg_at_1000": 0.77539,
    "ndcg_at_3": 0.69902,
    "ndcg_at_5": 0.72739,
    "precision_at_1": 0.63667,
    "precision_at_10": 0.10033,
    "precision_at_100": 0.01093,
    "precision_at_1000": 0.00113,
    "precision_at_3": 0.27222,
    "precision_at_5": 0.182,
    "recall_at_1": 0.60928,
    "recall_at_10": 0.88489,
    "recall_at_100": 0.965,
    "recall_at_1000": 1.0,
    "recall_at_3": 0.74283,
    "recall_at_5": 0.81328
  }
}