{
  "dataset_revision": "a0d554a64d88156834ff5ae9920b964011b16384",
  "mteb_dataset_name": "STS12",
  "mteb_version": "1.1.2",
  "test": {
    "cos_sim": {
      "pearson": 0.8694619507972376,
      "spearman": 0.7811801313256814
    },
    "euclidean": {
      "pearson": 0.8392253646804482,
      "spearman": 0.7811800814154636
    },
    "evaluation_time": 0.81,
    "manhattan": {
      "pearson": 0.8384537302592725,
      "spearman": 0.7824249612876711
    }
  }
}