{
  "dataset_revision": "ae752c7c21bf194d8b67fd573edf7ae58183cbe3",
  "mteb_dataset_name": "STS15",
  "mteb_version": "1.1.2",
  "test": {
    "cos_sim": {
      "pearson": 0.8878660329505308,
      "spearman": 0.8981885599347548
    },
    "euclidean": {
      "pearson": 0.8917123201179149,
      "spearman": 0.8981885600345535
    },
    "evaluation_time": 1.2,
    "manhattan": {
      "pearson": 0.8915686282542041,
      "spearman": 0.8982299331382763
    }
  }
}