{
  "dataset_revision": "4d8694f8f0e0100860b497b999b3dbed754a0513",
  "mteb_dataset_name": "STS16",
  "mteb_version": "1.2.0",
  "test": {
    "cos_sim": {
      "pearson": 0.8546833914443178,
      "spearman": 0.8683267983259481
    },
    "euclidean": {
      "pearson": 0.8615502310364566,
      "spearman": 0.8683267983259481
    },
    "evaluation_time": 0.15,
    "manhattan": {
      "pearson": 0.8603502649364149,
      "spearman": 0.8674868844297239
    }
  }
}