{
  "dataset_revision": "7e90230a92c190f1bf69ae9002b8cea547a64cca",
  "mteb_dataset_name": "STS13",
  "mteb_version": "1.2.0",
  "test": {
    "cos_sim": {
      "pearson": 0.8854628903373047,
      "spearman": 0.8917578460118079
    },
    "euclidean": {
      "pearson": 0.8838622935802668,
      "spearman": 0.8917578460118079
    },
    "evaluation_time": 0.14,
    "manhattan": {
      "pearson": 0.8814600673075794,
      "spearman": 0.8898330837618641
    }
  }
}