{
  "dataset_revision": "eea2b4fe26a775864c896887d910b76a8098ad3f",
  "mteb_dataset_name": "STS22",
  "mteb_version": "1.2.0",
  "test": {
    "en": {
      "cos_sim": {
        "pearson": 0.6942165622232641,
        "spearman": 0.6943633163469535
      },
      "euclidean": {
        "pearson": 0.7096335338201853,
        "spearman": 0.6943633163469535
      },
      "manhattan": {
        "pearson": 0.7100018351887044,
        "spearman": 0.6955678360994447
      }
    },
    "evaluation_time": 0.04
  }
}