{
  "dataset_revision": "e8379541af4e31359cca9fbcf4b00f2671dba205",
  "mteb_dataset_name": "AmazonCounterfactualClassification",
  "mteb_version": "1.1.2",
  "test": {
    "en": {
      "accuracy": 0.76,
      "accuracy_stderr": 0.036332172134508886,
      "ap": 0.39150618105102675,
      "ap_stderr": 0.03913547558056717,
      "f1": 0.7000961594728996,
      "f1_stderr": 0.03474509041403959,
      "main_score": 0.76
    },
    "evaluation_time": 0.73
  }
}