{
  "dataset_revision": null,
  "mteb_dataset_name": "SciFact",
  "mteb_version": "1.1.2",
  "test": {
    "evaluation_time": 0.6,
    "map_at_1": 0.61428,
    "map_at_10": 0.71204,
    "map_at_100": 0.71555,
    "map_at_1000": 0.71576,
    "map_at_3": 0.6817,
    "map_at_5": 0.6983,
    "mrr_at_1": 0.64333,
    "mrr_at_10": 0.72142,
    "mrr_at_100": 0.7245,
    "mrr_at_1000": 0.7247,
    "mrr_at_3": 0.69833,
    "mrr_at_5": 0.71267,
    "ndcg_at_1": 0.64333,
    "ndcg_at_10": 0.75777,
    "ndcg_at_100": 0.77428,
    "ndcg_at_1000": 0.77896,
    "ndcg_at_3": 0.70628,
    "ndcg_at_5": 0.73102,
    "precision_at_1": 0.64333,
    "precision_at_10": 0.101,
    "precision_at_100": 0.01093,
    "precision_at_1000": 0.00113,
    "precision_at_3": 0.27444,
    "precision_at_5": 0.18133,
    "recall_at_1": 0.61428,
    "recall_at_10": 0.88822,
    "recall_at_100": 0.965,
    "recall_at_1000": 1.0,
    "recall_at_3": 0.7485,
    "recall_at_5": 0.81161
  }
}