{
  "dataset_revision": "27a168819829fe9bcd655c2df245fb19452e8e06",
  "mteb_dataset_name": "FiQA2018",
  "mteb_version": "1.2.0",
  "test": {
    "evaluation_time": 21.74,
    "map_at_1": 0.20284,
    "map_at_10": 0.34656,
    "map_at_100": 0.3674,
    "map_at_1000": 0.36917,
    "map_at_3": 0.30164,
    "map_at_5": 0.32577,
    "mrr_at_1": 0.40741,
    "mrr_at_10": 0.50212,
    "mrr_at_100": 0.5108,
    "mrr_at_1000": 0.51112,
    "mrr_at_3": 0.47582,
    "mrr_at_5": 0.49141,
    "ndcg_at_1": 0.40741,
    "ndcg_at_10": 0.42719,
    "ndcg_at_100": 0.49868,
    "ndcg_at_1000": 0.52765,
    "ndcg_at_3": 0.38825,
    "ndcg_at_5": 0.39995,
    "precision_at_1": 0.40741,
    "precision_at_10": 0.12006,
    "precision_at_100": 0.01943,
    "precision_at_1000": 0.00245,
    "precision_at_3": 0.26492,
    "precision_at_5": 0.19198,
    "recall_at_1": 0.20284,
    "recall_at_10": 0.50199,
    "recall_at_100": 0.7608,
    "recall_at_1000": 0.93604,
    "recall_at_3": 0.35168,
    "recall_at_5": 0.41814
  }
}