{
  "dataset_revision": "ec0fa4fe99da2ff19ca1214b7966684033a58814",
  "mteb_dataset_name": "NFCorpus",
  "mteb_version": "1.2.0",
  "test": {
    "evaluation_time": 1.56,
    "map_at_1": 0.07461,
    "map_at_10": 0.15886,
    "map_at_100": 0.20517,
    "map_at_1000": 0.22216,
    "map_at_3": 0.11823,
    "map_at_5": 0.13768,
    "mrr_at_1": 0.50464,
    "mrr_at_10": 0.60117,
    "mrr_at_100": 0.60564,
    "mrr_at_1000": 0.60597,
    "mrr_at_3": 0.58153,
    "mrr_at_5": 0.59376,
    "ndcg_at_1": 0.48607,
    "ndcg_at_10": 0.39748,
    "ndcg_at_100": 0.37364,
    "ndcg_at_1000": 0.46139,
    "ndcg_at_3": 0.45558,
    "ndcg_at_5": 0.43293,
    "precision_at_1": 0.50155,
    "precision_at_10": 0.29071,
    "precision_at_100": 0.09415,
    "precision_at_1000": 0.02249,
    "precision_at_3": 0.42415,
    "precision_at_5": 0.37214,
    "recall_at_1": 0.07461,
    "recall_at_10": 0.19765,
    "recall_at_100": 0.37613,
    "recall_at_1000": 0.69597,
    "recall_at_3": 0.12974,
    "recall_at_5": 0.16176
  }
}