{
  "dataset_revision": "a6ea5a8cab320b040a23452cc28066d9beae2cee",
  "mteb_dataset_name": "SICK-R",
  "mteb_version": "1.2.0",
  "test": {
    "cos_sim": {
      "pearson": 0.8646961531251555,
      "spearman": 0.8231294757380389
    },
    "euclidean": {
      "pearson": 0.835904836308094,
      "spearman": 0.8231294757380389
    },
    "evaluation_time": 1.88,
    "manhattan": {
      "pearson": 0.8373385039523573,
      "spearman": 0.8245514847271341
    }
  }
}