{
  "dataset_revision": "b0fddb56ed78048fa8b90373c8a3cfc37b684831",
  "mteb_dataset_name": "STSBenchmark",
  "mteb_version": "1.2.0",
  "test": {
    "cos_sim": {
      "pearson": 0.8804010584716134,
      "spearman": 0.8928872866277017
    },
    "euclidean": {
      "pearson": 0.8892487199843135,
      "spearman": 0.8928872866277017
    },
    "evaluation_time": 0.91,
    "manhattan": {
      "pearson": 0.8886447310723722,
      "spearman": 0.892143853249484
    }
  }
}