{
  "dataset_revision": "b0fddb56ed78048fa8b90373c8a3cfc37b684831",
  "mteb_dataset_name": "STSBenchmark",
  "mteb_version": "1.2.0",
  "test": {
    "cos_sim": {
      "pearson": 0.8805429191959814,
      "spearman": 0.8924457855826882
    },
    "euclidean": {
      "pearson": 0.8939227032046058,
      "spearman": 0.8956915392662298
    },
    "evaluation_time": 0.04,
    "manhattan": {
      "pearson": 0.8654944417636894,
      "spearman": 0.8695351055285024
    }
  }
}