{
  "dataset_revision": "4d8694f8f0e0100860b497b999b3dbed754a0513",
  "mteb_dataset_name": "STS16",
  "mteb_version": "1.2.0",
  "test": {
    "cos_sim": {
      "pearson": 0.8415617399076244,
      "spearman": 0.8538892317669486
    },
    "euclidean": {
      "pearson": 0.865966313060647,
      "spearman": 0.8722888529966835
    },
    "evaluation_time": 0.12,
    "manhattan": {
      "pearson": 0.8583516801431972,
      "spearman": 0.8657900550702277
    }
  }
}