{
  "dataset_revision": "7e90230a92c190f1bf69ae9002b8cea547a64cca",
  "mteb_dataset_name": "STS13",
  "mteb_version": "1.2.0",
  "test": {
    "cos_sim": {
      "pearson": 0.8741032324008551,
      "spearman": 0.8773608379184651
    },
    "euclidean": {
      "pearson": 0.8861142418057477,
      "spearman": 0.8912661823866658
    },
    "evaluation_time": 0.04,
    "manhattan": {
      "pearson": 0.8120413319637128,
      "spearman": 0.8120958041617171
    }
  }
}