{
  "dataset_revision": "eea2b4fe26a775864c896887d910b76a8098ad3f",
  "mteb_dataset_name": "STS22",
  "mteb_version": "1.2.0",
  "test": {
    "en": {
      "cos_sim": {
        "pearson": 0.6822307491562067,
        "spearman": 0.6912478422844286
      },
      "euclidean": {
        "pearson": 0.6997601297289509,
        "spearman": 0.6850364269121221
      },
      "manhattan": {
        "pearson": 0.7011311625607888,
        "spearman": 0.6811079020166658
      }
    },
    "evaluation_time": 0.05
  }
}