{
  "dataset_revision": "0fd18e25b25c072e09e0d92ab615fda904d66300",
  "mteb_dataset_name": "Banking77Classification",
  "mteb_version": "1.1.2",
  "test": {
    "accuracy": 0.8447402597402599,
    "accuracy_stderr": 0.0049149453169263085,
    "evaluation_time": 12.23,
    "f1": 0.838299297924905,
    "f1_stderr": 0.006107626343712242,
    "main_score": 0.8447402597402599
  }
}