{
  "dataset_revision": "7e90230a92c190f1bf69ae9002b8cea547a64cca",
  "mteb_dataset_name": "STS13",
  "mteb_version": "1.1.2",
  "test": {
    "cos_sim": {
      "pearson": 0.8739496476750471,
      "spearman": 0.8785283223778713
    },
    "euclidean": {
      "pearson": 0.8877104026815137,
      "spearman": 0.8950955810962821
    },
    "evaluation_time": 0.43,
    "manhattan": {
      "pearson": 0.8666448017771424,
      "spearman": 0.872868263278711
    }
  }
}