{
  "dataset_revision": null,
  "mteb_dataset_name": "ArguAna",
  "mteb_version": "1.1.2",
  "test": {
    "evaluation_time": 2.49,
    "map_at_1": 0.40185,
    "map_at_10": 0.56746,
    "map_at_100": 0.57253,
    "map_at_1000": 0.57257,
    "map_at_3": 0.52525,
    "map_at_5": 0.55324,
    "mrr_at_1": 0.41252,
    "mrr_at_10": 0.57117,
    "mrr_at_100": 0.57631,
    "mrr_at_1000": 0.57635,
    "mrr_at_3": 0.52963,
    "mrr_at_5": 0.55677,
    "ndcg_at_1": 0.40185,
    "ndcg_at_10": 0.65024,
    "ndcg_at_100": 0.66995,
    "ndcg_at_1000": 0.67064,
    "ndcg_at_3": 0.56603,
    "ndcg_at_5": 0.61629,
    "precision_at_1": 0.40185,
    "precision_at_10": 0.09097,
    "precision_at_100": 0.00991,
    "precision_at_1000": 0.001,
    "precision_at_3": 0.22807,
    "precision_at_5": 0.16117,
    "recall_at_1": 0.40185,
    "recall_at_10": 0.90967,
    "recall_at_100": 0.99147,
    "recall_at_1000": 0.99644,
    "recall_at_3": 0.68421,
    "recall_at_5": 0.80583
  }
}