{
  "dataset_revision": "0fd18e25b25c072e09e0d92ab615fda904d66300",
  "mteb_dataset_name": "Banking77Classification",
  "mteb_version": "1.1.2",
  "test": {
    "accuracy": 0.8471103896103896,
    "accuracy_stderr": 0.005377176237338773,
    "evaluation_time": 12.34,
    "f1": 0.8411296473415117,
    "f1_stderr": 0.006221363374653457,
    "main_score": 0.8471103896103896
  }
}