{
  "dataset_revision": null,
  "mteb_dataset_name": "SciFact",
  "mteb_version": "1.1.2",
  "test": {
    "evaluation_time": 1.23,
    "map_at_1": 0.60094,
    "map_at_10": 0.68914,
    "map_at_100": 0.69572,
    "map_at_1000": 0.69597,
    "map_at_3": 0.66309,
    "map_at_5": 0.67771,
    "mrr_at_1": 0.62667,
    "mrr_at_10": 0.69717,
    "mrr_at_100": 0.70238,
    "mrr_at_1000": 0.70261,
    "mrr_at_3": 0.67722,
    "mrr_at_5": 0.68922,
    "ndcg_at_1": 0.62667,
    "ndcg_at_10": 0.72792,
    "ndcg_at_100": 0.75435,
    "ndcg_at_1000": 0.76027,
    "ndcg_at_3": 0.68465,
    "ndcg_at_5": 0.70578,
    "precision_at_1": 0.62667,
    "precision_at_10": 0.09467,
    "precision_at_100": 0.0108,
    "precision_at_1000": 0.00113,
    "precision_at_3": 0.26444,
    "precision_at_5": 0.17333,
    "recall_at_1": 0.60094,
    "recall_at_10": 0.83689,
    "recall_at_100": 0.95167,
    "recall_at_1000": 0.99667,
    "recall_at_3": 0.72117,
    "recall_at_5": 0.77511
  }
}