{
  "dataset_revision": "7e90230a92c190f1bf69ae9002b8cea547a64cca",
  "mteb_dataset_name": "STS13",
  "mteb_version": "1.1.2",
  "test": {
    "cos_sim": {
      "pearson": 0.8675773388491137,
      "spearman": 0.8767575090774874
    },
    "euclidean": {
      "pearson": 0.8873898194626035,
      "spearman": 0.893286592855254
    },
    "evaluation_time": 0.34,
    "manhattan": {
      "pearson": 0.885142873191761,
      "spearman": 0.8901240606937263
    }
  }
}