{
  "dataset_revision": "f46a197baaae43b4f621051089b82a364682dfeb",
  "mteb_dataset_name": "CQADupstackAndroidRetrieval",
  "mteb_version": "1.2.0",
  "test": {
    "evaluation_time": 33.96,
    "map_at_1": 0.35205,
    "map_at_10": 0.47169,
    "map_at_100": 0.4878,
    "map_at_1000": 0.48894,
    "map_at_3": 0.43478,
    "map_at_5": 0.45551,
    "mrr_at_1": 0.43634,
    "mrr_at_10": 0.53607,
    "mrr_at_100": 0.54306,
    "mrr_at_1000": 0.54339,
    "mrr_at_3": 0.51049,
    "mrr_at_5": 0.52694,
    "ndcg_at_1": 0.43634,
    "ndcg_at_10": 0.53671,
    "ndcg_at_100": 0.59103,
    "ndcg_at_1000": 0.60689,
    "ndcg_at_3": 0.48793,
    "ndcg_at_5": 0.51133,
    "precision_at_1": 0.43634,
    "precision_at_10": 0.102,
    "precision_at_100": 0.01627,
    "precision_at_1000": 0.00207,
    "precision_at_3": 0.23414,
    "precision_at_5": 0.16853,
    "recall_at_1": 0.35205,
    "recall_at_10": 0.65434,
    "recall_at_100": 0.87974,
    "recall_at_1000": 0.97564,
    "recall_at_3": 0.5073,
    "recall_at_5": 0.57559
  }
}