{
  "dataset_revision": "6184bc1440d2dbc7612be22b50686b8826d22b32",
  "mteb_dataset_name": "CQADupstackProgrammersRetrieval",
  "mteb_version": "1.2.0",
  "test": {
    "evaluation_time": 44.22,
    "map_at_1": 0.27579,
    "map_at_10": 0.39306,
    "map_at_100": 0.40752,
    "map_at_1000": 0.4086,
    "map_at_3": 0.3562,
    "map_at_5": 0.3759,
    "mrr_at_1": 0.34247,
    "mrr_at_10": 0.44842,
    "mrr_at_100": 0.45745,
    "mrr_at_1000": 0.4579,
    "mrr_at_3": 0.42199,
    "mrr_at_5": 0.43558,
    "ndcg_at_1": 0.34247,
    "ndcg_at_10": 0.45767,
    "ndcg_at_100": 0.51436,
    "ndcg_at_1000": 0.53403,
    "ndcg_at_3": 0.40035,
    "ndcg_at_5": 0.42508,
    "precision_at_1": 0.34247,
    "precision_at_10": 0.08584,
    "precision_at_100": 0.01304,
    "precision_at_1000": 0.00166,
    "precision_at_3": 0.1933,
    "precision_at_5": 0.13881,
    "recall_at_1": 0.27579,
    "recall_at_10": 0.59273,
    "recall_at_100": 0.82952,
    "recall_at_1000": 0.95703,
    "recall_at_3": 0.43307,
    "recall_at_5": 0.4982
  }
}