{
  "dataset_revision": "27a168819829fe9bcd655c2df245fb19452e8e06",
  "mteb_dataset_name": "FiQA2018",
  "mteb_version": "1.2.0",
  "test": {
    "evaluation_time": 71.78,
    "map_at_1": 0.22673,
    "map_at_10": 0.37459,
    "map_at_100": 0.395,
    "map_at_1000": 0.39666,
    "map_at_3": 0.32597,
    "map_at_5": 0.35505,
    "mrr_at_1": 0.45062,
    "mrr_at_10": 0.5407,
    "mrr_at_100": 0.54857,
    "mrr_at_1000": 0.54882,
    "mrr_at_3": 0.5162,
    "mrr_at_5": 0.53179,
    "ndcg_at_1": 0.45062,
    "ndcg_at_10": 0.45662,
    "ndcg_at_100": 0.52643,
    "ndcg_at_1000": 0.55235,
    "ndcg_at_3": 0.41611,
    "ndcg_at_5": 0.43299,
    "precision_at_1": 0.45062,
    "precision_at_10": 0.12654,
    "precision_at_100": 0.01994,
    "precision_at_1000": 0.00246,
    "precision_at_3": 0.27778,
    "precision_at_5": 0.20864,
    "recall_at_1": 0.22673,
    "recall_at_10": 0.52682,
    "recall_at_100": 0.78268,
    "recall_at_1000": 0.9374,
    "recall_at_3": 0.37701,
    "recall_at_5": 0.44829
  }
}