{
  "dataset_revision": "6031580fec1f6af667f0bd2da0a551cf4f0b2375",
  "mteb_dataset_name": "STS14",
  "mteb_version": "1.2.0",
  "test": {
    "cos_sim": {
      "pearson": 0.8674107085726207,
      "spearman": 0.8430367954944482
    },
    "euclidean": {
      "pearson": 0.857434265871849,
      "spearman": 0.8430367954944482
    },
    "evaluation_time": 1.4,
    "manhattan": {
      "pearson": 0.8569680861210446,
      "spearman": 0.8423230945815902
    }
  }
}