{
  "dataset_revision": "b0fddb56ed78048fa8b90373c8a3cfc37b684831",
  "mteb_dataset_name": "STSBenchmark",
  "mteb_version": "1.2.0",
  "test": {
    "cos_sim": {
      "pearson": 0.8830082640281202,
      "spearman": 0.8967118285154638
    },
    "euclidean": {
      "pearson": 0.8937581312767428,
      "spearman": 0.8967118285154638
    },
    "evaluation_time": 0.94,
    "manhattan": {
      "pearson": 0.8939341680839374,
      "spearman": 0.8965511004649106
    }
  }
}