{
  "dataset_revision": null,
  "mteb_dataset_name": "SciFact",
  "mteb_version": "1.1.2",
  "test": {
    "evaluation_time": 0.66,
    "map_at_1": 0.61094,
    "map_at_10": 0.70684,
    "map_at_100": 0.71115,
    "map_at_1000": 0.71138,
    "map_at_3": 0.67791,
    "map_at_5": 0.69231,
    "mrr_at_1": 0.64,
    "mrr_at_10": 0.71562,
    "mrr_at_100": 0.71896,
    "mrr_at_1000": 0.71917,
    "mrr_at_3": 0.69278,
    "mrr_at_5": 0.70528,
    "ndcg_at_1": 0.64,
    "ndcg_at_10": 0.75132,
    "ndcg_at_100": 0.7701,
    "ndcg_at_1000": 0.77484,
    "ndcg_at_3": 0.70093,
    "ndcg_at_5": 0.72209,
    "precision_at_1": 0.64,
    "precision_at_10": 0.09967,
    "precision_at_100": 0.01093,
    "precision_at_1000": 0.00113,
    "precision_at_3": 0.27111,
    "precision_at_5": 0.178,
    "recall_at_1": 0.61094,
    "recall_at_10": 0.87922,
    "recall_at_100": 0.965,
    "recall_at_1000": 1.0,
    "recall_at_3": 0.74072,
    "recall_at_5": 0.79494
  }
}