{
  "dataset_revision": "a6ea5a8cab320b040a23452cc28066d9beae2cee",
  "mteb_dataset_name": "SICK-R",
  "mteb_version": "1.1.2",
  "test": {
    "cos_sim": {
      "pearson": 0.8594988668613653,
      "spearman": 0.820845003931631
    },
    "euclidean": {
      "pearson": 0.8266982997785686,
      "spearman": 0.8184447810632866
    },
    "evaluation_time": 1.14,
    "manhattan": {
      "pearson": 0.7788041655704983,
      "spearman": 0.782437724183132
    }
  }
}