{
  "dataset_revision": "e8379541af4e31359cca9fbcf4b00f2671dba205",
  "mteb_dataset_name": "AmazonCounterfactualClassification",
  "mteb_version": "1.1.2",
  "test": {
    "en": {
      "accuracy": 0.7355223880597015,
      "accuracy_stderr": 0.03689798571692749,
      "ap": 0.36851393554031875,
      "ap_stderr": 0.0336598295076252,
      "f1": 0.6779188080710138,
      "f1_stderr": 0.03334833822804462,
      "main_score": 0.7355223880597015
    },
    "evaluation_time": 0.73
  }
}