{
  "dataset_revision": "0fd18e25b25c072e09e0d92ab615fda904d66300",
  "mteb_dataset_name": "Banking77Classification",
  "mteb_version": "1.1.2",
  "test": {
    "accuracy": 0.8434090909090909,
    "accuracy_stderr": 0.004447103889865021,
    "evaluation_time": 11.04,
    "f1": 0.836088916258405,
    "f1_stderr": 0.005613047224011522,
    "main_score": 0.8434090909090909
  }
}