{
  "dataset_revision": "6031580fec1f6af667f0bd2da0a551cf4f0b2375",
  "mteb_dataset_name": "STS14",
  "mteb_version": "1.1.2",
  "test": {
    "cos_sim": {
      "pearson": 0.8593948323238698,
      "spearman": 0.8286715987105278
    },
    "euclidean": {
      "pearson": 0.8560344477427025,
      "spearman": 0.8440759910414848
    },
    "evaluation_time": 0.69,
    "manhattan": {
      "pearson": 0.8293678097506314,
      "spearman": 0.825323865238613
    }
  }
}