{
  "dataset_revision": "eea2b4fe26a775864c896887d910b76a8098ad3f",
  "mteb_dataset_name": "STS22",
  "mteb_version": "1.1.2",
  "test": {
    "en": {
      "cos_sim": {
        "pearson": 0.6827665188861215,
        "spearman": 0.686826115382209
      },
      "euclidean": {
        "pearson": 0.6988914434759159,
        "spearman": 0.6857607664930122
      },
      "manhattan": {
        "pearson": 0.6965255664516793,
        "spearman": 0.6782732112748231
      }
    },
    "evaluation_time": 0.07
  }
}