{
  "dataset_revision": "ae752c7c21bf194d8b67fd573edf7ae58183cbe3",
  "mteb_dataset_name": "STS15",
  "mteb_version": "1.1.2",
  "test": {
    "cos_sim": {
      "pearson": 0.8638158796682895,
      "spearman": 0.8831751959066854
    },
    "euclidean": {
      "pearson": 0.8893965281847056,
      "spearman": 0.8931560939539939
    },
    "evaluation_time": 0.53,
    "manhattan": {
      "pearson": 0.8894472192715286,
      "spearman": 0.8935923608945957
    }
  }
}