{
  "dataset_revision": "d3fb88f8f02e40887cd149695127462bbcf29b4a",
  "mteb_dataset_name": "BIOSSES",
  "mteb_version": "1.2.0",
  "test": {
    "cos_sim": {
      "pearson": 0.8854207937687895,
      "spearman": 0.8738211154261725
    },
    "euclidean": {
      "pearson": 0.8651620537110896,
      "spearman": 0.8738211154261725
    },
    "evaluation_time": 0.09,
    "manhattan": {
      "pearson": 0.8675385387114368,
      "spearman": 0.8768874503549349
    }
  }
}