{
  "dataset_revision": "90fceea13679c63fe563ded68f3b6f06e50061de",
  "mteb_dataset_name": "CQADupstackMathematicaRetrieval",
  "mteb_version": "1.2.0",
  "test": {
    "evaluation_time": 4.5,
    "map_at_1": 0.18215,
    "map_at_10": 0.27255,
    "map_at_100": 0.285,
    "map_at_1000": 0.28623,
    "map_at_3": 0.24202,
    "map_at_5": 0.26214,
    "mrr_at_1": 0.22886,
    "mrr_at_10": 0.32332,
    "mrr_at_100": 0.33253,
    "mrr_at_1000": 0.33319,
    "mrr_at_3": 0.29353,
    "mrr_at_5": 0.31343,
    "ndcg_at_1": 0.22886,
    "ndcg_at_10": 0.33026,
    "ndcg_at_100": 0.38783,
    "ndcg_at_1000": 0.41565,
    "ndcg_at_3": 0.27613,
    "ndcg_at_5": 0.30777,
    "precision_at_1": 0.22886,
    "precision_at_10": 0.06095,
    "precision_at_100": 0.01037,
    "precision_at_1000": 0.00141,
    "precision_at_3": 0.13433,
    "precision_at_5": 0.10199,
    "recall_at_1": 0.18215,
    "recall_at_10": 0.45723,
    "recall_at_100": 0.70527,
    "recall_at_1000": 0.90188,
    "recall_at_3": 0.31193,
    "recall_at_5": 0.39117
  }
}