{
  "dataset_revision": "31efe3c427b0bae9c22cbb560b8f15491cc6bed7",
  "mteb_dataset_name": "MassiveIntentClassification",
  "mteb_version": "1.2.0",
  "test": {
    "en": {
      "accuracy": 0.7284801613987895,
      "accuracy_stderr": 0.019457808041373075,
      "f1": 0.7079727474226735,
      "f1_stderr": 0.014766046355366486,
      "main_score": 0.7284801613987895
    },
    "evaluation_time": 12.42
  }
}