{
  "dataset_revision": "a6ea5a8cab320b040a23452cc28066d9beae2cee",
  "mteb_dataset_name": "SICK-R",
  "mteb_version": "1.1.2",
  "test": {
    "cos_sim": {
      "pearson": 0.8718634556877243,
      "spearman": 0.8273514853237197
    },
    "euclidean": {
      "pearson": 0.8449936080300591,
      "spearman": 0.8273515520138266
    },
    "evaluation_time": 3.51,
    "manhattan": {
      "pearson": 0.8434523123452888,
      "spearman": 0.8258598461479406
    }
  }
}