{
  "dataset_revision": "4d8694f8f0e0100860b497b999b3dbed754a0513",
  "mteb_dataset_name": "STS16",
  "mteb_version": "1.2.0",
  "test": {
    "cos_sim": {
      "pearson": 0.8552964021767271,
      "spearman": 0.8680577795388543
    },
    "euclidean": {
      "pearson": 0.8599241044108964,
      "spearman": 0.8680577795388543
    },
    "evaluation_time": 0.08,
    "manhattan": {
      "pearson": 0.8588093623417129,
      "spearman": 0.8670413193272962
    }
  }
}