{
  "dataset_revision": "6031580fec1f6af667f0bd2da0a551cf4f0b2375",
  "mteb_dataset_name": "STS14",
  "mteb_version": "1.2.0",
  "test": {
    "cos_sim": {
      "pearson": 0.8627987294457637,
      "spearman": 0.8471104762092923
    },
    "euclidean": {
      "pearson": 0.8557653032716281,
      "spearman": 0.8471104762092923
    },
    "evaluation_time": 0.23,
    "manhattan": {
      "pearson": 0.854023617548702,
      "spearman": 0.8452307205086559
    }
  }
}