{
  "dataset_revision": "af5e6fb845001ecf41f4c1e033ce921939a2a68d",
  "mteb_dataset_name": "STS17",
  "mteb_version": "1.1.2",
  "test": {
    "en-en": {
      "cos_sim": {
        "pearson": 0.9024389260174669,
        "spearman": 0.9045227555389294
      },
      "euclidean": {
        "pearson": 0.9048334475195153,
        "spearman": 0.8999811102879913
      },
      "manhattan": {
        "pearson": 0.8874802598253266,
        "spearman": 0.8796868943740438
      }
    },
    "evaluation_time": 0.09
  }
}