{
  "dataset_revision": "0fd18e25b25c072e09e0d92ab615fda904d66300",
  "mteb_dataset_name": "Banking77Classification",
  "mteb_version": "1.2.0",
  "test": {
    "accuracy": 0.8508116883116882,
    "accuracy_stderr": 0.0056258842373907315,
    "evaluation_time": 9.03,
    "f1": 0.845377073406168,
    "f1_stderr": 0.006651167470750737,
    "main_score": 0.8508116883116882
  }
}