{
  "dataset_revision": "a6ea5a8cab320b040a23452cc28066d9beae2cee",
  "mteb_dataset_name": "SICK-R",
  "mteb_version": "1.2.0",
  "test": {
    "cos_sim": {
      "pearson": 0.8728558084787751,
      "spearman": 0.8292730356901439
    },
    "euclidean": {
      "pearson": 0.8471164512587657,
      "spearman": 0.8292896220152255
    },
    "evaluation_time": 2.36,
    "manhattan": {
      "pearson": 0.8089036455166336,
      "spearman": 0.8065964570606973
    }
  }
}