{
  "dataset_revision": "4d8694f8f0e0100860b497b999b3dbed754a0513",
  "mteb_dataset_name": "STS16",
  "mteb_version": "1.2.0",
  "test": {
    "cos_sim": {
      "pearson": 0.8480382971398404,
      "spearman": 0.8605481071088127
    },
    "euclidean": {
      "pearson": 0.8689112635892176,
      "spearman": 0.8761699495616685
    },
    "evaluation_time": 0.03,
    "manhattan": {
      "pearson": 0.8197922718539019,
      "spearman": 0.8228081234340331
    }
  }
}