{
  "dataset_revision": "7e90230a92c190f1bf69ae9002b8cea547a64cca",
  "mteb_dataset_name": "STS13",
  "mteb_version": "1.1.2",
  "test": {
    "cos_sim": {
      "pearson": 0.8706207961129374,
      "spearman": 0.8752666115319256
    },
    "euclidean": {
      "pearson": 0.8848492038202859,
      "spearman": 0.8920835421562235
    },
    "evaluation_time": 0.32,
    "manhattan": {
      "pearson": 0.8651473159382618,
      "spearman": 0.8718241155699229
    }
  }
}