{
  "dataset_revision": "b0fddb56ed78048fa8b90373c8a3cfc37b684831",
  "mteb_dataset_name": "STSBenchmark",
  "mteb_version": "1.1.2",
  "test": {
    "cos_sim": {
      "pearson": 0.8769859213935951,
      "spearman": 0.8827637078675981
    },
    "euclidean": {
      "pearson": 0.8924096381388865,
      "spearman": 0.8945677669458958
    },
    "evaluation_time": 0.29,
    "manhattan": {
      "pearson": 0.8714167279710232,
      "spearman": 0.8757549684022511
    }
  }
}