{
  "dataset_revision": "ae752c7c21bf194d8b67fd573edf7ae58183cbe3",
  "mteb_dataset_name": "STS15",
  "mteb_version": "1.1.2",
  "test": {
    "cos_sim": {
      "pearson": 0.8747865167733792,
      "spearman": 0.8844521992466345
    },
    "euclidean": {
      "pearson": 0.8831240095934111,
      "spearman": 0.8891927020817828
    },
    "evaluation_time": 0.25,
    "manhattan": {
      "pearson": 0.86499460869746,
      "spearman": 0.87488470538658
    }
  }
}