{
  "dataset_revision": "eea2b4fe26a775864c896887d910b76a8098ad3f",
  "mteb_dataset_name": "STS22",
  "mteb_version": "1.1.2",
  "test": {
    "en": {
      "cos_sim": {
        "pearson": 0.6908449139970336,
        "spearman": 0.6937854724116366
      },
      "euclidean": {
        "pearson": 0.7044215831448557,
        "spearman": 0.6893010779276996
      },
      "manhattan": {
        "pearson": 0.6980879451991031,
        "spearman": 0.6758063873763088
      }
    },
    "evaluation_time": 0.03
  }
}