{
  "dataset_revision": "4f58c6b202a23cf9a4da393831edf4f9183cad37",
  "mteb_dataset_name": "EmotionClassification",
  "mteb_version": "1.1.2",
  "test": {
    "accuracy": 0.54415,
    "accuracy_stderr": 0.028630447079988103,
    "evaluation_time": 0.48,
    "f1": 0.47703434891988056,
    "f1_stderr": 0.017455368841243987,
    "main_score": 0.54415
  }
}