{
  "dataset_revision": "a0d554a64d88156834ff5ae9920b964011b16384",
  "mteb_dataset_name": "STS12",
  "mteb_version": "1.1.2",
  "test": {
    "cos_sim": {
      "pearson": 0.8474976788881092,
      "spearman": 0.7603965652067455
    },
    "euclidean": {
      "pearson": 0.8477669079104481,
      "spearman": 0.7932300322864411
    },
    "evaluation_time": 0.25,
    "manhattan": {
      "pearson": 0.814045323239631,
      "spearman": 0.7874790483181122
    }
  }
}