{
  "dataset_revision": "b0fddb56ed78048fa8b90373c8a3cfc37b684831",
  "mteb_dataset_name": "STSBenchmark",
  "mteb_version": "1.1.2",
  "test": {
    "cos_sim": {
      "pearson": 0.8750380664721882,
      "spearman": 0.8780474958224919
    },
    "euclidean": {
      "pearson": 0.8836623647870858,
      "spearman": 0.8884867214292844
    },
    "evaluation_time": 0.13,
    "manhattan": {
      "pearson": 0.8622513354732982,
      "spearman": 0.8688510772744208
    }
  }
}