{
  "dataset_revision": "ad9991cb51e31e31e430383c75ffb2885547b5f0",
  "mteb_dataset_name": "CQADupstackEnglishRetrieval",
  "mteb_version": "1.2.0",
  "test": {
    "evaluation_time": 45.02,
    "map_at_1": 0.34641,
    "map_at_10": 0.45612,
    "map_at_100": 0.46887,
    "map_at_1000": 0.47013,
    "map_at_3": 0.42328,
    "map_at_5": 0.44266,
    "mrr_at_1": 0.43503,
    "mrr_at_10": 0.51802,
    "mrr_at_100": 0.52405,
    "mrr_at_1000": 0.52444,
    "mrr_at_3": 0.49586,
    "mrr_at_5": 0.50904,
    "ndcg_at_1": 0.43503,
    "ndcg_at_10": 0.51471,
    "ndcg_at_100": 0.55613,
    "ndcg_at_1000": 0.57412,
    "ndcg_at_3": 0.47236,
    "ndcg_at_5": 0.4932,
    "precision_at_1": 0.43503,
    "precision_at_10": 0.09643,
    "precision_at_100": 0.01498,
    "precision_at_1000": 0.00195,
    "precision_at_3": 0.22824,
    "precision_at_5": 0.16178,
    "recall_at_1": 0.34641,
    "recall_at_10": 0.61445,
    "recall_at_100": 0.78849,
    "recall_at_1000": 0.8985,
    "recall_at_3": 0.48619,
    "recall_at_5": 0.547
  }
}