{
  "dataset_revision": "d66bd1f72af766a5cc4b0ca5e00c162f89e8cc46",
  "mteb_dataset_name": "SprintDuplicateQuestions",
  "mteb_version": "1.2.0",
  "test": {
    "cos_sim": {
      "accuracy": 0.9986930693069307,
      "accuracy_threshold": 0.787694638520146,
      "ap": 0.9668004633526415,
      "f1": 0.9336016096579478,
      "f1_threshold": 0.787694638520146,
      "precision": 0.9392712550607287,
      "recall": 0.928
    },
    "dot": {
      "accuracy": 0.9986930693069307,
      "accuracy_threshold": 0.7876946385201458,
      "ap": 0.9668004633526415,
      "f1": 0.9336016096579478,
      "f1_threshold": 0.7876946385201458,
      "precision": 0.9392712550607287,
      "recall": 0.928
    },
    "euclidean": {
      "accuracy": 0.9986930693069307,
      "accuracy_threshold": 0.6516215568691137,
      "ap": 0.9668004633526415,
      "f1": 0.9336016096579478,
      "f1_threshold": 0.6516215568691137,
      "precision": 0.9392712550607287,
      "recall": 0.928
    },
    "evaluation_time": 54.38,
    "manhattan": {
      "accuracy": 0.9987029702970297,
      "accuracy_threshold": 29.556952908672464,
      "ap": 0.9677944707515738,
      "f1": 0.9336708860759494,
      "f1_threshold": 29.661281070080825,
      "precision": 0.9456410256410256,
      "recall": 0.922
    },
    "max": {
      "accuracy": 0.9987029702970297,
      "ap": 0.9677944707515738,
      "f1": 0.9336708860759494
    }
  }
}