{
  "dataset_revision": "4d8694f8f0e0100860b497b999b3dbed754a0513",
  "mteb_dataset_name": "STS16",
  "mteb_version": "1.2.0",
  "test": {
    "cos_sim": {
      "pearson": 0.8610456510215809,
      "spearman": 0.8725526764551341
    },
    "euclidean": {
      "pearson": 0.8657212887272387,
      "spearman": 0.8725526764551341
    },
    "evaluation_time": 0.48,
    "manhattan": {
      "pearson": 0.8650392619815707,
      "spearman": 0.8727419082744651
    }
  }
}