{
  "dataset_revision": "a0d554a64d88156834ff5ae9920b964011b16384",
  "mteb_dataset_name": "STS12",
  "mteb_version": "1.2.0",
  "test": {
    "cos_sim": {
      "pearson": 0.8581508607327347,
      "spearman": 0.7732841468184245
    },
    "euclidean": {
      "pearson": 0.8218236660216421,
      "spearman": 0.7732841468184245
    },
    "evaluation_time": 1.48,
    "manhattan": {
      "pearson": 0.8271554650270309,
      "spearman": 0.7813832876398107
    }
  }
}