{
  "dataset_revision": "eea2b4fe26a775864c896887d910b76a8098ad3f",
  "mteb_dataset_name": "STS22",
  "mteb_version": "1.2.0",
  "test": {
    "en": {
      "cos_sim": {
        "pearson": 0.684180459282901,
        "spearman": 0.6811835914335452
      },
      "euclidean": {
        "pearson": 0.6990235516013756,
        "spearman": 0.6811835914335452
      },
      "manhattan": {
        "pearson": 0.69934394451452,
        "spearman": 0.6820658207657754
      }
    },
    "evaluation_time": 0.07
  }
}