{
  "dataset_revision": "e8379541af4e31359cca9fbcf4b00f2671dba205",
  "mteb_dataset_name": "AmazonCounterfactualClassification",
  "mteb_version": "1.1.2",
  "test": {
    "en": {
      "accuracy": 0.735820895522388,
      "accuracy_stderr": 0.036062617258809125,
      "ap": 0.36172491792209105,
      "ap_stderr": 0.034757929236675464,
      "f1": 0.6748497382638512,
      "f1_stderr": 0.033958091829258005,
      "main_score": 0.735820895522388
    },
    "evaluation_time": 0.79
  }
}