{
  "dataset_revision": null,
  "mteb_dataset_name": "ArguAna",
  "mteb_version": "1.1.2",
  "test": {
    "evaluation_time": 2.48,
    "map_at_1": 0.38407,
    "map_at_10": 0.55356,
    "map_at_100": 0.55904,
    "map_at_1000": 0.55908,
    "map_at_3": 0.51043,
    "map_at_5": 0.53803,
    "mrr_at_1": 0.39331,
    "mrr_at_10": 0.557,
    "mrr_at_100": 0.56247,
    "mrr_at_1000": 0.56251,
    "mrr_at_3": 0.51411,
    "mrr_at_5": 0.5411,
    "ndcg_at_1": 0.38407,
    "ndcg_at_10": 0.63841,
    "ndcg_at_100": 0.65935,
    "ndcg_at_1000": 0.66016,
    "ndcg_at_3": 0.55193,
    "ndcg_at_5": 0.6014,
    "precision_at_1": 0.38407,
    "precision_at_10": 0.09047,
    "precision_at_100": 0.00991,
    "precision_at_1000": 0.001,
    "precision_at_3": 0.22404,
    "precision_at_5": 0.15832,
    "recall_at_1": 0.38407,
    "recall_at_10": 0.90469,
    "recall_at_100": 0.99075,
    "recall_at_1000": 0.99644,
    "recall_at_3": 0.67212,
    "recall_at_5": 0.79161
  }
}