{
  "dataset_revision": null,
  "mteb_dataset_name": "SciFact",
  "mteb_version": "1.1.2",
  "test": {
    "evaluation_time": 1.07,
    "map_at_1": 0.61761,
    "map_at_10": 0.70973,
    "map_at_100": 0.71383,
    "map_at_1000": 0.71403,
    "map_at_3": 0.67663,
    "map_at_5": 0.69581,
    "mrr_at_1": 0.64667,
    "mrr_at_10": 0.7184,
    "mrr_at_100": 0.72176,
    "mrr_at_1000": 0.72194,
    "mrr_at_3": 0.69333,
    "mrr_at_5": 0.70867,
    "ndcg_at_1": 0.64667,
    "ndcg_at_10": 0.7543,
    "ndcg_at_100": 0.77325,
    "ndcg_at_1000": 0.77716,
    "ndcg_at_3": 0.69814,
    "ndcg_at_5": 0.72631,
    "precision_at_1": 0.64667,
    "precision_at_10": 0.10033,
    "precision_at_100": 0.011,
    "precision_at_1000": 0.00113,
    "precision_at_3": 0.26889,
    "precision_at_5": 0.18,
    "recall_at_1": 0.61761,
    "recall_at_10": 0.88322,
    "recall_at_100": 0.97167,
    "recall_at_1000": 1.0,
    "recall_at_3": 0.73283,
    "recall_at_5": 0.80244
  }
}