{
  "dataset_revision": "70970daeab8776df92f5ea462b6173c0b46fd2d1",
  "mteb_dataset_name": "TwitterSemEval2015",
  "mteb_version": "1.1.2",
  "test": {
    "cos_sim": {
      "accuracy": 0.8775704833998927,
      "accuracy_threshold": 0.7352409021914849,
      "ap": 0.7888621317776666,
      "f1": 0.7212787212787213,
      "f1_threshold": 0.6966655108682848,
      "precision": 0.6846846846846847,
      "recall": 0.7620052770448549
    },
    "dot": {
      "accuracy": 0.8611789950527508,
      "accuracy_threshold": 0.46646098443769335,
      "ap": 0.741565855968157,
      "f1": 0.683903045369795,
      "f1_threshold": 0.4290954279527066,
      "precision": 0.6465334900117509,
      "recall": 0.7258575197889182
    },
    "euclidean": {
      "accuracy": 0.8784049591702927,
      "accuracy_threshold": 0.5744373011175234,
      "ap": 0.7940240685162301,
      "f1": 0.724905183312263,
      "f1_threshold": 0.6086796624133053,
      "precision": 0.695873786407767,
      "recall": 0.7564643799472296
    },
    "evaluation_time": 2.42,
    "manhattan": {
      "accuracy": 0.8694045419324075,
      "accuracy_threshold": 12.214697142648419,
      "ap": 0.7719440688888435,
      "f1": 0.7069791531788165,
      "f1_threshold": 12.889633261696837,
      "precision": 0.6941266209000763,
      "recall": 0.7203166226912929
    },
    "max": {
      "accuracy": 0.8784049591702927,
      "ap": 0.7940240685162301,
      "f1": 0.724905183312263
    }
  }
}