{
  "dataset_revision": "0fd18e25b25c072e09e0d92ab615fda904d66300",
  "mteb_dataset_name": "Banking77Classification",
  "mteb_version": "1.2.0",
  "test": {
    "accuracy": 0.850422077922078,
    "accuracy_stderr": 0.005525302506239946,
    "evaluation_time": 31.53,
    "f1": 0.8449390323245984,
    "f1_stderr": 0.006457613045541604,
    "main_score": 0.850422077922078
  }
}