{
  "dataset_revision": "7e90230a92c190f1bf69ae9002b8cea547a64cca",
  "mteb_dataset_name": "STS13",
  "mteb_version": "1.2.0",
  "test": {
    "cos_sim": {
      "pearson": 0.8823646532703507,
      "spearman": 0.8903247349307258
    },
    "euclidean": {
      "pearson": 0.8816972841682209,
      "spearman": 0.8903247349307258
    },
    "evaluation_time": 0.48,
    "manhattan": {
      "pearson": 0.8807049017502085,
      "spearman": 0.8891498051745473
    }
  }
}