{
  "dataset_revision": "af5e6fb845001ecf41f4c1e033ce921939a2a68d",
  "mteb_dataset_name": "STS17",
  "mteb_version": "1.1.2",
  "test": {
    "en-en": {
      "cos_sim": {
        "pearson": 0.9016073395845909,
        "spearman": 0.8998450339089109
      },
      "euclidean": {
        "pearson": 0.9057958754444487,
        "spearman": 0.8998450339089109
      },
      "manhattan": {
        "pearson": 0.9055410650783369,
        "spearman": 0.9007253020108704
      }
    },
    "evaluation_time": 1.07
  }
}