{
  "dataset_revision": "4f58c6b202a23cf9a4da393831edf4f9183cad37",
  "mteb_dataset_name": "EmotionClassification",
  "mteb_version": "1.1.2",
  "test": {
    "accuracy": 0.56145,
    "accuracy_stderr": 0.022376829534140885,
    "evaluation_time": 0.56,
    "f1": 0.497418118950866,
    "f1_stderr": 0.011937379047461626,
    "main_score": 0.56145
  }
}