{
  "dataset_revision": "a0d554a64d88156834ff5ae9920b964011b16384",
  "mteb_dataset_name": "STS12",
  "mteb_version": "1.1.2",
  "test": {
    "cos_sim": {
      "pearson": 0.8494887296610197,
      "spearman": 0.7590090768140465
    },
    "euclidean": {
      "pearson": 0.8468227742755906,
      "spearman": 0.7868209267287425
    },
    "evaluation_time": 0.41,
    "manhattan": {
      "pearson": 0.8068353334915193,
      "spearman": 0.7816213794595178
    }
  }
}