{
  "dataset_revision": "eea2b4fe26a775864c896887d910b76a8098ad3f",
  "mteb_dataset_name": "STS22",
  "mteb_version": "1.1.2",
  "test": {
    "en": {
      "cos_sim": {
        "pearson": 0.7123972040106388,
        "spearman": 0.7119680236213717
      },
      "euclidean": {
        "pearson": 0.7184685263601335,
        "spearman": 0.7084985184153781
      },
      "manhattan": {
        "pearson": 0.7178844722230264,
        "spearman": 0.7067194101863606
      }
    },
    "evaluation_time": 0.65
  }
}