{
  "dataset_revision": "4f58c6b202a23cf9a4da393831edf4f9183cad37",
  "mteb_dataset_name": "EmotionClassification",
  "mteb_version": "1.1.2",
  "test": {
    "accuracy": 0.5622499999999999,
    "accuracy_stderr": 0.023297263787835688,
    "evaluation_time": 0.49,
    "f1": 0.4983177320686848,
    "f1_stderr": 0.01356168002676826,
    "main_score": 0.5622499999999999
  }
}