{
  "dataset_revision": "ae752c7c21bf194d8b67fd573edf7ae58183cbe3",
  "mteb_dataset_name": "STS15",
  "mteb_version": "1.1.2",
  "test": {
    "cos_sim": {
      "pearson": 0.8790778932451562,
      "spearman": 0.8911955150415263
    },
    "euclidean": {
      "pearson": 0.8982470641037582,
      "spearman": 0.9044900342871681
    },
    "evaluation_time": 0.45,
    "manhattan": {
      "pearson": 0.8773388729474675,
      "spearman": 0.8861251081050512
    }
  }
}