{
  "dataset_revision": "0fd18e25b25c072e09e0d92ab615fda904d66300",
  "mteb_dataset_name": "Banking77Classification",
  "mteb_version": "1.4.1",
  "test": {
    "accuracy": 0.8505519480519481,
    "accuracy_stderr": 0.0045176561850112755,
    "evaluation_time": 12.0,
    "f1": 0.8447094143948632,
    "f1_stderr": 0.005582387376969641,
    "main_score": 0.8505519480519481
  }
}