{
  "dataset_revision": "eea2b4fe26a775864c896887d910b76a8098ad3f",
  "mteb_dataset_name": "STS22",
  "mteb_version": "1.2.0",
  "test": {
    "en": {
      "cos_sim": {
        "pearson": 0.68266433110697,
        "spearman": 0.698214524096135
      },
      "euclidean": {
        "pearson": 0.7051429239642768,
        "spearman": 0.6953676253838278
      },
      "manhattan": {
        "pearson": 0.708546348061296,
        "spearman": 0.6964720397785108
      }
    },
    "evaluation_time": 0.05
  }
}