{
  "dataset_revision": "4f58c6b202a23cf9a4da393831edf4f9183cad37",
  "mteb_dataset_name": "EmotionClassification",
  "mteb_version": "1.1.2",
  "test": {
    "accuracy": 0.56035,
    "accuracy_stderr": 0.02342119766365502,
    "evaluation_time": 0.8,
    "f1": 0.4962614510481157,
    "f1_stderr": 0.013955959689668375,
    "main_score": 0.56035
  }
}