{
  "dataset_revision": "4d8694f8f0e0100860b497b999b3dbed754a0513",
  "mteb_dataset_name": "STS16",
  "mteb_version": "1.1.2",
  "test": {
    "cos_sim": {
      "pearson": 0.8426116196310112,
      "spearman": 0.8567012982535095
    },
    "euclidean": {
      "pearson": 0.8662309259249394,
      "spearman": 0.8723976338385515
    },
    "evaluation_time": 0.3,
    "manhattan": {
      "pearson": 0.859792043008715,
      "spearman": 0.8671448355208273
    }
  }
}