{
  "dataset_revision": "0fd18e25b25c072e09e0d92ab615fda904d66300",
  "mteb_dataset_name": "Banking77Classification",
  "mteb_version": "1.1.2",
  "test": {
    "accuracy": 0.8485064935064935,
    "accuracy_stderr": 0.005471911131891465,
    "evaluation_time": 32.93,
    "f1": 0.8429785895785308,
    "f1_stderr": 0.006412516511023326,
    "main_score": 0.8485064935064935
  }
}