{
  "dataset_revision": "3d86128a09e091d6018b6d26cad27f2739fc2db7",
  "mteb_dataset_name": "ImdbClassification",
  "mteb_version": "1.2.0",
  "test": {
    "accuracy": 0.9435880000000001,
    "accuracy_stderr": 0.0035707724654477635,
    "ap": 0.9170836808052126,
    "ap_stderr": 0.00869182037937369,
    "evaluation_time": 14.53,
    "f1": 0.9435650534976704,
    "f1_stderr": 0.0035867922244478133,
    "main_score": 0.9435880000000001
  }
}