{
  "dataset_revision": "7e90230a92c190f1bf69ae9002b8cea547a64cca",
  "mteb_dataset_name": "STS13",
  "mteb_version": "1.2.0",
  "test": {
    "cos_sim": {
      "pearson": 0.8729300181482523,
      "spearman": 0.8754619527014237
    },
    "euclidean": {
      "pearson": 0.8680478192092981,
      "spearman": 0.8754619527014237
    },
    "evaluation_time": 0.61,
    "manhattan": {
      "pearson": 0.874214914857028,
      "spearman": 0.8820378455849796
    }
  }
}