{
  "dataset_revision": "b0fddb56ed78048fa8b90373c8a3cfc37b684831",
  "mteb_dataset_name": "STSBenchmark",
  "mteb_version": "1.2.0",
  "test": {
    "cos_sim": {
      "pearson": 0.8804956772907879,
      "spearman": 0.8916841020743664
    },
    "euclidean": {
      "pearson": 0.8897739059753603,
      "spearman": 0.8916841020743664
    },
    "evaluation_time": 0.37,
    "manhattan": {
      "pearson": 0.8887918444097415,
      "spearman": 0.8904192652050245
    }
  }
}