{
  "dataset_revision": "4f58c6b202a23cf9a4da393831edf4f9183cad37",
  "mteb_dataset_name": "EmotionClassification",
  "mteb_version": "1.1.2",
  "test": {
    "accuracy": 0.5669,
    "accuracy_stderr": 0.01771411866280678,
    "evaluation_time": 1.08,
    "f1": 0.5058657804067083,
    "f1_stderr": 0.008402225185189767,
    "main_score": 0.5669
  }
}