{
  "dataset_revision": "e8379541af4e31359cca9fbcf4b00f2671dba205",
  "mteb_dataset_name": "AmazonCounterfactualClassification",
  "mteb_version": "1.1.2",
  "test": {
    "en": {
      "accuracy": 0.7571641791044776,
      "accuracy_stderr": 0.03549635318352396,
      "ap": 0.38892944109028094,
      "ap_stderr": 0.037076402126953616,
      "f1": 0.6976052772717802,
      "f1_stderr": 0.03338976059232058,
      "main_score": 0.7571641791044776
    },
    "evaluation_time": 0.72
  }
}