{
  "dataset_revision": "4d8694f8f0e0100860b497b999b3dbed754a0513",
  "mteb_dataset_name": "STS16",
  "mteb_version": "1.1.2",
  "test": {
    "cos_sim": {
      "pearson": 0.8270108028673622,
      "spearman": 0.8490067757384767
    },
    "euclidean": {
      "pearson": 0.8559575180788007,
      "spearman": 0.8593150009631598
    },
    "evaluation_time": 0.11,
    "manhattan": {
      "pearson": 0.8557712526201554,
      "spearman": 0.8593682567301556
    }
  }
}