{
  "dataset_revision": "eea2b4fe26a775864c896887d910b76a8098ad3f",
  "mteb_dataset_name": "STS22",
  "mteb_version": "1.1.2",
  "test": {
    "en": {
      "cos_sim": {
        "pearson": 0.6798515630492362,
        "spearman": 0.6947555991312107
      },
      "euclidean": {
        "pearson": 0.7082370013217558,
        "spearman": 0.6994735727833675
      },
      "manhattan": {
        "pearson": 0.7111930144538358,
        "spearman": 0.696882227586116
      }
    },
    "evaluation_time": 0.04
  }
}