{
  "dataset_revision": "70970daeab8776df92f5ea462b6173c0b46fd2d1",
  "mteb_dataset_name": "TwitterSemEval2015",
  "mteb_version": "1.1.2",
  "test": {
    "cos_sim": {
      "accuracy": 0.8738153424330929,
      "accuracy_threshold": 0.745035916606793,
      "ap": 0.7797194593631704,
      "f1": 0.7136645144287785,
      "f1_threshold": 0.7213434913890486,
      "precision": 0.7128191629376152,
      "recall": 0.7145118733509235
    },
    "dot": {
      "accuracy": 0.8523573940513799,
      "accuracy_threshold": 0.5171839439942653,
      "ap": 0.7160099095688831,
      "f1": 0.657626275192834,
      "f1_threshold": 0.47507944867893315,
      "precision": 0.6221751412429378,
      "recall": 0.6973614775725594
    },
    "euclidean": {
      "accuracy": 0.87536508314955,
      "accuracy_threshold": 0.5946620264710789,
      "ap": 0.7844572789653532,
      "f1": 0.7158163265306123,
      "f1_threshold": 0.6252870568147413,
      "precision": 0.6928395061728395,
      "recall": 0.7403693931398417
    },
    "evaluation_time": 0.63,
    "manhattan": {
      "accuracy": 0.8692257256958932,
      "accuracy_threshold": 9.372222633507661,
      "ap": 0.7665825866130411,
      "f1": 0.6987676280015246,
      "f1_threshold": 10.116757752833355,
      "precision": 0.6738544474393531,
      "recall": 0.7255936675461742
    },
    "max": {
      "accuracy": 0.87536508314955,
      "ap": 0.7844572789653532,
      "f1": 0.7158163265306123
    }
  }
}