{
  "dataset_revision": "4ffe81d471b1924886b33c7567bfb200e9eec5c4",
  "mteb_dataset_name": "CQADupstackWordpressRetrieval",
  "mteb_version": "1.2.0",
  "test": {
    "evaluation_time": 63.54,
    "map_at_1": 0.25237,
    "map_at_10": 0.33604,
    "map_at_100": 0.34569,
    "map_at_1000": 0.34668,
    "map_at_3": 0.31031,
    "map_at_5": 0.32417,
    "mrr_at_1": 0.27172,
    "mrr_at_10": 0.35689,
    "mrr_at_100": 0.36518,
    "mrr_at_1000": 0.36592,
    "mrr_at_3": 0.33457,
    "mrr_at_5": 0.34621,
    "ndcg_at_1": 0.27172,
    "ndcg_at_10": 0.38578,
    "ndcg_at_100": 0.43244,
    "ndcg_at_1000": 0.4582,
    "ndcg_at_3": 0.33665,
    "ndcg_at_5": 0.35891,
    "precision_at_1": 0.27172,
    "precision_at_10": 0.05989,
    "precision_at_100": 0.00891,
    "precision_at_1000": 0.00123,
    "precision_at_3": 0.14356,
    "precision_at_5": 0.10018,
    "recall_at_1": 0.25237,
    "recall_at_10": 0.51885,
    "recall_at_100": 0.73187,
    "recall_at_1000": 0.92391,
    "recall_at_3": 0.38475,
    "recall_at_5": 0.43848
  }
}