{
  "dataset_revision": "6c6430d3a6d36f8d2a829195bc5dc94d7e063e53",
  "mteb_dataset_name": "CQADupstackUnixRetrieval",
  "mteb_version": "1.2.0",
  "test": {
    "evaluation_time": 61.95,
    "map_at_1": 0.31206,
    "map_at_10": 0.40609,
    "map_at_100": 0.41823,
    "map_at_1000": 0.41915,
    "map_at_3": 0.37479,
    "map_at_5": 0.39358,
    "mrr_at_1": 0.36381,
    "mrr_at_10": 0.44693,
    "mrr_at_100": 0.45557,
    "mrr_at_1000": 0.45604,
    "mrr_at_3": 0.42055,
    "mrr_at_5": 0.4365,
    "ndcg_at_1": 0.36381,
    "ndcg_at_10": 0.46088,
    "ndcg_at_100": 0.51375,
    "ndcg_at_1000": 0.53342,
    "ndcg_at_3": 0.40677,
    "ndcg_at_5": 0.43422,
    "precision_at_1": 0.36381,
    "precision_at_10": 0.07687,
    "precision_at_100": 0.01159,
    "precision_at_1000": 0.00143,
    "precision_at_3": 0.1819,
    "precision_at_5": 0.12966,
    "recall_at_1": 0.31206,
    "recall_at_10": 0.58562,
    "recall_at_100": 0.81125,
    "recall_at_1000": 0.9472,
    "recall_at_3": 0.44026,
    "recall_at_5": 0.508
  }
}