{
  "dataset_revision": "ae752c7c21bf194d8b67fd573edf7ae58183cbe3",
  "mteb_dataset_name": "STS15",
  "mteb_version": "1.1.2",
  "test": {
    "cos_sim": {
      "pearson": 0.893928376970013,
      "spearman": 0.9037756172302825
    },
    "euclidean": {
      "pearson": 0.8969708306397581,
      "spearman": 0.9037756172302825
    },
    "evaluation_time": 2.32,
    "manhattan": {
      "pearson": 0.8967917168457064,
      "spearman": 0.9036719081848749
    }
  }
}