{
  "dataset_revision": "a0d554a64d88156834ff5ae9920b964011b16384",
  "mteb_dataset_name": "STS12",
  "mteb_version": "1.2.0",
  "test": {
    "cos_sim": {
      "pearson": 0.8577133213377512,
      "spearman": 0.7678758852157199
    },
    "euclidean": {
      "pearson": 0.8274149328935677,
      "spearman": 0.7678758852157199
    },
    "evaluation_time": 1.75,
    "manhattan": {
      "pearson": 0.8351024602829346,
      "spearman": 0.7753553133142667
    }
  }
}