{
  "dataset_revision": "ae752c7c21bf194d8b67fd573edf7ae58183cbe3",
  "mteb_dataset_name": "STS15",
  "mteb_version": "1.1.2",
  "test": {
    "cos_sim": {
      "pearson": 0.8780280522262556,
      "spearman": 0.8910785732826222
    },
    "euclidean": {
      "pearson": 0.8970946273006694,
      "spearman": 0.9027575370687542
    },
    "evaluation_time": 0.71,
    "manhattan": {
      "pearson": 0.8821189166492296,
      "spearman": 0.8907147092500235
    }
  }
}