{
  "dataset_revision": "31efe3c427b0bae9c22cbb560b8f15491cc6bed7",
  "mteb_dataset_name": "MassiveIntentClassification",
  "mteb_version": "1.1.2",
  "test": {
    "en": {
      "accuracy": 0.7385339609952926,
      "accuracy_stderr": 0.01624057915228075,
      "f1": 0.721764659733757,
      "f1_stderr": 0.013133256352718703,
      "main_score": 0.7385339609952926
    },
    "evaluation_time": 13.03
  }
}