{
  "dataset_revision": "4d8694f8f0e0100860b497b999b3dbed754a0513",
  "mteb_dataset_name": "STS16",
  "mteb_version": "1.2.0",
  "test": {
    "cos_sim": {
      "pearson": 0.8505211975689967,
      "spearman": 0.8643413865667489
    },
    "euclidean": {
      "pearson": 0.8597551810606148,
      "spearman": 0.8643413865667489
    },
    "evaluation_time": 0.03,
    "manhattan": {
      "pearson": 0.8595993452592982,
      "spearman": 0.8643630909277722
    }
  }
}