{
  "dataset_revision": "1399c76144fd37290681b995c656ef9b2e06e26d",
  "mteb_dataset_name": "AmazonReviewsClassification",
  "mteb_version": "1.2.0",
  "test": {
    "en": {
      "accuracy": 0.5094,
      "accuracy_stderr": 0.010282412168358155,
      "f1": 0.4989524246534976,
      "f1_stderr": 0.01555594041251543,
      "main_score": 0.5094
    },
    "evaluation_time": 3.35
  }
}