{
  "dataset_revision": "4ffe81d471b1924886b33c7567bfb200e9eec5c4",
  "mteb_dataset_name": "CQADupstackWordpressRetrieval",
  "mteb_version": "1.2.0",
  "test": {
    "evaluation_time": 19.15,
    "map_at_1": 0.22317,
    "map_at_10": 0.30814,
    "map_at_100": 0.31715,
    "map_at_1000": 0.31821,
    "map_at_3": 0.28065,
    "map_at_5": 0.29724,
    "mrr_at_1": 0.24214,
    "mrr_at_10": 0.32935,
    "mrr_at_100": 0.33731,
    "mrr_at_1000": 0.33808,
    "mrr_at_3": 0.30314,
    "mrr_at_5": 0.31969,
    "ndcg_at_1": 0.24214,
    "ndcg_at_10": 0.35872,
    "ndcg_at_100": 0.40357,
    "ndcg_at_1000": 0.42941,
    "ndcg_at_3": 0.30667,
    "ndcg_at_5": 0.33456,
    "precision_at_1": 0.24214,
    "precision_at_10": 0.05712,
    "precision_at_100": 0.00854,
    "precision_at_1000": 0.00119,
    "precision_at_3": 0.13185,
    "precision_at_5": 0.09612,
    "recall_at_1": 0.22317,
    "recall_at_10": 0.49345,
    "recall_at_100": 0.69909,
    "recall_at_1000": 0.89,
    "recall_at_3": 0.35705,
    "recall_at_5": 0.42211
  }
}