{
  "dataset_revision": "ec0fa4fe99da2ff19ca1214b7966684033a58814",
  "mteb_dataset_name": "NFCorpus",
  "mteb_version": "1.2.0",
  "test": {
    "evaluation_time": 1.6,
    "map_at_1": 0.07056,
    "map_at_10": 0.15206,
    "map_at_100": 0.19489,
    "map_at_1000": 0.21131,
    "map_at_3": 0.11276,
    "map_at_5": 0.12822,
    "mrr_at_1": 0.49536,
    "mrr_at_10": 0.5853,
    "mrr_at_100": 0.59077,
    "mrr_at_1000": 0.59114,
    "mrr_at_3": 0.56398,
    "mrr_at_5": 0.57683,
    "ndcg_at_1": 0.47988,
    "ndcg_at_10": 0.38547,
    "ndcg_at_100": 0.36084,
    "ndcg_at_1000": 0.45135,
    "ndcg_at_3": 0.43865,
    "ndcg_at_5": 0.41063,
    "precision_at_1": 0.49536,
    "precision_at_10": 0.28297,
    "precision_at_100": 0.09105,
    "precision_at_1000": 0.02239,
    "precision_at_3": 0.4066,
    "precision_at_5": 0.34923,
    "recall_at_1": 0.07056,
    "recall_at_10": 0.19787,
    "recall_at_100": 0.36531,
    "recall_at_1000": 0.69561,
    "recall_at_3": 0.12355,
    "recall_at_5": 0.14824
  }
}