{
  "dataset_revision": "af5e6fb845001ecf41f4c1e033ce921939a2a68d",
  "mteb_dataset_name": "STS17",
  "mteb_version": "1.2.0",
  "test": {
    "en-en": {
      "cos_sim": {
        "pearson": 0.8960879556435513,
        "spearman": 0.8949574317620062
      },
      "euclidean": {
        "pearson": 0.8987778380937318,
        "spearman": 0.8949574317620062
      },
      "manhattan": {
        "pearson": 0.9029574688741435,
        "spearman": 0.8991035329618894
      }
    },
    "evaluation_time": 0.34
  }
}