{
  "dataset_revision": "70970daeab8776df92f5ea462b6173c0b46fd2d1",
  "mteb_dataset_name": "TwitterSemEval2015",
  "mteb_version": "1.1.2",
  "test": {
    "cos_sim": {
      "accuracy": 0.8763187697442928,
      "accuracy_threshold": 0.828449089766975,
      "ap": 0.7916335178152609,
      "f1": 0.7223419085033582,
      "f1_threshold": 0.7974546656087724,
      "precision": 0.6949524506217996,
      "recall": 0.7519788918205804
    },
    "dot": {
      "accuracy": 0.8763187697442928,
      "accuracy_threshold": 0.8284490897669754,
      "ap": 0.7916335178152609,
      "f1": 0.7223419085033582,
      "f1_threshold": 0.7974546656087727,
      "precision": 0.6949524506217996,
      "recall": 0.7519788918205804
    },
    "euclidean": {
      "accuracy": 0.8763187697442928,
      "accuracy_threshold": 0.5857489394198334,
      "ap": 0.7916335178152609,
      "f1": 0.7223419085033582,
      "f1_threshold": 0.6364673339858887,
      "precision": 0.6949524506217996,
      "recall": 0.7519788918205804
    },
    "evaluation_time": 20.8,
    "manhattan": {
      "accuracy": 0.8764379805686356,
      "accuracy_threshold": 32.971608840542224,
      "ap": 0.7908101613777254,
      "f1": 0.7211857909532327,
      "f1_threshold": 35.04802049511485,
      "precision": 0.699207135777998,
      "recall": 0.7445910290237467
    },
    "max": {
      "accuracy": 0.8764379805686356,
      "ap": 0.7916335178152609,
      "f1": 0.7223419085033582
    }
  }
}