{
  "dataset_revision": "eea2b4fe26a775864c896887d910b76a8098ad3f",
  "mteb_dataset_name": "STS22",
  "mteb_version": "1.1.2",
  "test": {
    "en": {
      "cos_sim": {
        "pearson": 0.686755477103847,
        "spearman": 0.6911469230619226
      },
      "euclidean": {
        "pearson": 0.7055189319611237,
        "spearman": 0.6958185064263145
      },
      "manhattan": {
        "pearson": 0.7014680364542754,
        "spearman": 0.6834119529756543
      }
    },
    "evaluation_time": 0.07
  }
}