{
  "dataset_revision": "70970daeab8776df92f5ea462b6173c0b46fd2d1",
  "mteb_dataset_name": "TwitterSemEval2015",
  "mteb_version": "1.1.2",
  "test": {
    "cos_sim": {
      "accuracy": 0.8767360076294928,
      "accuracy_threshold": 0.7314575227468205,
      "ap": 0.787641797829238,
      "f1": 0.7204684317718941,
      "f1_threshold": 0.7017622122684818,
      "precision": 0.6960157402852927,
      "recall": 0.7467018469656992
    },
    "dot": {
      "accuracy": 0.8638612386004649,
      "accuracy_threshold": 0.5229494793248732,
      "ap": 0.7462867081241931,
      "f1": 0.6872852233676976,
      "f1_threshold": 0.48120613621701874,
      "precision": 0.6424965580541533,
      "recall": 0.7387862796833773
    },
    "euclidean": {
      "accuracy": 0.8784645645824641,
      "accuracy_threshold": 0.6006304113143177,
      "ap": 0.7937142010942556,
      "f1": 0.7235278584631634,
      "f1_threshold": 0.6337633971145997,
      "precision": 0.7241014799154334,
      "recall": 0.7229551451187335
    },
    "evaluation_time": 1.99,
    "manhattan": {
      "accuracy": 0.8676163795672647,
      "accuracy_threshold": 13.483326963049095,
      "ap": 0.7675291674856644,
      "f1": 0.7009055627425614,
      "f1_threshold": 14.136005317323512,
      "precision": 0.6875634517766498,
      "recall": 0.7147757255936675
    },
    "max": {
      "accuracy": 0.8784645645824641,
      "ap": 0.7937142010942556,
      "f1": 0.7235278584631634
    }
  }
}