{
  "dataset_revision": "e8379541af4e31359cca9fbcf4b00f2671dba205",
  "mteb_dataset_name": "AmazonCounterfactualClassification",
  "mteb_version": "1.2.0",
  "test": {
    "en": {
      "accuracy": 0.7870149253731344,
      "accuracy_stderr": 0.03635822120922277,
      "ap": 0.429951466691993,
      "ap_stderr": 0.044001499276991894,
      "f1": 0.7293186013586885,
      "f1_stderr": 0.03517936823346211,
      "main_score": 0.7870149253731344
    },
    "evaluation_time": 4.08
  }
}