{
  "dataset_revision": "70970daeab8776df92f5ea462b6173c0b46fd2d1",
  "mteb_dataset_name": "TwitterSemEval2015",
  "mteb_version": "1.2.0",
  "test": {
    "cos_sim": {
      "accuracy": 0.8742921857304643,
      "accuracy_threshold": 0.7478640719924636,
      "ap": 0.7812263346197801,
      "f1": 0.7141305659466636,
      "f1_threshold": 0.6924576411988599,
      "precision": 0.6579942183678008,
      "recall": 0.7807387862796834
    },
    "dot": {
      "accuracy": 0.858675567741551,
      "accuracy_threshold": 0.38661631989985346,
      "ap": 0.7317227276602126,
      "f1": 0.6800694961528916,
      "f1_threshold": 0.35492948797764795,
      "precision": 0.6419868791002812,
      "recall": 0.7229551451187335
    },
    "euclidean": {
      "accuracy": 0.8733384991357215,
      "accuracy_threshold": 0.5145310814116311,
      "ap": 0.7804340829451298,
      "f1": 0.7136704811123415,
      "f1_threshold": 0.5513548489546427,
      "precision": 0.6686649757897164,
      "recall": 0.7651715039577837
    },
    "evaluation_time": 2.55,
    "manhattan": {
      "accuracy": 0.8705370447636646,
      "accuracy_threshold": 8.549562517638009,
      "ap": 0.7730481352538585,
      "f1": 0.7080520732883318,
      "f1_threshold": 9.419194293792682,
      "precision": 0.651797603195739,
      "recall": 0.774934036939314
    },
    "max": {
      "accuracy": 0.8742921857304643,
      "ap": 0.7812263346197801,
      "f1": 0.7141305659466636
    }
  }
}