{
  "dataset_revision": "af5e6fb845001ecf41f4c1e033ce921939a2a68d",
  "mteb_dataset_name": "STS17",
  "mteb_version": "1.1.2",
  "test": {
    "en-en": {
      "cos_sim": {
        "pearson": 0.8823268874275442,
        "spearman": 0.89080671780351
      },
      "euclidean": {
        "pearson": 0.8910082864782821,
        "spearman": 0.8808696825616983
      },
      "manhattan": {
        "pearson": 0.8965714878133083,
        "spearman": 0.8868581964308788
      }
    },
    "evaluation_time": 0.05
  }
}