{
  "dataset_revision": null,
  "mteb_dataset_name": "ArguAna",
  "mteb_version": "1.1.2",
  "test": {
    "evaluation_time": 1.25,
    "map_at_1": 0.41607,
    "map_at_10": 0.57722,
    "map_at_100": 0.58246,
    "map_at_1000": 0.5825,
    "map_at_3": 0.53687,
    "map_at_5": 0.56304,
    "mrr_at_1": 0.4239,
    "mrr_at_10": 0.58003,
    "mrr_at_100": 0.58528,
    "mrr_at_1000": 0.58531,
    "mrr_at_3": 0.54054,
    "mrr_at_5": 0.56586,
    "ndcg_at_1": 0.41607,
    "ndcg_at_10": 0.65738,
    "ndcg_at_100": 0.67752,
    "ndcg_at_1000": 0.6782,
    "ndcg_at_3": 0.57719,
    "ndcg_at_5": 0.62375,
    "precision_at_1": 0.41607,
    "precision_at_10": 0.09083,
    "precision_at_100": 0.00991,
    "precision_at_1000": 0.001,
    "precision_at_3": 0.23139,
    "precision_at_5": 0.16117,
    "recall_at_1": 0.41607,
    "recall_at_10": 0.90825,
    "recall_at_100": 0.99147,
    "recall_at_1000": 0.99644,
    "recall_at_3": 0.69417,
    "recall_at_5": 0.80583
  }
}