{
  "dataset_revision": "af5e6fb845001ecf41f4c1e033ce921939a2a68d",
  "mteb_dataset_name": "STS17",
  "mteb_version": "1.1.2",
  "test": {
    "en-en": {
      "cos_sim": {
        "pearson": 0.889024029324556,
        "spearman": 0.8933798683163988
      },
      "euclidean": {
        "pearson": 0.8990549826042175,
        "spearman": 0.8917669403880928
      },
      "manhattan": {
        "pearson": 0.8892893257318493,
        "spearman": 0.878215808773084
      }
    },
    "evaluation_time": 0.02
  }
}