{
  "dataset_revision": "eea2b4fe26a775864c896887d910b76a8098ad3f",
  "mteb_dataset_name": "STS22",
  "mteb_version": "1.1.2",
  "test": {
    "en": {
      "cos_sim": {
        "pearson": 0.6811488960493317,
        "spearman": 0.6929301006144284
      },
      "euclidean": {
        "pearson": 0.7029887375726799,
        "spearman": 0.6929040569441043
      },
      "manhattan": {
        "pearson": 0.7079926107226037,
        "spearman": 0.6974828597329663
      }
    },
    "evaluation_time": 0.02
  }
}