{
  "dataset_revision": "0fd18e25b25c072e09e0d92ab615fda904d66300",
  "mteb_dataset_name": "Banking77Classification",
  "mteb_version": "1.1.2",
  "test": {
    "accuracy": 0.8482792207792208,
    "accuracy_stderr": 0.00587482931644704,
    "evaluation_time": 11.73,
    "f1": 0.8433035666706091,
    "f1_stderr": 0.006645662552706053,
    "main_score": 0.8482792207792208
  }
}