{
  "dataset_revision": "ae752c7c21bf194d8b67fd573edf7ae58183cbe3",
  "mteb_dataset_name": "STS15",
  "mteb_version": "1.1.2",
  "test": {
    "cos_sim": {
      "pearson": 0.8759314101995355,
      "spearman": 0.8859073123923553
    },
    "euclidean": {
      "pearson": 0.885264093554161,
      "spearman": 0.8908610366990735
    },
    "evaluation_time": 0.26,
    "manhattan": {
      "pearson": 0.873706190242395,
      "spearman": 0.8817682294013651
    }
  }
}