{
  "dataset_revision": "0fd18e25b25c072e09e0d92ab615fda904d66300",
  "mteb_dataset_name": "Banking77Classification",
  "mteb_version": "1.1.2",
  "test": {
    "accuracy": 0.8486688311688312,
    "accuracy_stderr": 0.004206895246710901,
    "evaluation_time": 11.55,
    "f1": 0.8424131521951029,
    "f1_stderr": 0.005417531716997315,
    "main_score": 0.8486688311688312
  }
}