{
  "dataset_revision": "a0d554a64d88156834ff5ae9920b964011b16384",
  "mteb_dataset_name": "STS12",
  "mteb_version": "1.1.2",
  "test": {
    "cos_sim": {
      "pearson": 0.8523617695516879,
      "spearman": 0.763175299494779
    },
    "euclidean": {
      "pearson": 0.8459631800774512,
      "spearman": 0.7921266314379349
    },
    "evaluation_time": 0.29,
    "manhattan": {
      "pearson": 0.7977858468232251,
      "spearman": 0.7826362880631437
    }
  }
}