{
  "dataset_revision": "af5e6fb845001ecf41f4c1e033ce921939a2a68d",
  "mteb_dataset_name": "STS17",
  "mteb_version": "1.1.2",
  "test": {
    "en-en": {
      "cos_sim": {
        "pearson": 0.9007972295024143,
        "spearman": 0.9018857951985624
      },
      "euclidean": {
        "pearson": 0.8980349085913333,
        "spearman": 0.8940640941773106
      },
      "manhattan": {
        "pearson": 0.8770868472610063,
        "spearman": 0.8681177113763723
      }
    },
    "evaluation_time": 0.04
  }
}