{
  "dataset_revision": "0fd18e25b25c072e09e0d92ab615fda904d66300",
  "mteb_dataset_name": "Banking77Classification",
  "mteb_version": "1.2.0",
  "test": {
    "accuracy": 0.8427272727272725,
    "accuracy_stderr": 0.005755459689911779,
    "evaluation_time": 10.99,
    "f1": 0.8373012140418629,
    "f1_stderr": 0.006417924508954521,
    "main_score": 0.8427272727272725
  }
}