{
  "dataset_revision": "6184bc1440d2dbc7612be22b50686b8826d22b32",
  "mteb_dataset_name": "CQADupstackProgrammersRetrieval",
  "mteb_version": "1.2.0",
  "test": {
    "evaluation_time": 6.45,
    "map_at_1": 0.30073,
    "map_at_10": 0.41056,
    "map_at_100": 0.42326,
    "map_at_1000": 0.42434,
    "map_at_3": 0.37218,
    "map_at_5": 0.39241,
    "mrr_at_1": 0.36644,
    "mrr_at_10": 0.46462,
    "mrr_at_100": 0.47202,
    "mrr_at_1000": 0.47246,
    "mrr_at_3": 0.43645,
    "mrr_at_5": 0.45135,
    "ndcg_at_1": 0.36644,
    "ndcg_at_10": 0.47556,
    "ndcg_at_100": 0.52694,
    "ndcg_at_1000": 0.54635,
    "ndcg_at_3": 0.41488,
    "ndcg_at_5": 0.44025,
    "precision_at_1": 0.36644,
    "precision_at_10": 0.0887,
    "precision_at_100": 0.01315,
    "precision_at_1000": 0.00166,
    "precision_at_3": 0.19749,
    "precision_at_5": 0.14247,
    "recall_at_1": 0.30073,
    "recall_at_10": 0.61404,
    "recall_at_100": 0.83323,
    "recall_at_1000": 0.95998,
    "recall_at_3": 0.44243,
    "recall_at_5": 0.50921
  }
}