{
  "dataset_revision": "4ffe81d471b1924886b33c7567bfb200e9eec5c4",
  "mteb_dataset_name": "CQADupstackWordpressRetrieval",
  "mteb_version": "1.2.0",
  "test": {
    "evaluation_time": 9.14,
    "map_at_1": 0.23885,
    "map_at_10": 0.33202,
    "map_at_100": 0.34064,
    "map_at_1000": 0.34169,
    "map_at_3": 0.30506,
    "map_at_5": 0.3197,
    "mrr_at_1": 0.25878,
    "mrr_at_10": 0.35343,
    "mrr_at_100": 0.36113,
    "mrr_at_1000": 0.36192,
    "mrr_at_3": 0.32994,
    "mrr_at_5": 0.3427,
    "ndcg_at_1": 0.25878,
    "ndcg_at_10": 0.38389,
    "ndcg_at_100": 0.42751,
    "ndcg_at_1000": 0.45376,
    "ndcg_at_3": 0.33303,
    "ndcg_at_5": 0.35629,
    "precision_at_1": 0.25878,
    "precision_at_10": 0.06063,
    "precision_at_100": 0.00885,
    "precision_at_1000": 0.00122,
    "precision_at_3": 0.14295,
    "precision_at_5": 0.10055,
    "recall_at_1": 0.23885,
    "recall_at_10": 0.522,
    "recall_at_100": 0.72339,
    "recall_at_1000": 0.91824,
    "recall_at_3": 0.38383,
    "recall_at_5": 0.4394
  }
}