{
  "dataset_revision": "65ac3a16b8e91f9cee4c9828cc7c335575432a2a",
  "mteb_dataset_name": "CQADupstackStatsRetrieval",
  "mteb_version": "1.2.0",
  "test": {
    "evaluation_time": 9.0,
    "map_at_1": 0.27787,
    "map_at_10": 0.35113,
    "map_at_100": 0.36044,
    "map_at_1000": 0.36148,
    "map_at_3": 0.32961,
    "map_at_5": 0.34153,
    "mrr_at_1": 0.31288,
    "mrr_at_10": 0.37991,
    "mrr_at_100": 0.3883,
    "mrr_at_1000": 0.38903,
    "mrr_at_3": 0.36145,
    "mrr_at_5": 0.37173,
    "ndcg_at_1": 0.31288,
    "ndcg_at_10": 0.3924,
    "ndcg_at_100": 0.43828,
    "ndcg_at_1000": 0.46277,
    "ndcg_at_3": 0.35395,
    "ndcg_at_5": 0.3721,
    "precision_at_1": 0.31288,
    "precision_at_10": 0.06043,
    "precision_at_100": 0.00902,
    "precision_at_1000": 0.00118,
    "precision_at_3": 0.15082,
    "precision_at_5": 0.10337,
    "recall_at_1": 0.27787,
    "recall_at_10": 0.49,
    "recall_at_100": 0.69839,
    "recall_at_1000": 0.87738,
    "recall_at_3": 0.3828,
    "recall_at_5": 0.42894
  }
}