{
  "dataset_revision": "0228b52cf27578f30900b9e5271d331663a030d7",
  "mteb_dataset_name": "SciFact",
  "mteb_version": "1.2.0",
  "test": {
    "evaluation_time": 0.95,
    "map_at_1": 0.60928,
    "map_at_10": 0.70248,
    "map_at_100": 0.70714,
    "map_at_1000": 0.70727,
    "map_at_3": 0.66769,
    "map_at_5": 0.69052,
    "mrr_at_1": 0.63667,
    "mrr_at_10": 0.70975,
    "mrr_at_100": 0.71354,
    "mrr_at_1000": 0.71365,
    "mrr_at_3": 0.68222,
    "mrr_at_5": 0.70122,
    "ndcg_at_1": 0.63667,
    "ndcg_at_10": 0.74765,
    "ndcg_at_100": 0.76867,
    "ndcg_at_1000": 0.77157,
    "ndcg_at_3": 0.68876,
    "ndcg_at_5": 0.72312,
    "precision_at_1": 0.63667,
    "precision_at_10": 0.1,
    "precision_at_100": 0.01107,
    "precision_at_1000": 0.00113,
    "precision_at_3": 0.26667,
    "precision_at_5": 0.18133,
    "recall_at_1": 0.60928,
    "recall_at_10": 0.87989,
    "recall_at_100": 0.97833,
    "recall_at_1000": 1.0,
    "recall_at_3": 0.72139,
    "recall_at_5": 0.80856
  }
}