{
  "dataset_revision": "a6ea5a8cab320b040a23452cc28066d9beae2cee",
  "mteb_dataset_name": "SICK-R",
  "mteb_version": "1.2.0",
  "test": {
    "cos_sim": {
      "pearson": 0.8621759885614662,
      "spearman": 0.8229766028792954
    },
    "euclidean": {
      "pearson": 0.8330338954318124,
      "spearman": 0.8229766028792954
    },
    "evaluation_time": 0.85,
    "manhattan": {
      "pearson": 0.8310147356508162,
      "spearman": 0.822026058874147
    }
  }
}