{
  "dataset_revision": "a0d554a64d88156834ff5ae9920b964011b16384",
  "mteb_dataset_name": "STS12",
  "mteb_version": "1.1.2",
  "test": {
    "cos_sim": {
      "pearson": 0.8608040022491515,
      "spearman": 0.7767433514242229
    },
    "euclidean": {
      "pearson": 0.8237789020347954,
      "spearman": 0.7767433514242229
    },
    "evaluation_time": 1.44,
    "manhattan": {
      "pearson": 0.8240326561132221,
      "spearman": 0.7785841194757209
    }
  }
}