{
  "dataset_revision": "4f58c6b202a23cf9a4da393831edf4f9183cad37",
  "mteb_dataset_name": "EmotionClassification",
  "mteb_version": "1.1.2",
  "test": {
    "accuracy": 0.5569,
    "accuracy_stderr": 0.025094620937563487,
    "evaluation_time": 1.07,
    "f1": 0.4936967572493967,
    "f1_stderr": 0.015227079059956945,
    "main_score": 0.5569
  }
}