{
  "dataset_revision": null,
  "mteb_dataset_name": "SciFact",
  "mteb_version": "1.1.2",
  "test": {
    "evaluation_time": 1.09,
    "map_at_1": 0.61428,
    "map_at_10": 0.70485,
    "map_at_100": 0.7098,
    "map_at_1000": 0.70999,
    "map_at_3": 0.67274,
    "map_at_5": 0.69109,
    "mrr_at_1": 0.64333,
    "mrr_at_10": 0.71464,
    "mrr_at_100": 0.71864,
    "mrr_at_1000": 0.71882,
    "mrr_at_3": 0.69111,
    "mrr_at_5": 0.70478,
    "ndcg_at_1": 0.64333,
    "ndcg_at_10": 0.74894,
    "ndcg_at_100": 0.77031,
    "ndcg_at_1000": 0.77422,
    "ndcg_at_3": 0.69543,
    "ndcg_at_5": 0.7214,
    "precision_at_1": 0.64333,
    "precision_at_10": 0.09933,
    "precision_at_100": 0.011,
    "precision_at_1000": 0.00113,
    "precision_at_3": 0.26778,
    "precision_at_5": 0.17867,
    "recall_at_1": 0.61428,
    "recall_at_10": 0.87489,
    "recall_at_100": 0.97167,
    "recall_at_1000": 1.0,
    "recall_at_3": 0.73172,
    "recall_at_5": 0.79578
  }
}