{
  "dataset_revision": "0fd18e25b25c072e09e0d92ab615fda904d66300",
  "mteb_dataset_name": "Banking77Classification",
  "mteb_version": "1.1.2",
  "test": {
    "accuracy": 0.8239935064935064,
    "accuracy_stderr": 0.0067583179011816395,
    "evaluation_time": 11.35,
    "f1": 0.8162618698613768,
    "f1_stderr": 0.007246599263309928,
    "main_score": 0.8239935064935064
  }
}