{
  "dataset_revision": "a6ea5a8cab320b040a23452cc28066d9beae2cee",
  "mteb_dataset_name": "SICK-R",
  "mteb_version": "1.2.0",
  "test": {
    "cos_sim": {
      "pearson": 0.862021587485242,
      "spearman": 0.8228746306960586
    },
    "euclidean": {
      "pearson": 0.8366529059089807,
      "spearman": 0.824725773575658
    },
    "evaluation_time": 0.95,
    "manhattan": {
      "pearson": 0.7951712496985007,
      "spearman": 0.7985365642400317
    }
  }
}