{
  "dataset_revision": "65ac3a16b8e91f9cee4c9828cc7c335575432a2a",
  "mteb_dataset_name": "CQADupstackStatsRetrieval",
  "mteb_version": "1.2.0",
  "test": {
    "evaluation_time": 72.73,
    "map_at_1": 0.28114,
    "map_at_10": 0.35324,
    "map_at_100": 0.36307,
    "map_at_1000": 0.36406,
    "map_at_3": 0.33198,
    "map_at_5": 0.34378,
    "mrr_at_1": 0.31902,
    "mrr_at_10": 0.38488,
    "mrr_at_100": 0.39338,
    "mrr_at_1000": 0.39413,
    "mrr_at_3": 0.36708,
    "mrr_at_5": 0.37735,
    "ndcg_at_1": 0.31902,
    "ndcg_at_10": 0.39337,
    "ndcg_at_100": 0.44049,
    "ndcg_at_1000": 0.46509,
    "ndcg_at_3": 0.35593,
    "ndcg_at_5": 0.37403,
    "precision_at_1": 0.31902,
    "precision_at_10": 0.05966,
    "precision_at_100": 0.00903,
    "precision_at_1000": 0.00118,
    "precision_at_3": 0.1498,
    "precision_at_5": 0.10215,
    "recall_at_1": 0.28114,
    "recall_at_10": 0.48481,
    "recall_at_100": 0.69771,
    "recall_at_1000": 0.87894,
    "recall_at_3": 0.38412,
    "recall_at_5": 0.42847
  }
}