{
  "dataset_revision": "6184bc1440d2dbc7612be22b50686b8826d22b32",
  "mteb_dataset_name": "CQADupstackProgrammersRetrieval",
  "mteb_version": "1.2.0",
  "test": {
    "evaluation_time": 48.28,
    "map_at_1": 0.2734,
    "map_at_10": 0.38992,
    "map_at_100": 0.40408,
    "map_at_1000": 0.40518,
    "map_at_3": 0.35434,
    "map_at_5": 0.37216,
    "mrr_at_1": 0.34132,
    "mrr_at_10": 0.44584,
    "mrr_at_100": 0.45503,
    "mrr_at_1000": 0.4555,
    "mrr_at_3": 0.42104,
    "mrr_at_5": 0.43286,
    "ndcg_at_1": 0.34132,
    "ndcg_at_10": 0.4548,
    "ndcg_at_100": 0.51072,
    "ndcg_at_1000": 0.53087,
    "ndcg_at_3": 0.39938,
    "ndcg_at_5": 0.42082,
    "precision_at_1": 0.34132,
    "precision_at_10": 0.08573,
    "precision_at_100": 0.01293,
    "precision_at_1000": 0.00165,
    "precision_at_3": 0.1933,
    "precision_at_5": 0.13721,
    "recall_at_1": 0.2734,
    "recall_at_10": 0.59096,
    "recall_at_100": 0.825,
    "recall_at_1000": 0.95562,
    "recall_at_3": 0.43393,
    "recall_at_5": 0.49135
  }
}