{
  "dataset_revision": "4f58c6b202a23cf9a4da393831edf4f9183cad37",
  "mteb_dataset_name": "EmotionClassification",
  "mteb_version": "1.1.2",
  "test": {
    "accuracy": 0.5633,
    "accuracy_stderr": 0.02299043279279447,
    "evaluation_time": 14.24,
    "f1": 0.501138216636953,
    "f1_stderr": 0.013775422031712321,
    "main_score": 0.5633
  }
}