{
  "dataset_revision": "a6ea5a8cab320b040a23452cc28066d9beae2cee",
  "mteb_dataset_name": "SICK-R",
  "mteb_version": "1.1.2",
  "test": {
    "cos_sim": {
      "pearson": 0.8707476536125001,
      "spearman": 0.8284214921926685
    },
    "euclidean": {
      "pearson": 0.8421155031293754,
      "spearman": 0.8284214921926685
    },
    "evaluation_time": 64.17,
    "manhattan": {
      "pearson": 0.8413959029060993,
      "spearman": 0.82815181286538
    }
  }
}