{
  "dataset_revision": "4d8694f8f0e0100860b497b999b3dbed754a0513",
  "mteb_dataset_name": "STS16",
  "mteb_version": "1.1.2",
  "test": {
    "cos_sim": {
      "pearson": 0.8618796093898204,
      "spearman": 0.8742669087062227
    },
    "euclidean": {
      "pearson": 0.866891525037333,
      "spearman": 0.8742669087062227
    },
    "evaluation_time": 1.84,
    "manhattan": {
      "pearson": 0.8662156880095848,
      "spearman": 0.8736124906626648
    }
  }
}