{
  "dataset_revision": "70970daeab8776df92f5ea462b6173c0b46fd2d1",
  "mteb_dataset_name": "TwitterSemEval2015",
  "mteb_version": "1.1.2",
  "test": {
    "cos_sim": {
      "accuracy": 0.878166537521607,
      "accuracy_threshold": 0.7916876533064932,
      "ap": 0.7918534505300134,
      "f1": 0.7199395008822786,
      "f1_threshold": 0.7717217225124032,
      "precision": 0.6891891891891891,
      "recall": 0.7535620052770449
    },
    "dot": {
      "accuracy": 0.878166537521607,
      "accuracy_threshold": 0.7916876533064942,
      "ap": 0.7918534505300134,
      "f1": 0.7199395008822786,
      "f1_threshold": 0.7717217225124036,
      "precision": 0.6891891891891891,
      "recall": 0.7535620052770449
    },
    "euclidean": {
      "accuracy": 0.878166537521607,
      "accuracy_threshold": 0.6454647111010923,
      "ap": 0.7918534505300134,
      "f1": 0.7199395008822786,
      "f1_threshold": 0.6756896881755494,
      "precision": 0.6891891891891891,
      "recall": 0.7535620052770449
    },
    "evaluation_time": 14.79,
    "manhattan": {
      "accuracy": 0.8779877212850927,
      "accuracy_threshold": 34.93184869752315,
      "ap": 0.7922355764080792,
      "f1": 0.719676890066894,
      "f1_threshold": 37.68227036094853,
      "precision": 0.6898136946527946,
      "recall": 0.7522427440633246
    },
    "max": {
      "accuracy": 0.878166537521607,
      "ap": 0.7922355764080792,
      "f1": 0.7199395008822786
    }
  }
}