{
  "dataset_revision": "e8379541af4e31359cca9fbcf4b00f2671dba205",
  "mteb_dataset_name": "AmazonCounterfactualClassification",
  "mteb_version": "1.1.2",
  "test": {
    "en": {
      "accuracy": 0.766268656716418,
      "accuracy_stderr": 0.03905887736599141,
      "ap": 0.39609292340289504,
      "ap_stderr": 0.04441051785940723,
      "f1": 0.7048626352644383,
      "f1_stderr": 0.03834181377976787,
      "main_score": 0.766268656716418
    },
    "evaluation_time": 11.16
  }
}