{
  "dataset_revision": "4f58c6b202a23cf9a4da393831edf4f9183cad37",
  "mteb_dataset_name": "EmotionClassification",
  "mteb_version": "1.1.2",
  "test": {
    "accuracy": 0.5625500000000001,
    "accuracy_stderr": 0.021035030306609987,
    "evaluation_time": 1.08,
    "f1": 0.5009118327620247,
    "f1_stderr": 0.01194895014171422,
    "main_score": 0.5625500000000001
  }
}