{
  "dataset_revision": "7e90230a92c190f1bf69ae9002b8cea547a64cca",
  "mteb_dataset_name": "STS13",
  "mteb_version": "1.1.2",
  "test": {
    "cos_sim": {
      "pearson": 0.8709840095611221,
      "spearman": 0.8748471872155236
    },
    "euclidean": {
      "pearson": 0.8816236128580608,
      "spearman": 0.889142658828506
    },
    "evaluation_time": 0.4,
    "manhattan": {
      "pearson": 0.8575545175141092,
      "spearman": 0.8637337934475648
    }
  }
}