{
  "dataset_revision": "a0d554a64d88156834ff5ae9920b964011b16384",
  "mteb_dataset_name": "STS12",
  "mteb_version": "1.1.2",
  "test": {
    "cos_sim": {
      "pearson": 0.8330494573313058,
      "spearman": 0.7484530737568021
    },
    "euclidean": {
      "pearson": 0.8350046408227534,
      "spearman": 0.7790099395517077
    },
    "evaluation_time": 0.49,
    "manhattan": {
      "pearson": 0.7708449910736773,
      "spearman": 0.7583996469543312
    }
  }
}