{
  "dataset_revision": "0fd18e25b25c072e09e0d92ab615fda904d66300",
  "mteb_dataset_name": "Banking77Classification",
  "mteb_version": "1.1.2",
  "test": {
    "accuracy": 0.8477272727272729,
    "accuracy_stderr": 0.004798169662834077,
    "evaluation_time": 12.28,
    "f1": 0.8412405035052464,
    "f1_stderr": 0.005751392952331252,
    "main_score": 0.8477272727272729
  }
}