{
  "dataset_revision": "3d86128a09e091d6018b6d26cad27f2739fc2db7",
  "mteb_dataset_name": "ImdbClassification",
  "mteb_version": "1.2.0",
  "test": {
    "accuracy": 0.9418199999999999,
    "accuracy_stderr": 0.003851451674369031,
    "ap": 0.9136797997095373,
    "ap_stderr": 0.009378786856130233,
    "evaluation_time": 15.83,
    "f1": 0.9417917267664088,
    "f1_stderr": 0.0038759454382842995,
    "main_score": 0.9418199999999999
  }
}