{
  "dataset_revision": "a0d554a64d88156834ff5ae9920b964011b16384",
  "mteb_dataset_name": "STS12",
  "mteb_version": "1.2.0",
  "test": {
    "cos_sim": {
      "pearson": 0.8721180633140718,
      "spearman": 0.785213136147511
    },
    "euclidean": {
      "pearson": 0.8415162247424144,
      "spearman": 0.785213136147511
    },
    "evaluation_time": 1.45,
    "manhattan": {
      "pearson": 0.8429364583760202,
      "spearman": 0.7875170831336203
    }
  }
}