{
  "dataset_revision": "6031580fec1f6af667f0bd2da0a551cf4f0b2375",
  "mteb_dataset_name": "STS14",
  "mteb_version": "1.1.2",
  "test": {
    "cos_sim": {
      "pearson": 0.8686978351944166,
      "spearman": 0.844356981563771
    },
    "euclidean": {
      "pearson": 0.8596740340272468,
      "spearman": 0.844356981563771
    },
    "evaluation_time": 6.05,
    "manhattan": {
      "pearson": 0.8589278368588757,
      "spearman": 0.8451763826477334
    }
  }
}