{
  "dataset_revision": "27a168819829fe9bcd655c2df245fb19452e8e06",
  "mteb_dataset_name": "FiQA2018",
  "mteb_version": "1.2.0",
  "test": {
    "evaluation_time": 12.85,
    "map_at_1": 0.22212,
    "map_at_10": 0.36805,
    "map_at_100": 0.38754,
    "map_at_1000": 0.38933,
    "map_at_3": 0.32545,
    "map_at_5": 0.34675,
    "mrr_at_1": 0.44907,
    "mrr_at_10": 0.54092,
    "mrr_at_100": 0.54863,
    "mrr_at_1000": 0.54892,
    "mrr_at_3": 0.52186,
    "mrr_at_5": 0.53128,
    "ndcg_at_1": 0.44907,
    "ndcg_at_10": 0.45092,
    "ndcg_at_100": 0.51829,
    "ndcg_at_1000": 0.54627,
    "ndcg_at_3": 0.41945,
    "ndcg_at_5": 0.42375,
    "precision_at_1": 0.44907,
    "precision_at_10": 0.12454,
    "precision_at_100": 0.01948,
    "precision_at_1000": 0.00245,
    "precision_at_3": 0.28241,
    "precision_at_5": 0.20031,
    "recall_at_1": 0.22212,
    "recall_at_10": 0.51974,
    "recall_at_100": 0.76515,
    "recall_at_1000": 0.93159,
    "recall_at_3": 0.38436,
    "recall_at_5": 0.43405
  }
}