{
  "dataset_revision": "7d571f92784cd94a019292a1f45445077d0ef634",
  "mteb_dataset_name": "MassiveScenarioClassification",
  "mteb_version": "1.2.0",
  "test": {
    "en": {
      "accuracy": 0.7720914593140551,
      "accuracy_stderr": 0.01565830532411871,
      "f1": 0.7670841076555233,
      "f1_stderr": 0.013849180082993615,
      "main_score": 0.7720914593140551
    },
    "evaluation_time": 11.07
  }
}