{
  "dataset_revision": "ae001d0e6b1228650b7bd1c2c65fb50ad11a8aba",
  "mteb_dataset_name": "MTOPIntentClassification",
  "mteb_version": "1.2.0",
  "test": {
    "en": {
      "accuracy": 0.675421796625627,
      "accuracy_stderr": 0.020207173628590654,
      "f1": 0.5043250439790758,
      "f1_stderr": 0.006658725067906462,
      "main_score": 0.675421796625627
    },
    "evaluation_time": 14.71
  }
}