{
  "dataset_revision": null,
  "mteb_dataset_name": "SCIDOCS",
  "mteb_version": "1.2.0",
  "test": {
    "evaluation_time": 6.18,
    "map_at_1": 0.04858,
    "map_at_10": 0.13089,
    "map_at_100": 0.15867,
    "map_at_1000": 0.16282,
    "map_at_3": 0.09008,
    "map_at_5": 0.11132,
    "mrr_at_1": 0.24,
    "mrr_at_10": 0.35973,
    "mrr_at_100": 0.37205,
    "mrr_at_1000": 0.37244,
    "mrr_at_3": 0.321,
    "mrr_at_5": 0.3416,
    "ndcg_at_1": 0.24,
    "ndcg_at_10": 0.21915,
    "ndcg_at_100": 0.32,
    "ndcg_at_1000": 0.38301,
    "ndcg_at_3": 0.20065,
    "ndcg_at_5": 0.18012,
    "precision_at_1": 0.24,
    "precision_at_10": 0.1163,
    "precision_at_100": 0.02611,
    "precision_at_1000": 0.00411,
    "precision_at_3": 0.18933,
    "precision_at_5": 0.162,
    "recall_at_1": 0.04858,
    "recall_at_10": 0.23587,
    "recall_at_100": 0.52973,
    "recall_at_1000": 0.83295,
    "recall_at_3": 0.11513,
    "recall_at_5": 0.16418
  }
}