{
  "dataset_revision": null,
  "mteb_dataset_name": "SciFact",
  "mteb_version": "1.1.2",
  "test": {
    "evaluation_time": 6.68,
    "map_at_1": 0.61261,
    "map_at_10": 0.70065,
    "map_at_100": 0.70715,
    "map_at_1000": 0.70734,
    "map_at_3": 0.66902,
    "map_at_5": 0.68776,
    "mrr_at_1": 0.64,
    "mrr_at_10": 0.71084,
    "mrr_at_100": 0.71593,
    "mrr_at_1000": 0.71611,
    "mrr_at_3": 0.68722,
    "mrr_at_5": 0.70256,
    "ndcg_at_1": 0.64,
    "ndcg_at_10": 0.74266,
    "ndcg_at_100": 0.7675,
    "ndcg_at_1000": 0.77176,
    "ndcg_at_3": 0.69034,
    "ndcg_at_5": 0.71777,
    "precision_at_1": 0.64,
    "precision_at_10": 0.09767,
    "precision_at_100": 0.01097,
    "precision_at_1000": 0.00113,
    "precision_at_3": 0.26444,
    "precision_at_5": 0.17667,
    "recall_at_1": 0.61261,
    "recall_at_10": 0.86089,
    "recall_at_100": 0.96833,
    "recall_at_1000": 1.0,
    "recall_at_3": 0.72128,
    "recall_at_5": 0.78994
  }
}