{
  "dataset_revision": "4d8694f8f0e0100860b497b999b3dbed754a0513",
  "mteb_dataset_name": "STS16",
  "mteb_version": "1.1.2",
  "test": {
    "cos_sim": {
      "pearson": 0.8557337411768431,
      "spearman": 0.8691424503292816
    },
    "euclidean": {
      "pearson": 0.8616318321959004,
      "spearman": 0.8691424503292816
    },
    "evaluation_time": 0.36,
    "manhattan": {
      "pearson": 0.8615261526985885,
      "spearman": 0.869178543999412
    }
  }
}