{
  "dataset_revision": "eea2b4fe26a775864c896887d910b76a8098ad3f",
  "mteb_dataset_name": "STS22",
  "mteb_version": "1.1.2",
  "test": {
    "en": {
      "cos_sim": {
        "pearson": 0.685157974448892,
        "spearman": 0.6904388607749852
      },
      "euclidean": {
        "pearson": 0.7021203854059659,
        "spearman": 0.6904388607749852
      },
      "manhattan": {
        "pearson": 0.7022551789556144,
        "spearman": 0.6897869551521841
      }
    },
    "evaluation_time": 0.12
  }
}