{
  "dataset_revision": "65ac3a16b8e91f9cee4c9828cc7c335575432a2a",
  "mteb_dataset_name": "CQADupstackStatsRetrieval",
  "mteb_version": "1.2.0",
  "test": {
    "evaluation_time": 55.94,
    "map_at_1": 0.26299,
    "map_at_10": 0.33539,
    "map_at_100": 0.34494,
    "map_at_1000": 0.34594,
    "map_at_3": 0.31539,
    "map_at_5": 0.32648,
    "mrr_at_1": 0.29755,
    "mrr_at_10": 0.3675,
    "mrr_at_100": 0.37506,
    "mrr_at_1000": 0.37583,
    "mrr_at_3": 0.34995,
    "mrr_at_5": 0.35923,
    "ndcg_at_1": 0.29755,
    "ndcg_at_10": 0.37704,
    "ndcg_at_100": 0.42404,
    "ndcg_at_1000": 0.44902,
    "ndcg_at_3": 0.34081,
    "ndcg_at_5": 0.35764,
    "precision_at_1": 0.29755,
    "precision_at_10": 0.05736,
    "precision_at_100": 0.00891,
    "precision_at_1000": 0.00117,
    "precision_at_3": 0.14519,
    "precision_at_5": 0.09908,
    "recall_at_1": 0.26299,
    "recall_at_10": 0.47417,
    "recall_at_100": 0.68907,
    "recall_at_1000": 0.87377,
    "recall_at_3": 0.37427,
    "recall_at_5": 0.4149
  }
}