{
  "dataset_revision": "0228b52cf27578f30900b9e5271d331663a030d7",
  "mteb_dataset_name": "SciFact",
  "mteb_version": "1.2.0",
  "test": {
    "evaluation_time": 5.17,
    "map_at_1": 0.61928,
    "map_at_10": 0.70876,
    "map_at_100": 0.71391,
    "map_at_1000": 0.71411,
    "map_at_3": 0.67819,
    "map_at_5": 0.69459,
    "mrr_at_1": 0.64667,
    "mrr_at_10": 0.71726,
    "mrr_at_100": 0.72128,
    "mrr_at_1000": 0.72146,
    "mrr_at_3": 0.69278,
    "mrr_at_5": 0.70711,
    "ndcg_at_1": 0.64667,
    "ndcg_at_10": 0.75156,
    "ndcg_at_100": 0.77263,
    "ndcg_at_1000": 0.77691,
    "ndcg_at_3": 0.6986,
    "ndcg_at_5": 0.72319,
    "precision_at_1": 0.64667,
    "precision_at_10": 0.09933,
    "precision_at_100": 0.01097,
    "precision_at_1000": 0.00113,
    "precision_at_3": 0.26778,
    "precision_at_5": 0.17733,
    "recall_at_1": 0.61928,
    "recall_at_10": 0.87489,
    "recall_at_100": 0.96833,
    "recall_at_1000": 1.0,
    "recall_at_3": 0.73072,
    "recall_at_5": 0.79328
  }
}