{
  "dataset_revision": "a0d554a64d88156834ff5ae9920b964011b16384",
  "mteb_dataset_name": "STS12",
  "mteb_version": "1.2.0",
  "test": {
    "cos_sim": {
      "pearson": 0.8752688590481691,
      "spearman": 0.7928639966752417
    },
    "euclidean": {
      "pearson": 0.842301518048862,
      "spearman": 0.7928638491703652
    },
    "evaluation_time": 0.52,
    "manhattan": {
      "pearson": 0.8424994330365855,
      "spearman": 0.7929011377227736
    }
  }
}