{
  "dataset_revision": "ae752c7c21bf194d8b67fd573edf7ae58183cbe3",
  "mteb_dataset_name": "STS15",
  "mteb_version": "1.1.2",
  "test": {
    "cos_sim": {
      "pearson": 0.8818052787055599,
      "spearman": 0.8920458378847483
    },
    "euclidean": {
      "pearson": 0.8858001230559784,
      "spearman": 0.8920458378847483
    },
    "evaluation_time": 2.7,
    "manhattan": {
      "pearson": 0.8865853351752413,
      "spearman": 0.8929895399616221
    }
  }
}