{
  "dataset_revision": "a0d554a64d88156834ff5ae9920b964011b16384",
  "mteb_dataset_name": "STS12",
  "mteb_version": "1.2.0",
  "test": {
    "cos_sim": {
      "pearson": 0.8729559906017519,
      "spearman": 0.7929160799513509
    },
    "euclidean": {
      "pearson": 0.8381851417151852,
      "spearman": 0.7929161603161302
    },
    "evaluation_time": 0.87,
    "manhattan": {
      "pearson": 0.8407960369094977,
      "spearman": 0.793063768004868
    }
  }
}