{
  "dataset_revision": "4d8694f8f0e0100860b497b999b3dbed754a0513",
  "mteb_dataset_name": "STS16",
  "mteb_version": "1.2.0",
  "test": {
    "cos_sim": {
      "pearson": 0.8541287528859287,
      "spearman": 0.8688202888757455
    },
    "euclidean": {
      "pearson": 0.8605902419744611,
      "spearman": 0.8688202888757455
    },
    "evaluation_time": 0.27,
    "manhattan": {
      "pearson": 0.8597687833924786,
      "spearman": 0.8679477144584452
    }
  }
}