{
  "dataset_revision": "4f58c6b202a23cf9a4da393831edf4f9183cad37",
  "mteb_dataset_name": "EmotionClassification",
  "mteb_version": "1.1.2",
  "test": {
    "accuracy": 0.5579500000000001,
    "accuracy_stderr": 0.020276155947319015,
    "evaluation_time": 0.53,
    "f1": 0.4934658096839673,
    "f1_stderr": 0.011148934458939337,
    "main_score": 0.5579500000000001
  }
}