{
  "dataset_revision": "af5e6fb845001ecf41f4c1e033ce921939a2a68d",
  "mteb_dataset_name": "STS17",
  "mteb_version": "1.1.2",
  "test": {
    "en-en": {
      "cos_sim": {
        "pearson": 0.8825963646179105,
        "spearman": 0.8878818444463885
      },
      "euclidean": {
        "pearson": 0.8946883399596882,
        "spearman": 0.8841089922975981
      },
      "manhattan": {
        "pearson": 0.894498126640672,
        "spearman": 0.8851868402268094
      }
    },
    "evaluation_time": 0.04
  }
}