{
  "dataset_revision": "65ac3a16b8e91f9cee4c9828cc7c335575432a2a",
  "mteb_dataset_name": "CQADupstackStatsRetrieval",
  "mteb_version": "1.2.0",
  "test": {
    "evaluation_time": 69.55,
    "map_at_1": 0.27185,
    "map_at_10": 0.34102,
    "map_at_100": 0.35029,
    "map_at_1000": 0.35137,
    "map_at_3": 0.31991,
    "map_at_5": 0.32984,
    "mrr_at_1": 0.30675,
    "mrr_at_10": 0.37297,
    "mrr_at_100": 0.38049,
    "mrr_at_1000": 0.38132,
    "mrr_at_3": 0.35378,
    "mrr_at_5": 0.36322,
    "ndcg_at_1": 0.30675,
    "ndcg_at_10": 0.38176,
    "ndcg_at_100": 0.42685,
    "ndcg_at_1000": 0.45348,
    "ndcg_at_3": 0.34268,
    "ndcg_at_5": 0.35801,
    "precision_at_1": 0.30675,
    "precision_at_10": 0.05798,
    "precision_at_100": 0.00879,
    "precision_at_1000": 0.00118,
    "precision_at_3": 0.14366,
    "precision_at_5": 0.09693,
    "recall_at_1": 0.27185,
    "recall_at_10": 0.47634,
    "recall_at_100": 0.68092,
    "recall_at_1000": 0.8771,
    "recall_at_3": 0.36979,
    "recall_at_5": 0.4067
  }
}