{
  "dataset_revision": "6c6430d3a6d36f8d2a829195bc5dc94d7e063e53",
  "mteb_dataset_name": "CQADupstackUnixRetrieval",
  "mteb_version": "1.2.0",
  "test": {
    "evaluation_time": 71.45,
    "map_at_1": 0.27612,
    "map_at_10": 0.37514,
    "map_at_100": 0.38616,
    "map_at_1000": 0.38717,
    "map_at_3": 0.34277,
    "map_at_5": 0.3627,
    "mrr_at_1": 0.32463,
    "mrr_at_10": 0.41727,
    "mrr_at_100": 0.42537,
    "mrr_at_1000": 0.42594,
    "mrr_at_3": 0.38961,
    "mrr_at_5": 0.40706,
    "ndcg_at_1": 0.32463,
    "ndcg_at_10": 0.43326,
    "ndcg_at_100": 0.48303,
    "ndcg_at_1000": 0.50501,
    "ndcg_at_3": 0.37626,
    "ndcg_at_5": 0.40671,
    "precision_at_1": 0.32463,
    "precision_at_10": 0.07332,
    "precision_at_100": 0.0111,
    "precision_at_1000": 0.00141,
    "precision_at_3": 0.17009,
    "precision_at_5": 0.12351,
    "recall_at_1": 0.27612,
    "recall_at_10": 0.56761,
    "recall_at_100": 0.78122,
    "recall_at_1000": 0.93284,
    "recall_at_3": 0.4167,
    "recall_at_5": 0.49084
  }
}