{
  "dataset_revision": "ec0fa4fe99da2ff19ca1214b7966684033a58814",
  "mteb_dataset_name": "NFCorpus",
  "mteb_version": "1.2.0",
  "test": {
    "evaluation_time": 5.07,
    "map_at_1": 0.07133,
    "map_at_10": 0.15174,
    "map_at_100": 0.19481,
    "map_at_1000": 0.2111,
    "map_at_3": 0.11171,
    "map_at_5": 0.12849,
    "mrr_at_1": 0.49845,
    "mrr_at_10": 0.58467,
    "mrr_at_100": 0.59095,
    "mrr_at_1000": 0.59128,
    "mrr_at_3": 0.5645,
    "mrr_at_5": 0.57812,
    "ndcg_at_1": 0.48142,
    "ndcg_at_10": 0.38298,
    "ndcg_at_100": 0.36128,
    "ndcg_at_1000": 0.44995,
    "ndcg_at_3": 0.43326,
    "ndcg_at_5": 0.41053,
    "precision_at_1": 0.49536,
    "precision_at_10": 0.28111,
    "precision_at_100": 0.09121,
    "precision_at_1000": 0.02234,
    "precision_at_3": 0.39938,
    "precision_at_5": 0.34985,
    "recall_at_1": 0.07133,
    "recall_at_10": 0.19431,
    "recall_at_100": 0.36865,
    "recall_at_1000": 0.68848,
    "recall_at_3": 0.12162,
    "recall_at_5": 0.14833
  }
}