{
  "dataset_revision": "4d8694f8f0e0100860b497b999b3dbed754a0513",
  "mteb_dataset_name": "STS16",
  "mteb_version": "1.1.2",
  "test": {
    "cos_sim": {
      "pearson": 0.8570596669832511,
      "spearman": 0.8710310216107119
    },
    "euclidean": {
      "pearson": 0.8640990395162611,
      "spearman": 0.8710310216107119
    },
    "evaluation_time": 1.83,
    "manhattan": {
      "pearson": 0.8650230218203911,
      "spearman": 0.8722280705702841
    }
  }
}