{
  "dataset_revision": "4d8694f8f0e0100860b497b999b3dbed754a0513",
  "mteb_dataset_name": "STS16",
  "mteb_version": "1.2.0",
  "test": {
    "cos_sim": {
      "pearson": 0.8570596669820946,
      "spearman": 0.8710310216107119
    },
    "euclidean": {
      "pearson": 0.864099039423618,
      "spearman": 0.8710310216107119
    },
    "evaluation_time": 0.53,
    "manhattan": {
      "pearson": 0.8650230218247822,
      "spearman": 0.8722280705702841
    }
  }
}