{
  "dataset_revision": "4d8694f8f0e0100860b497b999b3dbed754a0513",
  "mteb_dataset_name": "STS16",
  "mteb_version": "1.2.0",
  "test": {
    "cos_sim": {
      "pearson": 0.8562012867638171,
      "spearman": 0.869893810140658
    },
    "euclidean": {
      "pearson": 0.8623134524804142,
      "spearman": 0.869893810140658
    },
    "evaluation_time": 0.75,
    "manhattan": {
      "pearson": 0.8640531960504196,
      "spearman": 0.8714134583623601
    }
  }
}