{
  "dataset_revision": "b0fddb56ed78048fa8b90373c8a3cfc37b684831",
  "mteb_dataset_name": "STSBenchmark",
  "mteb_version": "1.1.2",
  "test": {
    "cos_sim": {
      "pearson": 0.8787600231804906,
      "spearman": 0.8911581812923467
    },
    "euclidean": {
      "pearson": 0.8884860332007858,
      "spearman": 0.8911581812923467
    },
    "evaluation_time": 1.31,
    "manhattan": {
      "pearson": 0.8892908597965916,
      "spearman": 0.8916743825686514
    }
  }
}