{
  "dataset_revision": "70970daeab8776df92f5ea462b6173c0b46fd2d1",
  "mteb_dataset_name": "TwitterSemEval2015",
  "mteb_version": "1.2.0",
  "test": {
    "cos_sim": {
      "accuracy": 0.8751266615008643,
      "accuracy_threshold": 0.8154796613207185,
      "ap": 0.7872865213632437,
      "f1": 0.719989891331817,
      "f1_threshold": 0.7951184913575127,
      "precision": 0.6908341416100873,
      "recall": 0.7517150395778364
    },
    "dot": {
      "accuracy": 0.8751266615008643,
      "accuracy_threshold": 0.8154796613207185,
      "ap": 0.7872865213632437,
      "f1": 0.719989891331817,
      "f1_threshold": 0.7951184913575124,
      "precision": 0.6908341416100873,
      "recall": 0.7517150395778364
    },
    "euclidean": {
      "accuracy": 0.8751266615008643,
      "accuracy_threshold": 0.6074871810810027,
      "ap": 0.7872865213632437,
      "f1": 0.719989891331817,
      "f1_threshold": 0.6401273434402953,
      "precision": 0.6908341416100873,
      "recall": 0.7517150395778364
    },
    "evaluation_time": 14.35,
    "manhattan": {
      "accuracy": 0.8754842939738928,
      "accuracy_threshold": 30.904847332174686,
      "ap": 0.7874079107932509,
      "f1": 0.7191039203484755,
      "f1_threshold": 33.21255394158738,
      "precision": 0.680565371024735,
      "recall": 0.7622691292875989
    },
    "max": {
      "accuracy": 0.8754842939738928,
      "ap": 0.7874079107932509,
      "f1": 0.719989891331817
    }
  }
}