{
  "dataset_revision": "e8379541af4e31359cca9fbcf4b00f2671dba205",
  "mteb_dataset_name": "AmazonCounterfactualClassification",
  "mteb_version": "1.2.0",
  "test": {
    "en": {
      "accuracy": 0.7425373134328359,
      "accuracy_stderr": 0.035150758911905014,
      "ap": 0.3689196021630071,
      "ap_stderr": 0.03673853153453604,
      "f1": 0.6814275130608876,
      "f1_stderr": 0.03378489985137132,
      "main_score": 0.7425373134328359
    },
    "evaluation_time": 0.28
  }
}