{
  "dataset_revision": "b0fddb56ed78048fa8b90373c8a3cfc37b684831",
  "mteb_dataset_name": "STSBenchmark",
  "mteb_version": "1.2.0",
  "test": {
    "cos_sim": {
      "pearson": 0.8766265086394855,
      "spearman": 0.8847027641474033
    },
    "euclidean": {
      "pearson": 0.8877138740440845,
      "spearman": 0.8893235862191448
    },
    "evaluation_time": 0.03,
    "manhattan": {
      "pearson": 0.8548835251903713,
      "spearman": 0.8604663874954204
    }
  }
}