{
  "dataset_revision": null,
  "mteb_dataset_name": "SciFact",
  "mteb_version": "1.1.2",
  "test": {
    "evaluation_time": 0.84,
    "map_at_1": 0.61094,
    "map_at_10": 0.70482,
    "map_at_100": 0.70964,
    "map_at_1000": 0.70981,
    "map_at_3": 0.67402,
    "map_at_5": 0.69026,
    "mrr_at_1": 0.64,
    "mrr_at_10": 0.71414,
    "mrr_at_100": 0.7179,
    "mrr_at_1000": 0.71805,
    "mrr_at_3": 0.69,
    "mrr_at_5": 0.70383,
    "ndcg_at_1": 0.64,
    "ndcg_at_10": 0.74909,
    "ndcg_at_100": 0.76992,
    "ndcg_at_1000": 0.77369,
    "ndcg_at_3": 0.69614,
    "ndcg_at_5": 0.71985,
    "precision_at_1": 0.64,
    "precision_at_10": 0.09933,
    "precision_at_100": 0.011,
    "precision_at_1000": 0.00113,
    "precision_at_3": 0.26778,
    "precision_at_5": 0.17733,
    "recall_at_1": 0.61094,
    "recall_at_10": 0.87589,
    "recall_at_100": 0.97167,
    "recall_at_1000": 1.0,
    "recall_at_3": 0.73239,
    "recall_at_5": 0.79161
  }
}