{
  "dataset_revision": null,
  "mteb_dataset_name": "SciFact",
  "mteb_version": "1.1.2",
  "test": {
    "evaluation_time": 0.54,
    "map_at_1": 0.59594,
    "map_at_10": 0.68207,
    "map_at_100": 0.68943,
    "map_at_1000": 0.68962,
    "map_at_3": 0.65346,
    "map_at_5": 0.67325,
    "mrr_at_1": 0.62333,
    "mrr_at_10": 0.6918,
    "mrr_at_100": 0.69736,
    "mrr_at_1000": 0.69755,
    "mrr_at_3": 0.67111,
    "mrr_at_5": 0.68528,
    "ndcg_at_1": 0.62333,
    "ndcg_at_10": 0.72097,
    "ndcg_at_100": 0.75128,
    "ndcg_at_1000": 0.75588,
    "ndcg_at_3": 0.67528,
    "ndcg_at_5": 0.70315,
    "precision_at_1": 0.62333,
    "precision_at_10": 0.094,
    "precision_at_100": 0.01093,
    "precision_at_1000": 0.00113,
    "precision_at_3": 0.26,
    "precision_at_5": 0.17467,
    "recall_at_1": 0.59594,
    "recall_at_10": 0.82856,
    "recall_at_100": 0.965,
    "recall_at_1000": 1.0,
    "recall_at_3": 0.70822,
    "recall_at_5": 0.77789
  }
}