{
  "dataset_revision": "ae752c7c21bf194d8b67fd573edf7ae58183cbe3",
  "mteb_dataset_name": "STS15",
  "mteb_version": "1.1.2",
  "test": {
    "cos_sim": {
      "pearson": 0.8733230308935284,
      "spearman": 0.8872226412668135
    },
    "euclidean": {
      "pearson": 0.8964391807963219,
      "spearman": 0.9019353629910536
    },
    "evaluation_time": 0.25,
    "manhattan": {
      "pearson": 0.8874420176303164,
      "spearman": 0.8945100853420663
    }
  }
}