{
  "dataset_revision": "6031580fec1f6af667f0bd2da0a551cf4f0b2375",
  "mteb_dataset_name": "STS14",
  "mteb_version": "1.1.2",
  "test": {
    "cos_sim": {
      "pearson": 0.8519211595931478,
      "spearman": 0.8162645406003858
    },
    "euclidean": {
      "pearson": 0.8576466598047816,
      "spearman": 0.8305864333992163
    },
    "evaluation_time": 0.31,
    "manhattan": {
      "pearson": 0.8497338380633581,
      "spearman": 0.8268971220446182
    }
  }
}