{
  "dataset_revision": "af5e6fb845001ecf41f4c1e033ce921939a2a68d",
  "mteb_dataset_name": "STS17",
  "mteb_version": "1.1.2",
  "test": {
    "en-en": {
      "cos_sim": {
        "pearson": 0.8989002444799375,
        "spearman": 0.9003459026149603
      },
      "euclidean": {
        "pearson": 0.9048611849137517,
        "spearman": 0.8984308389975101
      },
      "manhattan": {
        "pearson": 0.8999719797427547,
        "spearman": 0.8935978211608577
      }
    },
    "evaluation_time": 0.04
  }
}