{
  "dataset_revision": "70970daeab8776df92f5ea462b6173c0b46fd2d1",
  "mteb_dataset_name": "TwitterSemEval2015",
  "mteb_version": "1.1.2",
  "test": {
    "cos_sim": {
      "accuracy": 0.8723252071288073,
      "accuracy_threshold": 0.7565164194772436,
      "ap": 0.7739630694566528,
      "f1": 0.7086029235561946,
      "f1_threshold": 0.7002826466496779,
      "precision": 0.6490342405618964,
      "recall": 0.7802110817941953
    },
    "dot": {
      "accuracy": 0.8540263455921798,
      "accuracy_threshold": 0.42288332282857977,
      "ap": 0.7195558703469005,
      "f1": 0.6718232044198895,
      "f1_threshold": 0.3847498346530915,
      "precision": 0.6282433983926521,
      "recall": 0.7218997361477573
    },
    "euclidean": {
      "accuracy": 0.8717887584192645,
      "accuracy_threshold": 0.5072438644341888,
      "ap": 0.7747091210751812,
      "f1": 0.7116457894084088,
      "f1_threshold": 0.5596550997873293,
      "precision": 0.6714252281769248,
      "recall": 0.7569920844327177
    },
    "evaluation_time": 0.91,
    "manhattan": {
      "accuracy": 0.8690469094593789,
      "accuracy_threshold": 8.787617095181142,
      "ap": 0.7647629976423871,
      "f1": 0.7045829630570015,
      "f1_threshold": 9.357875630322981,
      "precision": 0.6789821384878885,
      "recall": 0.7321899736147758
    },
    "max": {
      "accuracy": 0.8723252071288073,
      "ap": 0.7747091210751812,
      "f1": 0.7116457894084088
    }
  }
}