{
  "dataset_revision": "e8379541af4e31359cca9fbcf4b00f2671dba205",
  "mteb_dataset_name": "AmazonCounterfactualClassification",
  "mteb_version": "1.1.2",
  "test": {
    "en": {
      "accuracy": 0.7391044776119403,
      "accuracy_stderr": 0.03586315914703202,
      "ap": 0.36370238495339546,
      "ap_stderr": 0.03530705505555407,
      "f1": 0.6773307188574188,
      "f1_stderr": 0.03404417068316275,
      "main_score": 0.7391044776119403
    },
    "evaluation_time": 1.27
  }
}