{
  "dataset_revision": "6031580fec1f6af667f0bd2da0a551cf4f0b2375",
  "mteb_dataset_name": "STS14",
  "mteb_version": "1.1.2",
  "test": {
    "cos_sim": {
      "pearson": 0.8577700344287861,
      "spearman": 0.8272646055472405
    },
    "euclidean": {
      "pearson": 0.859820473293566,
      "spearman": 0.8454002660091933
    },
    "evaluation_time": 0.65,
    "manhattan": {
      "pearson": 0.856116925484113,
      "spearman": 0.8423353530693617
    }
  }
}