{
  "dataset_revision": "70970daeab8776df92f5ea462b6173c0b46fd2d1",
  "mteb_dataset_name": "TwitterSemEval2015",
  "mteb_version": "1.1.2",
  "test": {
    "cos_sim": {
      "accuracy": 0.8764379805686356,
      "accuracy_threshold": 0.7211160370863544,
      "ap": 0.7875462859111573,
      "f1": 0.7185041908446165,
      "f1_threshold": 0.6932420922182166,
      "precision": 0.7026481715006305,
      "recall": 0.7350923482849604
    },
    "dot": {
      "accuracy": 0.8601657030458366,
      "accuracy_threshold": 0.32865861517810235,
      "ap": 0.7334477681248802,
      "f1": 0.6802409638554218,
      "f1_threshold": 0.30124431832292453,
      "precision": 0.6259423503325943,
      "recall": 0.7448548812664908
    },
    "euclidean": {
      "accuracy": 0.8754842939738928,
      "accuracy_threshold": 0.49740463910351773,
      "ap": 0.789711797547598,
      "f1": 0.7188811188811188,
      "f1_threshold": 0.528508441492819,
      "precision": 0.6937423312883435,
      "recall": 0.745910290237467
    },
    "evaluation_time": 1.39,
    "manhattan": {
      "accuracy": 0.8664838767360076,
      "accuracy_threshold": 10.892520442294668,
      "ap": 0.7598353786457196,
      "f1": 0.6906785034876347,
      "f1_threshold": 11.399611868120738,
      "precision": 0.6649572649572649,
      "recall": 0.7184696569920844
    },
    "max": {
      "accuracy": 0.8764379805686356,
      "ap": 0.789711797547598,
      "f1": 0.7188811188811188
    }
  }
}