{
  "dataset_revision": "0fd18e25b25c072e09e0d92ab615fda904d66300",
  "mteb_dataset_name": "Banking77Classification",
  "mteb_version": "1.1.2",
  "test": {
    "accuracy": 0.8514935064935065,
    "accuracy_stderr": 0.005466128702788292,
    "evaluation_time": 13.02,
    "f1": 0.8460848432654249,
    "f1_stderr": 0.00636683853113997,
    "main_score": 0.8514935064935065
  }
}