{
  "dataset_revision": null,
  "mteb_dataset_name": "ArguAna",
  "mteb_version": "1.1.2",
  "test": {
    "evaluation_time": 2.45,
    "map_at_1": 0.38193,
    "map_at_10": 0.54911,
    "map_at_100": 0.55471,
    "map_at_1000": 0.55474,
    "map_at_3": 0.50569,
    "map_at_5": 0.53442,
    "mrr_at_1": 0.39118,
    "mrr_at_10": 0.55254,
    "mrr_at_100": 0.55814,
    "mrr_at_1000": 0.55817,
    "mrr_at_3": 0.51019,
    "mrr_at_5": 0.53761,
    "ndcg_at_1": 0.38193,
    "ndcg_at_10": 0.63454,
    "ndcg_at_100": 0.65607,
    "ndcg_at_1000": 0.65666,
    "ndcg_at_3": 0.54707,
    "ndcg_at_5": 0.59904,
    "precision_at_1": 0.38193,
    "precision_at_10": 0.09033,
    "precision_at_100": 0.00992,
    "precision_at_1000": 0.001,
    "precision_at_3": 0.22238,
    "precision_at_5": 0.15875,
    "recall_at_1": 0.38193,
    "recall_at_10": 0.90327,
    "recall_at_100": 0.99218,
    "recall_at_1000": 0.99644,
    "recall_at_3": 0.66714,
    "recall_at_5": 0.79374
  }
}