{
  "dataset_revision": null,
  "mteb_dataset_name": "SciFact",
  "mteb_version": "1.1.2",
  "test": {
    "evaluation_time": 1.02,
    "map_at_1": 0.61428,
    "map_at_10": 0.70524,
    "map_at_100": 0.71003,
    "map_at_1000": 0.71026,
    "map_at_3": 0.67293,
    "map_at_5": 0.69178,
    "mrr_at_1": 0.64333,
    "mrr_at_10": 0.71505,
    "mrr_at_100": 0.71887,
    "mrr_at_1000": 0.71908,
    "mrr_at_3": 0.69056,
    "mrr_at_5": 0.70556,
    "ndcg_at_1": 0.64333,
    "ndcg_at_10": 0.75006,
    "ndcg_at_100": 0.77027,
    "ndcg_at_1000": 0.77468,
    "ndcg_at_3": 0.69557,
    "ndcg_at_5": 0.72373,
    "precision_at_1": 0.64333,
    "precision_at_10": 0.09967,
    "precision_at_100": 0.01097,
    "precision_at_1000": 0.00113,
    "precision_at_3": 0.26889,
    "precision_at_5": 0.18,
    "recall_at_1": 0.61428,
    "recall_at_10": 0.87822,
    "recall_at_100": 0.96833,
    "recall_at_1000": 1.0,
    "recall_at_3": 0.73283,
    "recall_at_5": 0.80328
  }
}