{
  "dataset_revision": "70970daeab8776df92f5ea462b6173c0b46fd2d1",
  "mteb_dataset_name": "TwitterSemEval2015",
  "mteb_version": "1.1.2",
  "test": {
    "cos_sim": {
      "accuracy": 0.8755438993860643,
      "accuracy_threshold": 0.7470420451342512,
      "ap": 0.7845383028501054,
      "f1": 0.7189067201604815,
      "f1_threshold": 0.7082887507416542,
      "precision": 0.6849020544672718,
      "recall": 0.7564643799472296
    },
    "dot": {
      "accuracy": 0.8620134708231507,
      "accuracy_threshold": 0.43209707513991935,
      "ap": 0.7441774893527675,
      "f1": 0.6840186093298126,
      "f1_threshold": 0.40645142043854526,
      "precision": 0.6533749699735768,
      "recall": 0.7176781002638523
    },
    "euclidean": {
      "accuracy": 0.8773916671633785,
      "accuracy_threshold": 0.5480666205540607,
      "ap": 0.7895371019923462,
      "f1": 0.7220732797140305,
      "f1_threshold": 0.5734741112280568,
      "precision": 0.6994805837249567,
      "recall": 0.7461741424802111
    },
    "evaluation_time": 2.42,
    "manhattan": {
      "accuracy": 0.8679144066281218,
      "accuracy_threshold": 11.53611530662534,
      "ap": 0.767637268741023,
      "f1": 0.7030397505845674,
      "f1_threshold": 12.271337178010462,
      "precision": 0.6924257932446264,
      "recall": 0.7139841688654354
    },
    "max": {
      "accuracy": 0.8773916671633785,
      "ap": 0.7895371019923462,
      "f1": 0.7220732797140305
    }
  }
}