{
  "dataset_revision": "e8379541af4e31359cca9fbcf4b00f2671dba205",
  "mteb_dataset_name": "AmazonCounterfactualClassification",
  "mteb_version": "1.1.2",
  "test": {
    "en": {
      "accuracy": 0.7308955223880598,
      "accuracy_stderr": 0.033647035044016685,
      "ap": 0.3576005914381957,
      "ap_stderr": 0.0327989739952644,
      "f1": 0.6706056835620215,
      "f1_stderr": 0.03189994303598327,
      "main_score": 0.7308955223880598
    },
    "evaluation_time": 0.54
  }
}