{
  "dataset_revision": "4f58c6b202a23cf9a4da393831edf4f9183cad37",
  "mteb_dataset_name": "EmotionClassification",
  "mteb_version": "1.1.2",
  "test": {
    "accuracy": 0.5445,
    "accuracy_stderr": 0.027804675865760426,
    "evaluation_time": 0.53,
    "f1": 0.4771844198777314,
    "f1_stderr": 0.01650414474445642,
    "main_score": 0.5445
  }
}