{
  "dataset_revision": "4d8694f8f0e0100860b497b999b3dbed754a0513",
  "mteb_dataset_name": "STS16",
  "mteb_version": "1.1.2",
  "test": {
    "cos_sim": {
      "pearson": 0.8407638327404111,
      "spearman": 0.8537398186391977
    },
    "euclidean": {
      "pearson": 0.862895431487596,
      "spearman": 0.8698617260675636
    },
    "evaluation_time": 0.11,
    "manhattan": {
      "pearson": 0.8523270194933099,
      "spearman": 0.8596331382260406
    }
  }
}