{
  "dataset_revision": "a0d554a64d88156834ff5ae9920b964011b16384",
  "mteb_dataset_name": "STS12",
  "mteb_version": "1.1.2",
  "test": {
    "cos_sim": {
      "pearson": 0.8228806211524055,
      "spearman": 0.7374275799248704
    },
    "euclidean": {
      "pearson": 0.8232146215400368,
      "spearman": 0.7528474831728162
    },
    "evaluation_time": 0.18,
    "manhattan": {
      "pearson": 0.7918250919442834,
      "spearman": 0.7496380566735773
    }
  }
}