{
  "dataset_revision": "70970daeab8776df92f5ea462b6173c0b46fd2d1",
  "mteb_dataset_name": "TwitterSemEval2015",
  "mteb_version": "1.1.2",
  "test": {
    "cos_sim": {
      "accuracy": 0.8685700661620075,
      "accuracy_threshold": 0.7544095030915956,
      "ap": 0.7640191376343886,
      "f1": 0.6997769167547259,
      "f1_threshold": 0.690363545810839,
      "precision": 0.6304209858261054,
      "recall": 0.7862796833773087
    },
    "dot": {
      "accuracy": 0.852238183227037,
      "accuracy_threshold": 0.35330374358664896,
      "ap": 0.7128655530371764,
      "f1": 0.6684324584637612,
      "f1_threshold": 0.3205605188644651,
      "precision": 0.6147032772364924,
      "recall": 0.7324538258575198
    },
    "euclidean": {
      "accuracy": 0.8680932228646361,
      "accuracy_threshold": 0.46781045247586683,
      "ap": 0.7643810755311,
      "f1": 0.7047381546134663,
      "f1_threshold": 0.5167791154906062,
      "precision": 0.6680851063829787,
      "recall": 0.745646437994723
    },
    "evaluation_time": 0.83,
    "manhattan": {
      "accuracy": 0.8648745306073792,
      "accuracy_threshold": 8.165301217518323,
      "ap": 0.7529726160988709,
      "f1": 0.6960010028832894,
      "f1_threshold": 8.743678385425326,
      "precision": 0.6630045378552663,
      "recall": 0.7324538258575198
    },
    "max": {
      "accuracy": 0.8685700661620075,
      "ap": 0.7643810755311,
      "f1": 0.7047381546134663
    }
  }
}