{
  "dataset_revision": "a0d554a64d88156834ff5ae9920b964011b16384",
  "mteb_dataset_name": "STS12",
  "mteb_version": "1.1.2",
  "test": {
    "cos_sim": {
      "pearson": 0.8475419606608685,
      "spearman": 0.7590698163052492
    },
    "euclidean": {
      "pearson": 0.8424055179130736,
      "spearman": 0.7884557479610177
    },
    "evaluation_time": 0.58,
    "manhattan": {
      "pearson": 0.7854133430737236,
      "spearman": 0.775324449674851
    }
  }
}