{
  "dataset_revision": "eea2b4fe26a775864c896887d910b76a8098ad3f",
  "mteb_dataset_name": "STS22",
  "mteb_version": "1.1.2",
  "test": {
    "en": {
      "cos_sim": {
        "pearson": 0.6880856369320746,
        "spearman": 0.692748608786857
      },
      "euclidean": {
        "pearson": 0.7038595710682959,
        "spearman": 0.6915375781167845
      },
      "manhattan": {
        "pearson": 0.7010165785967175,
        "spearman": 0.6809589647769996
      }
    },
    "evaluation_time": 0.09
  }
}