{
  "dataset_revision": "ae752c7c21bf194d8b67fd573edf7ae58183cbe3",
  "mteb_dataset_name": "STS15",
  "mteb_version": "1.1.2",
  "test": {
    "cos_sim": {
      "pearson": 0.8759834998134357,
      "spearman": 0.8868328932351968
    },
    "euclidean": {
      "pearson": 0.8889623840065561,
      "spearman": 0.8949699948701703
    },
    "evaluation_time": 0.37,
    "manhattan": {
      "pearson": 0.870980423083016,
      "spearman": 0.8808383541323911
    }
  }
}