{
  "dataset_revision": "eea2b4fe26a775864c896887d910b76a8098ad3f",
  "mteb_dataset_name": "STS22",
  "mteb_version": "1.1.2",
  "test": {
    "en": {
      "cos_sim": {
        "pearson": 0.6870247051929144,
        "spearman": 0.6942868130653764
      },
      "euclidean": {
        "pearson": 0.7049855681265235,
        "spearman": 0.6937594287413125
      },
      "manhattan": {
        "pearson": 0.7006199654953188,
        "spearman": 0.68451880896443
      }
    },
    "evaluation_time": 0.06
  }
}