{
  "dataset_revision": "ae752c7c21bf194d8b67fd573edf7ae58183cbe3",
  "mteb_dataset_name": "STS15",
  "mteb_version": "1.1.2",
  "test": {
    "cos_sim": {
      "pearson": 0.8775646954394507,
      "spearman": 0.8907996402181855
    },
    "euclidean": {
      "pearson": 0.897021301796267,
      "spearman": 0.9026938437916656
    },
    "evaluation_time": 0.64,
    "manhattan": {
      "pearson": 0.8816986424580538,
      "spearman": 0.8900914302496957
    }
  }
}