{
  "dataset_revision": "7e90230a92c190f1bf69ae9002b8cea547a64cca",
  "mteb_dataset_name": "STS13",
  "mteb_version": "1.1.2",
  "test": {
    "cos_sim": {
      "pearson": 0.8748311083148834,
      "spearman": 0.8803615985863097
    },
    "euclidean": {
      "pearson": 0.8893719993664035,
      "spearman": 0.8970761706157375
    },
    "evaluation_time": 0.33,
    "manhattan": {
      "pearson": 0.8731334970619637,
      "spearman": 0.8797020011675987
    }
  }
}