{
  "dataset_revision": "4f58c6b202a23cf9a4da393831edf4f9183cad37",
  "mteb_dataset_name": "EmotionClassification",
  "mteb_version": "1.1.2",
  "test": {
    "accuracy": 0.54765,
    "accuracy_stderr": 0.02621264008069391,
    "evaluation_time": 0.5,
    "f1": 0.4799672430717189,
    "f1_stderr": 0.01542171013628239,
    "main_score": 0.54765
  }
}