{
  "dataset_revision": "0fd18e25b25c072e09e0d92ab615fda904d66300",
  "mteb_dataset_name": "Banking77Classification",
  "mteb_version": "1.1.2",
  "test": {
    "accuracy": 0.851461038961039,
    "accuracy_stderr": 0.004662794355956189,
    "evaluation_time": 12.38,
    "f1": 0.845468519826334,
    "f1_stderr": 0.005851333322191818,
    "main_score": 0.851461038961039
  }
}