{
  "dataset_revision": null,
  "mteb_dataset_name": "SciFact",
  "mteb_version": "1.1.2",
  "test": {
    "evaluation_time": 1.25,
    "map_at_1": 0.62094,
    "map_at_10": 0.71234,
    "map_at_100": 0.71655,
    "map_at_1000": 0.71679,
    "map_at_3": 0.67904,
    "map_at_5": 0.69889,
    "mrr_at_1": 0.65,
    "mrr_at_10": 0.72123,
    "mrr_at_100": 0.72471,
    "mrr_at_1000": 0.72493,
    "mrr_at_3": 0.69611,
    "mrr_at_5": 0.71144,
    "ndcg_at_1": 0.65,
    "ndcg_at_10": 0.75634,
    "ndcg_at_100": 0.77497,
    "ndcg_at_1000": 0.7794,
    "ndcg_at_3": 0.70004,
    "ndcg_at_5": 0.729,
    "precision_at_1": 0.65,
    "precision_at_10": 0.10033,
    "precision_at_100": 0.01097,
    "precision_at_1000": 0.00113,
    "precision_at_3": 0.26889,
    "precision_at_5": 0.18067,
    "recall_at_1": 0.62094,
    "recall_at_10": 0.88322,
    "recall_at_100": 0.96833,
    "recall_at_1000": 1.0,
    "recall_at_3": 0.73283,
    "recall_at_5": 0.80411
  }
}