{
  "dataset_revision": "7e90230a92c190f1bf69ae9002b8cea547a64cca",
  "mteb_dataset_name": "STS13",
  "mteb_version": "1.1.2",
  "test": {
    "cos_sim": {
      "pearson": 0.8749811662704495,
      "spearman": 0.8794077233214171
    },
    "euclidean": {
      "pearson": 0.8866888634559682,
      "spearman": 0.8944254474437782
    },
    "evaluation_time": 0.45,
    "manhattan": {
      "pearson": 0.8648170470269141,
      "spearman": 0.8710983753020181
    }
  }
}