{
  "dataset_revision": "b0fddb56ed78048fa8b90373c8a3cfc37b684831",
  "mteb_dataset_name": "STSBenchmark",
  "mteb_version": "1.1.2",
  "test": {
    "cos_sim": {
      "pearson": 0.8761983953766938,
      "spearman": 0.8798109733433889
    },
    "euclidean": {
      "pearson": 0.8879007558656996,
      "spearman": 0.8910549822699642
    },
    "evaluation_time": 0.25,
    "manhattan": {
      "pearson": 0.8597136896358002,
      "spearman": 0.866533482554854
    }
  }
}