{
  "dataset_revision": null,
  "mteb_dataset_name": "SciFact",
  "mteb_version": "1.1.2",
  "test": {
    "evaluation_time": 0.74,
    "map_at_1": 0.61428,
    "map_at_10": 0.70811,
    "map_at_100": 0.71269,
    "map_at_1000": 0.71293,
    "map_at_3": 0.6758,
    "map_at_5": 0.6947,
    "mrr_at_1": 0.64333,
    "mrr_at_10": 0.71751,
    "mrr_at_100": 0.72079,
    "mrr_at_1000": 0.72102,
    "mrr_at_3": 0.69222,
    "mrr_at_5": 0.70822,
    "ndcg_at_1": 0.64333,
    "ndcg_at_10": 0.75265,
    "ndcg_at_100": 0.77141,
    "ndcg_at_1000": 0.77621,
    "ndcg_at_3": 0.69703,
    "ndcg_at_5": 0.72555,
    "precision_at_1": 0.64333,
    "precision_at_10": 0.09967,
    "precision_at_100": 0.01093,
    "precision_at_1000": 0.00113,
    "precision_at_3": 0.26667,
    "precision_at_5": 0.17933,
    "recall_at_1": 0.61428,
    "recall_at_10": 0.88089,
    "recall_at_100": 0.965,
    "recall_at_1000": 1.0,
    "recall_at_3": 0.73172,
    "recall_at_5": 0.80161
  }
}