{
  "dataset_revision": "70970daeab8776df92f5ea462b6173c0b46fd2d1",
  "mteb_dataset_name": "TwitterSemEval2015",
  "mteb_version": "1.1.2",
  "test": {
    "cos_sim": {
      "accuracy": 0.8664242713238363,
      "accuracy_threshold": 0.8606894612312317,
      "ap": 0.7612459178509223,
      "f1": 0.6987171180510562,
      "f1_threshold": 0.8403440713882446,
      "precision": 0.6865291571173924,
      "recall": 0.7113456464379947
    },
    "dot": {
      "accuracy": 0.8269058830541813,
      "accuracy_threshold": 0.2363753318786621,
      "ap": 0.6245767216460132,
      "f1": 0.5822108685555039,
      "f1_threshold": 0.21499159932136536,
      "precision": 0.5199087515553712,
      "recall": 0.6614775725593668
    },
    "euclidean": {
      "accuracy": 0.8654705847290934,
      "accuracy_threshold": 0.2729071378707886,
      "ap": 0.7623479700402117,
      "f1": 0.6998172800835292,
      "f1_threshold": 0.2874002456665039,
      "precision": 0.6924070247933884,
      "recall": 0.7073878627968337
    },
    "evaluation_time": 2.74,
    "manhattan": {
      "accuracy": 0.8659474280264648,
      "accuracy_threshold": 7.001619815826416,
      "ap": 0.7621490372987582,
      "f1": 0.6966554316826549,
      "f1_threshold": 7.359789848327637,
      "precision": 0.6847604485219164,
      "recall": 0.7089709762532982
    },
    "max": {
      "accuracy": 0.8664242713238363,
      "ap": 0.7623479700402117,
      "f1": 0.6998172800835292
    }
  }
}