{
  "dataset_revision": null,
  "mteb_dataset_name": "ArguAna",
  "mteb_version": "1.1.2",
  "test": {
    "evaluation_time": 1.81,
    "map_at_1": 0.3606,
    "map_at_10": 0.53218,
    "map_at_100": 0.53816,
    "map_at_1000": 0.53818,
    "map_at_3": 0.48767,
    "map_at_5": 0.51537,
    "mrr_at_1": 0.36842,
    "mrr_at_10": 0.53513,
    "mrr_at_100": 0.54104,
    "mrr_at_1000": 0.54106,
    "mrr_at_3": 0.49123,
    "mrr_at_5": 0.51801,
    "ndcg_at_1": 0.3606,
    "ndcg_at_10": 0.61968,
    "ndcg_at_100": 0.64296,
    "ndcg_at_1000": 0.64355,
    "ndcg_at_3": 0.52936,
    "ndcg_at_5": 0.57937,
    "precision_at_1": 0.3606,
    "precision_at_10": 0.08954,
    "precision_at_100": 0.00992,
    "precision_at_1000": 0.001,
    "precision_at_3": 0.21669,
    "precision_at_5": 0.15434,
    "recall_at_1": 0.3606,
    "recall_at_10": 0.89545,
    "recall_at_100": 0.99218,
    "recall_at_1000": 0.99644,
    "recall_at_3": 0.65007,
    "recall_at_5": 0.77169
  }
}