{
  "dataset_revision": null,
  "mteb_dataset_name": "ArguAna",
  "mteb_version": "1.1.2",
  "test": {
    "evaluation_time": 2.32,
    "map_at_1": 0.39545,
    "map_at_10": 0.56386,
    "map_at_100": 0.5689,
    "map_at_1000": 0.56893,
    "map_at_3": 0.52063,
    "map_at_5": 0.55,
    "mrr_at_1": 0.40256,
    "mrr_at_10": 0.56668,
    "mrr_at_100": 0.57166,
    "mrr_at_1000": 0.57169,
    "mrr_at_3": 0.52347,
    "mrr_at_5": 0.55263,
    "ndcg_at_1": 0.39545,
    "ndcg_at_10": 0.64787,
    "ndcg_at_100": 0.6675,
    "ndcg_at_1000": 0.66799,
    "ndcg_at_3": 0.5617,
    "ndcg_at_5": 0.61468,
    "precision_at_1": 0.39545,
    "precision_at_10": 0.09111,
    "precision_at_100": 0.00993,
    "precision_at_1000": 0.001,
    "precision_at_3": 0.22688,
    "precision_at_5": 0.16188,
    "recall_at_1": 0.39545,
    "recall_at_10": 0.9111,
    "recall_at_100": 0.99289,
    "recall_at_1000": 0.99644,
    "recall_at_3": 0.68065,
    "recall_at_5": 0.80939
  }
}