{
  "dataset_revision": "70970daeab8776df92f5ea462b6173c0b46fd2d1",
  "mteb_dataset_name": "TwitterSemEval2015",
  "mteb_version": "1.1.2",
  "test": {
    "cos_sim": {
      "accuracy": 0.8785241699946356,
      "accuracy_threshold": 0.7459413469125756,
      "ap": 0.7891671307612796,
      "f1": 0.7212909682261696,
      "f1_threshold": 0.7053422556423908,
      "precision": 0.6857754519505234,
      "recall": 0.7606860158311346
    },
    "dot": {
      "accuracy": 0.8592716218632652,
      "accuracy_threshold": 0.3418923044681228,
      "ap": 0.7359510525113848,
      "f1": 0.6784086710185984,
      "f1_threshold": 0.3129997759443618,
      "precision": 0.6361746361746362,
      "recall": 0.7266490765171504
    },
    "euclidean": {
      "accuracy": 0.878166537521607,
      "accuracy_threshold": 0.48164092529554725,
      "ap": 0.7926541236847726,
      "f1": 0.7238170140254294,
      "f1_threshold": 0.5016870610158256,
      "precision": 0.7191977077363897,
      "recall": 0.7284960422163589
    },
    "evaluation_time": 2.02,
    "manhattan": {
      "accuracy": 0.8759015318590928,
      "accuracy_threshold": 7.9626509577563365,
      "ap": 0.7828274196889822,
      "f1": 0.7139201637666325,
      "f1_threshold": 8.388362870765224,
      "precision": 0.6929955290611028,
      "recall": 0.7361477572559367
    },
    "max": {
      "accuracy": 0.8785241699946356,
      "ap": 0.7926541236847726,
      "f1": 0.7238170140254294
    }
  }
}