{
  "dataset_revision": "a0d554a64d88156834ff5ae9920b964011b16384",
  "mteb_dataset_name": "STS12",
  "mteb_version": "1.1.2",
  "test": {
    "cos_sim": {
      "pearson": 0.8490341365252315,
      "spearman": 0.7533041669660633
    },
    "euclidean": {
      "pearson": 0.8568310001381865,
      "spearman": 0.7788740161093741
    },
    "evaluation_time": 0.15,
    "manhattan": {
      "pearson": 0.8438010372998198,
      "spearman": 0.7772658189049784
    }
  }
}