{
  "dataset_revision": "af5e6fb845001ecf41f4c1e033ce921939a2a68d",
  "mteb_dataset_name": "STS17",
  "mteb_version": "1.2.0",
  "test": {
    "en-en": {
      "cos_sim": {
        "pearson": 0.8853403311453105,
        "spearman": 0.8914252118541879
      },
      "euclidean": {
        "pearson": 0.893296097331679,
        "spearman": 0.8835896725570973
      },
      "manhattan": {
        "pearson": 0.8970624121925863,
        "spearman": 0.8858910547083769
      }
    },
    "evaluation_time": 0.07
  }
}