{
  "dataset_revision": "a0d554a64d88156834ff5ae9920b964011b16384",
  "mteb_dataset_name": "STS12",
  "mteb_version": "1.2.0",
  "test": {
    "cos_sim": {
      "pearson": 0.84517862949159,
      "spearman": 0.7530430278705474
    },
    "euclidean": {
      "pearson": 0.8352440292797887,
      "spearman": 0.7719010727062876
    },
    "evaluation_time": 0.07,
    "manhattan": {
      "pearson": 0.7507257967402119,
      "spearman": 0.7416693286600452
    }
  }
}