{
  "dataset_revision": "ae752c7c21bf194d8b67fd573edf7ae58183cbe3",
  "mteb_dataset_name": "STS15",
  "mteb_version": "1.2.0",
  "test": {
    "cos_sim": {
      "pearson": 0.8793875861269007,
      "spearman": 0.8903964350427641
    },
    "euclidean": {
      "pearson": 0.8975700841711205,
      "spearman": 0.9035697650357725
    },
    "evaluation_time": 0.5,
    "manhattan": {
      "pearson": 0.8815456507427422,
      "spearman": 0.8897349027971745
    }
  }
}