{
  "dataset_revision": "d3fb88f8f02e40887cd149695127462bbcf29b4a",
  "mteb_dataset_name": "BIOSSES",
  "mteb_version": "1.2.0",
  "test": {
    "cos_sim": {
      "pearson": 0.8832380331747777,
      "spearman": 0.8654414064165289
    },
    "euclidean": {
      "pearson": 0.8647667575688622,
      "spearman": 0.8654414064165289
    },
    "evaluation_time": 0.02,
    "manhattan": {
      "pearson": 0.8718045880363292,
      "spearman": 0.8747849928104592
    }
  }
}