{
  "dataset_revision": null,
  "mteb_dataset_name": "CQADupstackEnglishRetrieval",
  "mteb_version": "1.1.2",
  "test": {
    "evaluation_time": 31.31,
    "map_at_1": 0.34831,
    "map_at_10": 0.45865,
    "map_at_100": 0.47139,
    "map_at_1000": 0.47264,
    "map_at_3": 0.42516,
    "map_at_5": 0.44523,
    "mrr_at_1": 0.43567,
    "mrr_at_10": 0.51932,
    "mrr_at_100": 0.52501,
    "mrr_at_1000": 0.5254,
    "mrr_at_3": 0.49607,
    "mrr_at_5": 0.5104,
    "ndcg_at_1": 0.43567,
    "ndcg_at_10": 0.51777,
    "ndcg_at_100": 0.55885,
    "ndcg_at_1000": 0.57661,
    "ndcg_at_3": 0.47367,
    "ndcg_at_5": 0.4964,
    "precision_at_1": 0.43567,
    "precision_at_10": 0.09701,
    "precision_at_100": 0.01506,
    "precision_at_1000": 0.00196,
    "precision_at_3": 0.2293,
    "precision_at_5": 0.16369,
    "recall_at_1": 0.34831,
    "recall_at_10": 0.6205,
    "recall_at_100": 0.79278,
    "recall_at_1000": 0.90102,
    "recall_at_3": 0.48693,
    "recall_at_5": 0.55241
  }
}