{
  "dataset_revision": null,
  "mteb_dataset_name": "CQADupstackWordpressRetrieval",
  "mteb_version": "1.1.2",
  "test": {
    "evaluation_time": 38.1,
    "map_at_1": 0.24621,
    "map_at_10": 0.33292,
    "map_at_100": 0.34335,
    "map_at_1000": 0.34433,
    "map_at_3": 0.30721,
    "map_at_5": 0.32236,
    "mrr_at_1": 0.26617,
    "mrr_at_10": 0.35367,
    "mrr_at_100": 0.36289,
    "mrr_at_1000": 0.36358,
    "mrr_at_3": 0.33179,
    "mrr_at_5": 0.34399,
    "ndcg_at_1": 0.26617,
    "ndcg_at_10": 0.38142,
    "ndcg_at_100": 0.43191,
    "ndcg_at_1000": 0.45693,
    "ndcg_at_3": 0.33332,
    "ndcg_at_5": 0.35699,
    "precision_at_1": 0.26617,
    "precision_at_10": 0.05933,
    "precision_at_100": 0.00906,
    "precision_at_1000": 0.00125,
    "precision_at_3": 0.14171,
    "precision_at_5": 0.10018,
    "recall_at_1": 0.24621,
    "recall_at_10": 0.50957,
    "recall_at_100": 0.73963,
    "recall_at_1000": 0.9259,
    "recall_at_3": 0.38068,
    "recall_at_5": 0.43663
  }
}