{
  "dataset_revision": null,
  "mteb_dataset_name": "CQADupstackWebmastersRetrieval",
  "mteb_version": "1.1.2",
  "test": {
    "evaluation_time": 13.01,
    "map_at_1": 0.28818,
    "map_at_10": 0.39006,
    "map_at_100": 0.40765,
    "map_at_1000": 0.41002,
    "map_at_3": 0.35611,
    "map_at_5": 0.37615,
    "mrr_at_1": 0.34387,
    "mrr_at_10": 0.43827,
    "mrr_at_100": 0.44799,
    "mrr_at_1000": 0.44838,
    "mrr_at_3": 0.4114,
    "mrr_at_5": 0.42869,
    "ndcg_at_1": 0.34387,
    "ndcg_at_10": 0.45226,
    "ndcg_at_100": 0.51248,
    "ndcg_at_1000": 0.53335,
    "ndcg_at_3": 0.40005,
    "ndcg_at_5": 0.42732,
    "precision_at_1": 0.34387,
    "precision_at_10": 0.08557,
    "precision_at_100": 0.01684,
    "precision_at_1000": 0.00253,
    "precision_at_3": 0.18643,
    "precision_at_5": 0.13715,
    "recall_at_1": 0.28818,
    "recall_at_10": 0.56889,
    "recall_at_100": 0.83258,
    "recall_at_1000": 0.95834,
    "recall_at_3": 0.42307,
    "recall_at_5": 0.49483
  }
}