{
  "dataset_revision": null,
  "mteb_dataset_name": "NFCorpus",
  "mteb_version": "1.1.2",
  "test": {
    "evaluation_time": 2.94,
    "map_at_1": 0.07663,
    "map_at_10": 0.15953,
    "map_at_100": 0.20471,
    "map_at_1000": 0.22164,
    "map_at_3": 0.11796,
    "map_at_5": 0.1371,
    "mrr_at_1": 0.50774,
    "mrr_at_10": 0.60159,
    "mrr_at_100": 0.60658,
    "mrr_at_1000": 0.60686,
    "mrr_at_3": 0.58204,
    "mrr_at_5": 0.59644,
    "ndcg_at_1": 0.48762,
    "ndcg_at_10": 0.3993,
    "ndcg_at_100": 0.37398,
    "ndcg_at_1000": 0.46171,
    "ndcg_at_3": 0.45034,
    "ndcg_at_5": 0.43229,
    "precision_at_1": 0.50464,
    "precision_at_10": 0.29195,
    "precision_at_100": 0.09384,
    "precision_at_1000": 0.02243,
    "precision_at_3": 0.41589,
    "precision_at_5": 0.37028,
    "recall_at_1": 0.07663,
    "recall_at_10": 0.1995,
    "recall_at_100": 0.37575,
    "recall_at_1000": 0.69917,
    "recall_at_3": 0.12923,
    "recall_at_5": 0.16062
  }
}