{
  "dataset_revision": "b0fddb56ed78048fa8b90373c8a3cfc37b684831",
  "mteb_dataset_name": "STSBenchmark",
  "mteb_version": "1.1.2",
  "test": {
    "cos_sim": {
      "pearson": 0.8624110125436558,
      "spearman": 0.8741002655051768
    },
    "euclidean": {
      "pearson": 0.8817675647190062,
      "spearman": 0.8850521051278568
    },
    "evaluation_time": 0.27,
    "manhattan": {
      "pearson": 0.8849423414882827,
      "spearman": 0.8841455636457186
    }
  }
}