{
  "dataset_revision": "4f58c6b202a23cf9a4da393831edf4f9183cad37",
  "mteb_dataset_name": "EmotionClassification",
  "mteb_version": "1.1.2",
  "test": {
    "accuracy": 0.5512499999999999,
    "accuracy_stderr": 0.02385712681778759,
    "evaluation_time": 0.56,
    "f1": 0.49073702052576323,
    "f1_stderr": 0.014149776426724464,
    "main_score": 0.5512499999999999
  }
}