{
  "dataset_revision": null,
  "mteb_dataset_name": "SciFact",
  "mteb_version": "1.1.2",
  "test": {
    "evaluation_time": 0.6,
    "map_at_1": 0.60828,
    "map_at_10": 0.69746,
    "map_at_100": 0.70294,
    "map_at_1000": 0.70305,
    "map_at_3": 0.66707,
    "map_at_5": 0.68857,
    "mrr_at_1": 0.64,
    "mrr_at_10": 0.70775,
    "mrr_at_100": 0.71229,
    "mrr_at_1000": 0.71239,
    "mrr_at_3": 0.685,
    "mrr_at_5": 0.70233,
    "ndcg_at_1": 0.64,
    "ndcg_at_10": 0.73895,
    "ndcg_at_100": 0.76485,
    "ndcg_at_1000": 0.76764,
    "ndcg_at_3": 0.68944,
    "ndcg_at_5": 0.72107,
    "precision_at_1": 0.64,
    "precision_at_10": 0.09733,
    "precision_at_100": 0.01107,
    "precision_at_1000": 0.00113,
    "precision_at_3": 0.26667,
    "precision_at_5": 0.18067,
    "recall_at_1": 0.60828,
    "recall_at_10": 0.85589,
    "recall_at_100": 0.97833,
    "recall_at_1000": 1.0,
    "recall_at_3": 0.7235,
    "recall_at_5": 0.80289
  }
}