{
  "dataset_revision": "eea2b4fe26a775864c896887d910b76a8098ad3f",
  "mteb_dataset_name": "STS22",
  "mteb_version": "1.1.2",
  "test": {
    "en": {
      "cos_sim": {
        "pearson": 0.6791786399055985,
        "spearman": 0.6816605161463559
      },
      "euclidean": {
        "pearson": 0.696700338781624,
        "spearman": 0.6819486242493169
      },
      "manhattan": {
        "pearson": 0.695558834951493,
        "spearman": 0.6776074699521624
      }
    },
    "evaluation_time": 0.04
  }
}