{
  "dataset_revision": null,
  "mteb_dataset_name": "ArguAna",
  "mteb_version": "1.1.2",
  "test": {
    "evaluation_time": 19.0,
    "map_at_1": 0.40114,
    "map_at_10": 0.56383,
    "map_at_100": 0.56842,
    "map_at_1000": 0.56843,
    "map_at_3": 0.51873,
    "map_at_5": 0.54803,
    "mrr_at_1": 0.40967,
    "mrr_at_10": 0.56689,
    "mrr_at_100": 0.57141,
    "mrr_at_1000": 0.57143,
    "mrr_at_3": 0.5224,
    "mrr_at_5": 0.55103,
    "ndcg_at_1": 0.40114,
    "ndcg_at_10": 0.6492,
    "ndcg_at_100": 0.66711,
    "ndcg_at_1000": 0.6675,
    "ndcg_at_3": 0.55822,
    "ndcg_at_5": 0.61098,
    "precision_at_1": 0.40114,
    "precision_at_10": 0.09189,
    "precision_at_100": 0.00994,
    "precision_at_1000": 0.001,
    "precision_at_3": 0.22428,
    "precision_at_5": 0.16017,
    "recall_at_1": 0.40114,
    "recall_at_10": 0.91892,
    "recall_at_100": 0.9936,
    "recall_at_1000": 0.99644,
    "recall_at_3": 0.67283,
    "recall_at_5": 0.80085
  }
}