{
  "dataset_revision": "d66bd1f72af766a5cc4b0ca5e00c162f89e8cc46",
  "mteb_dataset_name": "SprintDuplicateQuestions",
  "mteb_version": "1.2.0",
  "test": {
    "cos_sim": {
      "accuracy": 0.9985148514851485,
      "accuracy_threshold": 0.8225953955340842,
      "ap": 0.9660275453554726,
      "f1": 0.9259624876604147,
      "f1_threshold": 0.8225953955340842,
      "precision": 0.9142300194931774,
      "recall": 0.938
    },
    "dot": {
      "accuracy": 0.9985148514851485,
      "accuracy_threshold": 0.8225953955340839,
      "ap": 0.9660275453554726,
      "f1": 0.9259624876604147,
      "f1_threshold": 0.8225953955340839,
      "precision": 0.9142300194931774,
      "recall": 0.938
    },
    "euclidean": {
      "accuracy": 0.9985148514851485,
      "accuracy_threshold": 0.595658423293836,
      "ap": 0.9660275453554726,
      "f1": 0.9259624876604147,
      "f1_threshold": 0.595658423293836,
      "precision": 0.9142300194931774,
      "recall": 0.938
    },
    "evaluation_time": 46.09,
    "manhattan": {
      "accuracy": 0.9985346534653465,
      "accuracy_threshold": 27.21436614220724,
      "ap": 0.9660998393944469,
      "f1": 0.9260739260739261,
      "f1_threshold": 27.501830970939096,
      "precision": 0.9251497005988024,
      "recall": 0.927
    },
    "max": {
      "accuracy": 0.9985346534653465,
      "ap": 0.9660998393944469,
      "f1": 0.9260739260739261
    }
  }
}