{
  "dataset_revision": "6031580fec1f6af667f0bd2da0a551cf4f0b2375",
  "mteb_dataset_name": "STS14",
  "mteb_version": "1.2.0",
  "test": {
    "cos_sim": {
      "pearson": 0.8682860197233238,
      "spearman": 0.841838655273554
    },
    "euclidean": {
      "pearson": 0.8616533352829093,
      "spearman": 0.841838655273554
    },
    "evaluation_time": 1.4,
    "manhattan": {
      "pearson": 0.8593923611353432,
      "spearman": 0.8388762124905202
    }
  }
}