{
  "dataset_revision": "4d8694f8f0e0100860b497b999b3dbed754a0513",
  "mteb_dataset_name": "STS16",
  "mteb_version": "1.1.2",
  "test": {
    "cos_sim": {
      "pearson": 0.8547109219483593,
      "spearman": 0.8697041332159238
    },
    "euclidean": {
      "pearson": 0.8632014901249203,
      "spearman": 0.8697041332159238
    },
    "evaluation_time": 0.74,
    "manhattan": {
      "pearson": 0.862853609386442,
      "spearman": 0.8692862886942754
    }
  }
}