{
  "dataset_revision": "4ffe81d471b1924886b33c7567bfb200e9eec5c4",
  "mteb_dataset_name": "CQADupstackWordpressRetrieval",
  "mteb_version": "1.2.0",
  "test": {
    "evaluation_time": 11.71,
    "map_at_1": 0.21762,
    "map_at_10": 0.30203,
    "map_at_100": 0.31079,
    "map_at_1000": 0.3118,
    "map_at_3": 0.2739,
    "map_at_5": 0.28892,
    "mrr_at_1": 0.2366,
    "mrr_at_10": 0.32313,
    "mrr_at_100": 0.33089,
    "mrr_at_1000": 0.33163,
    "mrr_at_3": 0.29544,
    "mrr_at_5": 0.31226,
    "ndcg_at_1": 0.2366,
    "ndcg_at_10": 0.35277,
    "ndcg_at_100": 0.39735,
    "ndcg_at_1000": 0.42256,
    "ndcg_at_3": 0.29725,
    "ndcg_at_5": 0.32421,
    "precision_at_1": 0.2366,
    "precision_at_10": 0.05675,
    "precision_at_100": 0.00848,
    "precision_at_1000": 0.00118,
    "precision_at_3": 0.12508,
    "precision_at_5": 0.09242,
    "recall_at_1": 0.21762,
    "recall_at_10": 0.48883,
    "recall_at_100": 0.69493,
    "recall_at_1000": 0.88173,
    "recall_at_3": 0.34159,
    "recall_at_5": 0.40455
  }
}