{
  "dataset_revision": "4f58c6b202a23cf9a4da393831edf4f9183cad37",
  "mteb_dataset_name": "EmotionClassification",
  "mteb_version": "1.1.2",
  "test": {
    "accuracy": 0.54695,
    "accuracy_stderr": 0.026967990284780224,
    "evaluation_time": 56.08,
    "f1": 0.47932440031294454,
    "f1_stderr": 0.01613377593357085,
    "main_score": 0.54695
  }
}