{
  "dataset_revision": "7d571f92784cd94a019292a1f45445077d0ef634",
  "mteb_dataset_name": "MassiveScenarioClassification",
  "mteb_version": "1.2.0",
  "test": {
    "en": {
      "accuracy": 0.7649293880295899,
      "accuracy_stderr": 0.014946531352075193,
      "f1": 0.7599542866815661,
      "f1_stderr": 0.013273391142075614,
      "main_score": 0.7649293880295899
    },
    "evaluation_time": 11.47
  }
}