{
  "dataset_revision": "d80d48c1eb48d3562165c59d59d0034df9fff0bf",
  "mteb_dataset_name": "MTOPDomainClassification",
  "mteb_version": "1.2.0",
  "test": {
    "en": {
      "accuracy": 0.9371181030551755,
      "accuracy_stderr": 0.005611534906672194,
      "f1": 0.9353816622851057,
      "f1_stderr": 0.004579583844635194,
      "main_score": 0.9371181030551755
    },
    "evaluation_time": 11.58
  }
}