{
  "dataset_revision": null,
  "mteb_dataset_name": "SCIDOCS",
  "mteb_version": "1.2.0",
  "test": {
    "evaluation_time": 6.17,
    "map_at_1": 0.04913,
    "map_at_10": 0.13572,
    "map_at_100": 0.16402,
    "map_at_1000": 0.1682,
    "map_at_3": 0.09372,
    "map_at_5": 0.11469,
    "mrr_at_1": 0.243,
    "mrr_at_10": 0.36905,
    "mrr_at_100": 0.38095,
    "mrr_at_1000": 0.38133,
    "mrr_at_3": 0.3295,
    "mrr_at_5": 0.3517,
    "ndcg_at_1": 0.243,
    "ndcg_at_10": 0.22604,
    "ndcg_at_100": 0.32733,
    "ndcg_at_1000": 0.38965,
    "ndcg_at_3": 0.20791,
    "ndcg_at_5": 0.18555,
    "precision_at_1": 0.243,
    "precision_at_10": 0.1199,
    "precision_at_100": 0.02651,
    "precision_at_1000": 0.00413,
    "precision_at_3": 0.19733,
    "precision_at_5": 0.1668,
    "recall_at_1": 0.04913,
    "recall_at_10": 0.2432,
    "recall_at_100": 0.53792,
    "recall_at_1000": 0.83735,
    "recall_at_3": 0.12013,
    "recall_at_5": 0.16908
  }
}