{
  "dataset_revision": "a6ea5a8cab320b040a23452cc28066d9beae2cee",
  "mteb_dataset_name": "SICK-R",
  "mteb_version": "1.1.2",
  "test": {
    "cos_sim": {
      "pearson": 0.8715725253096126,
      "spearman": 0.8270527834622479
    },
    "euclidean": {
      "pearson": 0.8449251414685084,
      "spearman": 0.8270527091540151
    },
    "evaluation_time": 2.75,
    "manhattan": {
      "pearson": 0.8434023056904076,
      "spearman": 0.8256462707528639
    }
  }
}