{
  "dataset_revision": "4d8694f8f0e0100860b497b999b3dbed754a0513",
  "mteb_dataset_name": "STS16",
  "mteb_version": "1.2.0",
  "test": {
    "cos_sim": {
      "pearson": 0.8536137496516908,
      "spearman": 0.8668828070776101
    },
    "euclidean": {
      "pearson": 0.858862248411817,
      "spearman": 0.8668828070776101
    },
    "evaluation_time": 0.11,
    "manhattan": {
      "pearson": 0.8577015200918473,
      "spearman": 0.8657827546119305
    }
  }
}