{
  "dataset_revision": "7e90230a92c190f1bf69ae9002b8cea547a64cca",
  "mteb_dataset_name": "STS13",
  "mteb_version": "1.1.2",
  "test": {
    "cos_sim": {
      "pearson": 0.8691182331977527,
      "spearman": 0.8738765084283029
    },
    "euclidean": {
      "pearson": 0.8862758161616232,
      "spearman": 0.8929619163463666
    },
    "evaluation_time": 0.21,
    "manhattan": {
      "pearson": 0.8697543626990488,
      "spearman": 0.8766481589503472
    }
  }
}