{
  "dataset_revision": "ae752c7c21bf194d8b67fd573edf7ae58183cbe3",
  "mteb_dataset_name": "STS15",
  "mteb_version": "1.1.2",
  "test": {
    "cos_sim": {
      "pearson": 0.8782590244666313,
      "spearman": 0.8911218809920386
    },
    "euclidean": {
      "pearson": 0.898432538167964,
      "spearman": 0.9044454356030135
    },
    "evaluation_time": 0.4,
    "manhattan": {
      "pearson": 0.8810510512695039,
      "spearman": 0.8893605941917315
    }
  }
}