{
  "dataset_revision": "7e90230a92c190f1bf69ae9002b8cea547a64cca",
  "mteb_dataset_name": "STS13",
  "mteb_version": "1.1.2",
  "test": {
    "cos_sim": {
      "pearson": 0.8581314162891839,
      "spearman": 0.867698540321091
    },
    "euclidean": {
      "pearson": 0.8799253322917667,
      "spearman": 0.8857071935470834
    },
    "evaluation_time": 0.18,
    "manhattan": {
      "pearson": 0.8775530750559491,
      "spearman": 0.8830572337671689
    }
  }
}