{
  "dataset_revision": "a0d554a64d88156834ff5ae9920b964011b16384",
  "mteb_dataset_name": "STS12",
  "mteb_version": "1.1.2",
  "test": {
    "cos_sim": {
      "pearson": 0.8350776482738023,
      "spearman": 0.746018202104963
    },
    "euclidean": {
      "pearson": 0.8481640929698986,
      "spearman": 0.7690738541319337
    },
    "evaluation_time": 0.34,
    "manhattan": {
      "pearson": 0.8380413134608604,
      "spearman": 0.7688727491236961
    }
  }
}