{
  "dataset_revision": "70970daeab8776df92f5ea462b6173c0b46fd2d1",
  "mteb_dataset_name": "TwitterSemEval2015",
  "mteb_version": "1.1.2",
  "test": {
    "cos_sim": {
      "accuracy": 0.8779877212850927,
      "accuracy_threshold": 0.7593936282715282,
      "ap": 0.784584173282141,
      "f1": 0.7181016597510373,
      "f1_threshold": 0.7267215250553447,
      "precision": 0.7060173380928098,
      "recall": 0.7306068601583113
    },
    "dot": {
      "accuracy": 0.8543243726530368,
      "accuracy_threshold": 0.3062197447737574,
      "ap": 0.715271112762283,
      "f1": 0.6682750301568154,
      "f1_threshold": 0.28193090313494457,
      "precision": 0.6155555555555555,
      "recall": 0.7308707124010554
    },
    "euclidean": {
      "accuracy": 0.8761995589199499,
      "accuracy_threshold": 0.4389747230859051,
      "ap": 0.7824970861573529,
      "f1": 0.718964204112719,
      "f1_threshold": 0.4719224044396162,
      "precision": 0.6927592954990215,
      "recall": 0.7472295514511873
    },
    "evaluation_time": 1.72,
    "manhattan": {
      "accuracy": 0.87578232103475,
      "accuracy_threshold": 5.436195153872983,
      "ap": 0.7828530084193759,
      "f1": 0.7188684011113918,
      "f1_threshold": 5.797921416700244,
      "precision": 0.689437984496124,
      "recall": 0.7509234828496042
    },
    "max": {
      "accuracy": 0.8779877212850927,
      "ap": 0.784584173282141,
      "f1": 0.718964204112719
    }
  }
}