{
  "dataset_revision": "7e90230a92c190f1bf69ae9002b8cea547a64cca",
  "mteb_dataset_name": "STS13",
  "mteb_version": "1.1.2",
  "test": {
    "cos_sim": {
      "pearson": 0.869260682448937,
      "spearman": 0.8747292991978686
    },
    "euclidean": {
      "pearson": 0.8877633745854714,
      "spearman": 0.8946587001925624
    },
    "evaluation_time": 0.28,
    "manhattan": {
      "pearson": 0.8723666561771964,
      "spearman": 0.8791994596506857
    }
  }
}