{
  "dataset_revision": "a0d554a64d88156834ff5ae9920b964011b16384",
  "mteb_dataset_name": "STS12",
  "mteb_version": "1.1.2",
  "test": {
    "cos_sim": {
      "pearson": 0.8462323136581532,
      "spearman": 0.7564613553103792
    },
    "euclidean": {
      "pearson": 0.851066748694112,
      "spearman": 0.783558493777141
    },
    "evaluation_time": 0.55,
    "manhattan": {
      "pearson": 0.8046643728364584,
      "spearman": 0.7714720478473834
    }
  }
}