{
  "dataset_revision": "70970daeab8776df92f5ea462b6173c0b46fd2d1",
  "mteb_dataset_name": "TwitterSemEval2015",
  "mteb_version": "1.1.2",
  "test": {
    "cos_sim": {
      "accuracy": 0.8756035047982357,
      "accuracy_threshold": 0.7605888141407211,
      "ap": 0.7834166116160245,
      "f1": 0.7174242424242425,
      "f1_threshold": 0.7131087845542079,
      "precision": 0.6878934624697337,
      "recall": 0.7496042216358839
    },
    "dot": {
      "accuracy": 0.8595100435119509,
      "accuracy_threshold": 0.3850826266923618,
      "ap": 0.7382242938464234,
      "f1": 0.6771084337349397,
      "f1_threshold": 0.3489091100093171,
      "precision": 0.623059866962306,
      "recall": 0.741424802110818
    },
    "euclidean": {
      "accuracy": 0.877749299636407,
      "accuracy_threshold": 0.5004528916285922,
      "ap": 0.7878139579356036,
      "f1": 0.7207253224364704,
      "f1_threshold": 0.5322599668088173,
      "precision": 0.698341994555803,
      "recall": 0.7445910290237467
    },
    "evaluation_time": 1.91,
    "manhattan": {
      "accuracy": 0.8697025689932646,
      "accuracy_threshold": 10.162898042732596,
      "ap": 0.7703653417877014,
      "f1": 0.7069383794274625,
      "f1_threshold": 10.907485711492402,
      "precision": 0.654243376740009,
      "recall": 0.7688654353562006
    },
    "max": {
      "accuracy": 0.877749299636407,
      "ap": 0.7878139579356036,
      "f1": 0.7207253224364704
    }
  }
}