{
  "dataset_revision": "6031580fec1f6af667f0bd2da0a551cf4f0b2375",
  "mteb_dataset_name": "STS14",
  "mteb_version": "1.1.2",
  "test": {
    "cos_sim": {
      "pearson": 0.8566400776432196,
      "spearman": 0.8255933165936566
    },
    "euclidean": {
      "pearson": 0.8592269457205101,
      "spearman": 0.8450571915047498
    },
    "evaluation_time": 0.55,
    "manhattan": {
      "pearson": 0.856222283349928,
      "spearman": 0.8427744559203127
    }
  }
}