{
  "dataset_revision": "eea2b4fe26a775864c896887d910b76a8098ad3f",
  "mteb_dataset_name": "STS22",
  "mteb_version": "1.1.2",
  "test": {
    "en": {
      "cos_sim": {
        "pearson": 0.6794348555035328,
        "spearman": 0.6926362954585842
      },
      "euclidean": {
        "pearson": 0.7006915921268878,
        "spearman": 0.6905853564205585
      },
      "manhattan": {
        "pearson": 0.7084811073889803,
        "spearman": 0.6975438995852885
      }
    },
    "evaluation_time": 0.06
  }
}