{
  "dataset_revision": "0228b52cf27578f30900b9e5271d331663a030d7",
  "mteb_dataset_name": "SciFact",
  "mteb_version": "1.2.0",
  "test": {
    "evaluation_time": 0.31,
    "map_at_1": 0.58694,
    "map_at_10": 0.678,
    "map_at_100": 0.68333,
    "map_at_1000": 0.68352,
    "map_at_3": 0.64915,
    "map_at_5": 0.66345,
    "mrr_at_1": 0.61,
    "mrr_at_10": 0.68656,
    "mrr_at_100": 0.69064,
    "mrr_at_1000": 0.69082,
    "mrr_at_3": 0.66556,
    "mrr_at_5": 0.67689,
    "ndcg_at_1": 0.61,
    "ndcg_at_10": 0.72342,
    "ndcg_at_100": 0.74651,
    "ndcg_at_1000": 0.75184,
    "ndcg_at_3": 0.67361,
    "ndcg_at_5": 0.69446,
    "precision_at_1": 0.61,
    "precision_at_10": 0.09667,
    "precision_at_100": 0.01087,
    "precision_at_1000": 0.00113,
    "precision_at_3": 0.26111,
    "precision_at_5": 0.17133,
    "recall_at_1": 0.58694,
    "recall_at_10": 0.85422,
    "recall_at_100": 0.95833,
    "recall_at_1000": 1.0,
    "recall_at_3": 0.71756,
    "recall_at_5": 0.76983
  }
}