{
  "dataset_revision": "a0d554a64d88156834ff5ae9920b964011b16384",
  "mteb_dataset_name": "STS12",
  "mteb_version": "1.2.0",
  "test": {
    "cos_sim": {
      "pearson": 0.8432677818750046,
      "spearman": 0.748087062545626
    },
    "euclidean": {
      "pearson": 0.8381900053773178,
      "spearman": 0.7712670090180793
    },
    "evaluation_time": 0.15,
    "manhattan": {
      "pearson": 0.7936639056568666,
      "spearman": 0.7651834379970813
    }
  }
}