{
  "dataset_revision": "160c094312a0e1facb97e55eeddb698c0abe3571",
  "mteb_dataset_name": "CQADupstackWebmastersRetrieval",
  "mteb_version": "1.2.0",
  "test": {
    "evaluation_time": 4.32,
    "map_at_1": 0.25838,
    "map_at_10": 0.36198,
    "map_at_100": 0.37874,
    "map_at_1000": 0.38097,
    "map_at_3": 0.32887,
    "map_at_5": 0.34759,
    "mrr_at_1": 0.31621,
    "mrr_at_10": 0.4151,
    "mrr_at_100": 0.42486,
    "mrr_at_1000": 0.42531,
    "mrr_at_3": 0.38669,
    "mrr_at_5": 0.40339,
    "ndcg_at_1": 0.31621,
    "ndcg_at_10": 0.42729,
    "ndcg_at_100": 0.48809,
    "ndcg_at_1000": 0.50905,
    "ndcg_at_3": 0.37373,
    "ndcg_at_5": 0.39989,
    "precision_at_1": 0.31621,
    "precision_at_10": 0.0832,
    "precision_at_100": 0.01636,
    "precision_at_1000": 0.00247,
    "precision_at_3": 0.17852,
    "precision_at_5": 0.13083,
    "recall_at_1": 0.25838,
    "recall_at_10": 0.5535,
    "recall_at_100": 0.81863,
    "recall_at_1000": 0.94479,
    "recall_at_3": 0.39989,
    "recall_at_5": 0.47068
  }
}