{
  "dataset_revision": "90fceea13679c63fe563ded68f3b6f06e50061de",
  "mteb_dataset_name": "CQADupstackMathematicaRetrieval",
  "mteb_version": "1.2.0",
  "test": {
    "evaluation_time": 4.67,
    "map_at_1": 0.18714,
    "map_at_10": 0.28543,
    "map_at_100": 0.29786,
    "map_at_1000": 0.299,
    "map_at_3": 0.25719,
    "map_at_5": 0.27364,
    "mrr_at_1": 0.23632,
    "mrr_at_10": 0.3367,
    "mrr_at_100": 0.34539,
    "mrr_at_1000": 0.34601,
    "mrr_at_3": 0.30929,
    "mrr_at_5": 0.32589,
    "ndcg_at_1": 0.23632,
    "ndcg_at_10": 0.34564,
    "ndcg_at_100": 0.40297,
    "ndcg_at_1000": 0.42926,
    "ndcg_at_3": 0.29517,
    "ndcg_at_5": 0.32039,
    "precision_at_1": 0.23632,
    "precision_at_10": 0.06455,
    "precision_at_100": 0.01076,
    "precision_at_1000": 0.00144,
    "precision_at_3": 0.14677,
    "precision_at_5": 0.10622,
    "recall_at_1": 0.18714,
    "recall_at_10": 0.47866,
    "recall_at_100": 0.72718,
    "recall_at_1000": 0.91197,
    "recall_at_3": 0.33967,
    "recall_at_5": 0.40476
  }
}