{
  "dataset_revision": "ae752c7c21bf194d8b67fd573edf7ae58183cbe3",
  "mteb_dataset_name": "STS15",
  "mteb_version": "1.1.2",
  "test": {
    "cos_sim": {
      "pearson": 0.8905703029503674,
      "spearman": 0.9005187517656044
    },
    "euclidean": {
      "pearson": 0.893490906368514,
      "spearman": 0.9005187517656044
    },
    "evaluation_time": 1.1,
    "manhattan": {
      "pearson": 0.8932472217717119,
      "spearman": 0.9003733260415008
    }
  }
}