{
  "dataset_revision": "a0d554a64d88156834ff5ae9920b964011b16384",
  "mteb_dataset_name": "STS12",
  "mteb_version": "1.2.0",
  "test": {
    "cos_sim": {
      "pearson": 0.8753396727402577,
      "spearman": 0.788631227225571
    },
    "euclidean": {
      "pearson": 0.8458397277214168,
      "spearman": 0.788631227225571
    },
    "evaluation_time": 0.59,
    "manhattan": {
      "pearson": 0.8359215047458152,
      "spearman": 0.7835569796596559
    }
  }
}