{
  "dataset_revision": "4d8694f8f0e0100860b497b999b3dbed754a0513",
  "mteb_dataset_name": "STS16",
  "mteb_version": "1.1.2",
  "test": {
    "cos_sim": {
      "pearson": 0.8443877675838298,
      "spearman": 0.8576482089215832
    },
    "euclidean": {
      "pearson": 0.8659002832781212,
      "spearman": 0.8724469785154454
    },
    "evaluation_time": 0.27,
    "manhattan": {
      "pearson": 0.8590028359909575,
      "spearman": 0.8666284001523249
    }
  }
}