{
  "dataset_revision": "e8379541af4e31359cca9fbcf4b00f2671dba205",
  "mteb_dataset_name": "AmazonCounterfactualClassification",
  "mteb_version": "1.1.2",
  "test": {
    "en": {
      "accuracy": 0.7404477611940299,
      "accuracy_stderr": 0.03495501994663734,
      "ap": 0.36697405501792246,
      "ap_stderr": 0.03514009031277105,
      "f1": 0.6795539577926186,
      "f1_stderr": 0.03331157899781538,
      "main_score": 0.7404477611940299
    },
    "evaluation_time": 1.49
  }
}