{
  "dataset_revision": "eea2b4fe26a775864c896887d910b76a8098ad3f",
  "mteb_dataset_name": "STS22",
  "mteb_version": "1.1.2",
  "test": {
    "en": {
      "cos_sim": {
        "pearson": 0.6856932354454326,
        "spearman": 0.691782551390771
      },
      "euclidean": {
        "pearson": 0.7069933085439567,
        "spearman": 0.6967804944989122
      },
      "manhattan": {
        "pearson": 0.7048412534930492,
        "spearman": 0.688463611153839
      }
    },
    "evaluation_time": 0.06
  }
}