{
  "dataset_revision": "0fd18e25b25c072e09e0d92ab615fda904d66300",
  "mteb_dataset_name": "Banking77Classification",
  "mteb_version": "1.2.0",
  "test": {
    "accuracy": 0.8535389610389611,
    "accuracy_stderr": 0.004035519684790089,
    "evaluation_time": 22.03,
    "f1": 0.8482182349968854,
    "f1_stderr": 0.00494776768053347,
    "main_score": 0.8535389610389611
  }
}