{
  "dataset_revision": "70970daeab8776df92f5ea462b6173c0b46fd2d1",
  "mteb_dataset_name": "TwitterSemEval2015",
  "mteb_version": "1.1.2",
  "test": {
    "cos_sim": {
      "accuracy": 0.8751862669130357,
      "accuracy_threshold": 0.7539919242824928,
      "ap": 0.784247728689976,
      "f1": 0.7184564610307185,
      "f1_threshold": 0.7144027328700782,
      "precision": 0.6922700587084148,
      "recall": 0.7467018469656992
    },
    "dot": {
      "accuracy": 0.8593312272754366,
      "accuracy_threshold": 0.37749963432179445,
      "ap": 0.7370499718454602,
      "f1": 0.6800614282057845,
      "f1_threshold": 0.3541051695320059,
      "precision": 0.6602882703777336,
      "recall": 0.7010554089709763
    },
    "euclidean": {
      "accuracy": 0.8760803480956071,
      "accuracy_threshold": 0.4945774916787544,
      "ap": 0.7882461069271276,
      "f1": 0.7210971545757499,
      "f1_threshold": 0.5282523142029709,
      "precision": 0.7011465603190429,
      "recall": 0.7422163588390501
    },
    "evaluation_time": 1.64,
    "manhattan": {
      "accuracy": 0.8712523097097217,
      "accuracy_threshold": 8.191452076294564,
      "ap": 0.7738506040058717,
      "f1": 0.7056768558951965,
      "f1_threshold": 8.720893886854519,
      "precision": 0.6693491124260355,
      "recall": 0.7461741424802111
    },
    "max": {
      "accuracy": 0.8760803480956071,
      "ap": 0.7882461069271276,
      "f1": 0.7210971545757499
    }
  }
}