{
  "dataset_revision": "eea2b4fe26a775864c896887d910b76a8098ad3f",
  "mteb_dataset_name": "STS22",
  "mteb_version": "1.1.2",
  "test": {
    "en": {
      "cos_sim": {
        "pearson": 0.6824250533385787,
        "spearman": 0.6888420582382365
      },
      "euclidean": {
        "pearson": 0.7025192668249495,
        "spearman": 0.6919046310954154
      },
      "manhattan": {
        "pearson": 0.7059580265863841,
        "spearman": 0.6887679965507523
      }
    },
    "evaluation_time": 0.07
  }
}