{
  "dataset_revision": "a0d554a64d88156834ff5ae9920b964011b16384",
  "mteb_dataset_name": "STS12",
  "mteb_version": "1.1.2",
  "test": {
    "cos_sim": {
      "pearson": 0.8461438136151918,
      "spearman": 0.7567323602308736
    },
    "euclidean": {
      "pearson": 0.8420904498347471,
      "spearman": 0.7852036908907449
    },
    "evaluation_time": 0.19,
    "manhattan": {
      "pearson": 0.7976398053366028,
      "spearman": 0.778509543853736
    }
  }
}