{
  "dataset_revision": "ad9991cb51e31e31e430383c75ffb2885547b5f0",
  "mteb_dataset_name": "CQADupstackEnglishRetrieval",
  "mteb_version": "1.2.0",
  "test": {
    "evaluation_time": 44.37,
    "map_at_1": 0.34803,
    "map_at_10": 0.45681,
    "map_at_100": 0.46957,
    "map_at_1000": 0.47082,
    "map_at_3": 0.42414,
    "map_at_5": 0.44214,
    "mrr_at_1": 0.43503,
    "mrr_at_10": 0.51825,
    "mrr_at_100": 0.52423,
    "mrr_at_1000": 0.52464,
    "mrr_at_3": 0.4965,
    "mrr_at_5": 0.50914,
    "ndcg_at_1": 0.43503,
    "ndcg_at_10": 0.51518,
    "ndcg_at_100": 0.55675,
    "ndcg_at_1000": 0.57484,
    "ndcg_at_3": 0.47298,
    "ndcg_at_5": 0.49185,
    "precision_at_1": 0.43503,
    "precision_at_10": 0.09682,
    "precision_at_100": 0.01518,
    "precision_at_1000": 0.00197,
    "precision_at_3": 0.22866,
    "precision_at_5": 0.16025,
    "recall_at_1": 0.34803,
    "recall_at_10": 0.61456,
    "recall_at_100": 0.78844,
    "recall_at_1000": 0.89991,
    "recall_at_3": 0.48538,
    "recall_at_5": 0.54241
  }
}