{
  "dataset_revision": "27a168819829fe9bcd655c2df245fb19452e8e06",
  "mteb_dataset_name": "FiQA2018",
  "mteb_version": "1.2.0",
  "test": {
    "evaluation_time": 64.9,
    "map_at_1": 0.2189,
    "map_at_10": 0.37162,
    "map_at_100": 0.3923,
    "map_at_1000": 0.39395,
    "map_at_3": 0.3223,
    "map_at_5": 0.35276,
    "mrr_at_1": 0.44136,
    "mrr_at_10": 0.53595,
    "mrr_at_100": 0.54382,
    "mrr_at_1000": 0.54409,
    "mrr_at_3": 0.5108,
    "mrr_at_5": 0.52747,
    "ndcg_at_1": 0.44136,
    "ndcg_at_10": 0.45458,
    "ndcg_at_100": 0.52456,
    "ndcg_at_1000": 0.55034,
    "ndcg_at_3": 0.41376,
    "ndcg_at_5": 0.4321,
    "precision_at_1": 0.44136,
    "precision_at_10": 0.12685,
    "precision_at_100": 0.02002,
    "precision_at_1000": 0.00246,
    "precision_at_3": 0.27881,
    "precision_at_5": 0.20926,
    "recall_at_1": 0.2189,
    "recall_at_10": 0.52882,
    "recall_at_100": 0.78356,
    "recall_at_1000": 0.93721,
    "recall_at_3": 0.37644,
    "recall_at_5": 0.45382
  }
}