{
  "dataset_revision": "3d86128a09e091d6018b6d26cad27f2739fc2db7",
  "mteb_dataset_name": "ImdbClassification",
  "mteb_version": "1.2.0",
  "test": {
    "accuracy": 0.942436,
    "accuracy_stderr": 0.0037673736209725525,
    "ap": 0.9145201805991576,
    "ap_stderr": 0.009465434383394497,
    "evaluation_time": 16.38,
    "f1": 0.9424083823524108,
    "f1_stderr": 0.003790253405591569,
    "main_score": 0.942436
  }
}