{
  "dataset_revision": "ec0fa4fe99da2ff19ca1214b7966684033a58814",
  "mteb_dataset_name": "NFCorpus",
  "mteb_version": "1.2.0",
  "test": {
    "evaluation_time": 4.22,
    "map_at_1": 0.07606,
    "map_at_10": 0.16038,
    "map_at_100": 0.20748,
    "map_at_1000": 0.22434,
    "map_at_3": 0.11893,
    "map_at_5": 0.13756,
    "mrr_at_1": 0.51393,
    "mrr_at_10": 0.60453,
    "mrr_at_100": 0.60829,
    "mrr_at_1000": 0.60858,
    "mrr_at_3": 0.58153,
    "mrr_at_5": 0.59577,
    "ndcg_at_1": 0.5,
    "ndcg_at_10": 0.40243,
    "ndcg_at_100": 0.37816,
    "ndcg_at_1000": 0.46409,
    "ndcg_at_3": 0.45236,
    "ndcg_at_5": 0.4317,
    "precision_at_1": 0.51393,
    "precision_at_10": 0.29628,
    "precision_at_100": 0.09594,
    "precision_at_1000": 0.02259,
    "precision_at_3": 0.41796,
    "precision_at_5": 0.36904,
    "recall_at_1": 0.07606,
    "recall_at_10": 0.20295,
    "recall_at_100": 0.38426,
    "recall_at_1000": 0.69723,
    "recall_at_3": 0.12917,
    "recall_at_5": 0.15954
  }
}