{
  "dataset_revision": "af5e6fb845001ecf41f4c1e033ce921939a2a68d",
  "mteb_dataset_name": "STS17",
  "mteb_version": "1.1.2",
  "test": {
    "en-en": {
      "cos_sim": {
        "pearson": 0.9077579340746089,
        "spearman": 0.9063920759668019
      },
      "euclidean": {
        "pearson": 0.910618974368385,
        "spearman": 0.9063920759668019
      },
      "manhattan": {
        "pearson": 0.9098125721359814,
        "spearman": 0.9070332494139932
      }
    },
    "evaluation_time": 0.2
  }
}