{
  "dataset_revision": "a6ea5a8cab320b040a23452cc28066d9beae2cee",
  "mteb_dataset_name": "SICK-R",
  "mteb_version": "1.2.0",
  "test": {
    "cos_sim": {
      "pearson": 0.8652689487119618,
      "spearman": 0.8237038552930414
    },
    "euclidean": {
      "pearson": 0.8492855836470024,
      "spearman": 0.8225270137845238
    },
    "evaluation_time": 0.75,
    "manhattan": {
      "pearson": 0.8471722358186704,
      "spearman": 0.8228450283583679
    }
  }
}