{
  "dataset_revision": "b0fddb56ed78048fa8b90373c8a3cfc37b684831",
  "mteb_dataset_name": "STSBenchmark",
  "mteb_version": "1.2.0",
  "test": {
    "cos_sim": {
      "pearson": 0.8538953466393315,
      "spearman": 0.869456969224015
    },
    "euclidean": {
      "pearson": 0.8737848304483485,
      "spearman": 0.875067327689882
    },
    "evaluation_time": 0.11,
    "manhattan": {
      "pearson": 0.881183877417803,
      "spearman": 0.8773491872482058
    }
  }
}