{
  "dataset_revision": "0fd18e25b25c072e09e0d92ab615fda904d66300",
  "mteb_dataset_name": "Banking77Classification",
  "mteb_version": "1.1.2",
  "test": {
    "accuracy": 0.8531493506493506,
    "accuracy_stderr": 0.004406622877137565,
    "evaluation_time": 12.26,
    "f1": 0.8477047988934616,
    "f1_stderr": 0.0055531550648420585,
    "main_score": 0.8531493506493506
  }
}