{
  "dataset_revision": null,
  "mteb_dataset_name": "ArguAna",
  "mteb_version": "1.1.2",
  "test": {
    "evaluation_time": 1.72,
    "map_at_1": 0.38691,
    "map_at_10": 0.55339,
    "map_at_100": 0.55876,
    "map_at_1000": 0.55882,
    "map_at_3": 0.5115,
    "map_at_5": 0.53732,
    "mrr_at_1": 0.39331,
    "mrr_at_10": 0.55586,
    "mrr_at_100": 0.56117,
    "mrr_at_1000": 0.56122,
    "mrr_at_3": 0.51422,
    "mrr_at_5": 0.53958,
    "ndcg_at_1": 0.38691,
    "ndcg_at_10": 0.6379,
    "ndcg_at_100": 0.65851,
    "ndcg_at_1000": 0.65959,
    "ndcg_at_3": 0.5527,
    "ndcg_at_5": 0.59941,
    "precision_at_1": 0.38691,
    "precision_at_10": 0.0904,
    "precision_at_100": 0.00989,
    "precision_at_1000": 0.001,
    "precision_at_3": 0.22404,
    "precision_at_5": 0.15718,
    "recall_at_1": 0.38691,
    "recall_at_10": 0.90398,
    "recall_at_100": 0.98862,
    "recall_at_1000": 0.99644,
    "recall_at_3": 0.67212,
    "recall_at_5": 0.78592
  }
}