{
  "dataset_revision": "b0fddb56ed78048fa8b90373c8a3cfc37b684831",
  "mteb_dataset_name": "STSBenchmark",
  "mteb_version": "1.1.2",
  "test": {
    "cos_sim": {
      "pearson": 0.8616331822840035,
      "spearman": 0.8703661015053434
    },
    "euclidean": {
      "pearson": 0.8823016995974228,
      "spearman": 0.884623400019427
    },
    "evaluation_time": 0.17,
    "manhattan": {
      "pearson": 0.8844155600724593,
      "spearman": 0.8835966165918515
    }
  }
}