{
  "dataset_revision": "c22ab2a51041ffd869aaddef7af8d8215647e41a",
  "mteb_dataset_name": "ArguAna",
  "mteb_version": "1.2.0",
  "test": {
    "evaluation_time": 13.69,
    "map_at_1": 0.38834,
    "map_at_10": 0.55899,
    "map_at_100": 0.56434,
    "map_at_1000": 0.56437,
    "map_at_3": 0.51754,
    "map_at_5": 0.54404,
    "mrr_at_1": 0.39545,
    "mrr_at_10": 0.56155,
    "mrr_at_100": 0.5669,
    "mrr_at_1000": 0.56693,
    "mrr_at_3": 0.52039,
    "mrr_at_5": 0.54635,
    "ndcg_at_1": 0.38834,
    "ndcg_at_10": 0.64256,
    "ndcg_at_100": 0.66353,
    "ndcg_at_1000": 0.66412,
    "ndcg_at_3": 0.55894,
    "ndcg_at_5": 0.60639,
    "precision_at_1": 0.38834,
    "precision_at_10": 0.09047,
    "precision_at_100": 0.00992,
    "precision_at_1000": 0.001,
    "precision_at_3": 0.22617,
    "precision_at_5": 0.15861,
    "recall_at_1": 0.38834,
    "recall_at_10": 0.90469,
    "recall_at_100": 0.99218,
    "recall_at_1000": 0.99644,
    "recall_at_3": 0.67852,
    "recall_at_5": 0.79303
  }
}