{
  "dataset_revision": "0fd18e25b25c072e09e0d92ab615fda904d66300",
  "mteb_dataset_name": "Banking77Classification",
  "mteb_version": "1.2.0",
  "test": {
    "accuracy": 0.851525974025974,
    "accuracy_stderr": 0.0056217605128004436,
    "evaluation_time": 25.32,
    "f1": 0.846257807904572,
    "f1_stderr": 0.006526254876100033,
    "main_score": 0.851525974025974
  }
}