{
  "dataset_revision": "79531abbd1fb92d06c6d6315a0cbbbf5bb247ea4",
  "mteb_dataset_name": "CQADupstackPhysicsRetrieval",
  "mteb_version": "1.2.0",
  "test": {
    "evaluation_time": 49.95,
    "map_at_1": 0.32478,
    "map_at_10": 0.43953,
    "map_at_100": 0.45252,
    "map_at_1000": 0.4536,
    "map_at_3": 0.40408,
    "map_at_5": 0.42281,
    "mrr_at_1": 0.39654,
    "mrr_at_10": 0.49559,
    "mrr_at_100": 0.50346,
    "mrr_at_1000": 0.50385,
    "mrr_at_3": 0.47241,
    "mrr_at_5": 0.48449,
    "ndcg_at_1": 0.39654,
    "ndcg_at_10": 0.50284,
    "ndcg_at_100": 0.55391,
    "ndcg_at_1000": 0.57251,
    "ndcg_at_3": 0.44905,
    "ndcg_at_5": 0.47263,
    "precision_at_1": 0.39654,
    "precision_at_10": 0.09153,
    "precision_at_100": 0.01354,
    "precision_at_1000": 0.0017,
    "precision_at_3": 0.21206,
    "precision_at_5": 0.14937,
    "recall_at_1": 0.32478,
    "recall_at_10": 0.63305,
    "recall_at_100": 0.8424,
    "recall_at_1000": 0.95977,
    "recall_at_3": 0.48384,
    "recall_at_5": 0.54406
  }
}