{
  "dataset_revision": "4d8694f8f0e0100860b497b999b3dbed754a0513",
  "mteb_dataset_name": "STS16",
  "mteb_version": "1.2.0",
  "test": {
    "cos_sim": {
      "pearson": 0.8615842999665342,
      "spearman": 0.8744796544954302
    },
    "euclidean": {
      "pearson": 0.8667041156305341,
      "spearman": 0.8744796544954302
    },
    "evaluation_time": 0.49,
    "manhattan": {
      "pearson": 0.8658694146825965,
      "spearman": 0.8735780132359257
    }
  }
}