{
  "dataset_revision": "a0d554a64d88156834ff5ae9920b964011b16384",
  "mteb_dataset_name": "STS12",
  "mteb_version": "1.2.0",
  "test": {
    "cos_sim": {
      "pearson": 0.8751637026611757,
      "spearman": 0.7879888904747393
    },
    "euclidean": {
      "pearson": 0.8446678425374557,
      "spearman": 0.7879888904747393
    },
    "evaluation_time": 2.49,
    "manhattan": {
      "pearson": 0.8431922040674957,
      "spearman": 0.7891567828329662
    }
  }
}