{
  "dataset_revision": "af5e6fb845001ecf41f4c1e033ce921939a2a68d",
  "mteb_dataset_name": "STS17",
  "mteb_version": "1.2.0",
  "test": {
    "en-en": {
      "cos_sim": {
        "pearson": 0.9053022654151186,
        "spearman": 0.9031527662309021
      },
      "euclidean": {
        "pearson": 0.9069050850092967,
        "spearman": 0.9031527662309021
      },
      "manhattan": {
        "pearson": 0.9064170040564403,
        "spearman": 0.9032208044204423
      }
    },
    "evaluation_time": 0.13
  }
}