{
  "dataset_revision": "af5e6fb845001ecf41f4c1e033ce921939a2a68d",
  "mteb_dataset_name": "STS17",
  "mteb_version": "1.1.2",
  "test": {
    "en-en": {
      "cos_sim": {
        "pearson": 0.9053022654034311,
        "spearman": 0.9031527662309021
      },
      "euclidean": {
        "pearson": 0.9069050850348703,
        "spearman": 0.9031527662309021
      },
      "manhattan": {
        "pearson": 0.906417004286334,
        "spearman": 0.9032208044204423
      }
    },
    "evaluation_time": 0.3
  }
}