{
  "dataset_revision": "b0fddb56ed78048fa8b90373c8a3cfc37b684831",
  "mteb_dataset_name": "STSBenchmark",
  "mteb_version": "1.2.0",
  "test": {
    "cos_sim": {
      "pearson": 0.881746072627248,
      "spearman": 0.8960583446613832
    },
    "euclidean": {
      "pearson": 0.8926653308422651,
      "spearman": 0.8960583446613832
    },
    "evaluation_time": 0.88,
    "manhattan": {
      "pearson": 0.8916269737043732,
      "spearman": 0.8952445267598091
    }
  }
}