{
  "dataset_revision": null,
  "mteb_dataset_name": "ArguAna",
  "mteb_version": "1.1.2",
  "test": {
    "evaluation_time": 2.36,
    "map_at_1": 0.37909,
    "map_at_10": 0.54824,
    "map_at_100": 0.5535,
    "map_at_1000": 0.55353,
    "map_at_3": 0.5032,
    "map_at_5": 0.53229,
    "mrr_at_1": 0.38336,
    "mrr_at_10": 0.55003,
    "mrr_at_100": 0.55529,
    "mrr_at_1000": 0.55531,
    "mrr_at_3": 0.50628,
    "mrr_at_5": 0.53384,
    "ndcg_at_1": 0.37909,
    "ndcg_at_10": 0.63479,
    "ndcg_at_100": 0.65518,
    "ndcg_at_1000": 0.65577,
    "ndcg_at_3": 0.544,
    "ndcg_at_5": 0.59628,
    "precision_at_1": 0.37909,
    "precision_at_10": 0.09075,
    "precision_at_100": 0.00992,
    "precision_at_1000": 0.001,
    "precision_at_3": 0.22072,
    "precision_at_5": 0.15775,
    "recall_at_1": 0.37909,
    "recall_at_10": 0.90754,
    "recall_at_100": 0.99218,
    "recall_at_1000": 0.99644,
    "recall_at_3": 0.66216,
    "recall_at_5": 0.78876
  }
}