{
  "dataset_revision": null,
  "mteb_dataset_name": "ArguAna",
  "mteb_version": "1.1.2",
  "test": {
    "evaluation_time": 1.47,
    "map_at_1": 0.37909,
    "map_at_10": 0.54404,
    "map_at_100": 0.54971,
    "map_at_1000": 0.54974,
    "map_at_3": 0.49798,
    "map_at_5": 0.52675,
    "mrr_at_1": 0.38976,
    "mrr_at_10": 0.54778,
    "mrr_at_100": 0.55345,
    "mrr_at_1000": 0.55348,
    "mrr_at_3": 0.50178,
    "mrr_at_5": 0.53037,
    "ndcg_at_1": 0.37909,
    "ndcg_at_10": 0.62947,
    "ndcg_at_100": 0.6516,
    "ndcg_at_1000": 0.65235,
    "ndcg_at_3": 0.53702,
    "ndcg_at_5": 0.58842,
    "precision_at_1": 0.37909,
    "precision_at_10": 0.0899,
    "precision_at_100": 0.00991,
    "precision_at_1000": 0.001,
    "precision_at_3": 0.21669,
    "precision_at_5": 0.15477,
    "recall_at_1": 0.37909,
    "recall_at_10": 0.899,
    "recall_at_100": 0.99075,
    "recall_at_1000": 0.99644,
    "recall_at_3": 0.65007,
    "recall_at_5": 0.77383
  }
}