{
  "dataset_revision": null,
  "mteb_dataset_name": "SciFact",
  "mteb_version": "1.1.2",
  "test": {
    "evaluation_time": 0.54,
    "map_at_1": 0.59694,
    "map_at_10": 0.69179,
    "map_at_100": 0.69753,
    "map_at_1000": 0.69772,
    "map_at_3": 0.66831,
    "map_at_5": 0.68068,
    "mrr_at_1": 0.62,
    "mrr_at_10": 0.69803,
    "mrr_at_100": 0.70299,
    "mrr_at_1000": 0.70317,
    "mrr_at_3": 0.68111,
    "mrr_at_5": 0.69144,
    "ndcg_at_1": 0.62,
    "ndcg_at_10": 0.73198,
    "ndcg_at_100": 0.75713,
    "ndcg_at_1000": 0.76208,
    "ndcg_at_3": 0.69321,
    "ndcg_at_5": 0.7113,
    "precision_at_1": 0.62,
    "precision_at_10": 0.096,
    "precision_at_100": 0.01087,
    "precision_at_1000": 0.00113,
    "precision_at_3": 0.27111,
    "precision_at_5": 0.176,
    "recall_at_1": 0.59694,
    "recall_at_10": 0.84589,
    "recall_at_100": 0.95833,
    "recall_at_1000": 0.99667,
    "recall_at_3": 0.74117,
    "recall_at_5": 0.78761
  }
}