{
  "dataset_revision": "a0d554a64d88156834ff5ae9920b964011b16384",
  "mteb_dataset_name": "STS12",
  "mteb_version": "1.1.2",
  "test": {
    "cos_sim": {
      "pearson": 0.8362717277724034,
      "spearman": 0.7463874899312393
    },
    "euclidean": {
      "pearson": 0.8434432073507536,
      "spearman": 0.7742027580307324
    },
    "evaluation_time": 0.23,
    "manhattan": {
      "pearson": 0.8289312014081814,
      "spearman": 0.7723219058270422
    }
  }
}