{
  "dataset_revision": "ae752c7c21bf194d8b67fd573edf7ae58183cbe3",
  "mteb_dataset_name": "STS15",
  "mteb_version": "1.2.0",
  "test": {
    "cos_sim": {
      "pearson": 0.8573247603338541,
      "spearman": 0.8737688810434546
    },
    "euclidean": {
      "pearson": 0.8753519720658778,
      "spearman": 0.8802504681698542
    },
    "evaluation_time": 0.03,
    "manhattan": {
      "pearson": 0.8913216408844814,
      "spearman": 0.896334755799056
    }
  }
}