{
  "dataset_revision": "7e90230a92c190f1bf69ae9002b8cea547a64cca",
  "mteb_dataset_name": "STS13",
  "mteb_version": "1.2.0",
  "test": {
    "cos_sim": {
      "pearson": 0.8684871452927551,
      "spearman": 0.8727052265828278
    },
    "euclidean": {
      "pearson": 0.8810627144269849,
      "spearman": 0.8875102116708383
    },
    "evaluation_time": 0.38,
    "manhattan": {
      "pearson": 0.8594730577280353,
      "spearman": 0.8651178072095157
    }
  }
}