{
  "dataset_revision": null,
  "mteb_dataset_name": "SciFact",
  "mteb_version": "1.1.2",
  "test": {
    "evaluation_time": 0.88,
    "map_at_1": 0.61428,
    "map_at_10": 0.70802,
    "map_at_100": 0.71316,
    "map_at_1000": 0.71339,
    "map_at_3": 0.67874,
    "map_at_5": 0.69492,
    "mrr_at_1": 0.64333,
    "mrr_at_10": 0.71661,
    "mrr_at_100": 0.72075,
    "mrr_at_1000": 0.72097,
    "mrr_at_3": 0.69389,
    "mrr_at_5": 0.70706,
    "ndcg_at_1": 0.64333,
    "ndcg_at_10": 0.75062,
    "ndcg_at_100": 0.77205,
    "ndcg_at_1000": 0.7765,
    "ndcg_at_3": 0.70126,
    "ndcg_at_5": 0.72409,
    "precision_at_1": 0.64333,
    "precision_at_10": 0.099,
    "precision_at_100": 0.01097,
    "precision_at_1000": 0.00113,
    "precision_at_3": 0.27222,
    "precision_at_5": 0.17933,
    "recall_at_1": 0.61428,
    "recall_at_10": 0.87256,
    "recall_at_100": 0.96833,
    "recall_at_1000": 1.0,
    "recall_at_3": 0.7385,
    "recall_at_5": 0.79578
  }
}