{
  "dataset_revision": "a6ea5a8cab320b040a23452cc28066d9beae2cee",
  "mteb_dataset_name": "SICK-R",
  "mteb_version": "1.1.2",
  "test": {
    "cos_sim": {
      "pearson": 0.8713439442436508,
      "spearman": 0.8286481828163438
    },
    "euclidean": {
      "pearson": 0.8446532641804078,
      "spearman": 0.8291193803341481
    },
    "evaluation_time": 1.77,
    "manhattan": {
      "pearson": 0.7995564710908928,
      "spearman": 0.8014055443236412
    }
  }
}