{
  "dataset_revision": "a0d554a64d88156834ff5ae9920b964011b16384",
  "mteb_dataset_name": "STS12",
  "mteb_version": "1.1.2",
  "test": {
    "cos_sim": {
      "pearson": 0.8467187188267206,
      "spearman": 0.7589384421016331
    },
    "euclidean": {
      "pearson": 0.8435108524025878,
      "spearman": 0.7865698828848898
    },
    "evaluation_time": 0.54,
    "manhattan": {
      "pearson": 0.7770385411598374,
      "spearman": 0.7658911148801062
    }
  }
}