{
  "dataset_revision": "4f58c6b202a23cf9a4da393831edf4f9183cad37",
  "mteb_dataset_name": "EmotionClassification",
  "mteb_version": "1.1.2",
  "test": {
    "accuracy": 0.5612,
    "accuracy_stderr": 0.02219707187896637,
    "evaluation_time": 0.55,
    "f1": 0.4959951793185688,
    "f1_stderr": 0.01316656690477343,
    "main_score": 0.5612
  }
}