{
  "dataset_revision": "4d8694f8f0e0100860b497b999b3dbed754a0513",
  "mteb_dataset_name": "STS16",
  "mteb_version": "1.1.2",
  "test": {
    "cos_sim": {
      "pearson": 0.8393877708951466,
      "spearman": 0.8517604203166385
    },
    "euclidean": {
      "pearson": 0.8615928493794989,
      "spearman": 0.8678453475124723
    },
    "evaluation_time": 0.11,
    "manhattan": {
      "pearson": 0.8501147802567848,
      "spearman": 0.8583103360447919
    }
  }
}