{
  "dataset_revision": "a0d554a64d88156834ff5ae9920b964011b16384",
  "mteb_dataset_name": "STS12",
  "mteb_version": "1.1.2",
  "test": {
    "cos_sim": {
      "pearson": 0.8545485057356226,
      "spearman": 0.7604138789828153
    },
    "euclidean": {
      "pearson": 0.8540534743148042,
      "spearman": 0.7876713505744224
    },
    "evaluation_time": 0.28,
    "manhattan": {
      "pearson": 0.8119437717617843,
      "spearman": 0.7811000055746694
    }
  }
}