{
  "dataset_revision": "0fd18e25b25c072e09e0d92ab615fda904d66300",
  "mteb_dataset_name": "Banking77Classification",
  "mteb_version": "1.2.0",
  "test": {
    "accuracy": 0.8522402597402599,
    "accuracy_stderr": 0.006184958413371856,
    "evaluation_time": 11.78,
    "f1": 0.847599094012973,
    "f1_stderr": 0.006982573638937978,
    "main_score": 0.8522402597402599
  }
}