{
  "dataset_revision": "ae752c7c21bf194d8b67fd573edf7ae58183cbe3",
  "mteb_dataset_name": "STS15",
  "mteb_version": "1.2.0",
  "test": {
    "cos_sim": {
      "pearson": 0.8726096693561054,
      "spearman": 0.8818774778049541
    },
    "euclidean": {
      "pearson": 0.8942926027379777,
      "spearman": 0.9009520552919336
    },
    "evaluation_time": 0.06,
    "manhattan": {
      "pearson": 0.8576789039018173,
      "spearman": 0.8578047819612783
    }
  }
}