{
  "dataset_revision": "4d8694f8f0e0100860b497b999b3dbed754a0513",
  "mteb_dataset_name": "STS16",
  "mteb_version": "1.2.0",
  "test": {
    "cos_sim": {
      "pearson": 0.8391650560492203,
      "spearman": 0.8546363229445384
    },
    "euclidean": {
      "pearson": 0.8680423506040403,
      "spearman": 0.8726993094983162
    },
    "evaluation_time": 0.03,
    "manhattan": {
      "pearson": 0.8326212425768847,
      "spearman": 0.8362855684506495
    }
  }
}