{
  "dataset_revision": "4885aa143210c98657558c04aaf3dc47cfb54340",
  "mteb_dataset_name": "CQADupstackGamingRetrieval",
  "mteb_version": "1.2.0",
  "test": {
    "evaluation_time": 17.15,
    "map_at_1": 0.41339,
    "map_at_10": 0.541,
    "map_at_100": 0.55141,
    "map_at_1000": 0.55186,
    "map_at_3": 0.5049,
    "map_at_5": 0.52655,
    "mrr_at_1": 0.47335,
    "mrr_at_10": 0.57461,
    "mrr_at_100": 0.58099,
    "mrr_at_1000": 0.5812,
    "mrr_at_3": 0.54859,
    "mrr_at_5": 0.56498,
    "ndcg_at_1": 0.47335,
    "ndcg_at_10": 0.60153,
    "ndcg_at_100": 0.64037,
    "ndcg_at_1000": 0.64979,
    "ndcg_at_3": 0.54234,
    "ndcg_at_5": 0.57359,
    "precision_at_1": 0.47335,
    "precision_at_10": 0.09743,
    "precision_at_100": 0.01262,
    "precision_at_1000": 0.00138,
    "precision_at_3": 0.24159,
    "precision_at_5": 0.1674,
    "recall_at_1": 0.41339,
    "recall_at_10": 0.74563,
    "recall_at_100": 0.91123,
    "recall_at_1000": 0.97929,
    "recall_at_3": 0.58936,
    "recall_at_5": 0.66654
  }
}