{
  "dataset_revision": "f46a197baaae43b4f621051089b82a364682dfeb",
  "mteb_dataset_name": "CQADupstackAndroidRetrieval",
  "mteb_version": "1.2.0",
  "test": {
    "evaluation_time": 6.24,
    "map_at_1": 0.33093,
    "map_at_10": 0.44427,
    "map_at_100": 0.46014,
    "map_at_1000": 0.46138,
    "map_at_3": 0.40789,
    "map_at_5": 0.42705,
    "mrr_at_1": 0.41059,
    "mrr_at_10": 0.51195,
    "mrr_at_100": 0.51899,
    "mrr_at_1000": 0.51938,
    "mrr_at_3": 0.48617,
    "mrr_at_5": 0.50169,
    "ndcg_at_1": 0.41059,
    "ndcg_at_10": 0.51154,
    "ndcg_at_100": 0.56644,
    "ndcg_at_1000": 0.58449,
    "ndcg_at_3": 0.46039,
    "ndcg_at_5": 0.4824,
    "precision_at_1": 0.41059,
    "precision_at_10": 0.09857,
    "precision_at_100": 0.01584,
    "precision_at_1000": 0.00205,
    "precision_at_3": 0.21984,
    "precision_at_5": 0.1588,
    "recall_at_1": 0.33093,
    "recall_at_10": 0.63441,
    "recall_at_100": 0.86439,
    "recall_at_1000": 0.97568,
    "recall_at_3": 0.48409,
    "recall_at_5": 0.54715
  }
}