{
  "dataset_revision": "4ffe81d471b1924886b33c7567bfb200e9eec5c4",
  "mteb_dataset_name": "CQADupstackWordpressRetrieval",
  "mteb_version": "1.2.0",
  "test": {
    "evaluation_time": 13.78,
    "map_at_1": 0.2167,
    "map_at_10": 0.29781,
    "map_at_100": 0.30709,
    "map_at_1000": 0.30812,
    "map_at_3": 0.27155,
    "map_at_5": 0.28649,
    "mrr_at_1": 0.2366,
    "mrr_at_10": 0.31929,
    "mrr_at_100": 0.32762,
    "mrr_at_1000": 0.32839,
    "mrr_at_3": 0.29421,
    "mrr_at_5": 0.30983,
    "ndcg_at_1": 0.2366,
    "ndcg_at_10": 0.34695,
    "ndcg_at_100": 0.39311,
    "ndcg_at_1000": 0.41863,
    "ndcg_at_3": 0.29614,
    "ndcg_at_5": 0.322,
    "precision_at_1": 0.2366,
    "precision_at_10": 0.05564,
    "precision_at_100": 0.00839,
    "precision_at_1000": 0.00117,
    "precision_at_3": 0.12631,
    "precision_at_5": 0.09205,
    "recall_at_1": 0.2167,
    "recall_at_10": 0.47685,
    "recall_at_100": 0.68923,
    "recall_at_1000": 0.877,
    "recall_at_3": 0.34288,
    "recall_at_5": 0.40336
  }
}