{
  "dataset_revision": "a0d554a64d88156834ff5ae9920b964011b16384",
  "mteb_dataset_name": "STS12",
  "mteb_version": "1.1.2",
  "test": {
    "cos_sim": {
      "pearson": 0.8733947457993594,
      "spearman": 0.7917343762800848
    },
    "euclidean": {
      "pearson": 0.8384305999066322,
      "spearman": 0.7917356900690397
    },
    "evaluation_time": 1.61,
    "manhattan": {
      "pearson": 0.8395687185067823,
      "spearman": 0.7918253084375474
    }
  }
}