{
  "dataset_revision": "b0fddb56ed78048fa8b90373c8a3cfc37b684831",
  "mteb_dataset_name": "STSBenchmark",
  "mteb_version": "1.1.2",
  "test": {
    "cos_sim": {
      "pearson": 0.8764341219966397,
      "spearman": 0.882049345959338
    },
    "euclidean": {
      "pearson": 0.8922731050146662,
      "spearman": 0.894808784573473
    },
    "evaluation_time": 0.37,
    "manhattan": {
      "pearson": 0.8736554640816288,
      "spearman": 0.8773877858037793
    }
  }
}