{
  "dataset_revision": "0fd18e25b25c072e09e0d92ab615fda904d66300",
  "mteb_dataset_name": "Banking77Classification",
  "mteb_version": "1.1.2",
  "test": {
    "accuracy": 0.8462987012987012,
    "accuracy_stderr": 0.005038643047939304,
    "evaluation_time": 11.8,
    "f1": 0.8397087946472462,
    "f1_stderr": 0.0062197871903180504,
    "main_score": 0.8462987012987012
  }
}