{
  "dataset_revision": null,
  "mteb_dataset_name": "SciFact",
  "mteb_version": "1.1.2",
  "test": {
    "evaluation_time": 1.15,
    "map_at_1": 0.61094,
    "map_at_10": 0.70839,
    "map_at_100": 0.71211,
    "map_at_1000": 0.71228,
    "map_at_3": 0.67469,
    "map_at_5": 0.69605,
    "mrr_at_1": 0.64,
    "mrr_at_10": 0.71804,
    "mrr_at_100": 0.72073,
    "mrr_at_1000": 0.72089,
    "mrr_at_3": 0.69278,
    "mrr_at_5": 0.70961,
    "ndcg_at_1": 0.64,
    "ndcg_at_10": 0.75553,
    "ndcg_at_100": 0.77256,
    "ndcg_at_1000": 0.7764,
    "ndcg_at_3": 0.69833,
    "ndcg_at_5": 0.73029,
    "precision_at_1": 0.64,
    "precision_at_10": 0.101,
    "precision_at_100": 0.011,
    "precision_at_1000": 0.00113,
    "precision_at_3": 0.26889,
    "precision_at_5": 0.18267,
    "recall_at_1": 0.61094,
    "recall_at_10": 0.89156,
    "recall_at_100": 0.97167,
    "recall_at_1000": 1.0,
    "recall_at_3": 0.73922,
    "recall_at_5": 0.81661
  }
}