{
  "dataset_revision": "6031580fec1f6af667f0bd2da0a551cf4f0b2375",
  "mteb_dataset_name": "STS14",
  "mteb_version": "1.1.2",
  "test": {
    "cos_sim": {
      "pearson": 0.8608147665609003,
      "spearman": 0.8287844247294648
    },
    "euclidean": {
      "pearson": 0.85560475151435,
      "spearman": 0.8428760232867903
    },
    "evaluation_time": 0.84,
    "manhattan": {
      "pearson": 0.8346600147010286,
      "spearman": 0.8279579569130135
    }
  }
}