{
  "dataset_revision": "eea2b4fe26a775864c896887d910b76a8098ad3f",
  "mteb_dataset_name": "STS22",
  "mteb_version": "1.1.2",
  "test": {
    "en": {
      "cos_sim": {
        "pearson": 0.6905179586789485,
        "spearman": 0.6948036171483709
      },
      "euclidean": {
        "pearson": 0.7088082509952048,
        "spearman": 0.6985368145163962
      },
      "manhattan": {
        "pearson": 0.7088859940679936,
        "spearman": 0.690129592189886
      }
    },
    "evaluation_time": 0.13
  }
}