{
  "dataset_revision": "d3fb88f8f02e40887cd149695127462bbcf29b4a",
  "mteb_dataset_name": "BIOSSES",
  "mteb_version": "1.1.2",
  "test": {
    "cos_sim": {
      "pearson": 0.8959687298652146,
      "spearman": 0.8789296655628925
    },
    "euclidean": {
      "pearson": 0.8760117155796208,
      "spearman": 0.8789296655628925
    },
    "evaluation_time": 0.21,
    "manhattan": {
      "pearson": 0.8734749402131972,
      "spearman": 0.8752428345679955
    }
  }
}