{
  "dataset_revision": "1399c76144fd37290681b995c656ef9b2e06e26d",
  "mteb_dataset_name": "AmazonReviewsClassification",
  "mteb_version": "1.2.0",
  "test": {
    "en": {
      "accuracy": 0.5083799999999999,
      "accuracy_stderr": 0.010679868913053198,
      "f1": 0.49790604896718865,
      "f1_stderr": 0.016001175053990888,
      "main_score": 0.5083799999999999
    },
    "evaluation_time": 16.2
  }
}