{
  "dataset_revision": "160c094312a0e1facb97e55eeddb698c0abe3571",
  "mteb_dataset_name": "CQADupstackWebmastersRetrieval",
  "mteb_version": "1.2.0",
  "test": {
    "evaluation_time": 20.7,
    "map_at_1": 0.24631,
    "map_at_10": 0.34696,
    "map_at_100": 0.36336,
    "map_at_1000": 0.36547,
    "map_at_3": 0.31399,
    "map_at_5": 0.33226,
    "mrr_at_1": 0.30435,
    "mrr_at_10": 0.40229,
    "mrr_at_100": 0.41155,
    "mrr_at_1000": 0.41193,
    "mrr_at_3": 0.37516,
    "mrr_at_5": 0.39137,
    "ndcg_at_1": 0.30435,
    "ndcg_at_10": 0.41371,
    "ndcg_at_100": 0.47402,
    "ndcg_at_1000": 0.49515,
    "ndcg_at_3": 0.35964,
    "ndcg_at_5": 0.38531,
    "precision_at_1": 0.30435,
    "precision_at_10": 0.08202,
    "precision_at_100": 0.01611,
    "precision_at_1000": 0.00245,
    "precision_at_3": 0.17325,
    "precision_at_5": 0.12688,
    "recall_at_1": 0.24631,
    "recall_at_10": 0.54283,
    "recall_at_100": 0.81088,
    "recall_at_1000": 0.93963,
    "recall_at_3": 0.38721,
    "recall_at_5": 0.45709
  }
}