{
  "dataset_revision": "7d571f92784cd94a019292a1f45445077d0ef634",
  "mteb_dataset_name": "MassiveScenarioClassification",
  "mteb_version": "1.2.0",
  "test": {
    "en": {
      "accuracy": 0.7743779421654338,
      "accuracy_stderr": 0.015443243053767717,
      "f1": 0.770094442736125,
      "f1_stderr": 0.01376463944881808,
      "main_score": 0.7743779421654338
    },
    "evaluation_time": 14.27
  }
}