{
  "dataset_revision": "eea2b4fe26a775864c896887d910b76a8098ad3f",
  "mteb_dataset_name": "STS22",
  "mteb_version": "1.2.0",
  "test": {
    "en": {
      "cos_sim": {
        "pearson": 0.6888858333882758,
        "spearman": 0.6914553777823242
      },
      "euclidean": {
        "pearson": 0.7060121246286913,
        "spearman": 0.6914553777823242
      },
      "manhattan": {
        "pearson": 0.7049198943531952,
        "spearman": 0.6894646647319229
      }
    },
    "evaluation_time": 0.14
  }
}