{
  "dataset_revision": "70970daeab8776df92f5ea462b6173c0b46fd2d1",
  "mteb_dataset_name": "TwitterSemEval2015",
  "mteb_version": "1.2.0",
  "test": {
    "cos_sim": {
      "accuracy": 0.8750670560886928,
      "accuracy_threshold": 0.823560963749116,
      "ap": 0.7854083449030647,
      "f1": 0.7186594431145269,
      "f1_threshold": 0.7979543232416544,
      "precision": 0.6877260670364118,
      "recall": 0.7525065963060686
    },
    "dot": {
      "accuracy": 0.8750670560886928,
      "accuracy_threshold": 0.8235609637491164,
      "ap": 0.7854083449030647,
      "f1": 0.7186594431145269,
      "f1_threshold": 0.7979543232416543,
      "precision": 0.6877260670364118,
      "recall": 0.7525065963060686
    },
    "euclidean": {
      "accuracy": 0.8750670560886928,
      "accuracy_threshold": 0.5940354131764394,
      "ap": 0.7854083449030647,
      "f1": 0.7186594431145269,
      "f1_threshold": 0.6356818009147835,
      "precision": 0.6877260670364118,
      "recall": 0.7525065963060686
    },
    "evaluation_time": 11.65,
    "manhattan": {
      "accuracy": 0.87536508314955,
      "accuracy_threshold": 28.35103719226732,
      "ap": 0.7858177550185577,
      "f1": 0.7183632230361202,
      "f1_threshold": 30.353150815939827,
      "precision": 0.688953488372093,
      "recall": 0.7503957783641161
    },
    "max": {
      "accuracy": 0.87536508314955,
      "ap": 0.7858177550185577,
      "f1": 0.7186594431145269
    }
  }
}