{
  "dataset_revision": "7e90230a92c190f1bf69ae9002b8cea547a64cca",
  "mteb_dataset_name": "STS13",
  "mteb_version": "1.1.2",
  "test": {
    "cos_sim": {
      "pearson": 0.8716067493357701,
      "spearman": 0.8759150071955741
    },
    "euclidean": {
      "pearson": 0.8868102217184304,
      "spearman": 0.8943665310167146
    },
    "evaluation_time": 0.17,
    "manhattan": {
      "pearson": 0.8660612906967093,
      "spearman": 0.872516319971917
    }
  }
}