{
  "dataset_revision": "70970daeab8776df92f5ea462b6173c0b46fd2d1",
  "mteb_dataset_name": "TwitterSemEval2015",
  "mteb_version": "1.1.2",
  "test": {
    "cos_sim": {
      "accuracy": 0.8768552184538356,
      "accuracy_threshold": 0.7495480702755684,
      "ap": 0.7877206644199602,
      "f1": 0.7194637537239326,
      "f1_threshold": 0.7047505041200487,
      "precision": 0.679324894514768,
      "recall": 0.7646437994722955
    },
    "dot": {
      "accuracy": 0.8590928056267509,
      "accuracy_threshold": 0.38603037874843305,
      "ap": 0.7348534761650969,
      "f1": 0.6770361298224127,
      "f1_threshold": 0.3544503585163782,
      "precision": 0.6317714285714285,
      "recall": 0.729287598944591
    },
    "euclidean": {
      "accuracy": 0.8785241699946356,
      "accuracy_threshold": 0.5090882837512025,
      "ap": 0.791623147183872,
      "f1": 0.7240087821257911,
      "f1_threshold": 0.5354068885060845,
      "precision": 0.7090817100935998,
      "recall": 0.7395778364116095
    },
    "evaluation_time": 1.96,
    "manhattan": {
      "accuracy": 0.8744113965548072,
      "accuracy_threshold": 8.461992823698441,
      "ap": 0.7826760167169552,
      "f1": 0.7169396235639208,
      "f1_threshold": 9.170714615612757,
      "precision": 0.6678051001821493,
      "recall": 0.7738786279683377
    },
    "max": {
      "accuracy": 0.8785241699946356,
      "ap": 0.791623147183872,
      "f1": 0.7240087821257911
    }
  }
}