{
  "dataset_revision": "0fd18e25b25c072e09e0d92ab615fda904d66300",
  "mteb_dataset_name": "Banking77Classification",
  "mteb_version": "1.1.2",
  "test": {
    "accuracy": 0.8321753246753246,
    "accuracy_stderr": 0.006533077480496175,
    "evaluation_time": 11.55,
    "f1": 0.8259166145393004,
    "f1_stderr": 0.007125017272726417,
    "main_score": 0.8321753246753246
  }
}