{
  "dataset_revision": "4f58c6b202a23cf9a4da393831edf4f9183cad37",
  "mteb_dataset_name": "EmotionClassification",
  "mteb_version": "1.1.2",
  "test": {
    "accuracy": 0.5458500000000001,
    "accuracy_stderr": 0.022631891215715943,
    "evaluation_time": 0.57,
    "f1": 0.48429285428779234,
    "f1_stderr": 0.013574491287128813,
    "main_score": 0.5458500000000001
  }
}