{
  "dataset_revision": "a0d554a64d88156834ff5ae9920b964011b16384",
  "mteb_dataset_name": "STS12",
  "mteb_version": "1.1.2",
  "test": {
    "cos_sim": {
      "pearson": 0.835363464804124,
      "spearman": 0.7474220055449526
    },
    "euclidean": {
      "pearson": 0.8348258868402579,
      "spearman": 0.7686683775924622
    },
    "evaluation_time": 0.3,
    "manhattan": {
      "pearson": 0.784274345891345,
      "spearman": 0.7570174807074281
    }
  }
}