{
  "dataset_revision": "6031580fec1f6af667f0bd2da0a551cf4f0b2375",
  "mteb_dataset_name": "STS14",
  "mteb_version": "1.1.2",
  "test": {
    "cos_sim": {
      "pearson": 0.8609854369394105,
      "spearman": 0.8269041909412527
    },
    "euclidean": {
      "pearson": 0.865662624220778,
      "spearman": 0.8430861432521588
    },
    "evaluation_time": 0.68,
    "manhattan": {
      "pearson": 0.8444798326128573,
      "spearman": 0.8296010557071423
    }
  }
}