{
  "dataset_revision": "6031580fec1f6af667f0bd2da0a551cf4f0b2375",
  "mteb_dataset_name": "STS14",
  "mteb_version": "1.1.2",
  "test": {
    "cos_sim": {
      "pearson": 0.8603475941263815,
      "spearman": 0.8259675170617281
    },
    "euclidean": {
      "pearson": 0.8653324711692979,
      "spearman": 0.8436797999234036
    },
    "evaluation_time": 0.59,
    "manhattan": {
      "pearson": 0.841238715983796,
      "spearman": 0.826948270599219
    }
  }
}