{
  "dataset_revision": "ae752c7c21bf194d8b67fd573edf7ae58183cbe3",
  "mteb_dataset_name": "STS15",
  "mteb_version": "1.1.2",
  "test": {
    "cos_sim": {
      "pearson": 0.8785105431061669,
      "spearman": 0.8918085158454926
    },
    "euclidean": {
      "pearson": 0.9009304166634043,
      "spearman": 0.9065917602900269
    },
    "evaluation_time": 0.52,
    "manhattan": {
      "pearson": 0.8775907930315114,
      "spearman": 0.8853151004188456
    }
  }
}