{
  "dataset_revision": "b0fddb56ed78048fa8b90373c8a3cfc37b684831",
  "mteb_dataset_name": "STSBenchmark",
  "mteb_version": "1.1.2",
  "test": {
    "cos_sim": {
      "pearson": 0.8751146704552492,
      "spearman": 0.8815934706747859
    },
    "euclidean": {
      "pearson": 0.895211139747332,
      "spearman": 0.8962726136044836
    },
    "evaluation_time": 0.23,
    "manhattan": {
      "pearson": 0.8749763382733212,
      "spearman": 0.8779408996690758
    }
  }
}