{
  "dataset_revision": "c22ab2a51041ffd869aaddef7af8d8215647e41a",
  "mteb_dataset_name": "ArguAna",
  "mteb_version": "1.2.0",
  "test": {
    "evaluation_time": 23.53,
    "map_at_1": 0.4175,
    "map_at_10": 0.5794,
    "map_at_100": 0.58411,
    "map_at_1000": 0.58415,
    "map_at_3": 0.53924,
    "map_at_5": 0.56484,
    "mrr_at_1": 0.42461,
    "mrr_at_10": 0.58185,
    "mrr_at_100": 0.58663,
    "mrr_at_1000": 0.58666,
    "mrr_at_3": 0.54244,
    "mrr_at_5": 0.56737,
    "ndcg_at_1": 0.4175,
    "ndcg_at_10": 0.66043,
    "ndcg_at_100": 0.67885,
    "ndcg_at_1000": 0.67953,
    "ndcg_at_3": 0.57953,
    "ndcg_at_5": 0.62574,
    "precision_at_1": 0.4175,
    "precision_at_10": 0.09147,
    "precision_at_100": 0.00991,
    "precision_at_1000": 0.001,
    "precision_at_3": 0.2321,
    "precision_at_5": 0.16174,
    "recall_at_1": 0.4175,
    "recall_at_10": 0.91465,
    "recall_at_100": 0.99147,
    "recall_at_1000": 0.99644,
    "recall_at_3": 0.6963,
    "recall_at_5": 0.80868
  }
}