{
  "dataset_revision": null,
  "mteb_dataset_name": "CQADupstackStatsRetrieval",
  "mteb_version": "1.1.2",
  "test": {
    "evaluation_time": 34.71,
    "map_at_1": 0.26674,
    "map_at_10": 0.33851,
    "map_at_100": 0.3478,
    "map_at_1000": 0.34891,
    "map_at_3": 0.31803,
    "map_at_5": 0.32716,
    "mrr_at_1": 0.30061,
    "mrr_at_10": 0.36942,
    "mrr_at_100": 0.377,
    "mrr_at_1000": 0.37785,
    "mrr_at_3": 0.35097,
    "mrr_at_5": 0.35918,
    "ndcg_at_1": 0.30061,
    "ndcg_at_10": 0.37965,
    "ndcg_at_100": 0.42452,
    "ndcg_at_1000": 0.45168,
    "ndcg_at_3": 0.3415,
    "ndcg_at_5": 0.35546,
    "precision_at_1": 0.30061,
    "precision_at_10": 0.05798,
    "precision_at_100": 0.00876,
    "precision_at_1000": 0.00118,
    "precision_at_3": 0.14468,
    "precision_at_5": 0.09632,
    "recall_at_1": 0.26674,
    "recall_at_10": 0.47602,
    "recall_at_100": 0.67887,
    "recall_at_1000": 0.87874,
    "recall_at_3": 0.37094,
    "recall_at_5": 0.40602
  }
}