{
  "dataset_revision": "7d571f92784cd94a019292a1f45445077d0ef634",
  "mteb_dataset_name": "MassiveScenarioClassification",
  "mteb_version": "1.1.2",
  "test": {
    "en": {
      "accuracy": 0.7733355749831875,
      "accuracy_stderr": 0.015790354851839276,
      "f1": 0.7690326161883674,
      "f1_stderr": 0.014020786171813515,
      "main_score": 0.7733355749831875
    },
    "evaluation_time": 13.38
  }
}