{
  "dataset_revision": null,
  "mteb_dataset_name": "SCIDOCS",
  "mteb_version": "1.1.2",
  "test": {
    "evaluation_time": 17.05,
    "map_at_1": 0.05053,
    "map_at_10": 0.1392,
    "map_at_100": 0.16757,
    "map_at_1000": 0.17162,
    "map_at_3": 0.09536,
    "map_at_5": 0.11767,
    "mrr_at_1": 0.25,
    "mrr_at_10": 0.37777,
    "mrr_at_100": 0.38892,
    "mrr_at_1000": 0.38926,
    "mrr_at_3": 0.33817,
    "mrr_at_5": 0.36157,
    "ndcg_at_1": 0.25,
    "ndcg_at_10": 0.23148,
    "ndcg_at_100": 0.33356,
    "ndcg_at_1000": 0.39408,
    "ndcg_at_3": 0.21265,
    "ndcg_at_5": 0.19084,
    "precision_at_1": 0.25,
    "precision_at_10": 0.1228,
    "precision_at_100": 0.02702,
    "precision_at_1000": 0.00414,
    "precision_at_3": 0.202,
    "precision_at_5": 0.1722,
    "recall_at_1": 0.05053,
    "recall_at_10": 0.24892,
    "recall_at_100": 0.54847,
    "recall_at_1000": 0.8403,
    "recall_at_3": 0.12278,
    "recall_at_5": 0.17457
  }
}