{
  "dataset_revision": "ae752c7c21bf194d8b67fd573edf7ae58183cbe3",
  "mteb_dataset_name": "STS15",
  "mteb_version": "1.1.2",
  "test": {
    "cos_sim": {
      "pearson": 0.8869362850861897,
      "spearman": 0.8970592873449624
    },
    "euclidean": {
      "pearson": 0.8904711825953856,
      "spearman": 0.8970592873449624
    },
    "evaluation_time": 0.57,
    "manhattan": {
      "pearson": 0.8905214106628695,
      "spearman": 0.8972235843438333
    }
  }
}