{
  "dataset_revision": "7e90230a92c190f1bf69ae9002b8cea547a64cca",
  "mteb_dataset_name": "STS13",
  "mteb_version": "1.2.0",
  "test": {
    "cos_sim": {
      "pearson": 0.8864233850318346,
      "spearman": 0.8936498037574502
    },
    "euclidean": {
      "pearson": 0.8858657677561956,
      "spearman": 0.8936498037574502
    },
    "evaluation_time": 0.3,
    "manhattan": {
      "pearson": 0.8848884608545364,
      "spearman": 0.8926512104457393
    }
  }
}