{
  "dataset_revision": "eea2b4fe26a775864c896887d910b76a8098ad3f",
  "mteb_dataset_name": "STS22",
  "mteb_version": "1.1.2",
  "test": {
    "en": {
      "cos_sim": {
        "pearson": 0.6895656024465919,
        "spearman": 0.6928129040979696
      },
      "euclidean": {
        "pearson": 0.7056893396904493,
        "spearman": 0.6928129040979696
      },
      "manhattan": {
        "pearson": 0.7063618503453196,
        "spearman": 0.6935193386555119
      }
    },
    "evaluation_time": 0.12
  }
}