{
  "dataset_revision": "b0fddb56ed78048fa8b90373c8a3cfc37b684831",
  "mteb_dataset_name": "STSBenchmark",
  "mteb_version": "1.1.2",
  "test": {
    "cos_sim": {
      "pearson": 0.8778512100755935,
      "spearman": 0.8908371443921702
    },
    "euclidean": {
      "pearson": 0.8875611199658834,
      "spearman": 0.8908371443921702
    },
    "evaluation_time": 0.25,
    "manhattan": {
      "pearson": 0.8872257424061429,
      "spearman": 0.8902086888952525
    }
  }
}