{
  "dataset_revision": null,
  "mteb_dataset_name": "ArguAna",
  "mteb_version": "1.1.2",
  "test": {
    "evaluation_time": 1.75,
    "map_at_1": 0.35917,
    "map_at_10": 0.53041,
    "map_at_100": 0.53641,
    "map_at_1000": 0.53644,
    "map_at_3": 0.48329,
    "map_at_5": 0.51401,
    "mrr_at_1": 0.367,
    "mrr_at_10": 0.53324,
    "mrr_at_100": 0.53931,
    "mrr_at_1000": 0.53934,
    "mrr_at_3": 0.48708,
    "mrr_at_5": 0.51667,
    "ndcg_at_1": 0.35917,
    "ndcg_at_10": 0.618,
    "ndcg_at_100": 0.64145,
    "ndcg_at_1000": 0.64214,
    "ndcg_at_3": 0.52341,
    "ndcg_at_5": 0.57878,
    "precision_at_1": 0.35917,
    "precision_at_10": 0.0894,
    "precision_at_100": 0.00991,
    "precision_at_1000": 0.001,
    "precision_at_3": 0.21313,
    "precision_at_5": 0.15477,
    "recall_at_1": 0.35917,
    "recall_at_10": 0.89403,
    "recall_at_100": 0.99147,
    "recall_at_1000": 0.99644,
    "recall_at_3": 0.6394,
    "recall_at_5": 0.77383
  }
}