{
  "dataset_revision": "ae752c7c21bf194d8b67fd573edf7ae58183cbe3",
  "mteb_dataset_name": "STS15",
  "mteb_version": "1.2.0",
  "test": {
    "cos_sim": {
      "pearson": 0.8504123912407813,
      "spearman": 0.8687457414877072
    },
    "euclidean": {
      "pearson": 0.8627336655687046,
      "spearman": 0.8672859978264622
    },
    "evaluation_time": 0.03,
    "manhattan": {
      "pearson": 0.8867936115751418,
      "spearman": 0.8924432919501021
    }
  }
}