{
  "dataset_revision": "b0fddb56ed78048fa8b90373c8a3cfc37b684831",
  "mteb_dataset_name": "STSBenchmark",
  "mteb_version": "1.2.0",
  "test": {
    "cos_sim": {
      "pearson": 0.8578150441780751,
      "spearman": 0.8825550443052388
    },
    "euclidean": {
      "pearson": 0.8775667640943421,
      "spearman": 0.87949384669451
    },
    "evaluation_time": 0.02,
    "manhattan": {
      "pearson": 0.8849283136861787,
      "spearman": 0.8801570981593304
    }
  }
}