{
  "dataset_revision": "e8379541af4e31359cca9fbcf4b00f2671dba205",
  "mteb_dataset_name": "AmazonCounterfactualClassification",
  "mteb_version": "1.1.2",
  "test": {
    "en": {
      "accuracy": 0.7371641791044776,
      "accuracy_stderr": 0.03692604881197466,
      "ap": 0.36393049500482,
      "ap_stderr": 0.03611104819049474,
      "f1": 0.6764903648047762,
      "f1_stderr": 0.034876869701109765,
      "main_score": 0.7371641791044776
    },
    "evaluation_time": 1.25
  }
}