{
  "dataset_revision": "ae752c7c21bf194d8b67fd573edf7ae58183cbe3",
  "mteb_dataset_name": "STS15",
  "mteb_version": "1.1.2",
  "test": {
    "cos_sim": {
      "pearson": 0.876697862678885,
      "spearman": 0.8888485187410902
    },
    "euclidean": {
      "pearson": 0.8943893703641526,
      "spearman": 0.9003304622992756
    },
    "evaluation_time": 0.46,
    "manhattan": {
      "pearson": 0.8699136615072807,
      "spearman": 0.878755625743661
    }
  }
}