{
  "dataset_revision": "4f58c6b202a23cf9a4da393831edf4f9183cad37",
  "mteb_dataset_name": "EmotionClassification",
  "mteb_version": "1.1.2",
  "test": {
    "accuracy": 0.5461,
    "accuracy_stderr": 0.021666564102321352,
    "evaluation_time": 0.91,
    "f1": 0.48312289635570566,
    "f1_stderr": 0.011897018988021608,
    "main_score": 0.5461
  }
}