{
  "dataset_revision": "e8379541af4e31359cca9fbcf4b00f2671dba205",
  "mteb_dataset_name": "AmazonCounterfactualClassification",
  "mteb_version": "1.1.2",
  "test": {
    "en": {
      "accuracy": 0.7661194029850746,
      "accuracy_stderr": 0.03859904647722231,
      "ap": 0.4003319539384723,
      "ap_stderr": 0.04346331914130123,
      "f1": 0.7067530957034712,
      "f1_stderr": 0.03731965260696872,
      "main_score": 0.7661194029850746
    },
    "evaluation_time": 1.05
  }
}