{
  "dataset_revision": "4f58c6b202a23cf9a4da393831edf4f9183cad37",
  "mteb_dataset_name": "EmotionClassification",
  "mteb_version": "1.1.2",
  "test": {
    "accuracy": 0.5488000000000001,
    "accuracy_stderr": 0.023503404008781363,
    "evaluation_time": 0.98,
    "f1": 0.4856832131688251,
    "f1_stderr": 0.014788398428530308,
    "main_score": 0.5488000000000001
  }
}