{
  "dataset_revision": "eea2b4fe26a775864c896887d910b76a8098ad3f",
  "mteb_dataset_name": "STS22",
  "mteb_version": "1.1.2",
  "test": {
    "en": {
      "cos_sim": {
        "pearson": 0.6832383955079155,
        "spearman": 0.6903346860936886
      },
      "euclidean": {
        "pearson": 0.7035854044937273,
        "spearman": 0.6928926628383373
      },
      "manhattan": {
        "pearson": 0.7042875578050183,
        "spearman": 0.6884750052596059
      }
    },
    "evaluation_time": 0.09
  }
}