{
  "dataset_revision": "70970daeab8776df92f5ea462b6173c0b46fd2d1",
  "mteb_dataset_name": "TwitterSemEval2015",
  "mteb_version": "1.1.2",
  "test": {
    "cos_sim": {
      "accuracy": 0.8767956130416642,
      "accuracy_threshold": 0.7396408386279631,
      "ap": 0.7869414155704004,
      "f1": 0.7174587417793771,
      "f1_threshold": 0.6989994303838382,
      "precision": 0.6772077769969548,
      "recall": 0.762796833773087
    },
    "dot": {
      "accuracy": 0.8619538654109793,
      "accuracy_threshold": 0.3819289451952786,
      "ap": 0.7455904392793601,
      "f1": 0.6857142857142857,
      "f1_threshold": 0.3488290419059144,
      "precision": 0.6405498281786941,
      "recall": 0.7377308707124011
    },
    "euclidean": {
      "accuracy": 0.8778685104607499,
      "accuracy_threshold": 0.5099419757028143,
      "ap": 0.7913290843542533,
      "f1": 0.7210743801652892,
      "f1_threshold": 0.539284633800974,
      "precision": 0.7061203844208397,
      "recall": 0.7366754617414248
    },
    "evaluation_time": 2.17,
    "manhattan": {
      "accuracy": 0.870179412290636,
      "accuracy_threshold": 11.076311540955214,
      "ap": 0.7715186281077471,
      "f1": 0.7078507078507079,
      "f1_threshold": 11.53488698415146,
      "precision": 0.6909547738693468,
      "recall": 0.7255936675461742
    },
    "max": {
      "accuracy": 0.8778685104607499,
      "ap": 0.7913290843542533,
      "f1": 0.7210743801652892
    }
  }
}