{
  "dataset_revision": "ae752c7c21bf194d8b67fd573edf7ae58183cbe3",
  "mteb_dataset_name": "STS15",
  "mteb_version": "1.1.2",
  "test": {
    "cos_sim": {
      "pearson": 0.8769807049057566,
      "spearman": 0.8859306391314549
    },
    "euclidean": {
      "pearson": 0.8845019657521112,
      "spearman": 0.8905961019468669
    },
    "evaluation_time": 0.34,
    "manhattan": {
      "pearson": 0.8665997386336207,
      "spearman": 0.8770751238451612
    }
  }
}