{
  "dataset_revision": "4d8694f8f0e0100860b497b999b3dbed754a0513",
  "mteb_dataset_name": "STS16",
  "mteb_version": "1.2.0",
  "test": {
    "cos_sim": {
      "pearson": 0.8367283653468033,
      "spearman": 0.8500233636442079
    },
    "euclidean": {
      "pearson": 0.8631520690009982,
      "spearman": 0.8675947495219506
    },
    "evaluation_time": 0.03,
    "manhattan": {
      "pearson": 0.8131713300041854,
      "spearman": 0.814708580540737
    }
  }
}