{
  "dataset_revision": "7e90230a92c190f1bf69ae9002b8cea547a64cca",
  "mteb_dataset_name": "STS13",
  "mteb_version": "1.1.2",
  "test": {
    "cos_sim": {
      "pearson": 0.8743198868548718,
      "spearman": 0.8785226761238898
    },
    "euclidean": {
      "pearson": 0.8857089433837044,
      "spearman": 0.893449175786635
    },
    "evaluation_time": 0.26,
    "manhattan": {
      "pearson": 0.8634715321781622,
      "spearman": 0.8696953319024757
    }
  }
}