{
  "dataset_revision": "70970daeab8776df92f5ea462b6173c0b46fd2d1",
  "mteb_dataset_name": "TwitterSemEval2015",
  "mteb_version": "1.1.2",
  "test": {
    "cos_sim": {
      "accuracy": 0.8764975859808071,
      "accuracy_threshold": 0.7581399504943902,
      "ap": 0.7823825746671058,
      "f1": 0.7169712107269619,
      "f1_threshold": 0.7313194267971845,
      "precision": 0.7144354204872937,
      "recall": 0.7195250659630607
    },
    "dot": {
      "accuracy": 0.8477081719020088,
      "accuracy_threshold": 0.22678908460570726,
      "ap": 0.6947699336513952,
      "f1": 0.6588096641131408,
      "f1_threshold": 0.20492956837955095,
      "precision": 0.5953141640042598,
      "recall": 0.737467018469657
    },
    "euclidean": {
      "accuracy": 0.8733981045478929,
      "accuracy_threshold": 0.37034022868721184,
      "ap": 0.7747514374370872,
      "f1": 0.7104177411036616,
      "f1_threshold": 0.4014747002228929,
      "precision": 0.694654563792234,
      "recall": 0.7269129287598944
    },
    "evaluation_time": 1.18,
    "manhattan": {
      "accuracy": 0.8731596828992072,
      "accuracy_threshold": 4.506393689093099,
      "ap": 0.7771513020233312,
      "f1": 0.7109884596086302,
      "f1_threshold": 4.979776527882189,
      "precision": 0.6776661884265901,
      "recall": 0.7477572559366754
    },
    "max": {
      "accuracy": 0.8764975859808071,
      "ap": 0.7823825746671058,
      "f1": 0.7169712107269619
    }
  }
}