{
  "dataset_revision": "5003b3064772da1887988e05400cf3806fe491f2",
  "mteb_dataset_name": "CQADupstackGisRetrieval",
  "mteb_version": "1.2.0",
  "test": {
    "evaluation_time": 6.64,
    "map_at_1": 0.26029,
    "map_at_10": 0.35533,
    "map_at_100": 0.3661,
    "map_at_1000": 0.36679,
    "map_at_3": 0.32846,
    "map_at_5": 0.34453,
    "mrr_at_1": 0.28249,
    "mrr_at_10": 0.37598,
    "mrr_at_100": 0.38557,
    "mrr_at_1000": 0.38607,
    "mrr_at_3": 0.35122,
    "mrr_at_5": 0.36614,
    "ndcg_at_1": 0.28249,
    "ndcg_at_10": 0.40728,
    "ndcg_at_100": 0.46059,
    "ndcg_at_1000": 0.47893,
    "ndcg_at_3": 0.35572,
    "ndcg_at_5": 0.3826,
    "precision_at_1": 0.28249,
    "precision_at_10": 0.06305,
    "precision_at_100": 0.00942,
    "precision_at_1000": 0.00114,
    "precision_at_3": 0.15179,
    "precision_at_5": 0.10712,
    "recall_at_1": 0.26029,
    "recall_at_10": 0.54726,
    "recall_at_100": 0.79141,
    "recall_at_1000": 0.92988,
    "recall_at_3": 0.40776,
    "recall_at_5": 0.47268
  }
}