{
  "dataset_revision": "ec0fa4fe99da2ff19ca1214b7966684033a58814",
  "mteb_dataset_name": "NFCorpus",
  "mteb_version": "1.2.0",
  "test": {
    "evaluation_time": 0.77,
    "map_at_1": 0.07033,
    "map_at_10": 0.14891,
    "map_at_100": 0.19075,
    "map_at_1000": 0.20666,
    "map_at_3": 0.11088,
    "map_at_5": 0.12681,
    "mrr_at_1": 0.48607,
    "mrr_at_10": 0.57511,
    "mrr_at_100": 0.5813,
    "mrr_at_1000": 0.58167,
    "mrr_at_3": 0.5547,
    "mrr_at_5": 0.56801,
    "ndcg_at_1": 0.47059,
    "ndcg_at_10": 0.37552,
    "ndcg_at_100": 0.35424,
    "ndcg_at_1000": 0.44334,
    "ndcg_at_3": 0.43013,
    "ndcg_at_5": 0.40731,
    "precision_at_1": 0.48607,
    "precision_at_10": 0.27276,
    "precision_at_100": 0.08901,
    "precision_at_1000": 0.02209,
    "precision_at_3": 0.39732,
    "precision_at_5": 0.34799,
    "recall_at_1": 0.07033,
    "recall_at_10": 0.18925,
    "recall_at_100": 0.3591,
    "recall_at_1000": 0.67816,
    "recall_at_3": 0.12139,
    "recall_at_5": 0.14656
  }
}