{
  "dataset_revision": null,
  "mteb_dataset_name": "SciFact",
  "mteb_version": "1.1.2",
  "test": {
    "evaluation_time": 5.52,
    "map_at_1": 0.60928,
    "map_at_10": 0.69802,
    "map_at_100": 0.70454,
    "map_at_1000": 0.70471,
    "map_at_3": 0.66652,
    "map_at_5": 0.68384,
    "mrr_at_1": 0.63667,
    "mrr_at_10": 0.70685,
    "mrr_at_100": 0.71223,
    "mrr_at_1000": 0.71238,
    "mrr_at_3": 0.68278,
    "mrr_at_5": 0.69678,
    "ndcg_at_1": 0.63667,
    "ndcg_at_10": 0.73994,
    "ndcg_at_100": 0.76564,
    "ndcg_at_1000": 0.76941,
    "ndcg_at_3": 0.68694,
    "ndcg_at_5": 0.71217,
    "precision_at_1": 0.63667,
    "precision_at_10": 0.09767,
    "precision_at_100": 0.011,
    "precision_at_1000": 0.00113,
    "precision_at_3": 0.26333,
    "precision_at_5": 0.174,
    "recall_at_1": 0.60928,
    "recall_at_10": 0.85922,
    "recall_at_100": 0.97167,
    "recall_at_1000": 1.0,
    "recall_at_3": 0.71739,
    "recall_at_5": 0.78161
  }
}