{
  "dataset_revision": "e8379541af4e31359cca9fbcf4b00f2671dba205",
  "mteb_dataset_name": "AmazonCounterfactualClassification",
  "mteb_version": "1.1.2",
  "test": {
    "en": {
      "accuracy": 0.7368656716417911,
      "accuracy_stderr": 0.03443235383213047,
      "ap": 0.36482207997642413,
      "ap_stderr": 0.03531665494692481,
      "f1": 0.6768075088026132,
      "f1_stderr": 0.03310597567697494,
      "main_score": 0.7368656716417911
    },
    "evaluation_time": 11.4
  }
}