{
  "dataset_revision": null,
  "mteb_dataset_name": "ArguAna",
  "mteb_version": "1.1.2",
  "test": {
    "evaluation_time": 31.93,
    "map_at_1": 0.41892,
    "map_at_10": 0.57633,
    "map_at_100": 0.58126,
    "map_at_1000": 0.58129,
    "map_at_3": 0.53651,
    "map_at_5": 0.56091,
    "mrr_at_1": 0.42745,
    "mrr_at_10": 0.57943,
    "mrr_at_100": 0.58422,
    "mrr_at_1000": 0.58425,
    "mrr_at_3": 0.53971,
    "mrr_at_5": 0.56361,
    "ndcg_at_1": 0.41892,
    "ndcg_at_10": 0.65631,
    "ndcg_at_100": 0.6759,
    "ndcg_at_1000": 0.67666,
    "ndcg_at_3": 0.57532,
    "ndcg_at_5": 0.61912,
    "precision_at_1": 0.41892,
    "precision_at_10": 0.09083,
    "precision_at_100": 0.00991,
    "precision_at_1000": 0.001,
    "precision_at_3": 0.22926,
    "precision_at_5": 0.15875,
    "recall_at_1": 0.41892,
    "recall_at_10": 0.90825,
    "recall_at_100": 0.99075,
    "recall_at_1000": 0.99644,
    "recall_at_3": 0.68777,
    "recall_at_5": 0.79374
  }
}