{
  "dataset_revision": "f46a197baaae43b4f621051089b82a364682dfeb",
  "mteb_dataset_name": "CQADupstackAndroidRetrieval",
  "mteb_version": "1.2.0",
  "test": {
    "evaluation_time": 27.61,
    "map_at_1": 0.33252,
    "map_at_10": 0.44605,
    "map_at_100": 0.46168,
    "map_at_1000": 0.46298,
    "map_at_3": 0.40884,
    "map_at_5": 0.42981,
    "mrr_at_1": 0.40916,
    "mrr_at_10": 0.51065,
    "mrr_at_100": 0.51771,
    "mrr_at_1000": 0.51809,
    "mrr_at_3": 0.48402,
    "mrr_at_5": 0.50091,
    "ndcg_at_1": 0.40916,
    "ndcg_at_10": 0.51217,
    "ndcg_at_100": 0.56684,
    "ndcg_at_1000": 0.58509,
    "ndcg_at_3": 0.45981,
    "ndcg_at_5": 0.48493,
    "precision_at_1": 0.40916,
    "precision_at_10": 0.09843,
    "precision_at_100": 0.01569,
    "precision_at_1000": 0.00204,
    "precision_at_3": 0.22031,
    "precision_at_5": 0.15966,
    "recall_at_1": 0.33252,
    "recall_at_10": 0.63401,
    "recall_at_100": 0.86432,
    "recall_at_1000": 0.97549,
    "recall_at_3": 0.48042,
    "recall_at_5": 0.55208
  }
}