{
  "dataset_revision": "ad9991cb51e31e31e430383c75ffb2885547b5f0",
  "mteb_dataset_name": "CQADupstackEnglishRetrieval",
  "mteb_version": "1.2.0",
  "test": {
    "evaluation_time": 40.99,
    "map_at_1": 0.32103,
    "map_at_10": 0.42595,
    "map_at_100": 0.43845,
    "map_at_1000": 0.43981,
    "map_at_3": 0.39559,
    "map_at_5": 0.41335,
    "mrr_at_1": 0.40064,
    "mrr_at_10": 0.48519,
    "mrr_at_100": 0.49151,
    "mrr_at_1000": 0.49195,
    "mrr_at_3": 0.46412,
    "mrr_at_5": 0.47574,
    "ndcg_at_1": 0.40064,
    "ndcg_at_10": 0.4828,
    "ndcg_at_100": 0.52584,
    "ndcg_at_1000": 0.54606,
    "ndcg_at_3": 0.44264,
    "ndcg_at_5": 0.46155,
    "precision_at_1": 0.40064,
    "precision_at_10": 0.0914,
    "precision_at_100": 0.01462,
    "precision_at_1000": 0.00194,
    "precision_at_3": 0.21423,
    "precision_at_5": 0.15159,
    "recall_at_1": 0.32103,
    "recall_at_10": 0.5801,
    "recall_at_100": 0.76278,
    "recall_at_1000": 0.88848,
    "recall_at_3": 0.45858,
    "recall_at_5": 0.51382
  }
}