{
  "dataset_revision": "31efe3c427b0bae9c22cbb560b8f15491cc6bed7",
  "mteb_dataset_name": "MassiveIntentClassification",
  "mteb_version": "1.2.0",
  "test": {
    "en": {
      "accuracy": 0.7343981170141223,
      "accuracy_stderr": 0.0185274801439243,
      "f1": 0.7145897768013114,
      "f1_stderr": 0.014759711196409278,
      "main_score": 0.7343981170141223
    },
    "evaluation_time": 22.37
  }
}