{
  "dataset_revision": "d80d48c1eb48d3562165c59d59d0034df9fff0bf",
  "mteb_dataset_name": "MTOPDomainClassification",
  "mteb_version": "1.2.0",
  "test": {
    "en": {
      "accuracy": 0.9380756953944369,
      "accuracy_stderr": 0.005510013574762177,
      "f1": 0.9363736874912716,
      "f1_stderr": 0.004433249604927621,
      "main_score": 0.9380756953944369
    },
    "evaluation_time": 14.94
  }
}