{
  "dataset_revision": null,
  "mteb_dataset_name": "SCIDOCS",
  "mteb_version": "1.2.0",
  "test": {
    "evaluation_time": 27.08,
    "map_at_1": 0.04813,
    "map_at_10": 0.13179,
    "map_at_100": 0.16001,
    "map_at_1000": 0.16409,
    "map_at_3": 0.09115,
    "map_at_5": 0.11251,
    "mrr_at_1": 0.238,
    "mrr_at_10": 0.36112,
    "mrr_at_100": 0.37345,
    "mrr_at_1000": 0.37385,
    "mrr_at_3": 0.32067,
    "mrr_at_5": 0.34382,
    "ndcg_at_1": 0.238,
    "ndcg_at_10": 0.22003,
    "ndcg_at_100": 0.32219,
    "ndcg_at_1000": 0.38427,
    "ndcg_at_3": 0.20179,
    "ndcg_at_5": 0.18206,
    "precision_at_1": 0.238,
    "precision_at_10": 0.1165,
    "precision_at_100": 0.02631,
    "precision_at_1000": 0.0041,
    "precision_at_3": 0.19067,
    "precision_at_5": 0.1642,
    "recall_at_1": 0.04813,
    "recall_at_10": 0.23622,
    "recall_at_100": 0.53383,
    "recall_at_1000": 0.83275,
    "recall_at_3": 0.11598,
    "recall_at_5": 0.16648
  }
}