{
  "dataset_revision": null,
  "mteb_dataset_name": "SciFact",
  "mteb_version": "1.1.2",
  "test": {
    "evaluation_time": 8.07,
    "map_at_1": 0.61928,
    "map_at_10": 0.71079,
    "map_at_100": 0.71541,
    "map_at_1000": 0.71562,
    "map_at_3": 0.67985,
    "map_at_5": 0.69659,
    "mrr_at_1": 0.64667,
    "mrr_at_10": 0.71917,
    "mrr_at_100": 0.72297,
    "mrr_at_1000": 0.72315,
    "mrr_at_3": 0.69444,
    "mrr_at_5": 0.70961,
    "ndcg_at_1": 0.64667,
    "ndcg_at_10": 0.75433,
    "ndcg_at_100": 0.77399,
    "ndcg_at_1000": 0.77826,
    "ndcg_at_3": 0.70071,
    "ndcg_at_5": 0.72612,
    "precision_at_1": 0.64667,
    "precision_at_10": 0.1,
    "precision_at_100": 0.01097,
    "precision_at_1000": 0.00113,
    "precision_at_3": 0.26889,
    "precision_at_5": 0.17867,
    "recall_at_1": 0.61928,
    "recall_at_10": 0.87989,
    "recall_at_100": 0.96833,
    "recall_at_1000": 1.0,
    "recall_at_3": 0.73406,
    "recall_at_5": 0.79828
  }
}