{
  "dataset_revision": "7e90230a92c190f1bf69ae9002b8cea547a64cca",
  "mteb_dataset_name": "STS13",
  "mteb_version": "1.2.0",
  "test": {
    "cos_sim": {
      "pearson": 0.8774635086918446,
      "spearman": 0.8876001851640032
    },
    "euclidean": {
      "pearson": 0.8792972616410253,
      "spearman": 0.8876001851640032
    },
    "evaluation_time": 0.35,
    "manhattan": {
      "pearson": 0.8762294756300718,
      "spearman": 0.8847161878896357
    }
  }
}