{
  "dataset_revision": "af5e6fb845001ecf41f4c1e033ce921939a2a68d",
  "mteb_dataset_name": "STS17",
  "mteb_version": "1.2.0",
  "test": {
    "en-en": {
      "cos_sim": {
        "pearson": 0.8940442645228556,
        "spearman": 0.8937169840916906
      },
      "euclidean": {
        "pearson": 0.8991701370190667,
        "spearman": 0.8937169840916906
      },
      "manhattan": {
        "pearson": 0.8990933861823491,
        "spearman": 0.8937658024536771
      }
    },
    "evaluation_time": 0.09
  }
}