{
  "dataset_revision": "ae752c7c21bf194d8b67fd573edf7ae58183cbe3",
  "mteb_dataset_name": "STS15",
  "mteb_version": "1.2.0",
  "test": {
    "cos_sim": {
      "pearson": 0.8837423312200388,
      "spearman": 0.8939153069890717
    },
    "euclidean": {
      "pearson": 0.887443345598001,
      "spearman": 0.8939150387403579
    },
    "evaluation_time": 0.94,
    "manhattan": {
      "pearson": 0.8872543266518499,
      "spearman": 0.8937812271179018
    }
  }
}