{
  "dataset_revision": "eea2b4fe26a775864c896887d910b76a8098ad3f",
  "mteb_dataset_name": "STS22",
  "mteb_version": "1.2.0",
  "test": {
    "en": {
      "cos_sim": {
        "pearson": 0.6867411922098794,
        "spearman": 0.6843120873312322
      },
      "euclidean": {
        "pearson": 0.7017521334503712,
        "spearman": 0.6843120873312322
      },
      "manhattan": {
        "pearson": 0.702680530440338,
        "spearman": 0.685680193887947
      }
    },
    "evaluation_time": 0.06
  }
}