{
  "dataset_revision": null,
  "mteb_dataset_name": "SciFact",
  "mteb_version": "1.1.2",
  "test": {
    "evaluation_time": 0.8,
    "map_at_1": 0.58761,
    "map_at_10": 0.67638,
    "map_at_100": 0.68236,
    "map_at_1000": 0.68262,
    "map_at_3": 0.64874,
    "map_at_5": 0.66199,
    "mrr_at_1": 0.61333,
    "mrr_at_10": 0.68452,
    "mrr_at_100": 0.68884,
    "mrr_at_1000": 0.68909,
    "mrr_at_3": 0.66444,
    "mrr_at_5": 0.67378,
    "ndcg_at_1": 0.61333,
    "ndcg_at_10": 0.71902,
    "ndcg_at_100": 0.7431,
    "ndcg_at_1000": 0.74949,
    "ndcg_at_3": 0.67111,
    "ndcg_at_5": 0.68916,
    "precision_at_1": 0.61333,
    "precision_at_10": 0.09533,
    "precision_at_100": 0.01077,
    "precision_at_1000": 0.00113,
    "precision_at_3": 0.25889,
    "precision_at_5": 0.16867,
    "recall_at_1": 0.58761,
    "recall_at_10": 0.84189,
    "recall_at_100": 0.94833,
    "recall_at_1000": 0.99667,
    "recall_at_3": 0.70839,
    "recall_at_5": 0.75556
  }
}