{
  "dataset_revision": "4d8694f8f0e0100860b497b999b3dbed754a0513",
  "mteb_dataset_name": "STS16",
  "mteb_version": "1.2.0",
  "test": {
    "cos_sim": {
      "pearson": 0.8458883899119625,
      "spearman": 0.8559730693294905
    },
    "euclidean": {
      "pearson": 0.8479443902468119,
      "spearman": 0.854495023869387
    },
    "evaluation_time": 0.04,
    "manhattan": {
      "pearson": 0.7855402192477657,
      "spearman": 0.7866544808233672
    }
  }
}