{
  "dataset_revision": "6c6430d3a6d36f8d2a829195bc5dc94d7e063e53",
  "mteb_dataset_name": "CQADupstackUnixRetrieval",
  "mteb_version": "1.2.0",
  "test": {
    "evaluation_time": 68.46,
    "map_at_1": 0.26783,
    "map_at_10": 0.36682,
    "map_at_100": 0.37797,
    "map_at_1000": 0.37894,
    "map_at_3": 0.33395,
    "map_at_5": 0.35356,
    "mrr_at_1": 0.31716,
    "mrr_at_10": 0.4094,
    "mrr_at_100": 0.41745,
    "mrr_at_1000": 0.41799,
    "mrr_at_3": 0.38169,
    "mrr_at_5": 0.39773,
    "ndcg_at_1": 0.31716,
    "ndcg_at_10": 0.42539,
    "ndcg_at_100": 0.47605,
    "ndcg_at_1000": 0.49738,
    "ndcg_at_3": 0.36731,
    "ndcg_at_5": 0.39662,
    "precision_at_1": 0.31716,
    "precision_at_10": 0.07239,
    "precision_at_100": 0.01106,
    "precision_at_1000": 0.0014,
    "precision_at_3": 0.16636,
    "precision_at_5": 0.12034,
    "recall_at_1": 0.26783,
    "recall_at_10": 0.56169,
    "recall_at_100": 0.78058,
    "recall_at_1000": 0.92768,
    "recall_at_3": 0.40652,
    "recall_at_5": 0.47852
  }
}