{
  "dataset_revision": "a6ea5a8cab320b040a23452cc28066d9beae2cee",
  "mteb_dataset_name": "SICK-R",
  "mteb_version": "1.2.0",
  "test": {
    "cos_sim": {
      "pearson": 0.8726134335818101,
      "spearman": 0.8288688507812035
    },
    "euclidean": {
      "pearson": 0.8456133589701144,
      "spearman": 0.8288688882286566
    },
    "evaluation_time": 4.57,
    "manhattan": {
      "pearson": 0.8448289339298819,
      "spearman": 0.8289952384529468
    }
  }
}