{
  "dataset_revision": "d66bd1f72af766a5cc4b0ca5e00c162f89e8cc46",
  "mteb_dataset_name": "SprintDuplicateQuestions",
  "mteb_version": "1.2.0",
  "test": {
    "cos_sim": {
      "accuracy": 0.9988019801980198,
      "accuracy_threshold": 0.7970545291900635,
      "ap": 0.9708185860247048,
      "f1": 0.939830929885629,
      "f1_threshold": 0.7874098420143127,
      "precision": 0.9347181008902077,
      "recall": 0.945
    },
    "dot": {
      "accuracy": 0.9988019801980198,
      "accuracy_threshold": 0.7970547676086426,
      "ap": 0.9708185860247049,
      "f1": 0.939830929885629,
      "f1_threshold": 0.7874098420143127,
      "precision": 0.9347181008902077,
      "recall": 0.945
    },
    "euclidean": {
      "accuracy": 0.9988019801980198,
      "accuracy_threshold": 0.63709557056427,
      "ap": 0.9708185860247048,
      "f1": 0.939830929885629,
      "f1_threshold": 0.6520576477050781,
      "precision": 0.9347181008902077,
      "recall": 0.945
    },
    "evaluation_time": 30.79,
    "manhattan": {
      "accuracy": 0.9988019801980198,
      "accuracy_threshold": 33.912452697753906,
      "ap": 0.970249152355676,
      "f1": 0.9394697348674337,
      "f1_threshold": 33.912452697753906,
      "precision": 0.93993993993994,
      "recall": 0.939
    },
    "max": {
      "accuracy": 0.9988019801980198,
      "ap": 0.9708185860247049,
      "f1": 0.939830929885629
    }
  }
}