{
  "dataset_revision": "a0d554a64d88156834ff5ae9920b964011b16384",
  "mteb_dataset_name": "STS12",
  "mteb_version": "1.1.2",
  "test": {
    "cos_sim": {
      "pearson": 0.8759276801619964,
      "spearman": 0.7895538566243863
    },
    "euclidean": {
      "pearson": 0.8460663972857381,
      "spearman": 0.7895538067116581
    },
    "evaluation_time": 7.07,
    "manhattan": {
      "pearson": 0.8458312636363883,
      "spearman": 0.7897408656211714
    }
  }
}