{
  "dataset_revision": "4d8694f8f0e0100860b497b999b3dbed754a0513",
  "mteb_dataset_name": "STS16",
  "mteb_version": "1.2.0",
  "test": {
    "cos_sim": {
      "pearson": 0.8556570525573378,
      "spearman": 0.8691750524758787
    },
    "euclidean": {
      "pearson": 0.8615900747160585,
      "spearman": 0.8691750524758787
    },
    "evaluation_time": 0.41,
    "manhattan": {
      "pearson": 0.861939666800374,
      "spearman": 0.8693512011150734
    }
  }
}