{
  "dataset_revision": "af5e6fb845001ecf41f4c1e033ce921939a2a68d",
  "mteb_dataset_name": "STS17",
  "mteb_version": "1.2.0",
  "test": {
    "en-en": {
      "cos_sim": {
        "pearson": 0.8983460192350583,
        "spearman": 0.8974971397749516
      },
      "euclidean": {
        "pearson": 0.9015185554843171,
        "spearman": 0.8974971397749516
      },
      "manhattan": {
        "pearson": 0.9021596898759024,
        "spearman": 0.8973733640855058
      }
    },
    "evaluation_time": 0.04
  }
}