{
  "dataset_revision": "6031580fec1f6af667f0bd2da0a551cf4f0b2375",
  "mteb_dataset_name": "STS14",
  "mteb_version": "1.1.2",
  "test": {
    "cos_sim": {
      "pearson": 0.8644780845205797,
      "spearman": 0.8331515329108364
    },
    "euclidean": {
      "pearson": 0.8584919761911834,
      "spearman": 0.8487564596955167
    },
    "evaluation_time": 0.3,
    "manhattan": {
      "pearson": 0.8397242023415411,
      "spearman": 0.8349937039634705
    }
  }
}