{
  "dataset_revision": "4d8694f8f0e0100860b497b999b3dbed754a0513",
  "mteb_dataset_name": "STS16",
  "mteb_version": "1.1.2",
  "test": {
    "cos_sim": {
      "pearson": 0.8421094545980349,
      "spearman": 0.8534990567484103
    },
    "euclidean": {
      "pearson": 0.8623053235036546,
      "spearman": 0.8697772581962551
    },
    "evaluation_time": 0.1,
    "manhattan": {
      "pearson": 0.853717531935309,
      "spearman": 0.8611182871305738
    }
  }
}