{
  "dataset_revision": "1399c76144fd37290681b995c656ef9b2e06e26d",
  "mteb_dataset_name": "AmazonReviewsClassification",
  "mteb_version": "1.2.0",
  "test": {
    "en": {
      "accuracy": 0.53924,
      "accuracy_stderr": 0.011239501768316949,
      "f1": 0.521966703252481,
      "f1_stderr": 0.018507566379170063,
      "main_score": 0.53924
    },
    "evaluation_time": 7.5
  }
}