{
  "dataset_revision": "d3fb88f8f02e40887cd149695127462bbcf29b4a",
  "mteb_dataset_name": "BIOSSES",
  "mteb_version": "1.1.2",
  "test": {
    "cos_sim": {
      "pearson": 0.8859766404961412,
      "spearman": 0.8669052951939143
    },
    "euclidean": {
      "pearson": 0.8657007814661988,
      "spearman": 0.8669052951939143
    },
    "evaluation_time": 0.04,
    "manhattan": {
      "pearson": 0.867195573592569,
      "spearman": 0.8686703956538897
    }
  }
}