{
  "dataset_revision": "ad9991cb51e31e31e430383c75ffb2885547b5f0",
  "mteb_dataset_name": "CQADupstackEnglishRetrieval",
  "mteb_version": "1.2.0",
  "test": {
    "evaluation_time": 9.98,
    "map_at_1": 0.34497,
    "map_at_10": 0.45681,
    "map_at_100": 0.46919,
    "map_at_1000": 0.47042,
    "map_at_3": 0.423,
    "map_at_5": 0.44346,
    "mrr_at_1": 0.43376,
    "mrr_at_10": 0.5191,
    "mrr_at_100": 0.52442,
    "mrr_at_1000": 0.5248,
    "mrr_at_3": 0.4966,
    "mrr_at_5": 0.5102,
    "ndcg_at_1": 0.43376,
    "ndcg_at_10": 0.51651,
    "ndcg_at_100": 0.55677,
    "ndcg_at_1000": 0.57446,
    "ndcg_at_3": 0.47261,
    "ndcg_at_5": 0.49483,
    "precision_at_1": 0.43376,
    "precision_at_10": 0.09701,
    "precision_at_100": 0.01506,
    "precision_at_1000": 0.00195,
    "precision_at_3": 0.22866,
    "precision_at_5": 0.16255,
    "recall_at_1": 0.34497,
    "recall_at_10": 0.61981,
    "recall_at_100": 0.79099,
    "recall_at_1000": 0.89957,
    "recall_at_3": 0.48616,
    "recall_at_5": 0.55139
  }
}