{
  "dataset_revision": "d80d48c1eb48d3562165c59d59d0034df9fff0bf",
  "mteb_dataset_name": "MTOPDomainClassification",
  "mteb_version": "1.2.0",
  "test": {
    "en": {
      "accuracy": 0.9537163702690379,
      "accuracy_stderr": 0.0040849231343294415,
      "f1": 0.9516355423014702,
      "f1_stderr": 0.004021297753461339,
      "main_score": 0.9537163702690379
    },
    "evaluation_time": 10.94
  }
}