{
  "dataset_revision": "ae752c7c21bf194d8b67fd573edf7ae58183cbe3",
  "mteb_dataset_name": "STS15",
  "mteb_version": "1.2.0",
  "test": {
    "cos_sim": {
      "pearson": 0.8952598987433802,
      "spearman": 0.9025668164594395
    },
    "euclidean": {
      "pearson": 0.895308254722469,
      "spearman": 0.9025668164594395
    },
    "evaluation_time": 0.28,
    "manhattan": {
      "pearson": 0.8956437429774076,
      "spearman": 0.9028856794348126
    }
  }
}