{
  "dataset_revision": "af5e6fb845001ecf41f4c1e033ce921939a2a68d",
  "mteb_dataset_name": "STS17",
  "mteb_version": "1.1.2",
  "test": {
    "en-en": {
      "cos_sim": {
        "pearson": 0.9110490934830173,
        "spearman": 0.909221618979257
      },
      "euclidean": {
        "pearson": 0.9104291846314122,
        "spearman": 0.909221618979257
      },
      "manhattan": {
        "pearson": 0.9101656745905965,
        "spearman": 0.9086088908768453
      }
    },
    "evaluation_time": 0.13
  }
}