{
  "dataset_revision": "eea2b4fe26a775864c896887d910b76a8098ad3f",
  "mteb_dataset_name": "STS22",
  "mteb_version": "1.2.0",
  "test": {
    "en": {
      "cos_sim": {
        "pearson": 0.6827608757523052,
        "spearman": 0.6826957520417406
      },
      "euclidean": {
        "pearson": 0.6988044462608706,
        "spearman": 0.6826957520417406
      },
      "manhattan": {
        "pearson": 0.7001329216290222,
        "spearman": 0.6840947854569651
      }
    },
    "evaluation_time": 0.18
  }
}