{
  "dataset_revision": "b0fddb56ed78048fa8b90373c8a3cfc37b684831",
  "mteb_dataset_name": "STSBenchmark",
  "mteb_version": "1.2.0",
  "test": {
    "cos_sim": {
      "pearson": 0.8818864999567161,
      "spearman": 0.8934027228050412
    },
    "euclidean": {
      "pearson": 0.8916126989866486,
      "spearman": 0.8934027228050412
    },
    "evaluation_time": 0.2,
    "manhattan": {
      "pearson": 0.8911944730615025,
      "spearman": 0.893237376672112
    }
  }
}