{
  "dataset_revision": "70970daeab8776df92f5ea462b6173c0b46fd2d1",
  "mteb_dataset_name": "TwitterSemEval2015",
  "mteb_version": "1.2.0",
  "test": {
    "cos_sim": {
      "accuracy": 0.8748286344400071,
      "accuracy_threshold": 0.7848579923863801,
      "ap": 0.780875988596831,
      "f1": 0.7103096824774598,
      "f1_threshold": 0.7668298259802641,
      "precision": 0.7035982397100699,
      "recall": 0.7171503957783641
    },
    "dot": {
      "accuracy": 0.8748286344400071,
      "accuracy_threshold": 0.7848579923863801,
      "ap": 0.780875988596831,
      "f1": 0.7103096824774598,
      "f1_threshold": 0.7668298259802642,
      "precision": 0.7035982397100699,
      "recall": 0.7171503957783641
    },
    "euclidean": {
      "accuracy": 0.8748286344400071,
      "accuracy_threshold": 0.6559603748035138,
      "ap": 0.780875988596831,
      "f1": 0.7103096824774598,
      "f1_threshold": 0.682891168510219,
      "precision": 0.7035982397100699,
      "recall": 0.7171503957783641
    },
    "evaluation_time": 1.8,
    "manhattan": {
      "accuracy": 0.8764379805686356,
      "accuracy_threshold": 27.658787446323267,
      "ap": 0.7858865702003076,
      "f1": 0.7155140186915887,
      "f1_threshold": 29.790750171142747,
      "precision": 0.6779220779220779,
      "recall": 0.7575197889182058
    },
    "max": {
      "accuracy": 0.8764379805686356,
      "ap": 0.7858865702003076,
      "f1": 0.7155140186915887
    }
  }
}