{
  "dataset_revision": "6031580fec1f6af667f0bd2da0a551cf4f0b2375",
  "mteb_dataset_name": "STS14",
  "mteb_version": "1.1.2",
  "test": {
    "cos_sim": {
      "pearson": 0.8534146883546264,
      "spearman": 0.8247059040739851
    },
    "euclidean": {
      "pearson": 0.8354743013707586,
      "spearman": 0.8334664353356463
    },
    "evaluation_time": 0.33,
    "manhattan": {
      "pearson": 0.8085399030793975,
      "spearman": 0.812797320008886
    }
  }
}