{
  "dataset_revision": "ae752c7c21bf194d8b67fd573edf7ae58183cbe3",
  "mteb_dataset_name": "STS15",
  "mteb_version": "1.1.2",
  "test": {
    "cos_sim": {
      "pearson": 0.8760712429984889,
      "spearman": 0.8883897943117811
    },
    "euclidean": {
      "pearson": 0.8910241028659774,
      "spearman": 0.8960493638572156
    },
    "evaluation_time": 0.34,
    "manhattan": {
      "pearson": 0.881381431378422,
      "spearman": 0.8886057647765957
    }
  }
}