{
  "dataset_revision": "a0d554a64d88156834ff5ae9920b964011b16384",
  "mteb_dataset_name": "STS12",
  "mteb_version": "1.1.2",
  "test": {
    "cos_sim": {
      "pearson": 0.8455549228530637,
      "spearman": 0.7576680660834798
    },
    "euclidean": {
      "pearson": 0.8489271553064862,
      "spearman": 0.7872313869728895
    },
    "evaluation_time": 0.43,
    "manhattan": {
      "pearson": 0.800412098109293,
      "spearman": 0.77346797197841
    }
  }
}