{
  "dataset_revision": "0fd18e25b25c072e09e0d92ab615fda904d66300",
  "mteb_dataset_name": "Banking77Classification",
  "mteb_version": "1.2.0",
  "test": {
    "accuracy": 0.8447402597402597,
    "accuracy_stderr": 0.005196428317855209,
    "evaluation_time": 13.11,
    "f1": 0.8385049872520527,
    "f1_stderr": 0.006025606854870671,
    "main_score": 0.8447402597402597
  }
}