{
  "dataset_revision": "e8379541af4e31359cca9fbcf4b00f2671dba205",
  "mteb_dataset_name": "AmazonCounterfactualClassification",
  "mteb_version": "1.1.2",
  "test": {
    "en": {
      "accuracy": 0.7655223880597015,
      "accuracy_stderr": 0.03592305085227432,
      "ap": 0.39888465640739695,
      "ap_stderr": 0.039927666098271544,
      "f1": 0.7059483743022381,
      "f1_stderr": 0.03457827655693335,
      "main_score": 0.7655223880597015
    },
    "evaluation_time": 1.06
  }
}