{
  "dataset_revision": "4d8694f8f0e0100860b497b999b3dbed754a0513",
  "mteb_dataset_name": "STS16",
  "mteb_version": "1.1.2",
  "test": {
    "cos_sim": {
      "pearson": 0.8472489465888646,
      "spearman": 0.859023861896879
    },
    "euclidean": {
      "pearson": 0.8669285705499453,
      "spearman": 0.8743231488684643
    },
    "evaluation_time": 0.18,
    "manhattan": {
      "pearson": 0.856680344934072,
      "spearman": 0.8657141354117075
    }
  }
}