{
  "dataset_revision": "4d8694f8f0e0100860b497b999b3dbed754a0513",
  "mteb_dataset_name": "STS16",
  "mteb_version": "1.1.2",
  "test": {
    "cos_sim": {
      "pearson": 0.8327364041818375,
      "spearman": 0.850532210330423
    },
    "euclidean": {
      "pearson": 0.8590503484775175,
      "spearman": 0.8638938002479811
    },
    "evaluation_time": 0.15,
    "manhattan": {
      "pearson": 0.8581282076474598,
      "spearman": 0.8629616692683434
    }
  }
}