{
  "dataset_revision": "0fd18e25b25c072e09e0d92ab615fda904d66300",
  "mteb_dataset_name": "Banking77Classification",
  "mteb_version": "1.2.0",
  "test": {
    "accuracy": 0.8548376623376622,
    "accuracy_stderr": 0.004772727272727288,
    "evaluation_time": 8.46,
    "f1": 0.8493476092534739,
    "f1_stderr": 0.0057241663696119245,
    "main_score": 0.8548376623376622
  }
}