{
  "dataset_revision": "7e90230a92c190f1bf69ae9002b8cea547a64cca",
  "mteb_dataset_name": "STS13",
  "mteb_version": "1.2.0",
  "test": {
    "cos_sim": {
      "pearson": 0.8669134310541868,
      "spearman": 0.8761481229252736
    },
    "euclidean": {
      "pearson": 0.8872311796340558,
      "spearman": 0.8919786869668573
    },
    "evaluation_time": 0.2,
    "manhattan": {
      "pearson": 0.8829818492977349,
      "spearman": 0.8874622816831325
    }
  }
}