{
  "dataset_revision": "4d8694f8f0e0100860b497b999b3dbed754a0513",
  "mteb_dataset_name": "STS16",
  "mteb_version": "1.2.0",
  "test": {
    "cos_sim": {
      "pearson": 0.8245881597006046,
      "spearman": 0.850125675864107
    },
    "euclidean": {
      "pearson": 0.8665599551765475,
      "spearman": 0.8714385484431731
    },
    "evaluation_time": 0.02,
    "manhattan": {
      "pearson": 0.8647269161492362,
      "spearman": 0.8697901771981688
    }
  }
}