{
  "dataset_revision": "eea2b4fe26a775864c896887d910b76a8098ad3f",
  "mteb_dataset_name": "STS22",
  "mteb_version": "1.2.0",
  "test": {
    "en": {
      "cos_sim": {
        "pearson": 0.6913164377590482,
        "spearman": 0.688309790725987
      },
      "euclidean": {
        "pearson": 0.7087315148672035,
        "spearman": 0.6870474865799641
      },
      "manhattan": {
        "pearson": 0.7133247168515499,
        "spearman": 0.6886174315816909
      }
    },
    "evaluation_time": 0.02
  }
}