{
  "dataset_revision": "b0fddb56ed78048fa8b90373c8a3cfc37b684831",
  "mteb_dataset_name": "STSBenchmark",
  "mteb_version": "1.2.0",
  "test": {
    "cos_sim": {
      "pearson": 0.8700294252488533,
      "spearman": 0.8855969082774487
    },
    "euclidean": {
      "pearson": 0.8839615643374771,
      "spearman": 0.8868274943691681
    },
    "evaluation_time": 0.02,
    "manhattan": {
      "pearson": 0.8832228869340195,
      "spearman": 0.8835564947104941
    }
  }
}