{
  "dataset_revision": "c22ab2a51041ffd869aaddef7af8d8215647e41a",
  "mteb_dataset_name": "ArguAna",
  "mteb_version": "1.2.0",
  "test": {
    "evaluation_time": 13.0,
    "map_at_1": 0.38265,
    "map_at_10": 0.55555,
    "map_at_100": 0.56057,
    "map_at_1000": 0.5606,
    "map_at_3": 0.51422,
    "map_at_5": 0.53997,
    "mrr_at_1": 0.38834,
    "mrr_at_10": 0.55773,
    "mrr_at_100": 0.56276,
    "mrr_at_1000": 0.56278,
    "mrr_at_3": 0.51648,
    "mrr_at_5": 0.5418,
    "ndcg_at_1": 0.38265,
    "ndcg_at_10": 0.64099,
    "ndcg_at_100": 0.66087,
    "ndcg_at_1000": 0.66137,
    "ndcg_at_3": 0.55664,
    "ndcg_at_5": 0.60313,
    "precision_at_1": 0.38265,
    "precision_at_10": 0.09097,
    "precision_at_100": 0.00993,
    "precision_at_1000": 0.001,
    "precision_at_3": 0.22641,
    "precision_at_5": 0.15846,
    "recall_at_1": 0.38265,
    "recall_at_10": 0.90967,
    "recall_at_100": 0.99289,
    "recall_at_1000": 0.99644,
    "recall_at_3": 0.67923,
    "recall_at_5": 0.79232
  }
}