{
  "dataset_revision": "ec0fa4fe99da2ff19ca1214b7966684033a58814",
  "mteb_dataset_name": "NFCorpus",
  "mteb_version": "1.2.0",
  "test": {
    "evaluation_time": 4.19,
    "map_at_1": 0.07623,
    "map_at_10": 0.15972,
    "map_at_100": 0.20572,
    "map_at_1000": 0.22266,
    "map_at_3": 0.11791,
    "map_at_5": 0.13647,
    "mrr_at_1": 0.51393,
    "mrr_at_10": 0.60424,
    "mrr_at_100": 0.60781,
    "mrr_at_1000": 0.60806,
    "mrr_at_3": 0.57998,
    "mrr_at_5": 0.59732,
    "ndcg_at_1": 0.5,
    "ndcg_at_10": 0.40171,
    "ndcg_at_100": 0.37596,
    "ndcg_at_1000": 0.46289,
    "ndcg_at_3": 0.45118,
    "ndcg_at_5": 0.43037,
    "precision_at_1": 0.51393,
    "precision_at_10": 0.29598,
    "precision_at_100": 0.09502,
    "precision_at_1000": 0.02262,
    "precision_at_3": 0.41692,
    "precision_at_5": 0.3678,
    "recall_at_1": 0.07623,
    "recall_at_10": 0.20487,
    "recall_at_100": 0.38023,
    "recall_at_1000": 0.69716,
    "recall_at_3": 0.12829,
    "recall_at_5": 0.16133
  }
}