{
  "dataset_revision": "a0d554a64d88156834ff5ae9920b964011b16384",
  "mteb_dataset_name": "STS12",
  "mteb_version": "1.1.2",
  "test": {
    "cos_sim": {
      "pearson": 0.869441497592297,
      "spearman": 0.7812861561718676
    },
    "euclidean": {
      "pearson": 0.8382060018004234,
      "spearman": 0.7812861561718676
    },
    "evaluation_time": 2.24,
    "manhattan": {
      "pearson": 0.8349882777623355,
      "spearman": 0.7808035400870506
    }
  }
}