{
  "dataset_revision": "af5e6fb845001ecf41f4c1e033ce921939a2a68d",
  "mteb_dataset_name": "STS17",
  "mteb_version": "1.1.2",
  "test": {
    "en-en": {
      "cos_sim": {
        "pearson": 0.9062850763021315,
        "spearman": 0.9063690121737374
      },
      "euclidean": {
        "pearson": 0.9097259309482362,
        "spearman": 0.9063690121737374
      },
      "manhattan": {
        "pearson": 0.9098202767530728,
        "spearman": 0.907198155534404
      }
    },
    "evaluation_time": 0.18
  }
}