{
  "dataset_revision": "1399c76144fd37290681b995c656ef9b2e06e26d",
  "mteb_dataset_name": "AmazonReviewsClassification",
  "mteb_version": "1.2.0",
  "test": {
    "en": {
      "accuracy": 0.5295599999999999,
      "accuracy_stderr": 0.010327749028709005,
      "f1": 0.513098403081069,
      "f1_stderr": 0.017807663580914387,
      "main_score": 0.5295599999999999
    },
    "evaluation_time": 18.12
  }
}