{
  "dataset_revision": "d3fb88f8f02e40887cd149695127462bbcf29b4a",
  "mteb_dataset_name": "BIOSSES",
  "mteb_version": "1.1.2",
  "test": {
    "cos_sim": {
      "pearson": 0.8939218175044124,
      "spearman": 0.8741644967443245
    },
    "euclidean": {
      "pearson": 0.8750016330807349,
      "spearman": 0.8741644967443245
    },
    "evaluation_time": 0.18,
    "manhattan": {
      "pearson": 0.8793209615443203,
      "spearman": 0.8800863184240367
    }
  }
}