{
  "dataset_revision": "90fceea13679c63fe563ded68f3b6f06e50061de",
  "mteb_dataset_name": "CQADupstackMathematicaRetrieval",
  "mteb_version": "1.2.0",
  "test": {
    "evaluation_time": 28.79,
    "map_at_1": 0.19537,
    "map_at_10": 0.28826,
    "map_at_100": 0.30105,
    "map_at_1000": 0.30227,
    "map_at_3": 0.25971,
    "map_at_5": 0.27469,
    "mrr_at_1": 0.24378,
    "mrr_at_10": 0.34011,
    "mrr_at_100": 0.34933,
    "mrr_at_1000": 0.34997,
    "mrr_at_3": 0.31302,
    "mrr_at_5": 0.32788,
    "ndcg_at_1": 0.24378,
    "ndcg_at_10": 0.34681,
    "ndcg_at_100": 0.40498,
    "ndcg_at_1000": 0.43199,
    "ndcg_at_3": 0.2952,
    "ndcg_at_5": 0.31767,
    "precision_at_1": 0.24378,
    "precision_at_10": 0.06405,
    "precision_at_100": 0.01071,
    "precision_at_1000": 0.00144,
    "precision_at_3": 0.14386,
    "precision_at_5": 0.10299,
    "recall_at_1": 0.19537,
    "recall_at_10": 0.47581,
    "recall_at_100": 0.72488,
    "recall_at_1000": 0.9151,
    "recall_at_3": 0.3319,
    "recall_at_5": 0.39002
  }
}