{
  "dataset_revision": "4d8694f8f0e0100860b497b999b3dbed754a0513",
  "mteb_dataset_name": "STS16",
  "mteb_version": "1.2.0",
  "test": {
    "cos_sim": {
      "pearson": 0.861935933652615,
      "spearman": 0.8743076577410638
    },
    "euclidean": {
      "pearson": 0.8663497690667166,
      "spearman": 0.8743076577410638
    },
    "evaluation_time": 0.87,
    "manhattan": {
      "pearson": 0.865952061655558,
      "spearman": 0.873775048993436
    }
  }
}