{
  "dataset_revision": "a6ea5a8cab320b040a23452cc28066d9beae2cee",
  "mteb_dataset_name": "SICK-R",
  "mteb_version": "1.1.2",
  "test": {
    "cos_sim": {
      "pearson": 0.8709290747879891,
      "spearman": 0.829271555485812
    },
    "euclidean": {
      "pearson": 0.8534694552938203,
      "spearman": 0.8286407589540515
    },
    "evaluation_time": 1.77,
    "manhattan": {
      "pearson": 0.8490574803635013,
      "spearman": 0.8266306437603314
    }
  }
}