{
  "dataset_revision": "6031580fec1f6af667f0bd2da0a551cf4f0b2375",
  "mteb_dataset_name": "STS14",
  "mteb_version": "1.1.2",
  "test": {
    "cos_sim": {
      "pearson": 0.8487718408308182,
      "spearman": 0.8164926348195061
    },
    "euclidean": {
      "pearson": 0.8583925130808958,
      "spearman": 0.8346003056734645
    },
    "evaluation_time": 0.65,
    "manhattan": {
      "pearson": 0.8576792119505997,
      "spearman": 0.8340556233025082
    }
  }
}