{
  "dataset_revision": "4f58c6b202a23cf9a4da393831edf4f9183cad37",
  "mteb_dataset_name": "EmotionClassification",
  "mteb_version": "1.1.2",
  "test": {
    "accuracy": 0.55655,
    "accuracy_stderr": 0.025315459703509225,
    "evaluation_time": 0.64,
    "f1": 0.49326881967970504,
    "f1_stderr": 0.015453186499341832,
    "main_score": 0.55655
  }
}