{
  "dataset_revision": "160c094312a0e1facb97e55eeddb698c0abe3571",
  "mteb_dataset_name": "CQADupstackWebmastersRetrieval",
  "mteb_version": "1.2.0",
  "test": {
    "evaluation_time": 4.32,
    "map_at_1": 0.28966,
    "map_at_10": 0.39254,
    "map_at_100": 0.40977,
    "map_at_1000": 0.4122,
    "map_at_3": 0.35925,
    "map_at_5": 0.3789,
    "mrr_at_1": 0.34585,
    "mrr_at_10": 0.43952,
    "mrr_at_100": 0.44851,
    "mrr_at_1000": 0.44889,
    "mrr_at_3": 0.4137,
    "mrr_at_5": 0.42823,
    "ndcg_at_1": 0.34585,
    "ndcg_at_10": 0.45513,
    "ndcg_at_100": 0.51432,
    "ndcg_at_1000": 0.53479,
    "ndcg_at_3": 0.40408,
    "ndcg_at_5": 0.42909,
    "precision_at_1": 0.34585,
    "precision_at_10": 0.08636,
    "precision_at_100": 0.0169,
    "precision_at_1000": 0.00254,
    "precision_at_3": 0.18841,
    "precision_at_5": 0.13794,
    "recall_at_1": 0.28966,
    "recall_at_10": 0.57489,
    "recall_at_100": 0.83647,
    "recall_at_1000": 0.95899,
    "recall_at_3": 0.42887,
    "recall_at_5": 0.49521
  }
}