{
  "dataset_revision": "d80d48c1eb48d3562165c59d59d0034df9fff0bf",
  "mteb_dataset_name": "MTOPDomainClassification",
  "mteb_version": "1.2.0",
  "test": {
    "en": {
      "accuracy": 0.9498176014591883,
      "accuracy_stderr": 0.0036670868272685618,
      "f1": 0.9478384566957404,
      "f1_stderr": 0.0037450139922695276,
      "main_score": 0.9498176014591883
    },
    "evaluation_time": 10.95
  }
}