{
  "dataset_revision": "70970daeab8776df92f5ea462b6173c0b46fd2d1",
  "mteb_dataset_name": "TwitterSemEval2015",
  "mteb_version": "1.1.2",
  "test": {
    "cos_sim": {
      "accuracy": 0.8763783751564642,
      "accuracy_threshold": 0.7381054772788516,
      "ap": 0.7869425328517436,
      "f1": 0.7198121369422815,
      "f1_threshold": 0.6980263967367271,
      "precision": 0.6770518484073471,
      "recall": 0.7683377308707124
    },
    "dot": {
      "accuracy": 0.8646361089586935,
      "accuracy_threshold": 0.4376104928638692,
      "ap": 0.7521934374965695,
      "f1": 0.6927306047648137,
      "f1_threshold": 0.3964751943202811,
      "precision": 0.6450511945392492,
      "recall": 0.7480211081794196
    },
    "euclidean": {
      "accuracy": 0.8778089050485784,
      "accuracy_threshold": 0.5490340313276003,
      "ap": 0.7912925160793186,
      "f1": 0.722172409376201,
      "f1_threshold": 0.5766231140538136,
      "precision": 0.7017674881752551,
      "recall": 0.7437994722955145
    },
    "evaluation_time": 1.76,
    "manhattan": {
      "accuracy": 0.8688084878106932,
      "accuracy_threshold": 12.571946964460723,
      "ap": 0.768744373214836,
      "f1": 0.7048503611971104,
      "f1_threshold": 13.004819548226415,
      "precision": 0.6895507319535588,
      "recall": 0.720844327176781
    },
    "max": {
      "accuracy": 0.8778089050485784,
      "ap": 0.7912925160793186,
      "f1": 0.722172409376201
    }
  }
}