{
  "dataset_revision": "a6ea5a8cab320b040a23452cc28066d9beae2cee",
  "mteb_dataset_name": "SICK-R",
  "mteb_version": "1.1.2",
  "test": {
    "cos_sim": {
      "pearson": 0.8743847378339376,
      "spearman": 0.830164794263961
    },
    "euclidean": {
      "pearson": 0.8506263910647606,
      "spearman": 0.8308378945503625
    },
    "evaluation_time": 1.75,
    "manhattan": {
      "pearson": 0.8162187705086679,
      "spearman": 0.8098860756387786
    }
  }
}