{
  "dataset_revision": "7e90230a92c190f1bf69ae9002b8cea547a64cca",
  "mteb_dataset_name": "STS13",
  "mteb_version": "1.1.2",
  "test": {
    "cos_sim": {
      "pearson": 0.8703933719074902,
      "spearman": 0.8755686265077357
    },
    "euclidean": {
      "pearson": 0.8856655740239884,
      "spearman": 0.8926664943018524
    },
    "evaluation_time": 0.27,
    "manhattan": {
      "pearson": 0.8689686388895506,
      "spearman": 0.8756834662956173
    }
  }
}