{
  "dataset_revision": "6031580fec1f6af667f0bd2da0a551cf4f0b2375",
  "mteb_dataset_name": "STS14",
  "mteb_version": "1.1.2",
  "test": {
    "cos_sim": {
      "pearson": 0.8506554971650346,
      "spearman": 0.8231881954165511
    },
    "euclidean": {
      "pearson": 0.8298054050748183,
      "spearman": 0.8298952962372653
    },
    "evaluation_time": 0.23,
    "manhattan": {
      "pearson": 0.7973375045099276,
      "spearman": 0.8043060875856156
    }
  }
}