{
  "dataset_revision": "70970daeab8776df92f5ea462b6173c0b46fd2d1",
  "mteb_dataset_name": "TwitterSemEval2015",
  "mteb_version": "1.1.2",
  "test": {
    "cos_sim": {
      "accuracy": 0.8760803480956071,
      "accuracy_threshold": 0.7025920915267545,
      "ap": 0.7895446248891089,
      "f1": 0.7191155675536701,
      "f1_threshold": 0.6736125670810527,
      "precision": 0.7011782401604412,
      "recall": 0.7379947229551451
    },
    "dot": {
      "accuracy": 0.8574834594981224,
      "accuracy_threshold": 0.4634380610279195,
      "ap": 0.7233373164288448,
      "f1": 0.6774069812044495,
      "f1_threshold": 0.4352848824795067,
      "precision": 0.6571570329942942,
      "recall": 0.6989445910290237
    },
    "euclidean": {
      "accuracy": 0.8758419264469214,
      "accuracy_threshold": 0.6030109899306464,
      "ap": 0.7919458714832714,
      "f1": 0.7182702149437052,
      "f1_threshold": 0.6523948680977337,
      "precision": 0.6972180824639841,
      "recall": 0.7406332453825858
    },
    "evaluation_time": 0.81,
    "manhattan": {
      "accuracy": 0.8672587470942361,
      "accuracy_threshold": 11.754322753549364,
      "ap": 0.7690061144541046,
      "f1": 0.6960341041209146,
      "f1_threshold": 12.469742538376021,
      "precision": 0.6818526955201215,
      "recall": 0.7108179419525066
    },
    "max": {
      "accuracy": 0.8760803480956071,
      "ap": 0.7919458714832714,
      "f1": 0.7191155675536701
    }
  }
}