{
  "dataset_revision": "0fd18e25b25c072e09e0d92ab615fda904d66300",
  "mteb_dataset_name": "Banking77Classification",
  "mteb_version": "1.1.2",
  "test": {
    "accuracy": 0.8479870129870128,
    "accuracy_stderr": 0.005496130901168524,
    "evaluation_time": 12.65,
    "f1": 0.8421884427432204,
    "f1_stderr": 0.006547616977449301,
    "main_score": 0.8479870129870128
  }
}