{
  "dataset_revision": "4d8694f8f0e0100860b497b999b3dbed754a0513",
  "mteb_dataset_name": "STS16",
  "mteb_version": "1.1.2",
  "test": {
    "cos_sim": {
      "pearson": 0.8418495656874873,
      "spearman": 0.8558015468677671
    },
    "euclidean": {
      "pearson": 0.8680442544183802,
      "spearman": 0.8740314807834662
    },
    "evaluation_time": 0.18,
    "manhattan": {
      "pearson": 0.8594450284660559,
      "spearman": 0.867128804429495
    }
  }
}