{
  "dataset_revision": null,
  "mteb_dataset_name": "SciFact",
  "mteb_version": "1.1.2",
  "test": {
    "evaluation_time": 1.06,
    "map_at_1": 0.61428,
    "map_at_10": 0.70661,
    "map_at_100": 0.7119,
    "map_at_1000": 0.7121,
    "map_at_3": 0.67598,
    "map_at_5": 0.69433,
    "mrr_at_1": 0.64333,
    "mrr_at_10": 0.71587,
    "mrr_at_100": 0.72015,
    "mrr_at_1000": 0.72034,
    "mrr_at_3": 0.69278,
    "mrr_at_5": 0.70744,
    "ndcg_at_1": 0.64333,
    "ndcg_at_10": 0.74977,
    "ndcg_at_100": 0.77178,
    "ndcg_at_1000": 0.7757,
    "ndcg_at_3": 0.69854,
    "ndcg_at_5": 0.72533,
    "precision_at_1": 0.64333,
    "precision_at_10": 0.099,
    "precision_at_100": 0.011,
    "precision_at_1000": 0.00113,
    "precision_at_3": 0.27,
    "precision_at_5": 0.18,
    "recall_at_1": 0.61428,
    "recall_at_10": 0.87256,
    "recall_at_100": 0.97167,
    "recall_at_1000": 1.0,
    "recall_at_3": 0.73617,
    "recall_at_5": 0.80244
  }
}