{
  "dataset_revision": "6031580fec1f6af667f0bd2da0a551cf4f0b2375",
  "mteb_dataset_name": "STS14",
  "mteb_version": "1.1.2",
  "test": {
    "cos_sim": {
      "pearson": 0.87648241937179,
      "spearman": 0.8468012275576878
    },
    "euclidean": {
      "pearson": 0.8673778641841984,
      "spearman": 0.8468012275576878
    },
    "evaluation_time": 0.99,
    "manhattan": {
      "pearson": 0.8659421281135644,
      "spearman": 0.8451082092158175
    }
  }
}