{
  "dataset_revision": "b0fddb56ed78048fa8b90373c8a3cfc37b684831",
  "mteb_dataset_name": "STSBenchmark",
  "mteb_version": "1.1.2",
  "test": {
    "cos_sim": {
      "pearson": 0.8852275682403224,
      "spearman": 0.8939929645865832
    },
    "euclidean": {
      "pearson": 0.8938829075905281,
      "spearman": 0.8939929645865832
    },
    "evaluation_time": 0.43,
    "manhattan": {
      "pearson": 0.8934858964741903,
      "spearman": 0.8931204104497888
    }
  }
}