{
  "dataset_revision": "a0d554a64d88156834ff5ae9920b964011b16384",
  "mteb_dataset_name": "STS12",
  "mteb_version": "1.1.2",
  "test": {
    "cos_sim": {
      "pearson": 0.8504205358471878,
      "spearman": 0.7603763388485922
    },
    "euclidean": {
      "pearson": 0.8536440598392437,
      "spearman": 0.7873268770070246
    },
    "evaluation_time": 0.6,
    "manhattan": {
      "pearson": 0.8255942048595896,
      "spearman": 0.7838689663817732
    }
  }
}