{
  "dataset_revision": "0fd18e25b25c072e09e0d92ab615fda904d66300",
  "mteb_dataset_name": "Banking77Classification",
  "mteb_version": "1.2.0",
  "test": {
    "accuracy": 0.8514935064935065,
    "accuracy_stderr": 0.004503985229573974,
    "evaluation_time": 9.52,
    "f1": 0.8455014319228846,
    "f1_stderr": 0.005504462062485228,
    "main_score": 0.8514935064935065
  }
}