{
  "dataset_revision": "4f58c6b202a23cf9a4da393831edf4f9183cad37",
  "mteb_dataset_name": "EmotionClassification",
  "mteb_version": "1.2.0",
  "test": {
    "accuracy": 0.56325,
    "accuracy_stderr": 0.022102318882868375,
    "evaluation_time": 4.62,
    "f1": 0.4990638472983047,
    "f1_stderr": 0.012735588985515365,
    "main_score": 0.56325
  }
}