{
  "dataset_revision": "ae752c7c21bf194d8b67fd573edf7ae58183cbe3",
  "mteb_dataset_name": "STS15",
  "mteb_version": "1.2.0",
  "test": {
    "cos_sim": {
      "pearson": 0.8781377303375755,
      "spearman": 0.8897912723950357
    },
    "euclidean": {
      "pearson": 0.8944701488729159,
      "spearman": 0.9002743831929733
    },
    "evaluation_time": 0.85,
    "manhattan": {
      "pearson": 0.8793748282902389,
      "spearman": 0.8882624998429836
    }
  }
}