{
  "dataset_revision": "4f58c6b202a23cf9a4da393831edf4f9183cad37",
  "mteb_dataset_name": "EmotionClassification",
  "mteb_version": "1.2.0",
  "test": {
    "accuracy": 0.45445,
    "accuracy_stderr": 0.026470219115073454,
    "evaluation_time": 0.4,
    "f1": 0.3993184937966481,
    "f1_stderr": 0.01901312268361252,
    "main_score": 0.45445
  }
}