{
  "dataset_revision": null,
  "mteb_dataset_name": "SciFact",
  "mteb_version": "1.1.2",
  "test": {
    "evaluation_time": 0.62,
    "map_at_1": 0.61428,
    "map_at_10": 0.70617,
    "map_at_100": 0.71151,
    "map_at_1000": 0.71175,
    "map_at_3": 0.67774,
    "map_at_5": 0.69131,
    "mrr_at_1": 0.64333,
    "mrr_at_10": 0.71632,
    "mrr_at_100": 0.72042,
    "mrr_at_1000": 0.72064,
    "mrr_at_3": 0.69556,
    "mrr_at_5": 0.70622,
    "ndcg_at_1": 0.64333,
    "ndcg_at_10": 0.74902,
    "ndcg_at_100": 0.77042,
    "ndcg_at_1000": 0.77523,
    "ndcg_at_3": 0.70057,
    "ndcg_at_5": 0.71971,
    "precision_at_1": 0.64333,
    "precision_at_10": 0.09867,
    "precision_at_100": 0.01093,
    "precision_at_1000": 0.00113,
    "precision_at_3": 0.27,
    "precision_at_5": 0.176,
    "recall_at_1": 0.61428,
    "recall_at_10": 0.87089,
    "recall_at_100": 0.965,
    "recall_at_1000": 1.0,
    "recall_at_3": 0.73839,
    "recall_at_5": 0.78661
  }
}