{
  "dataset_revision": "7e90230a92c190f1bf69ae9002b8cea547a64cca",
  "mteb_dataset_name": "STS13",
  "mteb_version": "1.1.2",
  "test": {
    "cos_sim": {
      "pearson": 0.8788312525841563,
      "spearman": 0.8830310826960966
    },
    "euclidean": {
      "pearson": 0.8834262031118714,
      "spearman": 0.8921427806671103
    },
    "evaluation_time": 0.19,
    "manhattan": {
      "pearson": 0.85958715267111,
      "spearman": 0.8660106876279782
    }
  }
}