{
  "dataset_revision": null,
  "mteb_dataset_name": "SciFact",
  "mteb_version": "1.1.2",
  "test": {
    "evaluation_time": 0.61,
    "map_at_1": 0.60761,
    "map_at_10": 0.71214,
    "map_at_100": 0.71567,
    "map_at_1000": 0.71588,
    "map_at_3": 0.68154,
    "map_at_5": 0.70061,
    "mrr_at_1": 0.63667,
    "mrr_at_10": 0.72122,
    "mrr_at_100": 0.724,
    "mrr_at_1000": 0.72419,
    "mrr_at_3": 0.69889,
    "mrr_at_5": 0.71389,
    "ndcg_at_1": 0.63667,
    "ndcg_at_10": 0.75845,
    "ndcg_at_100": 0.77457,
    "ndcg_at_1000": 0.77924,
    "ndcg_at_3": 0.70796,
    "ndcg_at_5": 0.73638,
    "precision_at_1": 0.63667,
    "precision_at_10": 0.101,
    "precision_at_100": 0.01093,
    "precision_at_1000": 0.00113,
    "precision_at_3": 0.27556,
    "precision_at_5": 0.184,
    "recall_at_1": 0.60761,
    "recall_at_10": 0.88989,
    "recall_at_100": 0.965,
    "recall_at_1000": 1.0,
    "recall_at_3": 0.757,
    "recall_at_5": 0.82761
  }
}