{
  "dataset_revision": "b0fddb56ed78048fa8b90373c8a3cfc37b684831",
  "mteb_dataset_name": "STSBenchmark",
  "mteb_version": "1.1.2",
  "test": {
    "cos_sim": {
      "pearson": 0.8685956276871432,
      "spearman": 0.8684008463127728
    },
    "euclidean": {
      "pearson": 0.8841847706715513,
      "spearman": 0.8866165194749052
    },
    "evaluation_time": 0.14,
    "manhattan": {
      "pearson": 0.8621365451870919,
      "spearman": 0.8664283891107825
    }
  }
}