{
  "dataset_revision": "b0fddb56ed78048fa8b90373c8a3cfc37b684831",
  "mteb_dataset_name": "STSBenchmark",
  "mteb_version": "1.1.2",
  "test": {
    "cos_sim": {
      "pearson": 0.8718923775992957,
      "spearman": 0.8788687470957476
    },
    "euclidean": {
      "pearson": 0.8920968886627247,
      "spearman": 0.8926602332015947
    },
    "evaluation_time": 0.26,
    "manhattan": {
      "pearson": 0.8792629595703695,
      "spearman": 0.8808326782547797
    }
  }
}