{
  "dataset_revision": "1399c76144fd37290681b995c656ef9b2e06e26d",
  "mteb_dataset_name": "AmazonReviewsClassification",
  "mteb_version": "1.2.0",
  "test": {
    "en": {
      "accuracy": 0.5381400000000001,
      "accuracy_stderr": 0.010899559624131609,
      "f1": 0.5205758510568252,
      "f1_stderr": 0.018508523016928263,
      "main_score": 0.5381400000000001
    },
    "evaluation_time": 61.92
  }
}