{
  "dataset_revision": "4f58c6b202a23cf9a4da393831edf4f9183cad37",
  "mteb_dataset_name": "EmotionClassification",
  "mteb_version": "1.2.0",
  "test": {
    "accuracy": 0.56455,
    "accuracy_stderr": 0.018115532009852747,
    "evaluation_time": 19.46,
    "f1": 0.5058344483104826,
    "f1_stderr": 0.011184000949034375,
    "main_score": 0.56455
  }
}