{
  "dataset_revision": "7d571f92784cd94a019292a1f45445077d0ef634",
  "mteb_dataset_name": "MassiveScenarioClassification",
  "mteb_version": "1.2.0",
  "test": {
    "en": {
      "accuracy": 0.7803967720242098,
      "accuracy_stderr": 0.011897127639496529,
      "f1": 0.7776593093702705,
      "f1_stderr": 0.010653234655219222,
      "main_score": 0.7803967720242098
    },
    "evaluation_time": 50.31
  }
}