{
  "dataset_revision": "31efe3c427b0bae9c22cbb560b8f15491cc6bed7",
  "mteb_dataset_name": "MassiveIntentClassification",
  "mteb_version": "1.2.0",
  "test": {
    "en": {
      "accuracy": 0.7410221923335575,
      "accuracy_stderr": 0.017416710567177505,
      "f1": 0.7256378282549456,
      "f1_stderr": 0.015093954816748079,
      "main_score": 0.7410221923335575
    },
    "evaluation_time": 141.59
  }
}