{
  "dataset_revision": "d80d48c1eb48d3562165c59d59d0034df9fff0bf",
  "mteb_dataset_name": "MTOPDomainClassification",
  "mteb_version": "1.2.0",
  "test": {
    "en": {
      "accuracy": 0.9538987688098495,
      "accuracy_stderr": 0.004011472244502889,
      "f1": 0.9518018687609769,
      "f1_stderr": 0.0039026799847105866,
      "main_score": 0.9538987688098495
    },
    "evaluation_time": 50.22
  }
}