{
  "dataset_revision": "a0d554a64d88156834ff5ae9920b964011b16384",
  "mteb_dataset_name": "STS12",
  "mteb_version": "1.2.0",
  "test": {
    "cos_sim": {
      "pearson": 0.8670873712226496,
      "spearman": 0.7796205740572919
    },
    "euclidean": {
      "pearson": 0.8331204162449605,
      "spearman": 0.7796205740572919
    },
    "evaluation_time": 1.05,
    "manhattan": {
      "pearson": 0.8317552318743177,
      "spearman": 0.7801147296042337
    }
  }
}