{
  "dataset_revision": "70970daeab8776df92f5ea462b6173c0b46fd2d1",
  "mteb_dataset_name": "TwitterSemEval2015",
  "mteb_version": "1.2.0",
  "test": {
    "cos_sim": {
      "accuracy": 0.877749299636407,
      "accuracy_threshold": 0.8094984691375686,
      "ap": 0.7893784889955099,
      "f1": 0.7194785660566558,
      "f1_threshold": 0.7807045562446793,
      "precision": 0.6852913085004776,
      "recall": 0.7572559366754618
    },
    "dot": {
      "accuracy": 0.877749299636407,
      "accuracy_threshold": 0.8094984691375688,
      "ap": 0.7893784889955099,
      "f1": 0.7194785660566558,
      "f1_threshold": 0.7807045562446793,
      "precision": 0.6852913085004776,
      "recall": 0.7572559366754618
    },
    "euclidean": {
      "accuracy": 0.877749299636407,
      "accuracy_threshold": 0.6172544544832735,
      "ap": 0.7893784889955099,
      "f1": 0.7194785660566558,
      "f1_threshold": 0.6622619477920355,
      "precision": 0.6852913085004776,
      "recall": 0.7572559366754618
    },
    "evaluation_time": 4.89,
    "manhattan": {
      "accuracy": 0.8771532455146928,
      "accuracy_threshold": 34.457670690767046,
      "ap": 0.7893907709525129,
      "f1": 0.719182350741618,
      "f1_threshold": 36.34259113685969,
      "precision": 0.681549728325065,
      "recall": 0.7612137203166227
    },
    "max": {
      "accuracy": 0.877749299636407,
      "ap": 0.7893907709525129,
      "f1": 0.7194785660566558
    }
  }
}