{
  "dataset_revision": null,
  "mteb_dataset_name": "ArguAna",
  "mteb_version": "1.1.2",
  "test": {
    "evaluation_time": 40.45,
    "map_at_1": 0.40327,
    "map_at_10": 0.5681,
    "map_at_100": 0.57292,
    "map_at_1000": 0.57295,
    "map_at_3": 0.52655,
    "map_at_5": 0.55305,
    "mrr_at_1": 0.41038,
    "mrr_at_10": 0.57094,
    "mrr_at_100": 0.57569,
    "mrr_at_1000": 0.57573,
    "mrr_at_3": 0.5294,
    "mrr_at_5": 0.55571,
    "ndcg_at_1": 0.40327,
    "ndcg_at_10": 0.65144,
    "ndcg_at_100": 0.67025,
    "ndcg_at_1000": 0.67094,
    "ndcg_at_3": 0.5677,
    "ndcg_at_5": 0.61545,
    "precision_at_1": 0.40327,
    "precision_at_10": 0.09132,
    "precision_at_100": 0.00991,
    "precision_at_1000": 0.001,
    "precision_at_3": 0.22902,
    "precision_at_5": 0.1606,
    "recall_at_1": 0.40327,
    "recall_at_10": 0.91323,
    "recall_at_100": 0.99147,
    "recall_at_1000": 0.99644,
    "recall_at_3": 0.68706,
    "recall_at_5": 0.80299
  }
}