{
  "dataset_revision": null,
  "mteb_dataset_name": "CQADupstackGamingRetrieval",
  "mteb_version": "1.1.2",
  "test": {
    "evaluation_time": 25.1,
    "map_at_1": 0.41482,
    "map_at_10": 0.54824,
    "map_at_100": 0.55773,
    "map_at_1000": 0.55823,
    "map_at_3": 0.51113,
    "map_at_5": 0.53263,
    "mrr_at_1": 0.47335,
    "mrr_at_10": 0.57978,
    "mrr_at_100": 0.58532,
    "mrr_at_1000": 0.58557,
    "mrr_at_3": 0.55214,
    "mrr_at_5": 0.56929,
    "ndcg_at_1": 0.47335,
    "ndcg_at_10": 0.61098,
    "ndcg_at_100": 0.64598,
    "ndcg_at_1000": 0.65558,
    "ndcg_at_3": 0.54927,
    "ndcg_at_5": 0.58056,
    "precision_at_1": 0.47335,
    "precision_at_10": 0.10006,
    "precision_at_100": 0.01265,
    "precision_at_1000": 0.00138,
    "precision_at_3": 0.24702,
    "precision_at_5": 0.17066,
    "recall_at_1": 0.41482,
    "recall_at_10": 0.76358,
    "recall_at_100": 0.91292,
    "recall_at_1000": 0.9809,
    "recall_at_3": 0.59792,
    "recall_at_5": 0.67603
  }
}