{
  "dataset_revision": "af5e6fb845001ecf41f4c1e033ce921939a2a68d",
  "mteb_dataset_name": "STS17",
  "mteb_version": "1.2.0",
  "test": {
    "en-en": {
      "cos_sim": {
        "pearson": 0.9014956567287932,
        "spearman": 0.8990508706343924
      },
      "euclidean": {
        "pearson": 0.9022075279638875,
        "spearman": 0.8990508706343924
      },
      "manhattan": {
        "pearson": 0.9031073687362815,
        "spearman": 0.8992315370133971
      }
    },
    "evaluation_time": 0.02
  }
}