{
  "dataset_revision": "eea2b4fe26a775864c896887d910b76a8098ad3f",
  "mteb_dataset_name": "STS22",
  "mteb_version": "1.2.0",
  "test": {
    "en": {
      "cos_sim": {
        "pearson": 0.6907011808516834,
        "spearman": 0.6912958603015888
      },
      "euclidean": {
        "pearson": 0.7060092433224949,
        "spearman": 0.6912958603015888
      },
      "manhattan": {
        "pearson": 0.7063609890869357,
        "spearman": 0.6925125880245445
      }
    },
    "evaluation_time": 0.02
  }
}