{
  "dataset_revision": "a0d554a64d88156834ff5ae9920b964011b16384",
  "mteb_dataset_name": "STS12",
  "mteb_version": "1.1.2",
  "test": {
    "cos_sim": {
      "pearson": 0.8293525700296766,
      "spearman": 0.7443619783142604
    },
    "euclidean": {
      "pearson": 0.8327836521402088,
      "spearman": 0.7647964275685161
    },
    "evaluation_time": 0.26,
    "manhattan": {
      "pearson": 0.8005262878846358,
      "spearman": 0.7603134868482857
    }
  }
}