{
  "dataset_revision": "6031580fec1f6af667f0bd2da0a551cf4f0b2375",
  "mteb_dataset_name": "STS14",
  "mteb_version": "1.1.2",
  "test": {
    "cos_sim": {
      "pearson": 0.8442774925750685,
      "spearman": 0.8057053935627759
    },
    "euclidean": {
      "pearson": 0.8329819911104202,
      "spearman": 0.8057053935627759
    },
    "evaluation_time": 0.58,
    "manhattan": {
      "pearson": 0.828429450410666,
      "spearman": 0.8009045228159534
    }
  }
}