{
  "dataset_revision": "4d8694f8f0e0100860b497b999b3dbed754a0513",
  "mteb_dataset_name": "STS16",
  "mteb_version": "1.2.0",
  "test": {
    "cos_sim": {
      "pearson": 0.8450313188457879,
      "spearman": 0.8564155807169783
    },
    "euclidean": {
      "pearson": 0.8464218356114759,
      "spearman": 0.8533176398124735
    },
    "evaluation_time": 0.03,
    "manhattan": {
      "pearson": 0.7829373580762198,
      "spearman": 0.7815223206635854
    }
  }
}