{
  "dataset_revision": "90fceea13679c63fe563ded68f3b6f06e50061de",
  "mteb_dataset_name": "CQADupstackMathematicaRetrieval",
  "mteb_version": "1.2.0",
  "test": {
    "evaluation_time": 22.33,
    "map_at_1": 0.20165,
    "map_at_10": 0.29573,
    "map_at_100": 0.30845,
    "map_at_1000": 0.30966,
    "map_at_3": 0.26908,
    "map_at_5": 0.28464,
    "mrr_at_1": 0.25124,
    "mrr_at_10": 0.34675,
    "mrr_at_100": 0.35566,
    "mrr_at_1000": 0.3563,
    "mrr_at_3": 0.32027,
    "mrr_at_5": 0.33675,
    "ndcg_at_1": 0.25124,
    "ndcg_at_10": 0.35396,
    "ndcg_at_100": 0.4111,
    "ndcg_at_1000": 0.4378,
    "ndcg_at_3": 0.30531,
    "ndcg_at_5": 0.32972,
    "precision_at_1": 0.25124,
    "precision_at_10": 0.06468,
    "precision_at_100": 0.01076,
    "precision_at_1000": 0.00144,
    "precision_at_3": 0.14884,
    "precision_at_5": 0.10771,
    "recall_at_1": 0.20165,
    "recall_at_10": 0.48189,
    "recall_at_100": 0.7264,
    "recall_at_1000": 0.91399,
    "recall_at_3": 0.34652,
    "recall_at_5": 0.40904
  }
}