{
  "dataset_revision": "160c094312a0e1facb97e55eeddb698c0abe3571",
  "mteb_dataset_name": "CQADupstackWebmastersRetrieval",
  "mteb_version": "1.2.0",
  "test": {
    "evaluation_time": 21.8,
    "map_at_1": 0.24525,
    "map_at_10": 0.3529,
    "map_at_100": 0.36963,
    "map_at_1000": 0.37187,
    "map_at_3": 0.32112,
    "map_at_5": 0.33772,
    "mrr_at_1": 0.3004,
    "mrr_at_10": 0.40528,
    "mrr_at_100": 0.41517,
    "mrr_at_1000": 0.41558,
    "mrr_at_3": 0.37879,
    "mrr_at_5": 0.39321,
    "ndcg_at_1": 0.3004,
    "ndcg_at_10": 0.41937,
    "ndcg_at_100": 0.48123,
    "ndcg_at_1000": 0.50199,
    "ndcg_at_3": 0.36761,
    "ndcg_at_5": 0.3906,
    "precision_at_1": 0.3004,
    "precision_at_10": 0.083,
    "precision_at_100": 0.0163,
    "precision_at_1000": 0.00248,
    "precision_at_3": 0.17655,
    "precision_at_5": 0.12767,
    "recall_at_1": 0.24525,
    "recall_at_10": 0.54755,
    "recall_at_100": 0.82023,
    "recall_at_1000": 0.94514,
    "recall_at_3": 0.40219,
    "recall_at_5": 0.46371
  }
}