{
  "dataset_revision": null,
  "mteb_dataset_name": "SciFact",
  "mteb_version": "1.1.2",
  "test": {
    "evaluation_time": 53.84,
    "map_at_1": 0.62428,
    "map_at_10": 0.72073,
    "map_at_100": 0.72449,
    "map_at_1000": 0.72477,
    "map_at_3": 0.69135,
    "map_at_5": 0.70545,
    "mrr_at_1": 0.65333,
    "mrr_at_10": 0.72927,
    "mrr_at_100": 0.7324,
    "mrr_at_1000": 0.73265,
    "mrr_at_3": 0.70667,
    "mrr_at_5": 0.71967,
    "ndcg_at_1": 0.65333,
    "ndcg_at_10": 0.76574,
    "ndcg_at_100": 0.78101,
    "ndcg_at_1000": 0.78635,
    "ndcg_at_3": 0.71558,
    "ndcg_at_5": 0.73677,
    "precision_at_1": 0.65333,
    "precision_at_10": 0.10167,
    "precision_at_100": 0.0109,
    "precision_at_1000": 0.00113,
    "precision_at_3": 0.27778,
    "precision_at_5": 0.18133,
    "recall_at_1": 0.62428,
    "recall_at_10": 0.89489,
    "recall_at_100": 0.96167,
    "recall_at_1000": 1.0,
    "recall_at_3": 0.7595,
    "recall_at_5": 0.81328
  }
}