{
  "dataset_revision": "eea2b4fe26a775864c896887d910b76a8098ad3f",
  "mteb_dataset_name": "STS22",
  "mteb_version": "1.1.2",
  "test": {
    "en": {
      "cos_sim": {
        "pearson": 0.683333917933323,
        "spearman": 0.684393473800995
      },
      "euclidean": {
        "pearson": 0.7009370557086545,
        "spearman": 0.684393473800995
      },
      "manhattan": {
        "pearson": 0.7009225413082834,
        "spearman": 0.6843088318724416
      }
    },
    "evaluation_time": 0.29
  }
}