{
  "dataset_revision": "ae752c7c21bf194d8b67fd573edf7ae58183cbe3",
  "mteb_dataset_name": "STS15",
  "mteb_version": "1.1.2",
  "test": {
    "cos_sim": {
      "pearson": 0.909184273702648,
      "spearman": 0.9134531893744824
    },
    "euclidean": {
      "pearson": 0.8944231555281237,
      "spearman": 0.9040589523762227
    },
    "evaluation_time": 0.82,
    "manhattan": {
      "pearson": 0.8937072638583413,
      "spearman": 0.9033737315004413
    }
  }
}