{
  "dataset_revision": "7e90230a92c190f1bf69ae9002b8cea547a64cca",
  "mteb_dataset_name": "STS13",
  "mteb_version": "1.2.0",
  "test": {
    "cos_sim": {
      "pearson": 0.8687598359620229,
      "spearman": 0.8740505119893888
    },
    "euclidean": {
      "pearson": 0.8849216846109538,
      "spearman": 0.8885504659022514
    },
    "evaluation_time": 0.03,
    "manhattan": {
      "pearson": 0.8560085110012288,
      "spearman": 0.8583197565641197
    }
  }
}