{
  "dataset_revision": "4f58c6b202a23cf9a4da393831edf4f9183cad37",
  "mteb_dataset_name": "EmotionClassification",
  "mteb_version": "1.1.2",
  "test": {
    "accuracy": 0.563,
    "accuracy_stderr": 0.02196815877582825,
    "evaluation_time": 1.15,
    "f1": 0.5009059726507321,
    "f1_stderr": 0.012291129176020339,
    "main_score": 0.563
  }
}