{
  "dataset_revision": "0fd18e25b25c072e09e0d92ab615fda904d66300",
  "mteb_dataset_name": "Banking77Classification",
  "mteb_version": "1.1.2",
  "test": {
    "accuracy": 0.8475974025974026,
    "accuracy_stderr": 0.0048943122561587804,
    "evaluation_time": 11.66,
    "f1": 0.8413140889304443,
    "f1_stderr": 0.005912103038468292,
    "main_score": 0.8475974025974026
  }
}