{
  "dataset_revision": "7e90230a92c190f1bf69ae9002b8cea547a64cca",
  "mteb_dataset_name": "STS13",
  "mteb_version": "1.1.2",
  "test": {
    "cos_sim": {
      "pearson": 0.868983649851808,
      "spearman": 0.8760957015587307
    },
    "euclidean": {
      "pearson": 0.8840173381789437,
      "spearman": 0.8904132350238602
    },
    "evaluation_time": 0.07,
    "manhattan": {
      "pearson": 0.8793175968573431,
      "spearman": 0.8850030951767276
    }
  }
}