{
  "dataset_revision": "70970daeab8776df92f5ea462b6173c0b46fd2d1",
  "mteb_dataset_name": "TwitterSemEval2015",
  "mteb_version": "1.1.2",
  "test": {
    "cos_sim": {
      "accuracy": 0.8770936401025213,
      "accuracy_threshold": 0.74730420018485,
      "ap": 0.7845749774576433,
      "f1": 0.7180830168914495,
      "f1_threshold": 0.7206602648925273,
      "precision": 0.7127631920977385,
      "recall": 0.7234828496042216
    },
    "dot": {
      "accuracy": 0.8629075520057221,
      "accuracy_threshold": 0.419999246441945,
      "ap": 0.7396290510294793,
      "f1": 0.6816517237024877,
      "f1_threshold": 0.3931431111442314,
      "precision": 0.6536691692903851,
      "recall": 0.7121372031662269
    },
    "euclidean": {
      "accuracy": 0.8776300888120642,
      "accuracy_threshold": 0.5370298620862224,
      "ap": 0.7853277789426149,
      "f1": 0.7197258187357198,
      "f1_threshold": 0.5660086376380384,
      "precision": 0.6934931506849316,
      "recall": 0.7480211081794196
    },
    "evaluation_time": 0.55,
    "manhattan": {
      "accuracy": 0.8747690290278357,
      "accuracy_threshold": 6.4389155469865536,
      "ap": 0.7832193250881068,
      "f1": 0.7200203899579458,
      "f1_threshold": 6.916579641753949,
      "precision": 0.6963273354695588,
      "recall": 0.7453825857519789
    },
    "max": {
      "accuracy": 0.8776300888120642,
      "ap": 0.7853277789426149,
      "f1": 0.7200203899579458
    }
  }
}