{
  "dataset_revision": "eea2b4fe26a775864c896887d910b76a8098ad3f",
  "mteb_dataset_name": "STS22",
  "mteb_version": "1.1.2",
  "test": {
    "en": {
      "cos_sim": {
        "pearson": 0.686891452402899,
        "spearman": 0.6938351181581921
      },
      "euclidean": {
        "pearson": 0.706040282410063,
        "spearman": 0.6953489064957825
      },
      "manhattan": {
        "pearson": 0.7107416335803279,
        "spearman": 0.6951202105157486
      }
    },
    "evaluation_time": 0.06
  }
}