{
  "dataset_revision": null,
  "mteb_dataset_name": "SciFact",
  "mteb_version": "1.1.2",
  "test": {
    "evaluation_time": 0.59,
    "map_at_1": 0.60594,
    "map_at_10": 0.70197,
    "map_at_100": 0.70636,
    "map_at_1000": 0.70657,
    "map_at_3": 0.66941,
    "map_at_5": 0.68849,
    "mrr_at_1": 0.63333,
    "mrr_at_10": 0.71106,
    "mrr_at_100": 0.7145,
    "mrr_at_1000": 0.71469,
    "mrr_at_3": 0.68722,
    "mrr_at_5": 0.70156,
    "ndcg_at_1": 0.63333,
    "ndcg_at_10": 0.74822,
    "ndcg_at_100": 0.76733,
    "ndcg_at_1000": 0.77165,
    "ndcg_at_3": 0.69316,
    "ndcg_at_5": 0.72124,
    "precision_at_1": 0.63333,
    "precision_at_10": 0.1,
    "precision_at_100": 0.01097,
    "precision_at_1000": 0.00113,
    "precision_at_3": 0.26778,
    "precision_at_5": 0.18,
    "recall_at_1": 0.60594,
    "recall_at_10": 0.88156,
    "recall_at_100": 0.96833,
    "recall_at_1000": 1.0,
    "recall_at_3": 0.73422,
    "recall_at_5": 0.80328
  }
}