{
  "dataset_revision": "eea2b4fe26a775864c896887d910b76a8098ad3f",
  "mteb_dataset_name": "STS22",
  "mteb_version": "1.1.2",
  "test": {
    "en": {
      "cos_sim": {
        "pearson": 0.6902424249810992,
        "spearman": 0.6949720871407802
      },
      "euclidean": {
        "pearson": 0.7113395073225632,
        "spearman": 0.7014431253516303
      },
      "manhattan": {
        "pearson": 0.7057292406919543,
        "spearman": 0.6849151610721755
      }
    },
    "evaluation_time": 0.04
  }
}