{
  "dataset_revision": "70970daeab8776df92f5ea462b6173c0b46fd2d1",
  "mteb_dataset_name": "TwitterSemEval2015",
  "mteb_version": "1.1.2",
  "test": {
    "cos_sim": {
      "accuracy": 0.8785241699946356,
      "accuracy_threshold": 0.7498925915184084,
      "ap": 0.7871548250549975,
      "f1": 0.7188332276474318,
      "f1_threshold": 0.7187741362909913,
      "precision": 0.692063492063492,
      "recall": 0.7477572559366754
    },
    "dot": {
      "accuracy": 0.8562913512546939,
      "accuracy_threshold": 0.32906592752752506,
      "ap": 0.7237222006144254,
      "f1": 0.6750212921279961,
      "f1_threshold": 0.30282744898726355,
      "precision": 0.6263264845337548,
      "recall": 0.7319261213720316
    },
    "euclidean": {
      "accuracy": 0.8764975859808071,
      "accuracy_threshold": 0.45626682513303707,
      "ap": 0.7843085018778815,
      "f1": 0.7186046511627907,
      "f1_threshold": 0.485764685352326,
      "precision": 0.7040506329113924,
      "recall": 0.7337730870712401
    },
    "evaluation_time": 1.56,
    "manhattan": {
      "accuracy": 0.8759611372712642,
      "accuracy_threshold": 5.456023343088695,
      "ap": 0.7850559527844055,
      "f1": 0.7187115810179493,
      "f1_threshold": 6.099443246351742,
      "precision": 0.6728821362799263,
      "recall": 0.7712401055408971
    },
    "max": {
      "accuracy": 0.8785241699946356,
      "ap": 0.7871548250549975,
      "f1": 0.7188332276474318
    }
  }
}