{
  "dataset_revision": "90fceea13679c63fe563ded68f3b6f06e50061de",
  "mteb_dataset_name": "CQADupstackMathematicaRetrieval",
  "mteb_version": "1.2.0",
  "test": {
    "evaluation_time": 5.54,
    "map_at_1": 0.19169,
    "map_at_10": 0.28434,
    "map_at_100": 0.29737,
    "map_at_1000": 0.29851,
    "map_at_3": 0.25651,
    "map_at_5": 0.27293,
    "mrr_at_1": 0.24129,
    "mrr_at_10": 0.33487,
    "mrr_at_100": 0.34478,
    "mrr_at_1000": 0.3454,
    "mrr_at_3": 0.30825,
    "mrr_at_5": 0.32442,
    "ndcg_at_1": 0.24129,
    "ndcg_at_10": 0.34237,
    "ndcg_at_100": 0.4014,
    "ndcg_at_1000": 0.42754,
    "ndcg_at_3": 0.29277,
    "ndcg_at_5": 0.31766,
    "precision_at_1": 0.24129,
    "precision_at_10": 0.06318,
    "precision_at_100": 0.01068,
    "precision_at_1000": 0.00143,
    "precision_at_3": 0.14386,
    "precision_at_5": 0.10373,
    "recall_at_1": 0.19169,
    "recall_at_10": 0.47025,
    "recall_at_100": 0.72322,
    "recall_at_1000": 0.90634,
    "recall_at_3": 0.33237,
    "recall_at_5": 0.39768
  }
}