{
  "dataset_revision": "a0d554a64d88156834ff5ae9920b964011b16384",
  "mteb_dataset_name": "STS12",
  "mteb_version": "1.2.0",
  "test": {
    "cos_sim": {
      "pearson": 0.8650722648713887,
      "spearman": 0.7882767512700811
    },
    "euclidean": {
      "pearson": 0.8235411033896977,
      "spearman": 0.7882767512700811
    },
    "evaluation_time": 0.77,
    "manhattan": {
      "pearson": 0.8188984413031388,
      "spearman": 0.7859773346180319
    }
  }
}