{
  "dataset_revision": "e8379541af4e31359cca9fbcf4b00f2671dba205",
  "mteb_dataset_name": "AmazonCounterfactualClassification",
  "mteb_version": "1.1.2",
  "test": {
    "en": {
      "accuracy": 0.7161194029850747,
      "accuracy_stderr": 0.036301502233097666,
      "ap": 0.3450030911380782,
      "ap_stderr": 0.03307962912582581,
      "f1": 0.6572754938739817,
      "f1_stderr": 0.033965829923992066,
      "main_score": 0.7161194029850747
    },
    "evaluation_time": 0.37
  }
}