{
  "dataset_revision": "d3fb88f8f02e40887cd149695127462bbcf29b4a",
  "mteb_dataset_name": "BIOSSES",
  "mteb_version": "1.1.2",
  "test": {
    "cos_sim": {
      "pearson": 0.8956917594647072,
      "spearman": 0.877200710504828
    },
    "euclidean": {
      "pearson": 0.8770101098029326,
      "spearman": 0.877200710504828
    },
    "evaluation_time": 0.06,
    "manhattan": {
      "pearson": 0.8816292037082156,
      "spearman": 0.8824056483799768
    }
  }
}