{
  "dataset_revision": "6c6430d3a6d36f8d2a829195bc5dc94d7e063e53",
  "mteb_dataset_name": "CQADupstackUnixRetrieval",
  "mteb_version": "1.2.0",
  "test": {
    "evaluation_time": 65.14,
    "map_at_1": 0.30464,
    "map_at_10": 0.40413,
    "map_at_100": 0.41628,
    "map_at_1000": 0.41723,
    "map_at_3": 0.37434,
    "map_at_5": 0.39133,
    "mrr_at_1": 0.35448,
    "mrr_at_10": 0.44235,
    "mrr_at_100": 0.4512,
    "mrr_at_1000": 0.4517,
    "mrr_at_3": 0.41807,
    "mrr_at_5": 0.4322,
    "ndcg_at_1": 0.35448,
    "ndcg_at_10": 0.45929,
    "ndcg_at_100": 0.51206,
    "ndcg_at_1000": 0.53179,
    "ndcg_at_3": 0.40819,
    "ndcg_at_5": 0.43211,
    "precision_at_1": 0.35448,
    "precision_at_10": 0.07733,
    "precision_at_100": 0.0116,
    "precision_at_1000": 0.00144,
    "precision_at_3": 0.18595,
    "precision_at_5": 0.13004,
    "recall_at_1": 0.30464,
    "recall_at_10": 0.58733,
    "recall_at_100": 0.81235,
    "recall_at_1000": 0.94672,
    "recall_at_3": 0.44541,
    "recall_at_5": 0.50745
  }
}