{
  "dataset_revision": "ae752c7c21bf194d8b67fd573edf7ae58183cbe3",
  "mteb_dataset_name": "STS15",
  "mteb_version": "1.2.0",
  "test": {
    "cos_sim": {
      "pearson": 0.8947344896319503,
      "spearman": 0.9010980837971434
    },
    "euclidean": {
      "pearson": 0.8936932918123965,
      "spearman": 0.9010980837971434
    },
    "evaluation_time": 2.18,
    "manhattan": {
      "pearson": 0.8946359864084299,
      "spearman": 0.9022392491914343
    }
  }
}