{
  "dataset_revision": "b0fddb56ed78048fa8b90373c8a3cfc37b684831",
  "mteb_dataset_name": "STSBenchmark",
  "mteb_version": "1.2.0",
  "test": {
    "cos_sim": {
      "pearson": 0.88172889608977,
      "spearman": 0.8908191462407671
    },
    "euclidean": {
      "pearson": 0.8889429086129114,
      "spearman": 0.8908191462407671
    },
    "evaluation_time": 0.59,
    "manhattan": {
      "pearson": 0.887617535069744,
      "spearman": 0.8888443089854092
    }
  }
}