{
  "dataset_revision": "d604517c81ca91fe16a244d1248fc021f9ecee7a",
  "mteb_dataset_name": "TweetSentimentExtractionClassification",
  "mteb_version": "1.2.0",
  "test": {
    "accuracy": 0.6442275042444822,
    "accuracy_stderr": 0.022262047116572738,
    "evaluation_time": 13.58,
    "f1": 0.6428140164168712,
    "f1_stderr": 0.023295938454487394,
    "main_score": 0.6442275042444822
  }
}