{
  "dataset_revision": "a0d554a64d88156834ff5ae9920b964011b16384",
  "mteb_dataset_name": "STS12",
  "mteb_version": "1.1.2",
  "test": {
    "cos_sim": {
      "pearson": 0.8297425688766935,
      "spearman": 0.7437245493494795
    },
    "euclidean": {
      "pearson": 0.842280882002358,
      "spearman": 0.7673329933972244
    },
    "evaluation_time": 0.36,
    "manhattan": {
      "pearson": 0.8314705417711147,
      "spearman": 0.7668350266169167
    }
  }
}