{
  "dataset_revision": "b0fddb56ed78048fa8b90373c8a3cfc37b684831",
  "mteb_dataset_name": "STSBenchmark",
  "mteb_version": "1.1.2",
  "test": {
    "cos_sim": {
      "pearson": 0.8562937248393077,
      "spearman": 0.8685255505719343
    },
    "euclidean": {
      "pearson": 0.874614177952651,
      "spearman": 0.8769186587302662
    },
    "evaluation_time": 0.18,
    "manhattan": {
      "pearson": 0.8777300067807204,
      "spearman": 0.8768014038777946
    }
  }
}