{
  "dataset_revision": null,
  "mteb_dataset_name": "ArguAna",
  "mteb_version": "1.1.2",
  "test": {
    "evaluation_time": 62.11,
    "map_at_1": 0.34282,
    "map_at_10": 0.51544,
    "map_at_100": 0.52176,
    "map_at_1000": 0.52178,
    "map_at_3": 0.46871,
    "map_at_5": 0.49854,
    "mrr_at_1": 0.35135,
    "mrr_at_10": 0.51849,
    "mrr_at_100": 0.52488,
    "mrr_at_1000": 0.5249,
    "mrr_at_3": 0.47191,
    "mrr_at_5": 0.50153,
    "ndcg_at_1": 0.34282,
    "ndcg_at_10": 0.60532,
    "ndcg_at_100": 0.63022,
    "ndcg_at_1000": 0.6306,
    "ndcg_at_3": 0.50997,
    "ndcg_at_5": 0.56426,
    "precision_at_1": 0.34282,
    "precision_at_10": 0.08898,
    "precision_at_100": 0.00994,
    "precision_at_1000": 0.001,
    "precision_at_3": 0.20982,
    "precision_at_5": 0.15249,
    "recall_at_1": 0.34282,
    "recall_at_10": 0.88976,
    "recall_at_100": 0.9936,
    "recall_at_1000": 0.99644,
    "recall_at_3": 0.62945,
    "recall_at_5": 0.76245
  }
}