{
  "dataset_revision": "6c6430d3a6d36f8d2a829195bc5dc94d7e063e53",
  "mteb_dataset_name": "CQADupstackUnixRetrieval",
  "mteb_version": "1.2.0",
  "test": {
    "evaluation_time": 63.46,
    "map_at_1": 0.30705,
    "map_at_10": 0.40457,
    "map_at_100": 0.41688,
    "map_at_1000": 0.41787,
    "map_at_3": 0.37493,
    "map_at_5": 0.39135,
    "mrr_at_1": 0.35634,
    "mrr_at_10": 0.44339,
    "mrr_at_100": 0.45207,
    "mrr_at_1000": 0.45261,
    "mrr_at_3": 0.419,
    "mrr_at_5": 0.43257,
    "ndcg_at_1": 0.35634,
    "ndcg_at_10": 0.45945,
    "ndcg_at_100": 0.51211,
    "ndcg_at_1000": 0.5324,
    "ndcg_at_3": 0.40854,
    "ndcg_at_5": 0.4314,
    "precision_at_1": 0.35634,
    "precision_at_10": 0.07724,
    "precision_at_100": 0.01158,
    "precision_at_1000": 0.00144,
    "precision_at_3": 0.18563,
    "precision_at_5": 0.12929,
    "recall_at_1": 0.30705,
    "recall_at_10": 0.58603,
    "recall_at_100": 0.80918,
    "recall_at_1000": 0.94763,
    "recall_at_3": 0.44518,
    "recall_at_5": 0.50432
  }
}