{
  "dataset_revision": "4d8694f8f0e0100860b497b999b3dbed754a0513",
  "mteb_dataset_name": "STS16",
  "mteb_version": "1.2.0",
  "test": {
    "cos_sim": {
      "pearson": 0.8606561924302153,
      "spearman": 0.8740641121173026
    },
    "euclidean": {
      "pearson": 0.8671011676236973,
      "spearman": 0.8740641121173026
    },
    "evaluation_time": 0.35,
    "manhattan": {
      "pearson": 0.8660402306985439,
      "spearman": 0.8730107008604521
    }
  }
}