{
  "dataset_revision": "af5e6fb845001ecf41f4c1e033ce921939a2a68d",
  "mteb_dataset_name": "STS17",
  "mteb_version": "1.2.0",
  "test": {
    "en-en": {
      "cos_sim": {
        "pearson": 0.9080216774173091,
        "spearman": 0.9068529674315396
      },
      "euclidean": {
        "pearson": 0.9106664595667957,
        "spearman": 0.9068529674315396
      },
      "manhattan": {
        "pearson": 0.9108901099603894,
        "spearman": 0.9082883041532498
      }
    },
    "evaluation_time": 0.13
  }
}