{
  "dataset_revision": "b0fddb56ed78048fa8b90373c8a3cfc37b684831",
  "mteb_dataset_name": "STSBenchmark",
  "mteb_version": "1.2.0",
  "test": {
    "cos_sim": {
      "pearson": 0.8808608875260389,
      "spearman": 0.8917442952046221
    },
    "euclidean": {
      "pearson": 0.8916612902659121,
      "spearman": 0.8917442952046221
    },
    "evaluation_time": 0.66,
    "manhattan": {
      "pearson": 0.8922447017507621,
      "spearman": 0.8921715067665692
    }
  }
}