{
  "dataset_revision": "4f58c6b202a23cf9a4da393831edf4f9183cad37",
  "mteb_dataset_name": "EmotionClassification",
  "mteb_version": "1.1.2",
  "test": {
    "accuracy": 0.5408999999999999,
    "accuracy_stderr": 0.025089639295932498,
    "evaluation_time": 0.78,
    "f1": 0.4794249915411635,
    "f1_stderr": 0.01574013994133372,
    "main_score": 0.5408999999999999
  }
}