{
  "dataset_revision": "af5e6fb845001ecf41f4c1e033ce921939a2a68d",
  "mteb_dataset_name": "STS17",
  "mteb_version": "1.1.2",
  "test": {
    "en-en": {
      "cos_sim": {
        "pearson": 0.8797918179241684,
        "spearman": 0.8875639484986504
      },
      "euclidean": {
        "pearson": 0.8905943409093936,
        "spearman": 0.8806217467862555
      },
      "manhattan": {
        "pearson": 0.8985336903922673,
        "spearman": 0.8893506236680421
      }
    },
    "evaluation_time": 0.03
  }
}