{
  "dataset_revision": "eea2b4fe26a775864c896887d910b76a8098ad3f",
  "mteb_dataset_name": "STS22",
  "mteb_version": "1.1.2",
  "test": {
    "en": {
      "cos_sim": {
        "pearson": 0.667389974601545,
        "spearman": 0.6837326156665202
      },
      "euclidean": {
        "pearson": 0.6957634205768154,
        "spearman": 0.6865380072792483
      },
      "manhattan": {
        "pearson": 0.6983005792000956,
        "spearman": 0.687890650406708
      }
    },
    "evaluation_time": 0.09
  }
}