{
  "dataset_revision": "af5e6fb845001ecf41f4c1e033ce921939a2a68d",
  "mteb_dataset_name": "STS17",
  "mteb_version": "1.1.2",
  "test": {
    "en-en": {
      "cos_sim": {
        "pearson": 0.906100771176197,
        "spearman": 0.9070978280345736
      },
      "euclidean": {
        "pearson": 0.9083499250375724,
        "spearman": 0.9042621346773014
      },
      "manhattan": {
        "pearson": 0.890030360876197,
        "spearman": 0.8827901277308636
      }
    },
    "evaluation_time": 0.07
  }
}