{
  "dataset_revision": "b0fddb56ed78048fa8b90373c8a3cfc37b684831",
  "mteb_dataset_name": "STSBenchmark",
  "mteb_version": "1.1.2",
  "test": {
    "cos_sim": {
      "pearson": 0.8790716105808527,
      "spearman": 0.8848429857131201
    },
    "euclidean": {
      "pearson": 0.8915617532699561,
      "spearman": 0.8953218063367131
    },
    "evaluation_time": 0.33,
    "manhattan": {
      "pearson": 0.8719317801852504,
      "spearman": 0.8769039660812782
    }
  }
}