{
  "dataset_revision": "70970daeab8776df92f5ea462b6173c0b46fd2d1",
  "mteb_dataset_name": "TwitterSemEval2015",
  "mteb_version": "1.1.2",
  "test": {
    "cos_sim": {
      "accuracy": 0.8792394349406926,
      "accuracy_threshold": 0.7317085865761723,
      "ap": 0.7911684738035074,
      "f1": 0.7212539184952977,
      "f1_threshold": 0.694750326209191,
      "precision": 0.687216248506571,
      "recall": 0.7588390501319261
    },
    "dot": {
      "accuracy": 0.8627287357692078,
      "accuracy_threshold": 0.43327009556740587,
      "ap": 0.7452681111398985,
      "f1": 0.6851693361046581,
      "f1_threshold": 0.39732134025611676,
      "precision": 0.6384142173615858,
      "recall": 0.7393139841688654
    },
    "euclidean": {
      "accuracy": 0.8798354890624068,
      "accuracy_threshold": 0.551443856785,
      "ap": 0.795734422366476,
      "f1": 0.726843966985458,
      "f1_threshold": 0.5830785981802542,
      "precision": 0.721831902159771,
      "recall": 0.7319261213720316
    },
    "evaluation_time": 2.58,
    "manhattan": {
      "accuracy": 0.8740537640817786,
      "accuracy_threshold": 11.070519541889858,
      "ap": 0.780061205317276,
      "f1": 0.7125756210580512,
      "f1_threshold": 11.669213476442943,
      "precision": 0.6956521739130435,
      "recall": 0.7303430079155673
    },
    "max": {
      "accuracy": 0.8798354890624068,
      "ap": 0.795734422366476,
      "f1": 0.726843966985458
    }
  }
}