{
  "dataset_revision": "0fd18e25b25c072e09e0d92ab615fda904d66300",
  "mteb_dataset_name": "Banking77Classification",
  "mteb_version": "1.1.2",
  "test": {
    "accuracy": 0.8537662337662338,
    "accuracy_stderr": 0.004302897469358266,
    "evaluation_time": 12.21,
    "f1": 0.8481484100653756,
    "f1_stderr": 0.005299777173149968,
    "main_score": 0.8537662337662338
  }
}