{
  "dataset_revision": "a6ea5a8cab320b040a23452cc28066d9beae2cee",
  "mteb_dataset_name": "SICK-R",
  "mteb_version": "1.1.2",
  "test": {
    "cos_sim": {
      "pearson": 0.8764220395338939,
      "spearman": 0.8308086773369155
    },
    "euclidean": {
      "pearson": 0.8500344203034603,
      "spearman": 0.8302707866992721
    },
    "evaluation_time": 1.87,
    "manhattan": {
      "pearson": 0.8100789912623718,
      "spearman": 0.8042705814831758
    }
  }
}