{
  "dataset_revision": null,
  "mteb_dataset_name": "SciFact",
  "mteb_version": "1.1.2",
  "test": {
    "evaluation_time": 0.69,
    "map_at_1": 0.61094,
    "map_at_10": 0.70551,
    "map_at_100": 0.70996,
    "map_at_1000": 0.71017,
    "map_at_3": 0.67265,
    "map_at_5": 0.69254,
    "mrr_at_1": 0.64,
    "mrr_at_10": 0.715,
    "mrr_at_100": 0.71848,
    "mrr_at_1000": 0.71867,
    "mrr_at_3": 0.69,
    "mrr_at_5": 0.706,
    "ndcg_at_1": 0.64,
    "ndcg_at_10": 0.75098,
    "ndcg_at_100": 0.77018,
    "ndcg_at_1000": 0.77451,
    "ndcg_at_3": 0.69534,
    "ndcg_at_5": 0.72513,
    "precision_at_1": 0.64,
    "precision_at_10": 0.1,
    "precision_at_100": 0.01097,
    "precision_at_1000": 0.00113,
    "precision_at_3": 0.26778,
    "precision_at_5": 0.18067,
    "recall_at_1": 0.61094,
    "recall_at_10": 0.88156,
    "recall_at_100": 0.96833,
    "recall_at_1000": 1.0,
    "recall_at_3": 0.73367,
    "recall_at_5": 0.80661
  }
}