{
  "dataset_revision": null,
  "mteb_dataset_name": "ArguAna",
  "mteb_version": "1.1.2",
  "test": {
    "evaluation_time": 1.49,
    "map_at_1": 0.32646,
    "map_at_10": 0.49646,
    "map_at_100": 0.50306,
    "map_at_1000": 0.5031,
    "map_at_3": 0.44903,
    "map_at_5": 0.47886,
    "mrr_at_1": 0.33001,
    "mrr_at_10": 0.4983,
    "mrr_at_100": 0.50491,
    "mrr_at_1000": 0.50495,
    "mrr_at_3": 0.45045,
    "mrr_at_5": 0.48071,
    "ndcg_at_1": 0.32646,
    "ndcg_at_10": 0.58722,
    "ndcg_at_100": 0.61427,
    "ndcg_at_1000": 0.61514,
    "ndcg_at_3": 0.49067,
    "ndcg_at_5": 0.5445,
    "precision_at_1": 0.32646,
    "precision_at_10": 0.08748,
    "precision_at_100": 0.0099,
    "precision_at_1000": 0.001,
    "precision_at_3": 0.20389,
    "precision_at_5": 0.14851,
    "recall_at_1": 0.32646,
    "recall_at_10": 0.87482,
    "recall_at_100": 0.99004,
    "recall_at_1000": 0.99644,
    "recall_at_3": 0.61166,
    "recall_at_5": 0.74253
  }
}