{
  "dataset_revision": null,
  "mteb_dataset_name": "ArguAna",
  "mteb_version": "1.1.2",
  "test": {
    "evaluation_time": 1.68,
    "map_at_1": 0.40469,
    "map_at_10": 0.57067,
    "map_at_100": 0.57587,
    "map_at_1000": 0.5759,
    "map_at_3": 0.52857,
    "map_at_5": 0.55712,
    "mrr_at_1": 0.40967,
    "mrr_at_10": 0.57249,
    "mrr_at_100": 0.57762,
    "mrr_at_1000": 0.57766,
    "mrr_at_3": 0.53023,
    "mrr_at_5": 0.55875,
    "ndcg_at_1": 0.40469,
    "ndcg_at_10": 0.65241,
    "ndcg_at_100": 0.6725,
    "ndcg_at_1000": 0.67318,
    "ndcg_at_3": 0.56874,
    "ndcg_at_5": 0.61995,
    "precision_at_1": 0.40469,
    "precision_at_10": 0.09083,
    "precision_at_100": 0.00991,
    "precision_at_1000": 0.001,
    "precision_at_3": 0.22831,
    "precision_at_5": 0.16174,
    "recall_at_1": 0.40469,
    "recall_at_10": 0.90825,
    "recall_at_100": 0.99147,
    "recall_at_1000": 0.99644,
    "recall_at_3": 0.68492,
    "recall_at_5": 0.80868
  }
}