{
  "dataset_revision": "0fd18e25b25c072e09e0d92ab615fda904d66300",
  "mteb_dataset_name": "Banking77Classification",
  "mteb_version": "1.2.0",
  "test": {
    "accuracy": 0.8503896103896105,
    "accuracy_stderr": 0.005566643420817608,
    "evaluation_time": 25.26,
    "f1": 0.8449162233616576,
    "f1_stderr": 0.00648523346169959,
    "main_score": 0.8503896103896105
  }
}