{
  "dataset_revision": "d3fb88f8f02e40887cd149695127462bbcf29b4a",
  "mteb_dataset_name": "BIOSSES",
  "mteb_version": "1.2.0",
  "test": {
    "cos_sim": {
      "pearson": 0.8811668267889331,
      "spearman": 0.864622110639885
    },
    "euclidean": {
      "pearson": 0.8611938263690122,
      "spearman": 0.864622110639885
    },
    "evaluation_time": 0.07,
    "manhattan": {
      "pearson": 0.8604812637567083,
      "spearman": 0.8640016145737504
    }
  }
}