{
  "dataset_revision": "6184bc1440d2dbc7612be22b50686b8826d22b32",
  "mteb_dataset_name": "CQADupstackProgrammersRetrieval",
  "mteb_version": "1.2.0",
  "test": {
    "evaluation_time": 46.24,
    "map_at_1": 0.27335,
    "map_at_10": 0.38982,
    "map_at_100": 0.40404,
    "map_at_1000": 0.40514,
    "map_at_3": 0.35394,
    "map_at_5": 0.37202,
    "mrr_at_1": 0.34018,
    "mrr_at_10": 0.44533,
    "mrr_at_100": 0.45442,
    "mrr_at_1000": 0.45484,
    "mrr_at_3": 0.4199,
    "mrr_at_5": 0.43177,
    "ndcg_at_1": 0.34018,
    "ndcg_at_10": 0.45463,
    "ndcg_at_100": 0.51093,
    "ndcg_at_1000": 0.53078,
    "ndcg_at_3": 0.39837,
    "ndcg_at_5": 0.4202,
    "precision_at_1": 0.34018,
    "precision_at_10": 0.08573,
    "precision_at_100": 0.01297,
    "precision_at_1000": 0.00165,
    "precision_at_3": 0.19254,
    "precision_at_5": 0.13699,
    "recall_at_1": 0.27335,
    "recall_at_10": 0.59049,
    "recall_at_100": 0.82694,
    "recall_at_1000": 0.95561,
    "recall_at_3": 0.43221,
    "recall_at_5": 0.49021
  }
}