{
  "dataset_revision": "79531abbd1fb92d06c6d6315a0cbbbf5bb247ea4",
  "mteb_dataset_name": "CQADupstackPhysicsRetrieval",
  "mteb_version": "1.2.0",
  "test": {
    "evaluation_time": 55.94,
    "map_at_1": 0.32574,
    "map_at_10": 0.44043,
    "map_at_100": 0.45319,
    "map_at_1000": 0.45425,
    "map_at_3": 0.40459,
    "map_at_5": 0.42349,
    "mrr_at_1": 0.39846,
    "mrr_at_10": 0.49691,
    "mrr_at_100": 0.50473,
    "mrr_at_1000": 0.5051,
    "mrr_at_3": 0.47385,
    "mrr_at_5": 0.48584,
    "ndcg_at_1": 0.39846,
    "ndcg_at_10": 0.50434,
    "ndcg_at_100": 0.55511,
    "ndcg_at_1000": 0.57336,
    "ndcg_at_3": 0.45011,
    "ndcg_at_5": 0.4737,
    "precision_at_1": 0.39846,
    "precision_at_10": 0.09201,
    "precision_at_100": 0.01359,
    "precision_at_1000": 0.00171,
    "precision_at_3": 0.21303,
    "precision_at_5": 0.14995,
    "recall_at_1": 0.32574,
    "recall_at_10": 0.6361,
    "recall_at_100": 0.84552,
    "recall_at_1000": 0.96054,
    "recall_at_3": 0.48432,
    "recall_at_5": 0.54566
  }
}