{
  "dataset_revision": "ad9991cb51e31e31e430383c75ffb2885547b5f0",
  "mteb_dataset_name": "CQADupstackEnglishRetrieval",
  "mteb_version": "1.2.0",
  "test": {
    "evaluation_time": 54.83,
    "map_at_1": 0.34212,
    "map_at_10": 0.45038,
    "map_at_100": 0.46343,
    "map_at_1000": 0.46471,
    "map_at_3": 0.41903,
    "map_at_5": 0.43669,
    "mrr_at_1": 0.42866,
    "mrr_at_10": 0.51253,
    "mrr_at_100": 0.519,
    "mrr_at_1000": 0.51942,
    "mrr_at_3": 0.49172,
    "mrr_at_5": 0.50443,
    "ndcg_at_1": 0.42866,
    "ndcg_at_10": 0.50782,
    "ndcg_at_100": 0.55063,
    "ndcg_at_1000": 0.56937,
    "ndcg_at_3": 0.46808,
    "ndcg_at_5": 0.48641,
    "precision_at_1": 0.42866,
    "precision_at_10": 0.09522,
    "precision_at_100": 0.01504,
    "precision_at_1000": 0.00197,
    "precision_at_3": 0.22633,
    "precision_at_5": 0.15834,
    "recall_at_1": 0.34212,
    "recall_at_10": 0.60361,
    "recall_at_100": 0.78199,
    "recall_at_1000": 0.8983,
    "recall_at_3": 0.4809,
    "recall_at_5": 0.53672
  }
}