{
  "dataset_revision": "af5e6fb845001ecf41f4c1e033ce921939a2a68d",
  "mteb_dataset_name": "STS17",
  "mteb_version": "1.1.2",
  "test": {
    "en-en": {
      "cos_sim": {
        "pearson": 0.9055301285763541,
        "spearman": 0.9035817527819007
      },
      "euclidean": {
        "pearson": 0.9073265253025578,
        "spearman": 0.9035817527819007
      },
      "manhattan": {
        "pearson": 0.9062322591782118,
        "spearman": 0.901717429509192
      }
    },
    "evaluation_time": 0.32
  }
}