{
  "dataset_revision": "c22ab2a51041ffd869aaddef7af8d8215647e41a",
  "mteb_dataset_name": "ArguAna",
  "mteb_version": "1.2.0",
  "test": {
    "evaluation_time": 2.33,
    "map_at_1": 0.3542,
    "map_at_10": 0.52667,
    "map_at_100": 0.53319,
    "map_at_1000": 0.53323,
    "map_at_3": 0.48222,
    "map_at_5": 0.51056,
    "mrr_at_1": 0.36131,
    "mrr_at_10": 0.52921,
    "mrr_at_100": 0.53579,
    "mrr_at_1000": 0.53583,
    "mrr_at_3": 0.48447,
    "mrr_at_5": 0.51257,
    "ndcg_at_1": 0.3542,
    "ndcg_at_10": 0.61413,
    "ndcg_at_100": 0.63896,
    "ndcg_at_1000": 0.63974,
    "ndcg_at_3": 0.52472,
    "ndcg_at_5": 0.57574,
    "precision_at_1": 0.3542,
    "precision_at_10": 0.0889,
    "precision_at_100": 0.00991,
    "precision_at_1000": 0.001,
    "precision_at_3": 0.21598,
    "precision_at_5": 0.15434,
    "recall_at_1": 0.3542,
    "recall_at_10": 0.88905,
    "recall_at_100": 0.99075,
    "recall_at_1000": 0.99644,
    "recall_at_3": 0.64794,
    "recall_at_5": 0.77169
  }
}