{
  "dataset_revision": "6031580fec1f6af667f0bd2da0a551cf4f0b2375",
  "mteb_dataset_name": "STS14",
  "mteb_version": "1.2.0",
  "test": {
    "cos_sim": {
      "pearson": 0.8503288781017884,
      "spearman": 0.8170972600891826
    },
    "euclidean": {
      "pearson": 0.8631901668723416,
      "spearman": 0.8386613612474023
    },
    "evaluation_time": 0.61,
    "manhattan": {
      "pearson": 0.8628225582922977,
      "spearman": 0.8382494384696637
    }
  }
}