{
  "dataset_revision": "70970daeab8776df92f5ea462b6173c0b46fd2d1",
  "mteb_dataset_name": "TwitterSemEval2015",
  "mteb_version": "1.2.0",
  "test": {
    "cos_sim": {
      "accuracy": 0.8778685104607499,
      "accuracy_threshold": 0.7678042663099367,
      "ap": 0.783355076486389,
      "f1": 0.7158932861297256,
      "f1_threshold": 0.7266673091029158,
      "precision": 0.6873027433843166,
      "recall": 0.7469656992084432
    },
    "dot": {
      "accuracy": 0.851820945341837,
      "accuracy_threshold": 0.2943011321083492,
      "ap": 0.7060903239244147,
      "f1": 0.6633818050715059,
      "f1_threshold": 0.2691342356863907,
      "precision": 0.6091370558375635,
      "recall": 0.7282321899736148
    },
    "euclidean": {
      "accuracy": 0.8759015318590928,
      "accuracy_threshold": 0.42574544229290734,
      "ap": 0.7795880558891266,
      "f1": 0.7178502879078694,
      "f1_threshold": 0.45210174919868856,
      "precision": 0.6968944099378882,
      "recall": 0.7401055408970977
    },
    "evaluation_time": 2.27,
    "manhattan": {
      "accuracy": 0.8750074506765214,
      "accuracy_threshold": 5.095904797151572,
      "ap": 0.7800965224138661,
      "f1": 0.720262925041082,
      "f1_threshold": 5.549045014302475,
      "precision": 0.6913370541130793,
      "recall": 0.7517150395778364
    },
    "max": {
      "accuracy": 0.8778685104607499,
      "ap": 0.783355076486389,
      "f1": 0.720262925041082
    }
  }
}