{
  "dataset_revision": "27a168819829fe9bcd655c2df245fb19452e8e06",
  "mteb_dataset_name": "FiQA2018",
  "mteb_version": "1.2.0",
  "test": {
    "evaluation_time": 8.92,
    "map_at_1": 0.22466,
    "map_at_10": 0.37089,
    "map_at_100": 0.39048,
    "map_at_1000": 0.39217,
    "map_at_3": 0.3226,
    "map_at_5": 0.34963,
    "mrr_at_1": 0.44907,
    "mrr_at_10": 0.53933,
    "mrr_at_100": 0.54673,
    "mrr_at_1000": 0.5471,
    "mrr_at_3": 0.51595,
    "mrr_at_5": 0.52922,
    "ndcg_at_1": 0.44907,
    "ndcg_at_10": 0.45458,
    "ndcg_at_100": 0.52117,
    "ndcg_at_1000": 0.54867,
    "ndcg_at_3": 0.41425,
    "ndcg_at_5": 0.42718,
    "precision_at_1": 0.44907,
    "precision_at_10": 0.12654,
    "precision_at_100": 0.01968,
    "precision_at_1000": 0.00246,
    "precision_at_3": 0.27829,
    "precision_at_5": 0.2034,
    "recall_at_1": 0.22466,
    "recall_at_10": 0.52893,
    "recall_at_100": 0.76926,
    "recall_at_1000": 0.93402,
    "recall_at_3": 0.37342,
    "recall_at_5": 0.44277
  }
}