{
  "dataset_revision": "ec0fa4fe99da2ff19ca1214b7966684033a58814",
  "mteb_dataset_name": "NFCorpus",
  "mteb_version": "1.2.0",
  "test": {
    "evaluation_time": 0.77,
    "map_at_1": 0.07337,
    "map_at_10": 0.15471,
    "map_at_100": 0.19807,
    "map_at_1000": 0.21403,
    "map_at_3": 0.11533,
    "map_at_5": 0.13259,
    "mrr_at_1": 0.49536,
    "mrr_at_10": 0.58232,
    "mrr_at_100": 0.58864,
    "mrr_at_1000": 0.58891,
    "mrr_at_3": 0.56089,
    "mrr_at_5": 0.57405,
    "ndcg_at_1": 0.48142,
    "ndcg_at_10": 0.38574,
    "ndcg_at_100": 0.36494,
    "ndcg_at_1000": 0.45192,
    "ndcg_at_3": 0.43985,
    "ndcg_at_5": 0.41498,
    "precision_at_1": 0.49536,
    "precision_at_10": 0.28235,
    "precision_at_100": 0.09139,
    "precision_at_1000": 0.02215,
    "precision_at_3": 0.40867,
    "precision_at_5": 0.35232,
    "recall_at_1": 0.07337,
    "recall_at_10": 0.19379,
    "recall_at_100": 0.37451,
    "recall_at_1000": 0.68473,
    "recall_at_3": 0.12545,
    "recall_at_5": 0.15308
  }
}