{
  "dataset_revision": null,
  "mteb_dataset_name": "SCIDOCS",
  "mteb_version": "1.2.0",
  "test": {
    "evaluation_time": 4.49,
    "map_at_1": 0.05053,
    "map_at_10": 0.13768,
    "map_at_100": 0.16503,
    "map_at_1000": 0.16917,
    "map_at_3": 0.09475,
    "map_at_5": 0.11647,
    "mrr_at_1": 0.25,
    "mrr_at_10": 0.37273,
    "mrr_at_100": 0.38425,
    "mrr_at_1000": 0.38461,
    "mrr_at_3": 0.33183,
    "mrr_at_5": 0.35593,
    "ndcg_at_1": 0.25,
    "ndcg_at_10": 0.22829,
    "ndcg_at_100": 0.32699,
    "ndcg_at_1000": 0.38874,
    "ndcg_at_3": 0.20914,
    "ndcg_at_5": 0.18783,
    "precision_at_1": 0.25,
    "precision_at_10": 0.1209,
    "precision_at_100": 0.02625,
    "precision_at_1000": 0.00409,
    "precision_at_3": 0.19667,
    "precision_at_5": 0.1688,
    "recall_at_1": 0.05053,
    "recall_at_10": 0.24515,
    "recall_at_100": 0.53258,
    "recall_at_1000": 0.82963,
    "recall_at_3": 0.11968,
    "recall_at_5": 0.17098
  }
}