{
  "dataset_revision": "4d8694f8f0e0100860b497b999b3dbed754a0513",
  "mteb_dataset_name": "STS16",
  "mteb_version": "1.2.0",
  "test": {
    "cos_sim": {
      "pearson": 0.8535694536230626,
      "spearman": 0.8671030539873865
    },
    "euclidean": {
      "pearson": 0.8579904038610219,
      "spearman": 0.8671030539873865
    },
    "evaluation_time": 0.1,
    "manhattan": {
      "pearson": 0.8563374302031369,
      "spearman": 0.8654975223132572
    }
  }
}