{
  "dataset_revision": null,
  "mteb_dataset_name": "SciFact",
  "mteb_version": "1.1.2",
  "test": {
    "evaluation_time": 0.63,
    "map_at_1": 0.60261,
    "map_at_10": 0.69332,
    "map_at_100": 0.6994,
    "map_at_1000": 0.69959,
    "map_at_3": 0.6618,
    "map_at_5": 0.68006,
    "mrr_at_1": 0.63,
    "mrr_at_10": 0.7028,
    "mrr_at_100": 0.70766,
    "mrr_at_1000": 0.70784,
    "mrr_at_3": 0.68,
    "mrr_at_5": 0.693,
    "ndcg_at_1": 0.63,
    "ndcg_at_10": 0.73625,
    "ndcg_at_100": 0.76162,
    "ndcg_at_1000": 0.76551,
    "ndcg_at_3": 0.68432,
    "ndcg_at_5": 0.70976,
    "precision_at_1": 0.63,
    "precision_at_10": 0.09733,
    "precision_at_100": 0.011,
    "precision_at_1000": 0.00113,
    "precision_at_3": 0.26333,
    "precision_at_5": 0.176,
    "recall_at_1": 0.60261,
    "recall_at_10": 0.85756,
    "recall_at_100": 0.97167,
    "recall_at_1000": 1.0,
    "recall_at_3": 0.72006,
    "recall_at_5": 0.78244
  }
}