{
  "dataset_revision": "eea2b4fe26a775864c896887d910b76a8098ad3f",
  "mteb_dataset_name": "STS22",
  "mteb_version": "1.1.2",
  "test": {
    "en": {
      "cos_sim": {
        "pearson": 0.6847222408715969,
        "spearman": 0.6942965794417479
      },
      "euclidean": {
        "pearson": 0.7085519737044073,
        "spearman": 0.6985180956283507
      },
      "manhattan": {
        "pearson": 0.7112302213778701,
        "spearman": 0.699514266018249
      }
    },
    "evaluation_time": 0.05
  }
}