{
  "dataset_revision": "0228b52cf27578f30900b9e5271d331663a030d7",
  "mteb_dataset_name": "SciFact",
  "mteb_version": "1.2.0",
  "test": {
    "evaluation_time": 1.95,
    "map_at_1": 0.58428,
    "map_at_10": 0.67623,
    "map_at_100": 0.68224,
    "map_at_1000": 0.68251,
    "map_at_3": 0.6483,
    "map_at_5": 0.66285,
    "mrr_at_1": 0.61,
    "mrr_at_10": 0.68428,
    "mrr_at_100": 0.68916,
    "mrr_at_1000": 0.68941,
    "mrr_at_3": 0.66444,
    "mrr_at_5": 0.67461,
    "ndcg_at_1": 0.61,
    "ndcg_at_10": 0.719,
    "ndcg_at_100": 0.74334,
    "ndcg_at_1000": 0.74972,
    "ndcg_at_3": 0.67175,
    "ndcg_at_5": 0.69173,
    "precision_at_1": 0.61,
    "precision_at_10": 0.09533,
    "precision_at_100": 0.01077,
    "precision_at_1000": 0.00113,
    "precision_at_3": 0.26,
    "precision_at_5": 0.17067,
    "recall_at_1": 0.58428,
    "recall_at_10": 0.84189,
    "recall_at_100": 0.94833,
    "recall_at_1000": 0.99667,
    "recall_at_3": 0.71172,
    "recall_at_5": 0.76344
  }
}