{
  "dataset_revision": "eea2b4fe26a775864c896887d910b76a8098ad3f",
  "mteb_dataset_name": "STS22",
  "mteb_version": "1.2.0",
  "test": {
    "en": {
      "cos_sim": {
        "pearson": 0.6893936445226018,
        "spearman": 0.6856769384291563
      },
      "euclidean": {
        "pearson": 0.7081170003205149,
        "spearman": 0.6864908031267857
      },
      "manhattan": {
        "pearson": 0.7114845094577686,
        "spearman": 0.6807196885558966
      }
    },
    "evaluation_time": 0.02
  }
}