{
  "dataset_revision": "70970daeab8776df92f5ea462b6173c0b46fd2d1",
  "mteb_dataset_name": "TwitterSemEval2015",
  "mteb_version": "1.2.0",
  "test": {
    "cos_sim": {
      "accuracy": 0.8784049591702927,
      "accuracy_threshold": 0.7617561229333281,
      "ap": 0.7848454195809913,
      "f1": 0.719164840830004,
      "f1_threshold": 0.7301103428184252,
      "precision": 0.7029478458049887,
      "recall": 0.7361477572559367
    },
    "dot": {
      "accuracy": 0.8551588484234368,
      "accuracy_threshold": 0.34437755554451593,
      "ap": 0.7195774743738658,
      "f1": 0.6725882062669628,
      "f1_threshold": 0.315427338648507,
      "precision": 0.6316033364226136,
      "recall": 0.7192612137203166
    },
    "euclidean": {
      "accuracy": 0.8770936401025213,
      "accuracy_threshold": 0.45861540502159237,
      "ap": 0.7823678081736364,
      "f1": 0.717632241813602,
      "f1_threshold": 0.4926336772414921,
      "precision": 0.6865060240963855,
      "recall": 0.7517150395778364
    },
    "evaluation_time": 6.65,
    "manhattan": {
      "accuracy": 0.8762591643321214,
      "accuracy_threshold": 5.62974399607219,
      "ap": 0.7821057396694272,
      "f1": 0.719236564540432,
      "f1_threshold": 6.029821654518978,
      "precision": 0.686152371825587,
      "recall": 0.7556728232189973
    },
    "max": {
      "accuracy": 0.8784049591702927,
      "ap": 0.7848454195809913,
      "f1": 0.719236564540432
    }
  }
}