{
  "dataset_revision": "c22ab2a51041ffd869aaddef7af8d8215647e41a",
  "mteb_dataset_name": "ArguAna",
  "mteb_version": "1.2.0",
  "test": {
    "evaluation_time": 2.67,
    "map_at_1": 0.33784,
    "map_at_10": 0.50349,
    "map_at_100": 0.51101,
    "map_at_1000": 0.51104,
    "map_at_3": 0.45709,
    "map_at_5": 0.48326,
    "mrr_at_1": 0.34495,
    "mrr_at_10": 0.50615,
    "mrr_at_100": 0.51374,
    "mrr_at_1000": 0.51376,
    "mrr_at_3": 0.45875,
    "mrr_at_5": 0.48613,
    "ndcg_at_1": 0.33784,
    "ndcg_at_10": 0.59207,
    "ndcg_at_100": 0.62103,
    "ndcg_at_1000": 0.62152,
    "ndcg_at_3": 0.49639,
    "ndcg_at_5": 0.54401,
    "precision_at_1": 0.33784,
    "precision_at_10": 0.08734,
    "precision_at_100": 0.00993,
    "precision_at_1000": 0.001,
    "precision_at_3": 0.20341,
    "precision_at_5": 0.14538,
    "recall_at_1": 0.33784,
    "recall_at_10": 0.8734,
    "recall_at_100": 0.99289,
    "recall_at_1000": 0.99644,
    "recall_at_3": 0.61024,
    "recall_at_5": 0.72688
  }
}