{
  "dataset_revision": "4ffe81d471b1924886b33c7567bfb200e9eec5c4",
  "mteb_dataset_name": "CQADupstackWordpressRetrieval",
  "mteb_version": "1.2.0",
  "test": {
    "evaluation_time": 8.17,
    "map_at_1": 0.21972,
    "map_at_10": 0.31589,
    "map_at_100": 0.32572,
    "map_at_1000": 0.32667,
    "map_at_3": 0.28847,
    "map_at_5": 0.30499,
    "mrr_at_1": 0.2366,
    "mrr_at_10": 0.33487,
    "mrr_at_100": 0.34351,
    "mrr_at_1000": 0.34416,
    "mrr_at_3": 0.31023,
    "mrr_at_5": 0.32539,
    "ndcg_at_1": 0.2366,
    "ndcg_at_10": 0.36872,
    "ndcg_at_100": 0.41943,
    "ndcg_at_1000": 0.44302,
    "ndcg_at_3": 0.31645,
    "ndcg_at_5": 0.34423,
    "precision_at_1": 0.2366,
    "precision_at_10": 0.05952,
    "precision_at_100": 0.00933,
    "precision_at_1000": 0.00125,
    "precision_at_3": 0.13863,
    "precision_at_5": 0.10055,
    "recall_at_1": 0.21972,
    "recall_at_10": 0.51071,
    "recall_at_100": 0.74549,
    "recall_at_1000": 0.92208,
    "recall_at_3": 0.37363,
    "recall_at_5": 0.43865
  }
}