{
  "dataset_revision": "6031580fec1f6af667f0bd2da0a551cf4f0b2375",
  "mteb_dataset_name": "STS14",
  "mteb_version": "1.2.0",
  "test": {
    "cos_sim": {
      "pearson": 0.8393355734403444,
      "spearman": 0.8046039159273288
    },
    "euclidean": {
      "pearson": 0.8309379531997977,
      "spearman": 0.8046039159273288
    },
    "evaluation_time": 0.26,
    "manhattan": {
      "pearson": 0.8315084463617368,
      "spearman": 0.8052908217569998
    }
  }
}