{
  "dataset_revision": "d7c0de2777da35d6aae2200a62c6e0e5af397c4c",
  "mteb_dataset_name": "ToxicConversationsClassification",
  "mteb_version": "1.2.0",
  "test": {
    "accuracy": 0.72749,
    "accuracy_stderr": 0.03638102609877846,
    "ap": 0.15627083488501065,
    "ap_stderr": 0.012757800245654233,
    "evaluation_time": 3.02,
    "f1": 0.56322900804152,
    "f1_stderr": 0.024856571190738842,
    "main_score": 0.72749
  }
}