{
  "dataset_revision": "a0d554a64d88156834ff5ae9920b964011b16384",
  "mteb_dataset_name": "STS12",
  "mteb_version": "1.1.2",
  "test": {
    "cos_sim": {
      "pearson": 0.8478116232265449,
      "spearman": 0.7590441151674823
    },
    "euclidean": {
      "pearson": 0.8497098229366759,
      "spearman": 0.7877478288308672
    },
    "evaluation_time": 0.49,
    "manhattan": {
      "pearson": 0.7994374390065084,
      "spearman": 0.773731428220515
    }
  }
}