{
  "dataset_revision": "eea2b4fe26a775864c896887d910b76a8098ad3f",
  "mteb_dataset_name": "STS22",
  "mteb_version": "1.1.2",
  "test": {
    "en": {
      "cos_sim": {
        "pearson": 0.6851339140060906,
        "spearman": 0.6917109312973797
      },
      "euclidean": {
        "pearson": 0.7055851709803103,
        "spearman": 0.695299260749227
      },
      "manhattan": {
        "pearson": 0.7064325069496232,
        "spearman": 0.6874137256938974
      }
    },
    "evaluation_time": 0.06
  }
}