{
  "dataset_revision": "a0d554a64d88156834ff5ae9920b964011b16384",
  "mteb_dataset_name": "STS12",
  "mteb_version": "1.1.2",
  "test": {
    "cos_sim": {
      "pearson": 0.8382433981183518,
      "spearman": 0.7495584866100651
    },
    "euclidean": {
      "pearson": 0.849077134023068,
      "spearman": 0.7742861598069647
    },
    "evaluation_time": 0.34,
    "manhattan": {
      "pearson": 0.8389987536163159,
      "spearman": 0.7747607396689155
    }
  }
}