{
  "dataset_revision": "b0fddb56ed78048fa8b90373c8a3cfc37b684831",
  "mteb_dataset_name": "STSBenchmark",
  "mteb_version": "1.1.2",
  "test": {
    "cos_sim": {
      "pearson": 0.8621264471267646,
      "spearman": 0.8743394757582527
    },
    "euclidean": {
      "pearson": 0.8798455255267588,
      "spearman": 0.88309540346683
    },
    "evaluation_time": 0.18,
    "manhattan": {
      "pearson": 0.8831764172339278,
      "spearman": 0.8826254563171807
    }
  }
}