{
  "dataset_revision": "4f58c6b202a23cf9a4da393831edf4f9183cad37",
  "mteb_dataset_name": "EmotionClassification",
  "mteb_version": "1.1.2",
  "test": {
    "accuracy": 0.49289999999999995,
    "accuracy_stderr": 0.018553705829294567,
    "evaluation_time": 0.66,
    "f1": 0.4314246699012488,
    "f1_stderr": 0.013250124502803834,
    "main_score": 0.49289999999999995
  }
}