{
  "dataset_revision": null,
  "mteb_dataset_name": "SciFact",
  "mteb_version": "1.1.2",
  "test": {
    "evaluation_time": 0.41,
    "map_at_1": 0.56817,
    "map_at_10": 0.6544,
    "map_at_100": 0.66107,
    "map_at_1000": 0.66131,
    "map_at_3": 0.62754,
    "map_at_5": 0.64103,
    "mrr_at_1": 0.59333,
    "mrr_at_10": 0.66161,
    "mrr_at_100": 0.66684,
    "mrr_at_1000": 0.66707,
    "mrr_at_3": 0.64,
    "mrr_at_5": 0.65133,
    "ndcg_at_1": 0.59333,
    "ndcg_at_10": 0.69538,
    "ndcg_at_100": 0.72272,
    "ndcg_at_1000": 0.72961,
    "ndcg_at_3": 0.648,
    "ndcg_at_5": 0.66732,
    "precision_at_1": 0.59333,
    "precision_at_10": 0.09233,
    "precision_at_100": 0.01063,
    "precision_at_1000": 0.00112,
    "precision_at_3": 0.25111,
    "precision_at_5": 0.164,
    "recall_at_1": 0.56817,
    "recall_at_10": 0.81522,
    "recall_at_100": 0.935,
    "recall_at_1000": 0.99,
    "recall_at_3": 0.68367,
    "recall_at_5": 0.73306
  }
}