{
  "dataset_revision": "4d8694f8f0e0100860b497b999b3dbed754a0513",
  "mteb_dataset_name": "STS16",
  "mteb_version": "1.1.2",
  "test": {
    "cos_sim": {
      "pearson": 0.7901930730964603,
      "spearman": 0.8160799247497914
    },
    "euclidean": {
      "pearson": 0.8351016661814382,
      "spearman": 0.8397947830994951
    },
    "evaluation_time": 0.07,
    "manhattan": {
      "pearson": 0.8381918214665497,
      "spearman": 0.8425098129597087
    }
  }
}