{
  "dataset_revision": "eea2b4fe26a775864c896887d910b76a8098ad3f",
  "mteb_dataset_name": "STS22",
  "mteb_version": "1.1.2",
  "test": {
    "en": {
      "cos_sim": {
        "pearson": 0.6583955255475291,
        "spearman": 0.6808572316897961
      },
      "euclidean": {
        "pearson": 0.6803207068494856,
        "spearman": 0.6693760424003402
      },
      "manhattan": {
        "pearson": 0.6882895772454217,
        "spearman": 0.6783659918503528
      }
    },
    "evaluation_time": 0.03
  }
}