{
  "dataset_revision": "6031580fec1f6af667f0bd2da0a551cf4f0b2375",
  "mteb_dataset_name": "STS14",
  "mteb_version": "1.1.2",
  "test": {
    "cos_sim": {
      "pearson": 0.8503941599738112,
      "spearman": 0.8205888183450697
    },
    "euclidean": {
      "pearson": 0.8459786690195946,
      "spearman": 0.8350253629067964
    },
    "evaluation_time": 0.2,
    "manhattan": {
      "pearson": 0.8423563599124111,
      "spearman": 0.8320993320720866
    }
  }
}