{
  "dataset_revision": "a0d554a64d88156834ff5ae9920b964011b16384",
  "mteb_dataset_name": "STS12",
  "mteb_version": "1.1.2",
  "test": {
    "cos_sim": {
      "pearson": 0.8491039967813043,
      "spearman": 0.7587526307015389
    },
    "euclidean": {
      "pearson": 0.8483798879971785,
      "spearman": 0.7881445369047906
    },
    "evaluation_time": 0.36,
    "manhattan": {
      "pearson": 0.8092550873644911,
      "spearman": 0.7834511959487218
    }
  }
}