{
  "dataset_revision": "ae752c7c21bf194d8b67fd573edf7ae58183cbe3",
  "mteb_dataset_name": "STS15",
  "mteb_version": "1.1.2",
  "test": {
    "cos_sim": {
      "pearson": 0.876760977315532,
      "spearman": 0.8878272925515295
    },
    "euclidean": {
      "pearson": 0.8912993951429443,
      "spearman": 0.8974229425172441
    },
    "evaluation_time": 0.35,
    "manhattan": {
      "pearson": 0.875755267932534,
      "spearman": 0.8853806560893669
    }
  }
}