{
  "dataset_revision": "eea2b4fe26a775864c896887d910b76a8098ad3f",
  "mteb_dataset_name": "STS22",
  "mteb_version": "1.1.2",
  "test": {
    "en": {
      "cos_sim": {
        "pearson": 0.6908513233843043,
        "spearman": 0.6950241744814283
      },
      "euclidean": {
        "pearson": 0.7100092748080163,
        "spearman": 0.700427422208989
      },
      "manhattan": {
        "pearson": 0.7076995429222026,
        "spearman": 0.6885002350652323
      }
    },
    "evaluation_time": 0.05
  }
}