{
  "dataset_revision": null,
  "mteb_dataset_name": "ArguAna",
  "mteb_version": "1.1.2",
  "test": {
    "evaluation_time": 1.75,
    "map_at_1": 0.41181,
    "map_at_10": 0.57151,
    "map_at_100": 0.57693,
    "map_at_1000": 0.57698,
    "map_at_3": 0.53165,
    "map_at_5": 0.55629,
    "mrr_at_1": 0.41892,
    "mrr_at_10": 0.5743,
    "mrr_at_100": 0.57965,
    "mrr_at_1000": 0.5797,
    "mrr_at_3": 0.53426,
    "mrr_at_5": 0.55901,
    "ndcg_at_1": 0.41181,
    "ndcg_at_10": 0.65172,
    "ndcg_at_100": 0.67259,
    "ndcg_at_1000": 0.67357,
    "ndcg_at_3": 0.57167,
    "ndcg_at_5": 0.61569,
    "precision_at_1": 0.41181,
    "precision_at_10": 0.09033,
    "precision_at_100": 0.00989,
    "precision_at_1000": 0.001,
    "precision_at_3": 0.22926,
    "precision_at_5": 0.15875,
    "recall_at_1": 0.41181,
    "recall_at_10": 0.90327,
    "recall_at_100": 0.98933,
    "recall_at_1000": 0.99644,
    "recall_at_3": 0.68777,
    "recall_at_5": 0.79374
  }
}