{
  "dataset_revision": "6184bc1440d2dbc7612be22b50686b8826d22b32",
  "mteb_dataset_name": "CQADupstackProgrammersRetrieval",
  "mteb_version": "1.2.0",
  "test": {
    "evaluation_time": 28.02,
    "map_at_1": 0.27421,
    "map_at_10": 0.39102,
    "map_at_100": 0.40519,
    "map_at_1000": 0.40628,
    "map_at_3": 0.35339,
    "map_at_5": 0.37178,
    "mrr_at_1": 0.33562,
    "mrr_at_10": 0.44375,
    "mrr_at_100": 0.45225,
    "mrr_at_1000": 0.45276,
    "mrr_at_3": 0.41572,
    "mrr_at_5": 0.43067,
    "ndcg_at_1": 0.33562,
    "ndcg_at_10": 0.45818,
    "ndcg_at_100": 0.5134,
    "ndcg_at_1000": 0.53313,
    "ndcg_at_3": 0.39722,
    "ndcg_at_5": 0.42135,
    "precision_at_1": 0.33562,
    "precision_at_10": 0.08836,
    "precision_at_100": 0.01323,
    "precision_at_1000": 0.00167,
    "precision_at_3": 0.19444,
    "precision_at_5": 0.1379,
    "recall_at_1": 0.27421,
    "recall_at_10": 0.60323,
    "recall_at_100": 0.83503,
    "recall_at_1000": 0.96287,
    "recall_at_3": 0.43112,
    "recall_at_5": 0.49796
  }
}