{
  "dataset_revision": "a0d554a64d88156834ff5ae9920b964011b16384",
  "mteb_dataset_name": "STS12",
  "mteb_version": "1.2.0",
  "test": {
    "cos_sim": {
      "pearson": 0.8621672378203493,
      "spearman": 0.7826078627558021
    },
    "euclidean": {
      "pearson": 0.8228276992509478,
      "spearman": 0.7826078627558021
    },
    "evaluation_time": 0.36,
    "manhattan": {
      "pearson": 0.8177404983171471,
      "spearman": 0.7787091967170383
    }
  }
}