{
  "dataset_revision": "e8379541af4e31359cca9fbcf4b00f2671dba205",
  "mteb_dataset_name": "AmazonCounterfactualClassification",
  "mteb_version": "1.1.2",
  "test": {
    "en": {
      "accuracy": 0.7700000000000001,
      "accuracy_stderr": 0.037873115947352355,
      "ap": 0.3990635725689489,
      "ap_stderr": 0.043272333358624654,
      "f1": 0.7079793421766468,
      "f1_stderr": 0.0370712387824844,
      "main_score": 0.7700000000000001
    },
    "evaluation_time": 11.75
  }
}