{
  "dataset_revision": "6031580fec1f6af667f0bd2da0a551cf4f0b2375",
  "mteb_dataset_name": "STS14",
  "mteb_version": "1.1.2",
  "test": {
    "cos_sim": {
      "pearson": 0.8747910164523375,
      "spearman": 0.8455293503423164
    },
    "euclidean": {
      "pearson": 0.8667893332957755,
      "spearman": 0.8455293503423164
    },
    "evaluation_time": 2.0,
    "manhattan": {
      "pearson": 0.8669567704325485,
      "spearman": 0.8458890001209952
    }
  }
}