{
  "dataset_revision": "af5e6fb845001ecf41f4c1e033ce921939a2a68d",
  "mteb_dataset_name": "STS17",
  "mteb_version": "1.1.2",
  "test": {
    "en-en": {
      "cos_sim": {
        "pearson": 0.9097946359818172,
        "spearman": 0.906839897948803
      },
      "euclidean": {
        "pearson": 0.912020899704287,
        "spearman": 0.906839897948803
      },
      "manhattan": {
        "pearson": 0.9129998832624555,
        "spearman": 0.9112393164758441
      }
    },
    "evaluation_time": 0.12
  }
}