{
  "dataset_revision": "ae752c7c21bf194d8b67fd573edf7ae58183cbe3",
  "mteb_dataset_name": "STS15",
  "mteb_version": "1.1.2",
  "test": {
    "cos_sim": {
      "pearson": 0.8774726523383356,
      "spearman": 0.889992239171015
    },
    "euclidean": {
      "pearson": 0.8991058520448368,
      "spearman": 0.9047838042191007
    },
    "evaluation_time": 0.31,
    "manhattan": {
      "pearson": 0.8819581536381643,
      "spearman": 0.88921080152982
    }
  }
}