{
  "dataset_revision": "eea2b4fe26a775864c896887d910b76a8098ad3f",
  "mteb_dataset_name": "STS22",
  "mteb_version": "1.1.2",
  "test": {
    "en": {
      "cos_sim": {
        "pearson": 0.6713424964693573,
        "spearman": 0.6809109467598397
      },
      "euclidean": {
        "pearson": 0.6910034988147014,
        "spearman": 0.6799839548692398
      },
      "manhattan": {
        "pearson": 0.6895694527640552,
        "spearman": 0.6729472806935374
      }
    },
    "evaluation_time": 0.04
  }
}