{
  "dataset_revision": null,
  "mteb_dataset_name": "ArguAna",
  "mteb_version": "1.1.2",
  "test": {
    "evaluation_time": 2.43,
    "map_at_1": 0.38549,
    "map_at_10": 0.55547,
    "map_at_100": 0.56094,
    "map_at_1000": 0.56097,
    "map_at_3": 0.51292,
    "map_at_5": 0.54094,
    "mrr_at_1": 0.3926,
    "mrr_at_10": 0.5581,
    "mrr_at_100": 0.56351,
    "mrr_at_1000": 0.56354,
    "mrr_at_3": 0.51553,
    "mrr_at_5": 0.54327,
    "ndcg_at_1": 0.38549,
    "ndcg_at_10": 0.64009,
    "ndcg_at_100": 0.6611,
    "ndcg_at_1000": 0.6617,
    "ndcg_at_3": 0.55487,
    "ndcg_at_5": 0.60516,
    "precision_at_1": 0.38549,
    "precision_at_10": 0.09054,
    "precision_at_100": 0.00992,
    "precision_at_1000": 0.001,
    "precision_at_3": 0.22546,
    "precision_at_5": 0.1596,
    "recall_at_1": 0.38549,
    "recall_at_10": 0.90541,
    "recall_at_100": 0.99218,
    "recall_at_1000": 0.99644,
    "recall_at_3": 0.67639,
    "recall_at_5": 0.79801
  }
}