{
  "dataset_revision": "b0fddb56ed78048fa8b90373c8a3cfc37b684831",
  "mteb_dataset_name": "STSBenchmark",
  "mteb_version": "1.1.2",
  "test": {
    "cos_sim": {
      "pearson": 0.8769672458265864,
      "spearman": 0.8818809577562723
    },
    "euclidean": {
      "pearson": 0.891130547446652,
      "spearman": 0.894632699566447
    },
    "evaluation_time": 0.31,
    "manhattan": {
      "pearson": 0.8740549163865713,
      "spearman": 0.8783134295621744
    }
  }
}