{
  "dataset_revision": null,
  "mteb_dataset_name": "SciFact",
  "mteb_version": "1.1.2",
  "test": {
    "evaluation_time": 1.11,
    "map_at_1": 0.61428,
    "map_at_10": 0.70297,
    "map_at_100": 0.70852,
    "map_at_1000": 0.70873,
    "map_at_3": 0.67274,
    "map_at_5": 0.69255,
    "mrr_at_1": 0.64333,
    "mrr_at_10": 0.71238,
    "mrr_at_100": 0.71691,
    "mrr_at_1000": 0.71711,
    "mrr_at_3": 0.69056,
    "mrr_at_5": 0.70522,
    "ndcg_at_1": 0.64333,
    "ndcg_at_10": 0.74528,
    "ndcg_at_100": 0.76857,
    "ndcg_at_1000": 0.77294,
    "ndcg_at_3": 0.69595,
    "ndcg_at_5": 0.72502,
    "precision_at_1": 0.64333,
    "precision_at_10": 0.09833,
    "precision_at_100": 0.01097,
    "precision_at_1000": 0.00113,
    "precision_at_3": 0.26889,
    "precision_at_5": 0.18133,
    "recall_at_1": 0.61428,
    "recall_at_10": 0.86489,
    "recall_at_100": 0.96833,
    "recall_at_1000": 1.0,
    "recall_at_3": 0.73533,
    "recall_at_5": 0.80744
  }
}