{
  "dataset_revision": "ae752c7c21bf194d8b67fd573edf7ae58183cbe3",
  "mteb_dataset_name": "STS15",
  "mteb_version": "1.1.2",
  "test": {
    "cos_sim": {
      "pearson": 0.8787999921500762,
      "spearman": 0.8909596803813326
    },
    "euclidean": {
      "pearson": 0.8976393328715898,
      "spearman": 0.9036098764483265
    },
    "evaluation_time": 0.73,
    "manhattan": {
      "pearson": 0.8816960756712948,
      "spearman": 0.8901152058494122
    }
  }
}