{
  "dataset_revision": null,
  "mteb_dataset_name": "CQADupstackEnglishRetrieval",
  "mteb_version": "1.1.2",
  "test": {
    "evaluation_time": 18.51,
    "map_at_1": 0.32813,
    "map_at_10": 0.43357,
    "map_at_100": 0.44659,
    "map_at_1000": 0.44798,
    "map_at_3": 0.40274,
    "map_at_5": 0.42067,
    "mrr_at_1": 0.40828,
    "mrr_at_10": 0.4924,
    "mrr_at_100": 0.49866,
    "mrr_at_1000": 0.49913,
    "mrr_at_3": 0.47017,
    "mrr_at_5": 0.48418,
    "ndcg_at_1": 0.40828,
    "ndcg_at_10": 0.49016,
    "ndcg_at_100": 0.53265,
    "ndcg_at_1000": 0.55308,
    "ndcg_at_3": 0.44898,
    "ndcg_at_5": 0.46921,
    "precision_at_1": 0.40828,
    "precision_at_10": 0.09229,
    "precision_at_100": 0.01472,
    "precision_at_1000": 0.00194,
    "precision_at_3": 0.21571,
    "precision_at_5": 0.15312,
    "recall_at_1": 0.32813,
    "recall_at_10": 0.58649,
    "recall_at_100": 0.76246,
    "recall_at_1000": 0.89015,
    "recall_at_3": 0.46459,
    "recall_at_5": 0.52158
  }
}