{
  "dataset_revision": null,
  "mteb_dataset_name": "CQADupstackProgrammersRetrieval",
  "mteb_version": "1.1.2",
  "test": {
    "evaluation_time": 15.18,
    "map_at_1": 0.26441,
    "map_at_10": 0.37242,
    "map_at_100": 0.38646,
    "map_at_1000": 0.38752,
    "map_at_3": 0.33707,
    "map_at_5": 0.35481,
    "mrr_at_1": 0.33105,
    "mrr_at_10": 0.42695,
    "mrr_at_100": 0.43616,
    "mrr_at_1000": 0.43667,
    "mrr_at_3": 0.39935,
    "mrr_at_5": 0.41391,
    "ndcg_at_1": 0.33105,
    "ndcg_at_10": 0.43535,
    "ndcg_at_100": 0.49271,
    "ndcg_at_1000": 0.51404,
    "ndcg_at_3": 0.37784,
    "ndcg_at_5": 0.40129,
    "precision_at_1": 0.33105,
    "precision_at_10": 0.08196,
    "precision_at_100": 0.01273,
    "precision_at_1000": 0.00164,
    "precision_at_3": 0.18037,
    "precision_at_5": 0.13105,
    "recall_at_1": 0.26441,
    "recall_at_10": 0.5678,
    "recall_at_100": 0.80758,
    "recall_at_1000": 0.94986,
    "recall_at_3": 0.4094,
    "recall_at_5": 0.46841
  }
}