{
  "dataset_revision": null,
  "mteb_dataset_name": "CQADupstackStatsRetrieval",
  "mteb_version": "1.1.2",
  "test": {
    "evaluation_time": 27.39,
    "map_at_1": 0.27416,
    "map_at_10": 0.34145,
    "map_at_100": 0.35177,
    "map_at_1000": 0.3528,
    "map_at_3": 0.32117,
    "map_at_5": 0.33135,
    "mrr_at_1": 0.30982,
    "mrr_at_10": 0.37382,
    "mrr_at_100": 0.38212,
    "mrr_at_1000": 0.38288,
    "mrr_at_3": 0.35506,
    "mrr_at_5": 0.36488,
    "ndcg_at_1": 0.30982,
    "ndcg_at_10": 0.38153,
    "ndcg_at_100": 0.42969,
    "ndcg_at_1000": 0.45584,
    "ndcg_at_3": 0.3438,
    "ndcg_at_5": 0.35949,
    "precision_at_1": 0.30982,
    "precision_at_10": 0.05752,
    "precision_at_100": 0.00893,
    "precision_at_1000": 0.00119,
    "precision_at_3": 0.14366,
    "precision_at_5": 0.09724,
    "recall_at_1": 0.27416,
    "recall_at_10": 0.47417,
    "recall_at_100": 0.69046,
    "recall_at_1000": 0.88476,
    "recall_at_3": 0.37043,
    "recall_at_5": 0.40878
  }
}