{
  "dataset_revision": "31efe3c427b0bae9c22cbb560b8f15491cc6bed7",
  "mteb_dataset_name": "MassiveIntentClassification",
  "mteb_version": "1.1.2",
  "test": {
    "en": {
      "accuracy": 0.7381640887693343,
      "accuracy_stderr": 0.017455778656303416,
      "f1": 0.7207318211191166,
      "f1_stderr": 0.01433899072860162,
      "main_score": 0.7381640887693343
    },
    "evaluation_time": 14.98
  }
}