{
  "dataset_revision": "af5e6fb845001ecf41f4c1e033ce921939a2a68d",
  "mteb_dataset_name": "STS17",
  "mteb_version": "1.1.2",
  "test": {
    "en-en": {
      "cos_sim": {
        "pearson": 0.8967555549876214,
        "spearman": 0.8948970815034875
      },
      "euclidean": {
        "pearson": 0.9016373536246229,
        "spearman": 0.8948970815034875
      },
      "manhattan": {
        "pearson": 0.9018958629412877,
        "spearman": 0.8946057089177736
      }
    },
    "evaluation_time": 0.05
  }
}