{
  "dataset_revision": null,
  "mteb_dataset_name": "SciFact",
  "mteb_version": "1.1.2",
  "test": {
    "evaluation_time": 0.95,
    "map_at_1": 0.61828,
    "map_at_10": 0.70934,
    "map_at_100": 0.71444,
    "map_at_1000": 0.7147,
    "map_at_3": 0.67907,
    "map_at_5": 0.69897,
    "mrr_at_1": 0.65,
    "mrr_at_10": 0.71924,
    "mrr_at_100": 0.72332,
    "mrr_at_1000": 0.72357,
    "mrr_at_3": 0.69611,
    "mrr_at_5": 0.71244,
    "ndcg_at_1": 0.65,
    "ndcg_at_10": 0.75196,
    "ndcg_at_100": 0.77283,
    "ndcg_at_1000": 0.77775,
    "ndcg_at_3": 0.70237,
    "ndcg_at_5": 0.73131,
    "precision_at_1": 0.65,
    "precision_at_10": 0.099,
    "precision_at_100": 0.01093,
    "precision_at_1000": 0.00113,
    "precision_at_3": 0.27222,
    "precision_at_5": 0.18267,
    "recall_at_1": 0.61828,
    "recall_at_10": 0.87256,
    "recall_at_100": 0.965,
    "recall_at_1000": 1.0,
    "recall_at_3": 0.741,
    "recall_at_5": 0.81244
  }
}