{
  "dataset_revision": "ae752c7c21bf194d8b67fd573edf7ae58183cbe3",
  "mteb_dataset_name": "STS15",
  "mteb_version": "1.1.2",
  "test": {
    "cos_sim": {
      "pearson": 0.880138725232975,
      "spearman": 0.8903461217268075
    },
    "euclidean": {
      "pearson": 0.8957640400166731,
      "spearman": 0.9021978926244031
    },
    "evaluation_time": 0.66,
    "manhattan": {
      "pearson": 0.8737658733571464,
      "spearman": 0.8829333187551506
    }
  }
}