{
  "dataset_revision": "b0fddb56ed78048fa8b90373c8a3cfc37b684831",
  "mteb_dataset_name": "STSBenchmark",
  "mteb_version": "1.1.2",
  "test": {
    "cos_sim": {
      "pearson": 0.8786722384381033,
      "spearman": 0.88301755121106
    },
    "euclidean": {
      "pearson": 0.8909520490724795,
      "spearman": 0.8947088062970332
    },
    "evaluation_time": 0.27,
    "manhattan": {
      "pearson": 0.8589416096204784,
      "spearman": 0.8655902942067177
    }
  }
}