{
  "dataset_revision": null,
  "mteb_dataset_name": "ArguAna",
  "mteb_version": "1.1.2",
  "test": {
    "evaluation_time": 2.62,
    "map_at_1": 0.33642,
    "map_at_10": 0.50741,
    "map_at_100": 0.51448,
    "map_at_1000": 0.51454,
    "map_at_3": 0.4623,
    "map_at_5": 0.48979,
    "mrr_at_1": 0.34068,
    "mrr_at_10": 0.5091,
    "mrr_at_100": 0.5161,
    "mrr_at_1000": 0.51615,
    "mrr_at_3": 0.46444,
    "mrr_at_5": 0.49129,
    "ndcg_at_1": 0.33642,
    "ndcg_at_10": 0.59615,
    "ndcg_at_100": 0.62353,
    "ndcg_at_1000": 0.62452,
    "ndcg_at_3": 0.50442,
    "ndcg_at_5": 0.55394,
    "precision_at_1": 0.33642,
    "precision_at_10": 0.08762,
    "precision_at_100": 0.00989,
    "precision_at_1000": 0.001,
    "precision_at_3": 0.20887,
    "precision_at_5": 0.14936,
    "recall_at_1": 0.33642,
    "recall_at_10": 0.87624,
    "recall_at_100": 0.98933,
    "recall_at_1000": 0.99644,
    "recall_at_3": 0.6266,
    "recall_at_5": 0.7468
  }
}