{
  "dataset_revision": null,
  "mteb_dataset_name": "ArguAna",
  "mteb_version": "1.1.2",
  "test": {
    "evaluation_time": 1.66,
    "map_at_1": 0.37696,
    "map_at_10": 0.53965,
    "map_at_100": 0.54548,
    "map_at_1000": 0.54552,
    "map_at_3": 0.49158,
    "map_at_5": 0.52338,
    "mrr_at_1": 0.38407,
    "mrr_at_10": 0.54265,
    "mrr_at_100": 0.54834,
    "mrr_at_1000": 0.54838,
    "mrr_at_3": 0.49538,
    "mrr_at_5": 0.526,
    "ndcg_at_1": 0.37696,
    "ndcg_at_10": 0.62589,
    "ndcg_at_100": 0.64832,
    "ndcg_at_1000": 0.64912,
    "ndcg_at_3": 0.53001,
    "ndcg_at_5": 0.58707,
    "precision_at_1": 0.37696,
    "precision_at_10": 0.08983,
    "precision_at_100": 0.00991,
    "precision_at_1000": 0.001,
    "precision_at_3": 0.21385,
    "precision_at_5": 0.1559,
    "recall_at_1": 0.37696,
    "recall_at_10": 0.89829,
    "recall_at_100": 0.99075,
    "recall_at_1000": 0.99644,
    "recall_at_3": 0.64154,
    "recall_at_5": 0.77952
  }
}