{
  "dataset_revision": "4d8694f8f0e0100860b497b999b3dbed754a0513",
  "mteb_dataset_name": "STS16",
  "mteb_version": "1.2.0",
  "test": {
    "cos_sim": {
      "pearson": 0.8460317346444447,
      "spearman": 0.8590692188671667
    },
    "euclidean": {
      "pearson": 0.8678849691032677,
      "spearman": 0.8745936926888254
    },
    "evaluation_time": 0.03,
    "manhattan": {
      "pearson": 0.8179993811277916,
      "spearman": 0.8203097358595091
    }
  }
}