{
  "dataset_revision": "ae752c7c21bf194d8b67fd573edf7ae58183cbe3",
  "mteb_dataset_name": "STS15",
  "mteb_version": "1.1.2",
  "test": {
    "cos_sim": {
      "pearson": 0.8762280163381805,
      "spearman": 0.890510602896437
    },
    "euclidean": {
      "pearson": 0.8977347487554608,
      "spearman": 0.9029121052695409
    },
    "evaluation_time": 0.52,
    "manhattan": {
      "pearson": 0.8885292639145898,
      "spearman": 0.8955302158490701
    }
  }
}