{
  "dataset_revision": "c22ab2a51041ffd869aaddef7af8d8215647e41a",
  "mteb_dataset_name": "ArguAna",
  "mteb_version": "1.2.0",
  "test": {
    "evaluation_time": 30.85,
    "map_at_1": 0.41323,
    "map_at_10": 0.57105,
    "map_at_100": 0.57606,
    "map_at_1000": 0.57609,
    "map_at_3": 0.53189,
    "map_at_5": 0.55539,
    "mrr_at_1": 0.42034,
    "mrr_at_10": 0.57383,
    "mrr_at_100": 0.57877,
    "mrr_at_1000": 0.5788,
    "mrr_at_3": 0.53378,
    "mrr_at_5": 0.55811,
    "ndcg_at_1": 0.41323,
    "ndcg_at_10": 0.65191,
    "ndcg_at_100": 0.67184,
    "ndcg_at_1000": 0.6726,
    "ndcg_at_3": 0.57199,
    "ndcg_at_5": 0.61396,
    "precision_at_1": 0.41323,
    "precision_at_10": 0.09068,
    "precision_at_100": 0.00991,
    "precision_at_1000": 0.001,
    "precision_at_3": 0.22949,
    "precision_at_5": 0.15789,
    "recall_at_1": 0.41323,
    "recall_at_10": 0.90683,
    "recall_at_100": 0.99075,
    "recall_at_1000": 0.99644,
    "recall_at_3": 0.68848,
    "recall_at_5": 0.78947
  }
}