{
  "dataset_revision": "d3fb88f8f02e40887cd149695127462bbcf29b4a",
  "mteb_dataset_name": "BIOSSES",
  "mteb_version": "1.1.2",
  "test": {
    "cos_sim": {
      "pearson": 0.8872050673208444,
      "spearman": 0.875664530923621
    },
    "euclidean": {
      "pearson": 0.8668797967452146,
      "spearman": 0.875664530923621
    },
    "evaluation_time": 0.09,
    "manhattan": {
      "pearson": 0.8736174069062099,
      "spearman": 0.8812730924534399
    }
  }
}