{
  "dataset_revision": "79531abbd1fb92d06c6d6315a0cbbbf5bb247ea4",
  "mteb_dataset_name": "CQADupstackPhysicsRetrieval",
  "mteb_version": "1.2.0",
  "test": {
    "evaluation_time": 99.95,
    "map_at_1": 0.30886,
    "map_at_10": 0.42302,
    "map_at_100": 0.43622,
    "map_at_1000": 0.4373,
    "map_at_3": 0.38982,
    "map_at_5": 0.40823,
    "mrr_at_1": 0.38017,
    "mrr_at_10": 0.47923,
    "mrr_at_100": 0.48735,
    "mrr_at_1000": 0.48772,
    "mrr_at_3": 0.45605,
    "mrr_at_5": 0.46952,
    "ndcg_at_1": 0.38017,
    "ndcg_at_10": 0.48623,
    "ndcg_at_100": 0.5393,
    "ndcg_at_1000": 0.55786,
    "ndcg_at_3": 0.43486,
    "ndcg_at_5": 0.45896,
    "precision_at_1": 0.38017,
    "precision_at_10": 0.08864,
    "precision_at_100": 0.01338,
    "precision_at_1000": 0.00169,
    "precision_at_3": 0.20757,
    "precision_at_5": 0.14687,
    "recall_at_1": 0.30886,
    "recall_at_10": 0.61719,
    "recall_at_100": 0.83688,
    "recall_at_1000": 0.95506,
    "recall_at_3": 0.47325,
    "recall_at_5": 0.53565
  }
}