{
  "dataset_revision": "a0d554a64d88156834ff5ae9920b964011b16384",
  "mteb_dataset_name": "STS12",
  "mteb_version": "1.2.0",
  "test": {
    "cos_sim": {
      "pearson": 0.8711862584463689,
      "spearman": 0.7923436135474415
    },
    "euclidean": {
      "pearson": 0.8346126344022814,
      "spearman": 0.7923436135474415
    },
    "evaluation_time": 2.86,
    "manhattan": {
      "pearson": 0.8351992969650052,
      "spearman": 0.7915741706498807
    }
  }
}