{
  "dataset_revision": "7e90230a92c190f1bf69ae9002b8cea547a64cca",
  "mteb_dataset_name": "STS13",
  "mteb_version": "1.1.2",
  "test": {
    "cos_sim": {
      "pearson": 0.8812731052008618,
      "spearman": 0.8848733238675225
    },
    "euclidean": {
      "pearson": 0.8776618641810223,
      "spearman": 0.8848733238675225
    },
    "evaluation_time": 0.4,
    "manhattan": {
      "pearson": 0.8799658608442584,
      "spearman": 0.8869929681840562
    }
  }
}