{
  "dataset_revision": "4d8694f8f0e0100860b497b999b3dbed754a0513",
  "mteb_dataset_name": "STS16",
  "mteb_version": "1.2.0",
  "test": {
    "cos_sim": {
      "pearson": 0.86157361794923,
      "spearman": 0.8744103968243414
    },
    "euclidean": {
      "pearson": 0.8678769845226312,
      "spearman": 0.8744103968243414
    },
    "evaluation_time": 0.06,
    "manhattan": {
      "pearson": 0.8674413477125369,
      "spearman": 0.8741205638870312
    }
  }
}