{
  "dataset_revision": "eea2b4fe26a775864c896887d910b76a8098ad3f",
  "mteb_dataset_name": "STS22",
  "mteb_version": "1.2.0",
  "test": {
    "en": {
      "cos_sim": {
        "pearson": 0.6785893907523672,
        "spearman": 0.6830147870032113
      },
      "euclidean": {
        "pearson": 0.6965403589699338,
        "spearman": 0.6830147870032113
      },
      "manhattan": {
        "pearson": 0.6965946003189112,
        "spearman": 0.6810533730819246
      }
    },
    "evaluation_time": 0.05
  }
}