{
  "dataset_revision": "70970daeab8776df92f5ea462b6173c0b46fd2d1",
  "mteb_dataset_name": "TwitterSemEval2015",
  "mteb_version": "1.1.2",
  "test": {
    "cos_sim": {
      "accuracy": 0.8752458723252071,
      "accuracy_threshold": 0.7883987348087012,
      "ap": 0.7822864930001602,
      "f1": 0.7141898241374681,
      "f1_threshold": 0.7765408552571736,
      "precision": 0.7269745832194588,
      "recall": 0.7018469656992085
    },
    "dot": {
      "accuracy": 0.8752458723252071,
      "accuracy_threshold": 0.7883987348087018,
      "ap": 0.7822864930001602,
      "f1": 0.7141898241374681,
      "f1_threshold": 0.7765408552571742,
      "precision": 0.7269745832194588,
      "recall": 0.7018469656992085
    },
    "euclidean": {
      "accuracy": 0.8752458723252071,
      "accuracy_threshold": 0.6505401834284412,
      "ap": 0.7822864930001602,
      "f1": 0.7141898241374681,
      "f1_threshold": 0.6685194722852081,
      "precision": 0.7269745832194588,
      "recall": 0.7018469656992085
    },
    "evaluation_time": 25.48,
    "manhattan": {
      "accuracy": 0.8759611372712642,
      "accuracy_threshold": 23.283814813055827,
      "ap": 0.7839507621800462,
      "f1": 0.7155987744771546,
      "f1_threshold": 23.902570583559076,
      "precision": 0.7226257734732311,
      "recall": 0.7087071240105541
    },
    "max": {
      "accuracy": 0.8759611372712642,
      "ap": 0.7839507621800462,
      "f1": 0.7155987744771546
    }
  }
}