{
  "dataset_revision": "7e90230a92c190f1bf69ae9002b8cea547a64cca",
  "mteb_dataset_name": "STS13",
  "mteb_version": "1.2.0",
  "test": {
    "cos_sim": {
      "pearson": 0.8826665685123429,
      "spearman": 0.8855296061361652
    },
    "euclidean": {
      "pearson": 0.8664143638103166,
      "spearman": 0.8777666065925559
    },
    "evaluation_time": 0.04,
    "manhattan": {
      "pearson": 0.7732824846648929,
      "spearman": 0.7736930132352857
    }
  }
}