{
  "dataset_revision": "b0fddb56ed78048fa8b90373c8a3cfc37b684831",
  "mteb_dataset_name": "STSBenchmark",
  "mteb_version": "1.2.0",
  "test": {
    "cos_sim": {
      "pearson": 0.8783747002535938,
      "spearman": 0.8876461754596728
    },
    "euclidean": {
      "pearson": 0.8750856355656311,
      "spearman": 0.8809985649965586
    },
    "evaluation_time": 0.04,
    "manhattan": {
      "pearson": 0.8400147453611165,
      "spearman": 0.8495902216581039
    }
  },
  "validation": {
    "cos_sim": {
      "pearson": 0.9026788228220177,
      "spearman": 0.9095349995659315
    },
    "euclidean": {
      "pearson": 0.895609445088919,
      "spearman": 0.9016778322219084
    },
    "evaluation_time": 0.05,
    "manhattan": {
      "pearson": 0.8628409574040625,
      "spearman": 0.8713979002933757
    }
  }
}