{
  "dataset_revision": "af5e6fb845001ecf41f4c1e033ce921939a2a68d",
  "mteb_dataset_name": "STS17",
  "mteb_version": "1.2.0",
  "test": {
    "en-en": {
      "cos_sim": {
        "pearson": 0.8807332979768285,
        "spearman": 0.8879990853944661
      },
      "euclidean": {
        "pearson": 0.8884391077103095,
        "spearman": 0.8775342736880298
      },
      "manhattan": {
        "pearson": 0.8962375114755989,
        "spearman": 0.8847874522102436
      }
    },
    "evaluation_time": 0.07
  }
}