{
  "dataset_revision": "ae752c7c21bf194d8b67fd573edf7ae58183cbe3",
  "mteb_dataset_name": "STS15",
  "mteb_version": "1.1.2",
  "test": {
    "cos_sim": {
      "pearson": 0.8799414778641511,
      "spearman": 0.8903945490719153
    },
    "euclidean": {
      "pearson": 0.8968773959906055,
      "spearman": 0.9031302237259214
    },
    "evaluation_time": 0.55,
    "manhattan": {
      "pearson": 0.8761367464603439,
      "spearman": 0.8850221710440351
    }
  }
}