{
  "dataset_revision": "0fd18e25b25c072e09e0d92ab615fda904d66300",
  "mteb_dataset_name": "Banking77Classification",
  "mteb_version": "1.1.2",
  "test": {
    "accuracy": 0.8441558441558442,
    "accuracy_stderr": 0.004461185464238357,
    "evaluation_time": 12.18,
    "f1": 0.837195888760853,
    "f1_stderr": 0.005705122972307335,
    "main_score": 0.8441558441558442
  }
}