{
  "dataset_revision": "7e90230a92c190f1bf69ae9002b8cea547a64cca",
  "mteb_dataset_name": "STS13",
  "mteb_version": "1.1.2",
  "test": {
    "cos_sim": {
      "pearson": 0.8760695948935214,
      "spearman": 0.879608899368572
    },
    "euclidean": {
      "pearson": 0.8741016297170963,
      "spearman": 0.8832582994872682
    },
    "evaluation_time": 0.18,
    "manhattan": {
      "pearson": 0.8431939596601722,
      "spearman": 0.848717984033456
    }
  }
}