{
  "dataset_revision": "af5e6fb845001ecf41f4c1e033ce921939a2a68d",
  "mteb_dataset_name": "STS17",
  "mteb_version": "1.1.2",
  "test": {
    "en-en": {
      "cos_sim": {
        "pearson": 0.9051622814854153,
        "spearman": 0.9060564977777146
      },
      "euclidean": {
        "pearson": 0.9080389195914053,
        "spearman": 0.9037062972644486
      },
      "manhattan": {
        "pearson": 0.894109411226061,
        "spearman": 0.8884680491867764
      }
    },
    "evaluation_time": 0.06
  }
}