{
  "dataset_revision": "ae752c7c21bf194d8b67fd573edf7ae58183cbe3",
  "mteb_dataset_name": "STS15",
  "mteb_version": "1.1.2",
  "test": {
    "cos_sim": {
      "pearson": 0.8791672764587292,
      "spearman": 0.8918367166592717
    },
    "euclidean": {
      "pearson": 0.8986011585619019,
      "spearman": 0.9041715203020368
    },
    "evaluation_time": 0.53,
    "manhattan": {
      "pearson": 0.8839729410364211,
      "spearman": 0.8921899043485787
    }
  }
}