{
  "dataset_revision": "b0fddb56ed78048fa8b90373c8a3cfc37b684831",
  "mteb_dataset_name": "STSBenchmark",
  "mteb_version": "1.1.2",
  "test": {
    "cos_sim": {
      "pearson": 0.8767495034331543,
      "spearman": 0.8829362239399305
    },
    "euclidean": {
      "pearson": 0.8925407293463213,
      "spearman": 0.8945588468998776
    },
    "evaluation_time": 0.26,
    "manhattan": {
      "pearson": 0.8759918236823182,
      "spearman": 0.8797867467366381
    }
  }
}