{
  "dataset_revision": null,
  "mteb_dataset_name": "ArguAna",
  "mteb_version": "1.1.2",
  "test": {
    "evaluation_time": 1.68,
    "map_at_1": 0.30156,
    "map_at_10": 0.4673,
    "map_at_100": 0.47515,
    "map_at_1000": 0.47519,
    "map_at_3": 0.41596,
    "map_at_5": 0.44771,
    "mrr_at_1": 0.30654,
    "mrr_at_10": 0.46939,
    "mrr_at_100": 0.47717,
    "mrr_at_1000": 0.47721,
    "mrr_at_3": 0.41761,
    "mrr_at_5": 0.44962,
    "ndcg_at_1": 0.30156,
    "ndcg_at_10": 0.5599,
    "ndcg_at_100": 0.59164,
    "ndcg_at_1000": 0.5926,
    "ndcg_at_3": 0.45528,
    "ndcg_at_5": 0.51276,
    "precision_at_1": 0.30156,
    "precision_at_10": 0.08549,
    "precision_at_100": 0.00989,
    "precision_at_1000": 0.001,
    "precision_at_3": 0.1899,
    "precision_at_5": 0.14196,
    "recall_at_1": 0.30156,
    "recall_at_10": 0.85491,
    "recall_at_100": 0.98933,
    "recall_at_1000": 0.99644,
    "recall_at_3": 0.5697,
    "recall_at_5": 0.70982
  }
}