{
  "dataset_revision": null,
  "mteb_dataset_name": "SciFact",
  "mteb_version": "1.1.2",
  "test": {
    "evaluation_time": 0.58,
    "map_at_1": 0.60494,
    "map_at_10": 0.69497,
    "map_at_100": 0.70121,
    "map_at_1000": 0.70137,
    "map_at_3": 0.66948,
    "map_at_5": 0.68681,
    "mrr_at_1": 0.63667,
    "mrr_at_10": 0.70555,
    "mrr_at_100": 0.71082,
    "mrr_at_1000": 0.71097,
    "mrr_at_3": 0.68722,
    "mrr_at_5": 0.70122,
    "ndcg_at_1": 0.63667,
    "ndcg_at_10": 0.73508,
    "ndcg_at_100": 0.76262,
    "ndcg_at_1000": 0.76638,
    "ndcg_at_3": 0.69461,
    "ndcg_at_5": 0.71988,
    "precision_at_1": 0.63667,
    "precision_at_10": 0.09633,
    "precision_at_100": 0.011,
    "precision_at_1000": 0.00113,
    "precision_at_3": 0.27222,
    "precision_at_5": 0.18,
    "recall_at_1": 0.60494,
    "recall_at_10": 0.84589,
    "recall_at_100": 0.97167,
    "recall_at_1000": 1.0,
    "recall_at_3": 0.73683,
    "recall_at_5": 0.80289
  }
}