{
  "dataset_revision": "eea2b4fe26a775864c896887d910b76a8098ad3f",
  "mteb_dataset_name": "STS22",
  "mteb_version": "1.1.2",
  "test": {
    "en": {
      "cos_sim": {
        "pearson": 0.6795087091115694,
        "spearman": 0.6817996870096507
      },
      "euclidean": {
        "pearson": 0.6982460292404895,
        "spearman": 0.6868244876528137
      },
      "manhattan": {
        "pearson": 0.6986661885339807,
        "spearman": 0.6805683097221377
      }
    },
    "evaluation_time": 0.04
  }
}