{
  "dataset_revision": "eea2b4fe26a775864c896887d910b76a8098ad3f",
  "mteb_dataset_name": "STS22",
  "mteb_version": "1.1.2",
  "test": {
    "en": {
      "cos_sim": {
        "pearson": 0.6868818634929936,
        "spearman": 0.6928763855443849
      },
      "euclidean": {
        "pearson": 0.7085205577575849,
        "spearman": 0.6973021817700927
      },
      "manhattan": {
        "pearson": 0.7109844786155762,
        "spearman": 0.6970547669020133
      }
    },
    "evaluation_time": 0.12
  }
}