{
  "dataset_revision": "af5e6fb845001ecf41f4c1e033ce921939a2a68d",
  "mteb_dataset_name": "STS17",
  "mteb_version": "1.1.2",
  "test": {
    "en-en": {
      "cos_sim": {
        "pearson": 0.9032659410753071,
        "spearman": 0.9034968011441133
      },
      "euclidean": {
        "pearson": 0.9011328782653552,
        "spearman": 0.896313582794195
      },
      "manhattan": {
        "pearson": 0.8799741403139747,
        "spearman": 0.8714611925776131
      }
    },
    "evaluation_time": 0.05
  }
}