{
  "dataset_revision": null,
  "mteb_dataset_name": "SciFact",
  "mteb_version": "1.1.2",
  "test": {
    "evaluation_time": 0.84,
    "map_at_1": 0.60828,
    "map_at_10": 0.70087,
    "map_at_100": 0.7064,
    "map_at_1000": 0.7066,
    "map_at_3": 0.66854,
    "map_at_5": 0.68868,
    "mrr_at_1": 0.64,
    "mrr_at_10": 0.71227,
    "mrr_at_100": 0.71672,
    "mrr_at_1000": 0.71691,
    "mrr_at_3": 0.68833,
    "mrr_at_5": 0.70333,
    "ndcg_at_1": 0.64,
    "ndcg_at_10": 0.74569,
    "ndcg_at_100": 0.76808,
    "ndcg_at_1000": 0.77201,
    "ndcg_at_3": 0.69167,
    "ndcg_at_5": 0.72087,
    "precision_at_1": 0.64,
    "precision_at_10": 0.099,
    "precision_at_100": 0.011,
    "precision_at_1000": 0.00113,
    "precision_at_3": 0.26667,
    "precision_at_5": 0.18,
    "recall_at_1": 0.60828,
    "recall_at_10": 0.87256,
    "recall_at_100": 0.97167,
    "recall_at_1000": 1.0,
    "recall_at_3": 0.72867,
    "recall_at_5": 0.80078
  }
}