{
  "dataset_revision": "70970daeab8776df92f5ea462b6173c0b46fd2d1",
  "mteb_dataset_name": "TwitterSemEval2015",
  "mteb_version": "1.1.2",
  "test": {
    "cos_sim": {
      "accuracy": 0.8776300888120642,
      "accuracy_threshold": 0.7370577122592337,
      "ap": 0.7886298530457134,
      "f1": 0.72015065913371,
      "f1_threshold": 0.6983402212634535,
      "precision": 0.6869461077844311,
      "recall": 0.7567282321899736
    },
    "dot": {
      "accuracy": 0.8648745306073792,
      "accuracy_threshold": 0.4685880930110424,
      "ap": 0.7514611576517332,
      "f1": 0.6915428992267092,
      "f1_threshold": 0.43331357537254717,
      "precision": 0.6465457883865044,
      "recall": 0.7432717678100264
    },
    "euclidean": {
      "accuracy": 0.8787029862311498,
      "accuracy_threshold": 0.571593377430144,
      "ap": 0.7937874498469153,
      "f1": 0.7237995551485019,
      "f1_threshold": 0.6040828278440791,
      "precision": 0.7178821697378666,
      "recall": 0.7298153034300792
    },
    "evaluation_time": 2.0,
    "manhattan": {
      "accuracy": 0.8687488823985218,
      "accuracy_threshold": 12.978618780767992,
      "ap": 0.7699006376302294,
      "f1": 0.7055444555444556,
      "f1_threshold": 13.750049046025524,
      "precision": 0.6697486960644855,
      "recall": 0.7453825857519789
    },
    "max": {
      "accuracy": 0.8787029862311498,
      "ap": 0.7937874498469153,
      "f1": 0.7237995551485019
    }
  }
}