{
  "dataset_revision": "eea2b4fe26a775864c896887d910b76a8098ad3f",
  "mteb_dataset_name": "STS22",
  "mteb_version": "1.1.2",
  "test": {
    "en": {
      "cos_sim": {
        "pearson": 0.6854098019919819,
        "spearman": 0.6861327026598288
      },
      "euclidean": {
        "pearson": 0.7024693926006464,
        "spearman": 0.6861327026598288
      },
      "manhattan": {
        "pearson": 0.7019121130417671,
        "spearman": 0.6860895678308545
      }
    },
    "evaluation_time": 0.34
  }
}