{
  "dataset_revision": "b0fddb56ed78048fa8b90373c8a3cfc37b684831",
  "mteb_dataset_name": "STSBenchmark",
  "mteb_version": "1.1.2",
  "test": {
    "cos_sim": {
      "pearson": 0.8828157699342043,
      "spearman": 0.8947074479027628
    },
    "euclidean": {
      "pearson": 0.8918069081646229,
      "spearman": 0.8947074479027628
    },
    "evaluation_time": 1.25,
    "manhattan": {
      "pearson": 0.8925701468797774,
      "spearman": 0.8947534408878554
    }
  }
}