{
  "dataset_revision": "d3fb88f8f02e40887cd149695127462bbcf29b4a",
  "mteb_dataset_name": "BIOSSES",
  "mteb_version": "1.2.0",
  "test": {
    "cos_sim": {
      "pearson": 0.9054034915403578,
      "spearman": 0.8928576937658371
    },
    "euclidean": {
      "pearson": 0.8860969514209279,
      "spearman": 0.8928576937658371
    },
    "evaluation_time": 0.05,
    "manhattan": {
      "pearson": 0.8819081316278917,
      "spearman": 0.8854900560096947
    }
  }
}