{
  "dataset_revision": "160c094312a0e1facb97e55eeddb698c0abe3571",
  "mteb_dataset_name": "CQADupstackWebmastersRetrieval",
  "mteb_version": "1.2.0",
  "test": {
    "evaluation_time": 20.33,
    "map_at_1": 0.24344,
    "map_at_10": 0.34785,
    "map_at_100": 0.36393,
    "map_at_1000": 0.36613,
    "map_at_3": 0.31649,
    "map_at_5": 0.33393,
    "mrr_at_1": 0.29644,
    "mrr_at_10": 0.39838,
    "mrr_at_100": 0.40808,
    "mrr_at_1000": 0.40849,
    "mrr_at_3": 0.37352,
    "mrr_at_5": 0.38706,
    "ndcg_at_1": 0.29644,
    "ndcg_at_10": 0.41259,
    "ndcg_at_100": 0.47292,
    "ndcg_at_1000": 0.49505,
    "ndcg_at_3": 0.3614,
    "ndcg_at_5": 0.38578,
    "precision_at_1": 0.29644,
    "precision_at_10": 0.08083,
    "precision_at_100": 0.01605,
    "precision_at_1000": 0.00247,
    "precision_at_3": 0.17391,
    "precision_at_5": 0.12806,
    "recall_at_1": 0.24344,
    "recall_at_10": 0.53946,
    "recall_at_100": 0.8061,
    "recall_at_1000": 0.94176,
    "recall_at_3": 0.3948,
    "recall_at_5": 0.45691
  }
}