{
  "dataset_revision": "e8379541af4e31359cca9fbcf4b00f2671dba205",
  "mteb_dataset_name": "AmazonCounterfactualClassification",
  "mteb_version": "1.1.2",
  "test": {
    "en": {
      "accuracy": 0.7391044776119402,
      "accuracy_stderr": 0.037904571174567116,
      "ap": 0.3721007699667312,
      "ap_stderr": 0.035654408640801785,
      "f1": 0.6812643122280512,
      "f1_stderr": 0.03476876270674585,
      "main_score": 0.7391044776119402
    },
    "evaluation_time": 0.94
  }
}