{
  "dataset_revision": "eea2b4fe26a775864c896887d910b76a8098ad3f",
  "mteb_dataset_name": "STS22",
  "mteb_version": "1.1.2",
  "test": {
    "en": {
      "cos_sim": {
        "pearson": 0.6915249496627369,
        "spearman": 0.6946546799087048
      },
      "euclidean": {
        "pearson": 0.711328554618353,
        "spearman": 0.7006561181890227
      },
      "manhattan": {
        "pearson": 0.7033911592335289,
        "spearman": 0.6847320415152088
      }
    },
    "evaluation_time": 0.04
  }
}