{
  "dataset_revision": "e8379541af4e31359cca9fbcf4b00f2671dba205",
  "mteb_dataset_name": "AmazonCounterfactualClassification",
  "mteb_version": "1.1.2",
  "test": {
    "en": {
      "accuracy": 0.7516417910447762,
      "accuracy_stderr": 0.0383393298101548,
      "ap": 0.38012695709921185,
      "ap_stderr": 0.03958245989042293,
      "f1": 0.690826930277642,
      "f1_stderr": 0.03637830768451323,
      "main_score": 0.7516417910447762
    },
    "evaluation_time": 0.89
  }
}