{
  "dataset_revision": null,
  "mteb_dataset_name": "ArguAna",
  "mteb_version": "1.1.2",
  "test": {
    "evaluation_time": 2.49,
    "map_at_1": 0.38051,
    "map_at_10": 0.54867,
    "map_at_100": 0.55414,
    "map_at_1000": 0.55417,
    "map_at_3": 0.50462,
    "map_at_5": 0.53282,
    "mrr_at_1": 0.38976,
    "mrr_at_10": 0.55206,
    "mrr_at_100": 0.55745,
    "mrr_at_1000": 0.55748,
    "mrr_at_3": 0.50901,
    "mrr_at_5": 0.53589,
    "ndcg_at_1": 0.38051,
    "ndcg_at_10": 0.63465,
    "ndcg_at_100": 0.65565,
    "ndcg_at_1000": 0.65624,
    "ndcg_at_3": 0.54576,
    "ndcg_at_5": 0.59651,
    "precision_at_1": 0.38051,
    "precision_at_10": 0.09054,
    "precision_at_100": 0.00992,
    "precision_at_1000": 0.001,
    "precision_at_3": 0.22167,
    "precision_at_5": 0.15761,
    "recall_at_1": 0.38051,
    "recall_at_10": 0.90541,
    "recall_at_100": 0.99218,
    "recall_at_1000": 0.99644,
    "recall_at_3": 0.66501,
    "recall_at_5": 0.78805
  }
}