{
  "dataset_revision": "ae752c7c21bf194d8b67fd573edf7ae58183cbe3",
  "mteb_dataset_name": "STS15",
  "mteb_version": "1.1.2",
  "test": {
    "cos_sim": {
      "pearson": 0.8753561124434368,
      "spearman": 0.8901322758985712
    },
    "euclidean": {
      "pearson": 0.8968282078751897,
      "spearman": 0.9020265606584364
    },
    "evaluation_time": 0.72,
    "manhattan": {
      "pearson": 0.8882891635267268,
      "spearman": 0.8953632405892025
    }
  }
}