{
  "dataset_revision": "7e90230a92c190f1bf69ae9002b8cea547a64cca",
  "mteb_dataset_name": "STS13",
  "mteb_version": "1.1.2",
  "test": {
    "cos_sim": {
      "pearson": 0.8736760187526813,
      "spearman": 0.8802452071017774
    },
    "euclidean": {
      "pearson": 0.8914288241946217,
      "spearman": 0.8978831187143071
    },
    "evaluation_time": 0.31,
    "manhattan": {
      "pearson": 0.8807345282901993,
      "spearman": 0.8866467120590221
    }
  }
}