{
  "dataset_revision": "70970daeab8776df92f5ea462b6173c0b46fd2d1",
  "mteb_dataset_name": "TwitterSemEval2015",
  "mteb_version": "1.1.2",
  "test": {
    "cos_sim": {
      "accuracy": 0.876914823866007,
      "accuracy_threshold": 0.7557504744680124,
      "ap": 0.7863023280021271,
      "f1": 0.7203613097478359,
      "f1_threshold": 0.7153946571947353,
      "precision": 0.6866778282707486,
      "recall": 0.7575197889182058
    },
    "dot": {
      "accuracy": 0.8607021517553793,
      "accuracy_threshold": 0.39626094159619796,
      "ap": 0.740592200603874,
      "f1": 0.6800552278147358,
      "f1_threshold": 0.36879347217315106,
      "precision": 0.6485515920517118,
      "recall": 0.7147757255936675
    },
    "euclidean": {
      "accuracy": 0.8780473266972642,
      "accuracy_threshold": 0.5021838310009199,
      "ap": 0.790113581323612,
      "f1": 0.7237953303527074,
      "f1_threshold": 0.545425034444887,
      "precision": 0.6837165649929611,
      "recall": 0.7688654353562006
    },
    "evaluation_time": 2.18,
    "manhattan": {
      "accuracy": 0.8744113965548072,
      "accuracy_threshold": 8.199166962333827,
      "ap": 0.7801885427208068,
      "f1": 0.7137987627824771,
      "f1_threshold": 8.885794010251507,
      "precision": 0.6843379327039458,
      "recall": 0.745910290237467
    },
    "max": {
      "accuracy": 0.8780473266972642,
      "ap": 0.790113581323612,
      "f1": 0.7237953303527074
    }
  }
}