{
  "dataset_revision": "0fd18e25b25c072e09e0d92ab615fda904d66300",
  "mteb_dataset_name": "Banking77Classification",
  "mteb_version": "1.1.2",
  "test": {
    "accuracy": 0.829935064935065,
    "accuracy_stderr": 0.005332588355233203,
    "evaluation_time": 11.34,
    "f1": 0.8212190150503771,
    "f1_stderr": 0.006105015423075601,
    "main_score": 0.829935064935065
  }
}