{
  "dataset_revision": "4d8694f8f0e0100860b497b999b3dbed754a0513",
  "mteb_dataset_name": "STS16",
  "mteb_version": "1.1.2",
  "test": {
    "cos_sim": {
      "pearson": 0.8220485220365962,
      "spearman": 0.8452786713864948
    },
    "euclidean": {
      "pearson": 0.852929818841142,
      "spearman": 0.8565342304942252
    },
    "evaluation_time": 0.19,
    "manhattan": {
      "pearson": 0.8545659478526525,
      "spearman": 0.8585727621641482
    }
  }
}