{
  "dataset_revision": "b0fddb56ed78048fa8b90373c8a3cfc37b684831",
  "mteb_dataset_name": "STSBenchmark",
  "mteb_version": "1.1.2",
  "test": {
    "cos_sim": {
      "pearson": 0.8798816265926084,
      "spearman": 0.8853412415244771
    },
    "euclidean": {
      "pearson": 0.8922932865193232,
      "spearman": 0.895994305419863
    },
    "evaluation_time": 0.16,
    "manhattan": {
      "pearson": 0.8669616548171191,
      "spearman": 0.8727266540120125
    }
  }
}