{
  "dataset_revision": "7e90230a92c190f1bf69ae9002b8cea547a64cca",
  "mteb_dataset_name": "STS13",
  "mteb_version": "1.1.2",
  "test": {
    "cos_sim": {
      "pearson": 0.881535522997017,
      "spearman": 0.8958872649128935
    },
    "euclidean": {
      "pearson": 0.8869321475460623,
      "spearman": 0.8958872649128935
    },
    "evaluation_time": 0.19,
    "manhattan": {
      "pearson": 0.8853483008056703,
      "spearman": 0.8946023355235225
    }
  }
}