{
  "dataset_revision": "af5e6fb845001ecf41f4c1e033ce921939a2a68d",
  "mteb_dataset_name": "STS17",
  "mteb_version": "1.2.0",
  "test": {
    "en-en": {
      "cos_sim": {
        "pearson": 0.8924641488757887,
        "spearman": 0.8937558081433492
      },
      "euclidean": {
        "pearson": 0.9016021248888821,
        "spearman": 0.8937558081433492
      },
      "manhattan": {
        "pearson": 0.9011384710126825,
        "spearman": 0.8943193334872235
      }
    },
    "evaluation_time": 0.02
  }
}