{
  "dataset_revision": "6031580fec1f6af667f0bd2da0a551cf4f0b2375",
  "mteb_dataset_name": "STS14",
  "mteb_version": "1.2.0",
  "test": {
    "cos_sim": {
      "pearson": 0.8662409143280296,
      "spearman": 0.8497220060314146
    },
    "euclidean": {
      "pearson": 0.8623295710575383,
      "spearman": 0.8497220060314146
    },
    "evaluation_time": 0.13,
    "manhattan": {
      "pearson": 0.8606875992841855,
      "spearman": 0.8475228182617526
    }
  }
}