{
  "dataset_revision": "4d8694f8f0e0100860b497b999b3dbed754a0513",
  "mteb_dataset_name": "STS16",
  "mteb_version": "1.2.0",
  "test": {
    "cos_sim": {
      "pearson": 0.8491577409789978,
      "spearman": 0.8642209673131033
    },
    "euclidean": {
      "pearson": 0.8568869913339853,
      "spearman": 0.8642209673131033
    },
    "evaluation_time": 0.04,
    "manhattan": {
      "pearson": 0.8551706484361481,
      "spearman": 0.8629495966963773
    }
  }
}