{
  "dataset_revision": "a0d554a64d88156834ff5ae9920b964011b16384",
  "mteb_dataset_name": "STS12",
  "mteb_version": "1.1.2",
  "test": {
    "cos_sim": {
      "pearson": 0.849567313484046,
      "spearman": 0.759223041304832
    },
    "euclidean": {
      "pearson": 0.8462571464101266,
      "spearman": 0.7871436124265166
    },
    "evaluation_time": 0.53,
    "manhattan": {
      "pearson": 0.79941493125019,
      "spearman": 0.7809780363683969
    }
  }
}