{
  "dataset_revision": null,
  "mteb_dataset_name": "SciFact",
  "mteb_version": "1.1.2",
  "test": {
    "evaluation_time": 0.69,
    "map_at_1": 0.61094,
    "map_at_10": 0.70457,
    "map_at_100": 0.70967,
    "map_at_1000": 0.70985,
    "map_at_3": 0.67496,
    "map_at_5": 0.68904,
    "mrr_at_1": 0.64,
    "mrr_at_10": 0.71447,
    "mrr_at_100": 0.71859,
    "mrr_at_1000": 0.71876,
    "mrr_at_3": 0.69278,
    "mrr_at_5": 0.70394,
    "ndcg_at_1": 0.64,
    "ndcg_at_10": 0.74865,
    "ndcg_at_100": 0.77021,
    "ndcg_at_1000": 0.77406,
    "ndcg_at_3": 0.69767,
    "ndcg_at_5": 0.71795,
    "precision_at_1": 0.64,
    "precision_at_10": 0.09933,
    "precision_at_100": 0.011,
    "precision_at_1000": 0.00113,
    "precision_at_3": 0.26889,
    "precision_at_5": 0.176,
    "recall_at_1": 0.61094,
    "recall_at_10": 0.87489,
    "recall_at_100": 0.97167,
    "recall_at_1000": 1.0,
    "recall_at_3": 0.73506,
    "recall_at_5": 0.78661
  }
}