{
  "dataset_revision": "6c6430d3a6d36f8d2a829195bc5dc94d7e063e53",
  "mteb_dataset_name": "CQADupstackUnixRetrieval",
  "mteb_version": "1.2.0",
  "test": {
    "evaluation_time": 12.11,
    "map_at_1": 0.27176,
    "map_at_10": 0.3714,
    "map_at_100": 0.38263,
    "map_at_1000": 0.38363,
    "map_at_3": 0.34032,
    "map_at_5": 0.35834,
    "mrr_at_1": 0.32183,
    "mrr_at_10": 0.41443,
    "mrr_at_100": 0.42284,
    "mrr_at_1000": 0.42341,
    "mrr_at_3": 0.38775,
    "mrr_at_5": 0.40337,
    "ndcg_at_1": 0.32183,
    "ndcg_at_10": 0.42906,
    "ndcg_at_100": 0.47999,
    "ndcg_at_1000": 0.50157,
    "ndcg_at_3": 0.37433,
    "ndcg_at_5": 0.40114,
    "precision_at_1": 0.32183,
    "precision_at_10": 0.0722,
    "precision_at_100": 0.01109,
    "precision_at_1000": 0.0014,
    "precision_at_3": 0.16978,
    "precision_at_5": 0.12127,
    "recall_at_1": 0.27176,
    "recall_at_10": 0.56181,
    "recall_at_100": 0.7802,
    "recall_at_1000": 0.92861,
    "recall_at_3": 0.41577,
    "recall_at_5": 0.48082
  }
}