{
  "dataset_revision": "5003b3064772da1887988e05400cf3806fe491f2",
  "mteb_dataset_name": "CQADupstackGisRetrieval",
  "mteb_version": "1.2.0",
  "test": {
    "evaluation_time": 9.43,
    "map_at_1": 0.27327,
    "map_at_10": 0.36601,
    "map_at_100": 0.37657,
    "map_at_1000": 0.37726,
    "map_at_3": 0.33756,
    "map_at_5": 0.35445,
    "mrr_at_1": 0.29718,
    "mrr_at_10": 0.38771,
    "mrr_at_100": 0.39714,
    "mrr_at_1000": 0.39765,
    "mrr_at_3": 0.36234,
    "mrr_at_5": 0.37736,
    "ndcg_at_1": 0.29718,
    "ndcg_at_10": 0.41851,
    "ndcg_at_100": 0.46979,
    "ndcg_at_1000": 0.48801,
    "ndcg_at_3": 0.36459,
    "ndcg_at_5": 0.39206,
    "precision_at_1": 0.29718,
    "precision_at_10": 0.06418,
    "precision_at_100": 0.00947,
    "precision_at_1000": 0.00114,
    "precision_at_3": 0.1548,
    "precision_at_5": 0.10893,
    "recall_at_1": 0.27327,
    "recall_at_10": 0.56032,
    "recall_at_100": 0.79294,
    "recall_at_1000": 0.93051,
    "recall_at_3": 0.41454,
    "recall_at_5": 0.47974
  }
}