{
  "dataset_revision": "ae001d0e6b1228650b7bd1c2c65fb50ad11a8aba",
  "mteb_dataset_name": "MTOPIntentClassification",
  "mteb_version": "1.2.0",
  "test": {
    "en": {
      "accuracy": 0.6802781577747379,
      "accuracy_stderr": 0.018669709684104273,
      "f1": 0.5050993392517054,
      "f1_stderr": 0.006726698697082061,
      "main_score": 0.6802781577747379
    },
    "evaluation_time": 14.76
  }
}