{
  "dataset_revision": null,
  "mteb_dataset_name": "SCIDOCS",
  "mteb_version": "1.2.0",
  "test": {
    "evaluation_time": 6.57,
    "map_at_1": 0.05258,
    "map_at_10": 0.14202,
    "map_at_100": 0.16998,
    "map_at_1000": 0.17394,
    "map_at_3": 0.09817,
    "map_at_5": 0.119,
    "mrr_at_1": 0.26,
    "mrr_at_10": 0.38481,
    "mrr_at_100": 0.3962,
    "mrr_at_1000": 0.39655,
    "mrr_at_3": 0.34817,
    "mrr_at_5": 0.36817,
    "ndcg_at_1": 0.26,
    "ndcg_at_10": 0.23523,
    "ndcg_at_100": 0.33746,
    "ndcg_at_1000": 0.39743,
    "ndcg_at_3": 0.21886,
    "ndcg_at_5": 0.19196,
    "precision_at_1": 0.26,
    "precision_at_10": 0.1245,
    "precision_at_100": 0.02729,
    "precision_at_1000": 0.00416,
    "precision_at_3": 0.20767,
    "precision_at_5": 0.1708,
    "recall_at_1": 0.05258,
    "recall_at_10": 0.25248,
    "recall_at_100": 0.55383,
    "recall_at_1000": 0.8437,
    "recall_at_3": 0.12613,
    "recall_at_5": 0.17327
  }
}