{
  "dataset_revision": "0228b52cf27578f30900b9e5271d331663a030d7",
  "mteb_dataset_name": "SciFact",
  "mteb_version": "1.2.0",
  "test": {
    "evaluation_time": 4.12,
    "map_at_1": 0.61261,
    "map_at_10": 0.70437,
    "map_at_100": 0.71,
    "map_at_1000": 0.71021,
    "map_at_3": 0.67496,
    "map_at_5": 0.68992,
    "mrr_at_1": 0.64,
    "mrr_at_10": 0.71445,
    "mrr_at_100": 0.71902,
    "mrr_at_1000": 0.71922,
    "mrr_at_3": 0.69278,
    "mrr_at_5": 0.70494,
    "ndcg_at_1": 0.64,
    "ndcg_at_10": 0.74723,
    "ndcg_at_100": 0.77004,
    "ndcg_at_1000": 0.77438,
    "ndcg_at_3": 0.69771,
    "ndcg_at_5": 0.71951,
    "precision_at_1": 0.64,
    "precision_at_10": 0.09867,
    "precision_at_100": 0.01097,
    "precision_at_1000": 0.00113,
    "precision_at_3": 0.26889,
    "precision_at_5": 0.17667,
    "recall_at_1": 0.61261,
    "recall_at_10": 0.86822,
    "recall_at_100": 0.96833,
    "recall_at_1000": 1.0,
    "recall_at_3": 0.73506,
    "recall_at_5": 0.78994
  }
}