{
  "dataset_revision": "a6ea5a8cab320b040a23452cc28066d9beae2cee",
  "mteb_dataset_name": "SICK-R",
  "mteb_version": "1.2.0",
  "test": {
    "cos_sim": {
      "pearson": 0.8748350435131855,
      "spearman": 0.8283314240532476
    },
    "euclidean": {
      "pearson": 0.850122194657597,
      "spearman": 0.8283313556904743
    },
    "evaluation_time": 0.59,
    "manhattan": {
      "pearson": 0.8504074738233075,
      "spearman": 0.8284898146089048
    }
  }
}