{
  "dataset_revision": null,
  "mteb_dataset_name": "ArguAna",
  "mteb_version": "1.1.2",
  "test": {
    "evaluation_time": 1.74,
    "map_at_1": 0.39687,
    "map_at_10": 0.5612,
    "map_at_100": 0.5666,
    "map_at_1000": 0.56664,
    "map_at_3": 0.51671,
    "map_at_5": 0.54701,
    "mrr_at_1": 0.40398,
    "mrr_at_10": 0.56392,
    "mrr_at_100": 0.56926,
    "mrr_at_1000": 0.5693,
    "mrr_at_3": 0.52027,
    "mrr_at_5": 0.54943,
    "ndcg_at_1": 0.39687,
    "ndcg_at_10": 0.64436,
    "ndcg_at_100": 0.66509,
    "ndcg_at_1000": 0.66589,
    "ndcg_at_3": 0.55606,
    "ndcg_at_5": 0.61045,
    "precision_at_1": 0.39687,
    "precision_at_10": 0.09054,
    "precision_at_100": 0.00991,
    "precision_at_1000": 0.001,
    "precision_at_3": 0.22333,
    "precision_at_5": 0.16031,
    "recall_at_1": 0.39687,
    "recall_at_10": 0.90541,
    "recall_at_100": 0.99075,
    "recall_at_1000": 0.99644,
    "recall_at_3": 0.66999,
    "recall_at_5": 0.80156
  }
}