{
  "dataset_revision": "a6ea5a8cab320b040a23452cc28066d9beae2cee",
  "mteb_dataset_name": "SICK-R",
  "mteb_version": "1.1.2",
  "test": {
    "cos_sim": {
      "pearson": 0.8754340792789571,
      "spearman": 0.8299623661914918
    },
    "euclidean": {
      "pearson": 0.8488538863074646,
      "spearman": 0.8295651348659129
    },
    "evaluation_time": 1.14,
    "manhattan": {
      "pearson": 0.8117662108307506,
      "spearman": 0.804486299925861
    }
  }
}