{
  "dataset_revision": "b0fddb56ed78048fa8b90373c8a3cfc37b684831",
  "mteb_dataset_name": "STSBenchmark",
  "mteb_version": "1.1.2",
  "test": {
    "cos_sim": {
      "pearson": 0.8744849539257088,
      "spearman": 0.8775574911682372
    },
    "euclidean": {
      "pearson": 0.8882044695856145,
      "spearman": 0.8906376368195218
    },
    "evaluation_time": 0.17,
    "manhattan": {
      "pearson": 0.8646198033409903,
      "spearman": 0.8699019567379653
    }
  }
}