{
  "dataset_revision": "0fd18e25b25c072e09e0d92ab615fda904d66300",
  "mteb_dataset_name": "Banking77Classification",
  "mteb_version": "1.2.0",
  "test": {
    "accuracy": 0.851038961038961,
    "accuracy_stderr": 0.0035914433270194425,
    "evaluation_time": 19.84,
    "f1": 0.8450729682357576,
    "f1_stderr": 0.004462307582797406,
    "main_score": 0.851038961038961
  }
}