{
  "dataset_revision": null,
  "mteb_dataset_name": "CQADupstackPhysicsRetrieval",
  "mteb_version": "1.1.2",
  "test": {
    "evaluation_time": 9.96,
    "map_at_1": 0.30676,
    "map_at_10": 0.41785,
    "map_at_100": 0.43169,
    "map_at_1000": 0.43272,
    "map_at_3": 0.38462,
    "map_at_5": 0.4032,
    "mrr_at_1": 0.37729,
    "mrr_at_10": 0.47433,
    "mrr_at_100": 0.48303,
    "mrr_at_1000": 0.48337,
    "mrr_at_3": 0.45011,
    "mrr_at_5": 0.46455,
    "ndcg_at_1": 0.37729,
    "ndcg_at_10": 0.47921,
    "ndcg_at_100": 0.53477,
    "ndcg_at_1000": 0.553,
    "ndcg_at_3": 0.42695,
    "ndcg_at_5": 0.45175,
    "precision_at_1": 0.37729,
    "precision_at_10": 0.08653,
    "precision_at_100": 0.01336,
    "precision_at_1000": 0.00168,
    "precision_at_3": 0.2018,
    "precision_at_5": 0.14302,
    "recall_at_1": 0.30676,
    "recall_at_10": 0.60441,
    "recall_at_100": 0.8337,
    "recall_at_1000": 0.95092,
    "recall_at_3": 0.45964,
    "recall_at_5": 0.52319
  }
}