{
  "dataset_revision": "3d86128a09e091d6018b6d26cad27f2739fc2db7",
  "mteb_dataset_name": "ImdbClassification",
  "mteb_version": "1.1.2",
  "test": {
    "accuracy": 0.9351759999999999,
    "accuracy_stderr": 0.004606784561926022,
    "ap": 0.9059716095369375,
    "ap_stderr": 0.008331211238875568,
    "evaluation_time": 4.45,
    "f1": 0.9351346574796138,
    "f1_stderr": 0.004643765000521509,
    "main_score": 0.9351759999999999
  }
}