{
  "dataset_revision": "af5e6fb845001ecf41f4c1e033ce921939a2a68d",
  "mteb_dataset_name": "STS17",
  "mteb_version": "1.2.0",
  "test": {
    "en-en": {
      "cos_sim": {
        "pearson": 0.880635103200115,
        "spearman": 0.8790311138579117
      },
      "euclidean": {
        "pearson": 0.88537232283849,
        "spearman": 0.8790311138579117
      },
      "manhattan": {
        "pearson": 0.8869205997906415,
        "spearman": 0.8803280678212351
      }
    },
    "evaluation_time": 0.01
  }
}