{
  "dataset_revision": "d7c0de2777da35d6aae2200a62c6e0e5af397c4c",
  "mteb_dataset_name": "ToxicConversationsClassification",
  "mteb_version": "1.1.2",
  "test": {
    "accuracy": 0.723838,
    "accuracy_stderr": 0.04535198028752438,
    "ap": 0.15420400976414433,
    "ap_stderr": 0.011485012630343147,
    "evaluation_time": 6.09,
    "f1": 0.5601746347770167,
    "f1_stderr": 0.028350289887339352,
    "main_score": 0.723838
  }
}