{
  "dataset_revision": null,
  "mteb_dataset_name": "SciFact",
  "mteb_version": "1.1.2",
  "test": {
    "evaluation_time": 0.88,
    "map_at_1": 0.60761,
    "map_at_10": 0.70747,
    "map_at_100": 0.71119,
    "map_at_1000": 0.71136,
    "map_at_3": 0.67524,
    "map_at_5": 0.69494,
    "mrr_at_1": 0.63667,
    "mrr_at_10": 0.71721,
    "mrr_at_100": 0.71991,
    "mrr_at_1000": 0.72007,
    "mrr_at_3": 0.69333,
    "mrr_at_5": 0.7085,
    "ndcg_at_1": 0.63667,
    "ndcg_at_10": 0.75498,
    "ndcg_at_100": 0.77203,
    "ndcg_at_1000": 0.77587,
    "ndcg_at_3": 0.70043,
    "ndcg_at_5": 0.72952,
    "precision_at_1": 0.63667,
    "precision_at_10": 0.101,
    "precision_at_100": 0.011,
    "precision_at_1000": 0.00113,
    "precision_at_3": 0.27111,
    "precision_at_5": 0.18267,
    "recall_at_1": 0.60761,
    "recall_at_10": 0.89156,
    "recall_at_100": 0.97167,
    "recall_at_1000": 1.0,
    "recall_at_3": 0.74589,
    "recall_at_5": 0.81661
  }
}