{
  "dataset_revision": "eea2b4fe26a775864c896887d910b76a8098ad3f",
  "mteb_dataset_name": "STS22",
  "mteb_version": "1.1.2",
  "test": {
    "en": {
      "cos_sim": {
        "pearson": 0.6907077806416575,
        "spearman": 0.694414589822904
      },
      "euclidean": {
        "pearson": 0.7081535590171751,
        "spearman": 0.6972085873298653
      },
      "manhattan": {
        "pearson": 0.7056380057489696,
        "spearman": 0.6840793220277102
      }
    },
    "evaluation_time": 0.07
  }
}