{
  "dataset_revision": "4d8694f8f0e0100860b497b999b3dbed754a0513",
  "mteb_dataset_name": "STS16",
  "mteb_version": "1.1.2",
  "test": {
    "cos_sim": {
      "pearson": 0.8374963654091999,
      "spearman": 0.8525461152669609
    },
    "euclidean": {
      "pearson": 0.8644880369506112,
      "spearman": 0.8709628730547267
    },
    "evaluation_time": 0.18,
    "manhattan": {
      "pearson": 0.8608639102842359,
      "spearman": 0.8680060962343902
    }
  }
}