{
  "dataset_revision": "c22ab2a51041ffd869aaddef7af8d8215647e41a",
  "mteb_dataset_name": "ArguAna",
  "mteb_version": "1.2.0",
  "test": {
    "evaluation_time": 2.97,
    "map_at_1": 0.28805,
    "map_at_10": 0.45778,
    "map_at_100": 0.46609,
    "map_at_1000": 0.46613,
    "map_at_3": 0.40635,
    "map_at_5": 0.43687,
    "mrr_at_1": 0.29445,
    "mrr_at_10": 0.46035,
    "mrr_at_100": 0.46859,
    "mrr_at_1000": 0.46863,
    "mrr_at_3": 0.40932,
    "mrr_at_5": 0.43912,
    "ndcg_at_1": 0.28805,
    "ndcg_at_10": 0.55172,
    "ndcg_at_100": 0.58478,
    "ndcg_at_1000": 0.58565,
    "ndcg_at_3": 0.4462,
    "ndcg_at_5": 0.50123,
    "precision_at_1": 0.28805,
    "precision_at_10": 0.08514,
    "precision_at_100": 0.0099,
    "precision_at_1000": 0.001,
    "precision_at_3": 0.18729,
    "precision_at_5": 0.13912,
    "recall_at_1": 0.28805,
    "recall_at_10": 0.85135,
    "recall_at_100": 0.99004,
    "recall_at_1000": 0.99644,
    "recall_at_3": 0.56188,
    "recall_at_5": 0.69559
  }
}