{
  "dataset_revision": "a0d554a64d88156834ff5ae9920b964011b16384",
  "mteb_dataset_name": "STS12",
  "mteb_version": "1.2.0",
  "test": {
    "cos_sim": {
      "pearson": 0.8311507852783449,
      "spearman": 0.7424223628426776
    },
    "euclidean": {
      "pearson": 0.8265616983273459,
      "spearman": 0.7613631687512531
    },
    "evaluation_time": 0.54,
    "manhattan": {
      "pearson": 0.7706177277521129,
      "spearman": 0.7462858832881321
    }
  }
}