{
  "dataset_revision": "4d8694f8f0e0100860b497b999b3dbed754a0513",
  "mteb_dataset_name": "STS16",
  "mteb_version": "1.2.0",
  "test": {
    "cos_sim": {
      "pearson": 0.8384547906053905,
      "spearman": 0.8539131032805101
    },
    "euclidean": {
      "pearson": 0.8698474571423356,
      "spearman": 0.8744787241521691
    },
    "evaluation_time": 0.03,
    "manhattan": {
      "pearson": 0.8322840213404491,
      "spearman": 0.8352681487085906
    }
  }
}