{
  "dataset_revision": null,
  "mteb_dataset_name": "SciFact",
  "mteb_version": "1.1.2",
  "test": {
    "evaluation_time": 0.95,
    "map_at_1": 0.60661,
    "map_at_10": 0.69489,
    "map_at_100": 0.70084,
    "map_at_1000": 0.70105,
    "map_at_3": 0.66352,
    "map_at_5": 0.68395,
    "mrr_at_1": 0.63667,
    "mrr_at_10": 0.70481,
    "mrr_at_100": 0.7101,
    "mrr_at_1000": 0.71029,
    "mrr_at_3": 0.68222,
    "mrr_at_5": 0.69806,
    "ndcg_at_1": 0.63667,
    "ndcg_at_10": 0.73574,
    "ndcg_at_100": 0.76186,
    "ndcg_at_1000": 0.76618,
    "ndcg_at_3": 0.68582,
    "ndcg_at_5": 0.71517,
    "precision_at_1": 0.63667,
    "precision_at_10": 0.097,
    "precision_at_100": 0.01097,
    "precision_at_1000": 0.00113,
    "precision_at_3": 0.26333,
    "precision_at_5": 0.178,
    "recall_at_1": 0.60661,
    "recall_at_10": 0.84989,
    "recall_at_100": 0.96833,
    "recall_at_1000": 1.0,
    "recall_at_3": 0.71906,
    "recall_at_5": 0.79244
  }
}