{
  "dataset_revision": "b0fddb56ed78048fa8b90373c8a3cfc37b684831",
  "mteb_dataset_name": "STSBenchmark",
  "mteb_version": "1.1.2",
  "test": {
    "cos_sim": {
      "pearson": 0.8756916775142903,
      "spearman": 0.8837322040401842
    },
    "euclidean": {
      "pearson": 0.8900774867032198,
      "spearman": 0.8937171922239815
    },
    "evaluation_time": 0.27,
    "manhattan": {
      "pearson": 0.8816449197389611,
      "spearman": 0.8845549740577925
    }
  }
}