{
  "dataset_revision": "e8379541af4e31359cca9fbcf4b00f2671dba205",
  "mteb_dataset_name": "AmazonCounterfactualClassification",
  "mteb_version": "1.1.2",
  "test": {
    "en": {
      "accuracy": 0.7179104477611941,
      "accuracy_stderr": 0.033778859677391776,
      "ap": 0.3473868226092853,
      "ap_stderr": 0.0294924800518048,
      "f1": 0.6593939958642526,
      "f1_stderr": 0.030654189584035527,
      "main_score": 0.7179104477611941
    },
    "evaluation_time": 0.38
  }
}