{
  "dataset_revision": "4f58c6b202a23cf9a4da393831edf4f9183cad37",
  "mteb_dataset_name": "EmotionClassification",
  "mteb_version": "1.1.2",
  "test": {
    "accuracy": 0.54825,
    "accuracy_stderr": 0.028379790344539198,
    "evaluation_time": 0.47,
    "f1": 0.4805848844395403,
    "f1_stderr": 0.017090386887771487,
    "main_score": 0.54825
  }
}