{
  "dataset_revision": null,
  "mteb_dataset_name": "SciFact",
  "mteb_version": "1.1.2",
  "test": {
    "evaluation_time": 0.41,
    "map_at_1": 0.59361,
    "map_at_10": 0.68347,
    "map_at_100": 0.69074,
    "map_at_1000": 0.69104,
    "map_at_3": 0.65778,
    "map_at_5": 0.67358,
    "mrr_at_1": 0.62,
    "mrr_at_10": 0.6918,
    "mrr_at_100": 0.69773,
    "mrr_at_1000": 0.69802,
    "mrr_at_3": 0.67222,
    "mrr_at_5": 0.68522,
    "ndcg_at_1": 0.62,
    "ndcg_at_10": 0.72109,
    "ndcg_at_100": 0.74934,
    "ndcg_at_1000": 0.75622,
    "ndcg_at_3": 0.67916,
    "ndcg_at_5": 0.70249,
    "precision_at_1": 0.62,
    "precision_at_10": 0.09367,
    "precision_at_100": 0.01073,
    "precision_at_1000": 0.00113,
    "precision_at_3": 0.26222,
    "precision_at_5": 0.17267,
    "recall_at_1": 0.59361,
    "recall_at_10": 0.82589,
    "recall_at_100": 0.945,
    "recall_at_1000": 0.99667,
    "recall_at_3": 0.71506,
    "recall_at_5": 0.77428
  }
}