{
  "dataset_revision": "4f58c6b202a23cf9a4da393831edf4f9183cad37",
  "mteb_dataset_name": "EmotionClassification",
  "mteb_version": "1.1.2",
  "test": {
    "accuracy": 0.56125,
    "accuracy_stderr": 0.022542459936750484,
    "evaluation_time": 0.58,
    "f1": 0.501128760966233,
    "f1_stderr": 0.012854784969943925,
    "main_score": 0.56125
  }
}