{
  "dataset_revision": "ae752c7c21bf194d8b67fd573edf7ae58183cbe3",
  "mteb_dataset_name": "STS15",
  "mteb_version": "1.1.2",
  "test": {
    "cos_sim": {
      "pearson": 0.8622777959608476,
      "spearman": 0.8815593234866306
    },
    "euclidean": {
      "pearson": 0.8887530575242933,
      "spearman": 0.8929581150594171
    },
    "evaluation_time": 0.35,
    "manhattan": {
      "pearson": 0.8891586955657662,
      "spearman": 0.8936923560521323
    }
  }
}