{
  "dataset_revision": "af5e6fb845001ecf41f4c1e033ce921939a2a68d",
  "mteb_dataset_name": "STS17",
  "mteb_version": "1.2.0",
  "test": {
    "en-en": {
      "cos_sim": {
        "pearson": 0.9042865422862743,
        "spearman": 0.9020330190776238
      },
      "euclidean": {
        "pearson": 0.9073803869942001,
        "spearman": 0.9020330190776238
      },
      "manhattan": {
        "pearson": 0.9074888303963572,
        "spearman": 0.9033611091615842
      }
    },
    "evaluation_time": 0.18
  }
}