{
  "dataset_revision": "eea2b4fe26a775864c896887d910b76a8098ad3f",
  "mteb_dataset_name": "STS22",
  "mteb_version": "1.1.2",
  "test": {
    "en": {
      "cos_sim": {
        "pearson": 0.6861096272880409,
        "spearman": 0.6861416551715026
      },
      "euclidean": {
        "pearson": 0.7023051623718097,
        "spearman": 0.6861416551715026
      },
      "manhattan": {
        "pearson": 0.700790017587732,
        "spearman": 0.6824963551908214
      }
    },
    "evaluation_time": 0.27
  }
}