{
  "dataset_revision": "4d8694f8f0e0100860b497b999b3dbed754a0513",
  "mteb_dataset_name": "STS16",
  "mteb_version": "1.1.2",
  "test": {
    "cos_sim": {
      "pearson": 0.8376328127099759,
      "spearman": 0.8511505894299249
    },
    "euclidean": {
      "pearson": 0.8616652603191453,
      "spearman": 0.8678007530588181
    },
    "evaluation_time": 0.05,
    "manhattan": {
      "pearson": 0.8490109241457986,
      "spearman": 0.8567070846237539
    }
  }
}