{
  "dataset_revision": "4f58c6b202a23cf9a4da393831edf4f9183cad37",
  "mteb_dataset_name": "EmotionClassification",
  "mteb_version": "1.1.2",
  "test": {
    "accuracy": 0.56045,
    "accuracy_stderr": 0.02370701373011792,
    "evaluation_time": 0.76,
    "f1": 0.49629905723820383,
    "f1_stderr": 0.014314628625677525,
    "main_score": 0.56045
  }
}