{
  "dataset_revision": "eea2b4fe26a775864c896887d910b76a8098ad3f",
  "mteb_dataset_name": "STS22",
  "mteb_version": "1.1.2",
  "test": {
    "en": {
      "cos_sim": {
        "pearson": 0.6855931198304596,
        "spearman": 0.6930261366487485
      },
      "euclidean": {
        "pearson": 0.7056602252372437,
        "spearman": 0.6949663900878966
      },
      "manhattan": {
        "pearson": 0.7050217977936547,
        "spearman": 0.6875268528868678
      }
    },
    "evaluation_time": 0.08
  }
}