{
  "dataset_revision": "0fd18e25b25c072e09e0d92ab615fda904d66300",
  "mteb_dataset_name": "Banking77Classification",
  "mteb_version": "1.1.2",
  "test": {
    "accuracy": 0.8388961038961039,
    "accuracy_stderr": 0.0043603303803115626,
    "evaluation_time": 11.42,
    "f1": 0.8310254199585868,
    "f1_stderr": 0.005350963821938603,
    "main_score": 0.8388961038961039
  }
}