{
  "dataset_revision": "b0fddb56ed78048fa8b90373c8a3cfc37b684831",
  "mteb_dataset_name": "STSBenchmark",
  "mteb_version": "1.1.2",
  "test": {
    "cos_sim": {
      "pearson": 0.8735162391646744,
      "spearman": 0.8744647504055648
    },
    "euclidean": {
      "pearson": 0.8810652168343954,
      "spearman": 0.8856636963775263
    },
    "evaluation_time": 0.15,
    "manhattan": {
      "pearson": 0.8570079970467764,
      "spearman": 0.8626383728864984
    }
  }
}