{
  "dataset_revision": "d3fb88f8f02e40887cd149695127462bbcf29b4a",
  "mteb_dataset_name": "BIOSSES",
  "mteb_version": "1.1.2",
  "test": {
    "cos_sim": {
      "pearson": 0.8856973903435315,
      "spearman": 0.8740440120712887
    },
    "euclidean": {
      "pearson": 0.8669309278578707,
      "spearman": 0.8740440120712887
    },
    "evaluation_time": 0.11,
    "manhattan": {
      "pearson": 0.8685071536396847,
      "spearman": 0.8728451895745819
    }
  }
}