{
  "dataset_revision": "160c094312a0e1facb97e55eeddb698c0abe3571",
  "mteb_dataset_name": "CQADupstackWebmastersRetrieval",
  "mteb_version": "1.2.0",
  "test": {
    "evaluation_time": 20.25,
    "map_at_1": 0.24384,
    "map_at_10": 0.34098,
    "map_at_100": 0.35899,
    "map_at_1000": 0.36122,
    "map_at_3": 0.3132,
    "map_at_5": 0.3278,
    "mrr_at_1": 0.29842,
    "mrr_at_10": 0.39478,
    "mrr_at_100": 0.40654,
    "mrr_at_1000": 0.407,
    "mrr_at_3": 0.37154,
    "mrr_at_5": 0.38458,
    "ndcg_at_1": 0.29842,
    "ndcg_at_10": 0.40206,
    "ndcg_at_100": 0.46816,
    "ndcg_at_1000": 0.49037,
    "ndcg_at_3": 0.35738,
    "ndcg_at_5": 0.377,
    "precision_at_1": 0.29842,
    "precision_at_10": 0.07787,
    "precision_at_100": 0.01581,
    "precision_at_1000": 0.00244,
    "precision_at_3": 0.17128,
    "precision_at_5": 0.12292,
    "recall_at_1": 0.24384,
    "recall_at_10": 0.51454,
    "recall_at_100": 0.80126,
    "recall_at_1000": 0.9343,
    "recall_at_3": 0.38672,
    "recall_at_5": 0.44074
  }
}