{
  "dataset_revision": "90fceea13679c63fe563ded68f3b6f06e50061de",
  "mteb_dataset_name": "CQADupstackMathematicaRetrieval",
  "mteb_version": "1.2.0",
  "test": {
    "evaluation_time": 21.49,
    "map_at_1": 0.18775,
    "map_at_10": 0.27814,
    "map_at_100": 0.29028,
    "map_at_1000": 0.29147,
    "map_at_3": 0.24876,
    "map_at_5": 0.26634,
    "mrr_at_1": 0.23632,
    "mrr_at_10": 0.32861,
    "mrr_at_100": 0.33786,
    "mrr_at_1000": 0.33848,
    "mrr_at_3": 0.30058,
    "mrr_at_5": 0.31675,
    "ndcg_at_1": 0.23632,
    "ndcg_at_10": 0.3369,
    "ndcg_at_100": 0.39329,
    "ndcg_at_1000": 0.42059,
    "ndcg_at_3": 0.28389,
    "ndcg_at_5": 0.3101,
    "precision_at_1": 0.23632,
    "precision_at_10": 0.06281,
    "precision_at_100": 0.0105,
    "precision_at_1000": 0.00142,
    "precision_at_3": 0.13889,
    "precision_at_5": 0.10149,
    "recall_at_1": 0.18775,
    "recall_at_10": 0.46814,
    "recall_at_100": 0.71114,
    "recall_at_1000": 0.90351,
    "recall_at_3": 0.3208,
    "recall_at_5": 0.3882
  }
}