{
  "dataset_revision": "4f58c6b202a23cf9a4da393831edf4f9183cad37",
  "mteb_dataset_name": "EmotionClassification",
  "mteb_version": "1.2.0",
  "test": {
    "accuracy": 0.5479,
    "accuracy_stderr": 0.027358545282964154,
    "evaluation_time": 12.83,
    "f1": 0.48104433842633043,
    "f1_stderr": 0.016678511355143227,
    "main_score": 0.5479
  }
}