{
  "dataset_revision": "d66bd1f72af766a5cc4b0ca5e00c162f89e8cc46",
  "mteb_dataset_name": "SprintDuplicateQuestions",
  "mteb_version": "1.2.0",
  "test": {
    "cos_sim": {
      "accuracy": 0.9986732673267327,
      "accuracy_threshold": 0.8018358134745185,
      "ap": 0.9680455279906367,
      "f1": 0.933531746031746,
      "f1_threshold": 0.8018358134745185,
      "precision": 0.9261811023622047,
      "recall": 0.941
    },
    "dot": {
      "accuracy": 0.9986732673267327,
      "accuracy_threshold": 0.8018358134745183,
      "ap": 0.9680455279906367,
      "f1": 0.933531746031746,
      "f1_threshold": 0.8018358134745183,
      "precision": 0.9261811023622047,
      "recall": 0.941
    },
    "euclidean": {
      "accuracy": 0.9986732673267327,
      "accuracy_threshold": 0.6295460176369849,
      "ap": 0.9680455279906367,
      "f1": 0.933531746031746,
      "f1_threshold": 0.6295460176369849,
      "precision": 0.9261811023622047,
      "recall": 0.941
    },
    "evaluation_time": 48.06,
    "manhattan": {
      "accuracy": 0.9986831683168317,
      "accuracy_threshold": 30.258364021479288,
      "ap": 0.968297583978295,
      "f1": 0.934060485870104,
      "f1_threshold": 30.258364021479288,
      "precision": 0.9262536873156342,
      "recall": 0.942
    },
    "max": {
      "accuracy": 0.9986831683168317,
      "ap": 0.968297583978295,
      "f1": 0.934060485870104
    }
  }
}