{
  "dataset_revision": "af5e6fb845001ecf41f4c1e033ce921939a2a68d",
  "mteb_dataset_name": "STS17",
  "mteb_version": "1.1.2",
  "test": {
    "en-en": {
      "cos_sim": {
        "pearson": 0.8974882839918716,
        "spearman": 0.8968540443450049
      },
      "euclidean": {
        "pearson": 0.9010408241558565,
        "spearman": 0.8968540443450049
      },
      "manhattan": {
        "pearson": 0.9028712180185277,
        "spearman": 0.8989359360656214
      }
    },
    "evaluation_time": 1.26
  }
}