{
  "dataset_revision": "70970daeab8776df92f5ea462b6173c0b46fd2d1",
  "mteb_dataset_name": "TwitterSemEval2015",
  "mteb_version": "1.2.0",
  "test": {
    "cos_sim": {
      "accuracy": 0.8760207426834357,
      "accuracy_threshold": 0.8230579496527928,
      "ap": 0.7924672899533374,
      "f1": 0.7206414899120537,
      "f1_threshold": 0.8028848606236003,
      "precision": 0.7067478437341451,
      "recall": 0.7350923482849604
    },
    "dot": {
      "accuracy": 0.8760207426834357,
      "accuracy_threshold": 0.823057949652793,
      "ap": 0.7924672899533374,
      "f1": 0.7206414899120537,
      "f1_threshold": 0.8028848606236001,
      "precision": 0.7067478437341451,
      "recall": 0.7350923482849604
    },
    "euclidean": {
      "accuracy": 0.8760207426834357,
      "accuracy_threshold": 0.594881583770762,
      "ap": 0.7924672899533374,
      "f1": 0.7206414899120537,
      "f1_threshold": 0.627877596777066,
      "precision": 0.7067478437341451,
      "recall": 0.7350923482849604
    },
    "evaluation_time": 11.34,
    "manhattan": {
      "accuracy": 0.8761995589199499,
      "accuracy_threshold": 28.481005416658213,
      "ap": 0.7919793433579596,
      "f1": 0.7193320488118177,
      "f1_threshold": 30.062356526932067,
      "precision": 0.7008760951188986,
      "recall": 0.7387862796833773
    },
    "max": {
      "accuracy": 0.8761995589199499,
      "ap": 0.7924672899533374,
      "f1": 0.7206414899120537
    }
  }
}