{
  "dataset_revision": "eea2b4fe26a775864c896887d910b76a8098ad3f",
  "mteb_dataset_name": "STS22",
  "mteb_version": "1.1.2",
  "test": {
    "en": {
      "cos_sim": {
        "pearson": 0.6859039364234855,
        "spearman": 0.694530972474665
      },
      "euclidean": {
        "pearson": 0.7094546989357491,
        "spearman": 0.6990951256989699
      },
      "manhattan": {
        "pearson": 0.712150788013705,
        "spearman": 0.6975479689087766
      }
    },
    "evaluation_time": 0.05
  }
}