{
  "dataset_revision": null,
  "mteb_dataset_name": "ArguAna",
  "mteb_version": "1.1.2",
  "test": {
    "evaluation_time": 9.73,
    "map_at_1": 0.29445,
    "map_at_10": 0.46731,
    "map_at_100": 0.47517,
    "map_at_1000": 0.4752,
    "map_at_3": 0.41809,
    "map_at_5": 0.44522,
    "mrr_at_1": 0.29943,
    "mrr_at_10": 0.46932,
    "mrr_at_100": 0.47711,
    "mrr_at_1000": 0.47714,
    "mrr_at_3": 0.42022,
    "mrr_at_5": 0.44729,
    "ndcg_at_1": 0.29445,
    "ndcg_at_10": 0.56145,
    "ndcg_at_100": 0.59256,
    "ndcg_at_1000": 0.59324,
    "ndcg_at_3": 0.4595,
    "ndcg_at_5": 0.50856,
    "precision_at_1": 0.29445,
    "precision_at_10": 0.08613,
    "precision_at_100": 0.00991,
    "precision_at_1000": 0.001,
    "precision_at_3": 0.19322,
    "precision_at_5": 0.13983,
    "recall_at_1": 0.29445,
    "recall_at_10": 0.86131,
    "recall_at_100": 0.99147,
    "recall_at_1000": 0.99644,
    "recall_at_3": 0.57966,
    "recall_at_5": 0.69915
  }
}