{
  "dataset_revision": "7e90230a92c190f1bf69ae9002b8cea547a64cca",
  "mteb_dataset_name": "STS13",
  "mteb_version": "1.1.2",
  "test": {
    "cos_sim": {
      "pearson": 0.8676057629065845,
      "spearman": 0.869693385163788
    },
    "euclidean": {
      "pearson": 0.8632143104076513,
      "spearman": 0.869693385163788
    },
    "evaluation_time": 0.44,
    "manhattan": {
      "pearson": 0.8659094264741208,
      "spearman": 0.8719814312741421
    }
  }
}