{
  "dataset_revision": "a0d554a64d88156834ff5ae9920b964011b16384",
  "mteb_dataset_name": "STS12",
  "mteb_version": "1.2.0",
  "test": {
    "cos_sim": {
      "pearson": 0.8465673660981206,
      "spearman": 0.7580703295818536
    },
    "euclidean": {
      "pearson": 0.8133563382803136,
      "spearman": 0.7580703295818536
    },
    "evaluation_time": 0.48,
    "manhattan": {
      "pearson": 0.8104024652013644,
      "spearman": 0.7592033615833503
    }
  }
}