{
  "dataset_revision": "70970daeab8776df92f5ea462b6173c0b46fd2d1",
  "mteb_dataset_name": "TwitterSemEval2015",
  "mteb_version": "1.1.2",
  "test": {
    "cos_sim": {
      "accuracy": 0.8683912499254932,
      "accuracy_threshold": 0.8146500436004867,
      "ap": 0.7673720599413207,
      "f1": 0.7045766305025566,
      "f1_threshold": 0.7833451099913596,
      "precision": 0.6680066209505794,
      "recall": 0.7453825857519789
    },
    "dot": {
      "accuracy": 0.8683912499254932,
      "accuracy_threshold": 0.8146500436004868,
      "ap": 0.7673720599413207,
      "f1": 0.7045766305025566,
      "f1_threshold": 0.7833451099913596,
      "precision": 0.6680066209505794,
      "recall": 0.7453825857519789
    },
    "euclidean": {
      "accuracy": 0.8683912499254932,
      "accuracy_threshold": 0.608851301986612,
      "ap": 0.7673720599413207,
      "f1": 0.7045766305025566,
      "f1_threshold": 0.6582626979780014,
      "precision": 0.6680066209505794,
      "recall": 0.7453825857519789
    },
    "evaluation_time": 11.22,
    "manhattan": {
      "accuracy": 0.8686892769863503,
      "accuracy_threshold": 25.795251975313526,
      "ap": 0.770247826037157,
      "f1": 0.7080528546497133,
      "f1_threshold": 27.37785216090242,
      "precision": 0.6710775047258979,
      "recall": 0.7493403693931399
    },
    "max": {
      "accuracy": 0.8686892769863503,
      "ap": 0.770247826037157,
      "f1": 0.7080528546497133
    }
  }
}