{
  "dataset_revision": "6031580fec1f6af667f0bd2da0a551cf4f0b2375",
  "mteb_dataset_name": "STS14",
  "mteb_version": "1.2.0",
  "test": {
    "cos_sim": {
      "pearson": 0.867149891535407,
      "spearman": 0.8364285920242022
    },
    "euclidean": {
      "pearson": 0.834709496049388,
      "spearman": 0.8369593663715594
    },
    "evaluation_time": 0.1,
    "manhattan": {
      "pearson": 0.7849081826606088,
      "spearman": 0.8011077233246319
    }
  }
}