{
  "dataset_revision": "4d8694f8f0e0100860b497b999b3dbed754a0513",
  "mteb_dataset_name": "STS16",
  "mteb_version": "1.2.0",
  "test": {
    "cos_sim": {
      "pearson": 0.8428711057177294,
      "spearman": 0.8571507087747502
    },
    "euclidean": {
      "pearson": 0.8715385033384413,
      "spearman": 0.8770442788617476
    },
    "evaluation_time": 0.03,
    "manhattan": {
      "pearson": 0.8333651208574517,
      "spearman": 0.8372466239846986
    }
  }
}