{
  "dataset_revision": "ae752c7c21bf194d8b67fd573edf7ae58183cbe3",
  "mteb_dataset_name": "STS15",
  "mteb_version": "1.2.0",
  "test": {
    "cos_sim": {
      "pearson": 0.8796058126039724,
      "spearman": 0.8919353365416864
    },
    "euclidean": {
      "pearson": 0.899351954343739,
      "spearman": 0.9049751307235199
    },
    "evaluation_time": 0.93,
    "manhattan": {
      "pearson": 0.8825965508915526,
      "spearman": 0.8911328198009043
    }
  }
}