{
  "dataset_revision": "6031580fec1f6af667f0bd2da0a551cf4f0b2375",
  "mteb_dataset_name": "STS14",
  "mteb_version": "1.1.2",
  "test": {
    "cos_sim": {
      "pearson": 0.8648967011921954,
      "spearman": 0.8317182217151277
    },
    "euclidean": {
      "pearson": 0.867143300101507,
      "spearman": 0.8486598755888207
    },
    "evaluation_time": 0.64,
    "manhattan": {
      "pearson": 0.8382402310024516,
      "spearman": 0.8291586705031466
    }
  }
}