{
  "dataset_revision": "0fd18e25b25c072e09e0d92ab615fda904d66300",
  "mteb_dataset_name": "Banking77Classification",
  "mteb_version": "1.1.2",
  "test": {
    "accuracy": 0.8366233766233766,
    "accuracy_stderr": 0.0041599006176745385,
    "evaluation_time": 11.27,
    "f1": 0.8290748838840536,
    "f1_stderr": 0.005428347689050393,
    "main_score": 0.8366233766233766
  }
}