{
  "dataset_revision": "7e90230a92c190f1bf69ae9002b8cea547a64cca",
  "mteb_dataset_name": "STS13",
  "mteb_version": "1.1.2",
  "test": {
    "cos_sim": {
      "pearson": 0.876942939059126,
      "spearman": 0.8820553431000757
    },
    "euclidean": {
      "pearson": 0.8879589896117035,
      "spearman": 0.8967263270819337
    },
    "evaluation_time": 0.1,
    "manhattan": {
      "pearson": 0.8658165902345261,
      "spearman": 0.8736765797886615
    }
  }
}