{
  "dataset_revision": "e8379541af4e31359cca9fbcf4b00f2671dba205",
  "mteb_dataset_name": "AmazonCounterfactualClassification",
  "mteb_version": "1.1.2",
  "test": {
    "en": {
      "accuracy": 0.7704477611940298,
      "accuracy_stderr": 0.037508742576353685,
      "ap": 0.40490194241977334,
      "ap_stderr": 0.042809570872763984,
      "f1": 0.7108521653083975,
      "f1_stderr": 0.03635628890285032,
      "main_score": 0.7704477611940298
    },
    "evaluation_time": 0.76
  }
}