{
  "dataset_revision": "3d86128a09e091d6018b6d26cad27f2739fc2db7",
  "mteb_dataset_name": "ImdbClassification",
  "mteb_version": "1.1.2",
  "test": {
    "accuracy": 0.923372,
    "accuracy_stderr": 0.008434937818383729,
    "ap": 0.8876565284000982,
    "ap_stderr": 0.010670335862170888,
    "evaluation_time": 4.11,
    "f1": 0.9232830139823835,
    "f1_stderr": 0.008475024237068971,
    "main_score": 0.923372
  }
}