{
  "dataset_revision": "7e90230a92c190f1bf69ae9002b8cea547a64cca",
  "mteb_dataset_name": "STS13",
  "mteb_version": "1.1.2",
  "test": {
    "cos_sim": {
      "pearson": 0.888357025942906,
      "spearman": 0.8928594135184559
    },
    "euclidean": {
      "pearson": 0.8864534405586687,
      "spearman": 0.8928587552111417
    },
    "evaluation_time": 0.08,
    "manhattan": {
      "pearson": 0.8862427507708597,
      "spearman": 0.8925373208941088
    }
  }
}