{
  "dataset_revision": null,
  "mteb_dataset_name": "ArguAna",
  "mteb_version": "1.1.2",
  "test": {
    "evaluation_time": 26.2,
    "map_at_1": 0.41892,
    "map_at_10": 0.57793,
    "map_at_100": 0.58284,
    "map_at_1000": 0.58287,
    "map_at_3": 0.5377,
    "map_at_5": 0.56245,
    "mrr_at_1": 0.4239,
    "mrr_at_10": 0.57977,
    "mrr_at_100": 0.58468,
    "mrr_at_1000": 0.5847,
    "mrr_at_3": 0.53924,
    "mrr_at_5": 0.56417,
    "ndcg_at_1": 0.41892,
    "ndcg_at_10": 0.65868,
    "ndcg_at_100": 0.6778,
    "ndcg_at_1000": 0.67839,
    "ndcg_at_3": 0.57744,
    "ndcg_at_5": 0.62185,
    "precision_at_1": 0.41892,
    "precision_at_10": 0.09125,
    "precision_at_100": 0.00992,
    "precision_at_1000": 0.001,
    "precision_at_3": 0.23092,
    "precision_at_5": 0.16003,
    "recall_at_1": 0.41892,
    "recall_at_10": 0.91252,
    "recall_at_100": 0.99218,
    "recall_at_1000": 0.99644,
    "recall_at_3": 0.69275,
    "recall_at_5": 0.80014
  }
}