{
  "dataset_revision": "d3fb88f8f02e40887cd149695127462bbcf29b4a",
  "mteb_dataset_name": "BIOSSES",
  "mteb_version": "1.1.2",
  "test": {
    "cos_sim": {
      "pearson": 0.8909825867650636,
      "spearman": 0.8801766819288136
    },
    "euclidean": {
      "pearson": 0.8720297108132413,
      "spearman": 0.8801766819288136
    },
    "evaluation_time": 0.22,
    "manhattan": {
      "pearson": 0.8768179072577815,
      "spearman": 0.8782850725621507
    }
  }
}