{
  "dataset_revision": "4f58c6b202a23cf9a4da393831edf4f9183cad37",
  "mteb_dataset_name": "EmotionClassification",
  "mteb_version": "1.2.0",
  "test": {
    "accuracy": 0.5486000000000001,
    "accuracy_stderr": 0.027123605954961084,
    "evaluation_time": 1.47,
    "f1": 0.4811988297394089,
    "f1_stderr": 0.0164058210536471,
    "main_score": 0.5486000000000001
  }
}