{
  "dataset_revision": "0228b52cf27578f30900b9e5271d331663a030d7",
  "mteb_dataset_name": "SciFact",
  "mteb_version": "1.2.0",
  "test": {
    "evaluation_time": 2.28,
    "map_at_1": 0.61594,
    "map_at_10": 0.70678,
    "map_at_100": 0.71265,
    "map_at_1000": 0.71286,
    "map_at_3": 0.67707,
    "map_at_5": 0.69256,
    "mrr_at_1": 0.64333,
    "mrr_at_10": 0.71559,
    "mrr_at_100": 0.72036,
    "mrr_at_1000": 0.72055,
    "mrr_at_3": 0.69278,
    "mrr_at_5": 0.70611,
    "ndcg_at_1": 0.64333,
    "ndcg_at_10": 0.74881,
    "ndcg_at_100": 0.77189,
    "ndcg_at_1000": 0.7762,
    "ndcg_at_3": 0.69898,
    "ndcg_at_5": 0.72154,
    "precision_at_1": 0.64333,
    "precision_at_10": 0.09867,
    "precision_at_100": 0.01097,
    "precision_at_1000": 0.00113,
    "precision_at_3": 0.27,
    "precision_at_5": 0.17667,
    "recall_at_1": 0.61594,
    "recall_at_10": 0.86822,
    "recall_at_100": 0.96833,
    "recall_at_1000": 1.0,
    "recall_at_3": 0.73406,
    "recall_at_5": 0.79161
  }
}