{
  "dataset_revision": "a6ea5a8cab320b040a23452cc28066d9beae2cee",
  "mteb_dataset_name": "SICK-R",
  "mteb_version": "1.1.2",
  "test": {
    "cos_sim": {
      "pearson": 0.872508325873065,
      "spearman": 0.8272880152456576
    },
    "euclidean": {
      "pearson": 0.8462838934592578,
      "spearman": 0.8272880152456576
    },
    "evaluation_time": 26.55,
    "manhattan": {
      "pearson": 0.8479576548718933,
      "spearman": 0.8265331133928749
    }
  }
}