{
  "dataset_revision": "a0d554a64d88156834ff5ae9920b964011b16384",
  "mteb_dataset_name": "STS12",
  "mteb_version": "1.2.0",
  "test": {
    "cos_sim": {
      "pearson": 0.8769564672417318,
      "spearman": 0.7934732791964506
    },
    "euclidean": {
      "pearson": 0.8462587907128517,
      "spearman": 0.7934732791964506
    },
    "evaluation_time": 1.57,
    "manhattan": {
      "pearson": 0.8431486416282197,
      "spearman": 0.7914839231183857
    }
  }
}