{
  "dataset_revision": "4f58c6b202a23cf9a4da393831edf4f9183cad37",
  "mteb_dataset_name": "EmotionClassification",
  "mteb_version": "1.1.2",
  "test": {
    "accuracy": 0.5639,
    "accuracy_stderr": 0.02229887889558575,
    "evaluation_time": 0.61,
    "f1": 0.4996547661874251,
    "f1_stderr": 0.01356854866679799,
    "main_score": 0.5639
  }
}