{
  "dataset_revision": "c22ab2a51041ffd869aaddef7af8d8215647e41a",
  "mteb_dataset_name": "ArguAna",
  "mteb_version": "1.2.0",
  "test": {
    "evaluation_time": 1.47,
    "map_at_1": 0.40185,
    "map_at_10": 0.56609,
    "map_at_100": 0.57129,
    "map_at_1000": 0.57133,
    "map_at_3": 0.52466,
    "map_at_5": 0.55154,
    "mrr_at_1": 0.41181,
    "mrr_at_10": 0.56952,
    "mrr_at_100": 0.57466,
    "mrr_at_1000": 0.5747,
    "mrr_at_3": 0.52833,
    "mrr_at_5": 0.5549,
    "ndcg_at_1": 0.40185,
    "ndcg_at_10": 0.64777,
    "ndcg_at_100": 0.66834,
    "ndcg_at_1000": 0.66919,
    "ndcg_at_3": 0.56472,
    "ndcg_at_5": 0.61296,
    "precision_at_1": 0.40185,
    "precision_at_10": 0.0904,
    "precision_at_100": 0.0099,
    "precision_at_1000": 0.001,
    "precision_at_3": 0.22688,
    "precision_at_5": 0.15946,
    "recall_at_1": 0.40185,
    "recall_at_10": 0.90398,
    "recall_at_100": 0.99004,
    "recall_at_1000": 0.99644,
    "recall_at_3": 0.68065,
    "recall_at_5": 0.7973
  }
}