{
  "dataset_revision": "4f58c6b202a23cf9a4da393831edf4f9183cad37",
  "mteb_dataset_name": "EmotionClassification",
  "mteb_version": "1.2.0",
  "test": {
    "accuracy": 0.5505500000000001,
    "accuracy_stderr": 0.02501144737915021,
    "evaluation_time": 4.4,
    "f1": 0.48186552394718696,
    "f1_stderr": 0.013551347181023757,
    "main_score": 0.5505500000000001
  }
}