{
  "dataset_revision": "eea2b4fe26a775864c896887d910b76a8098ad3f",
  "mteb_dataset_name": "STS22",
  "mteb_version": "1.2.0",
  "test": {
    "en": {
      "cos_sim": {
        "pearson": 0.6811916571001528,
        "spearman": 0.6929724215787051
      },
      "euclidean": {
        "pearson": 0.7033108355943833,
        "spearman": 0.6908734645235192
      },
      "manhattan": {
        "pearson": 0.7083623223973488,
        "spearman": 0.6980745393681428
      }
    },
    "evaluation_time": 0.02
  }
}