{
  "dataset_revision": "70970daeab8776df92f5ea462b6173c0b46fd2d1",
  "mteb_dataset_name": "TwitterSemEval2015",
  "mteb_version": "1.2.0",
  "test": {
    "cos_sim": {
      "accuracy": 0.8745902127913214,
      "accuracy_threshold": 0.751583671213098,
      "ap": 0.7780596445444711,
      "f1": 0.7150381880431921,
      "f1_threshold": 0.725312706330637,
      "precision": 0.7137223974763407,
      "recall": 0.716358839050132
    },
    "dot": {
      "accuracy": 0.8527150265244084,
      "accuracy_threshold": 0.42519254141685187,
      "ap": 0.7161125107943703,
      "f1": 0.6588349279399298,
      "f1_threshold": 0.39055092362042665,
      "precision": 0.608909782852026,
      "recall": 0.7176781002638523
    },
    "euclidean": {
      "accuracy": 0.8755438993860643,
      "accuracy_threshold": 0.5347387089359225,
      "ap": 0.7804673064479102,
      "f1": 0.7168152706266483,
      "f1_threshold": 0.5687113946975694,
      "precision": 0.6839204409297868,
      "recall": 0.7530343007915568
    },
    "evaluation_time": 0.48,
    "manhattan": {
      "accuracy": 0.8726828396018358,
      "accuracy_threshold": 6.452784728715178,
      "ap": 0.776208215606075,
      "f1": 0.7112171837708829,
      "f1_threshold": 6.757326128899917,
      "precision": 0.714818763326226,
      "recall": 0.7076517150395778
    },
    "max": {
      "accuracy": 0.8755438993860643,
      "ap": 0.7804673064479102,
      "f1": 0.7168152706266483
    }
  }
}