{
  "dataset_revision": null,
  "mteb_dataset_name": "ArguAna",
  "mteb_version": "1.1.2",
  "test": {
    "evaluation_time": 1.62,
    "map_at_1": 0.36344,
    "map_at_10": 0.53236,
    "map_at_100": 0.53845,
    "map_at_1000": 0.53849,
    "map_at_3": 0.48696,
    "map_at_5": 0.51619,
    "mrr_at_1": 0.36984,
    "mrr_at_10": 0.53483,
    "mrr_at_100": 0.54092,
    "mrr_at_1000": 0.54096,
    "mrr_at_3": 0.49052,
    "mrr_at_5": 0.51854,
    "ndcg_at_1": 0.36344,
    "ndcg_at_10": 0.6195,
    "ndcg_at_100": 0.64298,
    "ndcg_at_1000": 0.64377,
    "ndcg_at_3": 0.52823,
    "ndcg_at_5": 0.58078,
    "precision_at_1": 0.36344,
    "precision_at_10": 0.0894,
    "precision_at_100": 0.00991,
    "precision_at_1000": 0.001,
    "precision_at_3": 0.21598,
    "precision_at_5": 0.15505,
    "recall_at_1": 0.36344,
    "recall_at_10": 0.89403,
    "recall_at_100": 0.99075,
    "recall_at_1000": 0.99644,
    "recall_at_3": 0.64794,
    "recall_at_5": 0.77525
  }
}