{
  "dataset_revision": "ae752c7c21bf194d8b67fd573edf7ae58183cbe3",
  "mteb_dataset_name": "STS15",
  "mteb_version": "1.1.2",
  "test": {
    "cos_sim": {
      "pearson": 0.8760467142014385,
      "spearman": 0.8904073611732078
    },
    "euclidean": {
      "pearson": 0.8979835881292287,
      "spearman": 0.9034438478439527
    },
    "evaluation_time": 0.26,
    "manhattan": {
      "pearson": 0.888367391330445,
      "spearman": 0.8954367556394681
    }
  }
}