{
  "dataset_revision": "b0fddb56ed78048fa8b90373c8a3cfc37b684831",
  "mteb_dataset_name": "STSBenchmark",
  "mteb_version": "1.1.2",
  "test": {
    "cos_sim": {
      "pearson": 0.8731671877454772,
      "spearman": 0.882522074037561
    },
    "euclidean": {
      "pearson": 0.8915608925719534,
      "spearman": 0.894533474935395
    },
    "evaluation_time": 0.15,
    "manhattan": {
      "pearson": 0.8856285773455462,
      "spearman": 0.8863007191502804
    }
  }
}