{
  "dataset_revision": "0fd18e25b25c072e09e0d92ab615fda904d66300",
  "mteb_dataset_name": "Banking77Classification",
  "mteb_version": "1.2.0",
  "test": {
    "accuracy": 0.8472077922077922,
    "accuracy_stderr": 0.004840167572359527,
    "evaluation_time": 11.02,
    "f1": 0.8405638827110092,
    "f1_stderr": 0.006137373943684333,
    "main_score": 0.8472077922077922
  }
}