{
  "dataset_revision": "a6ea5a8cab320b040a23452cc28066d9beae2cee",
  "mteb_dataset_name": "SICK-R",
  "mteb_version": "1.2.0",
  "test": {
    "cos_sim": {
      "pearson": 0.8780622468458881,
      "spearman": 0.8302055992877064
    },
    "euclidean": {
      "pearson": 0.8547441306122807,
      "spearman": 0.8295934255241129
    },
    "evaluation_time": 2.36,
    "manhattan": {
      "pearson": 0.8158255688338452,
      "spearman": 0.8049786612721229
    }
  }
}