{
  "dataset_revision": "ae752c7c21bf194d8b67fd573edf7ae58183cbe3",
  "mteb_dataset_name": "STS15",
  "mteb_version": "1.2.0",
  "test": {
    "cos_sim": {
      "pearson": 0.8655463403389212,
      "spearman": 0.8844524552617834
    },
    "euclidean": {
      "pearson": 0.8899068350428172,
      "spearman": 0.894159557229766
    },
    "evaluation_time": 0.5,
    "manhattan": {
      "pearson": 0.8896468490506917,
      "spearman": 0.8939583522329142
    }
  }
}