{
  "dataset_revision": "0fd18e25b25c072e09e0d92ab615fda904d66300",
  "mteb_dataset_name": "Banking77Classification",
  "mteb_version": "1.1.2",
  "test": {
    "accuracy": 0.8462337662337662,
    "accuracy_stderr": 0.005133978299127792,
    "evaluation_time": 6.01,
    "f1": 0.8395490940251189,
    "f1_stderr": 0.006381524612296669,
    "main_score": 0.8462337662337662
  }
}