{
  "dataset_revision": "eea2b4fe26a775864c896887d910b76a8098ad3f",
  "mteb_dataset_name": "STS22",
  "mteb_version": "1.1.2",
  "test": {
    "en": {
      "cos_sim": {
        "pearson": 0.6853168405097367,
        "spearman": 0.6947775734780468
      },
      "euclidean": {
        "pearson": 0.7077739773901917,
        "spearman": 0.6984790301228646
      },
      "manhattan": {
        "pearson": 0.7096843635578081,
        "spearman": 0.6940947409967357
      }
    },
    "evaluation_time": 0.11
  }
}