{
  "dataset_revision": "ad9991cb51e31e31e430383c75ffb2885547b5f0",
  "mteb_dataset_name": "CQADupstackEnglishRetrieval",
  "mteb_version": "1.2.0",
  "test": {
    "evaluation_time": 10.42,
    "map_at_1": 0.32932,
    "map_at_10": 0.44312,
    "map_at_100": 0.45619,
    "map_at_1000": 0.4575,
    "map_at_3": 0.41044,
    "map_at_5": 0.42961,
    "mrr_at_1": 0.41592,
    "mrr_at_10": 0.50563,
    "mrr_at_100": 0.51171,
    "mrr_at_1000": 0.51208,
    "mrr_at_3": 0.48397,
    "mrr_at_5": 0.49645,
    "ndcg_at_1": 0.41592,
    "ndcg_at_10": 0.50328,
    "ndcg_at_100": 0.54616,
    "ndcg_at_1000": 0.56491,
    "ndcg_at_3": 0.46003,
    "ndcg_at_5": 0.48087,
    "precision_at_1": 0.41592,
    "precision_at_10": 0.09541,
    "precision_at_100": 0.01523,
    "precision_at_1000": 0.00198,
    "precision_at_3": 0.22357,
    "precision_at_5": 0.15847,
    "recall_at_1": 0.32932,
    "recall_at_10": 0.60813,
    "recall_at_100": 0.78715,
    "recall_at_1000": 0.90415,
    "recall_at_3": 0.47684,
    "recall_at_5": 0.53699
  }
}