{
  "dataset_revision": "6184bc1440d2dbc7612be22b50686b8826d22b32",
  "mteb_dataset_name": "CQADupstackProgrammersRetrieval",
  "mteb_version": "1.2.0",
  "test": {
    "evaluation_time": 8.46,
    "map_at_1": 0.27189,
    "map_at_10": 0.38798,
    "map_at_100": 0.40147,
    "map_at_1000": 0.40256,
    "map_at_3": 0.34936,
    "map_at_5": 0.36808,
    "mrr_at_1": 0.33676,
    "mrr_at_10": 0.44279,
    "mrr_at_100": 0.4508,
    "mrr_at_1000": 0.45129,
    "mrr_at_3": 0.41248,
    "mrr_at_5": 0.4292,
    "ndcg_at_1": 0.33676,
    "ndcg_at_10": 0.45478,
    "ndcg_at_100": 0.50883,
    "ndcg_at_1000": 0.52893,
    "ndcg_at_3": 0.39147,
    "ndcg_at_5": 0.41711,
    "precision_at_1": 0.33676,
    "precision_at_10": 0.08676,
    "precision_at_100": 0.01301,
    "precision_at_1000": 0.00165,
    "precision_at_3": 0.18912,
    "precision_at_5": 0.1363,
    "recall_at_1": 0.27189,
    "recall_at_10": 0.59812,
    "recall_at_100": 0.82715,
    "recall_at_1000": 0.95792,
    "recall_at_3": 0.42025,
    "recall_at_5": 0.48911
  }
}