{
  "dataset_revision": "5003b3064772da1887988e05400cf3806fe491f2",
  "mteb_dataset_name": "CQADupstackGisRetrieval",
  "mteb_version": "1.2.0",
  "test": {
    "evaluation_time": 10.0,
    "map_at_1": 0.28946,
    "map_at_10": 0.38501,
    "map_at_100": 0.39545,
    "map_at_1000": 0.39615,
    "map_at_3": 0.35599,
    "map_at_5": 0.37127,
    "mrr_at_1": 0.31299,
    "mrr_at_10": 0.40679,
    "mrr_at_100": 0.41577,
    "mrr_at_1000": 0.41627,
    "mrr_at_3": 0.3806,
    "mrr_at_5": 0.39484,
    "ndcg_at_1": 0.31299,
    "ndcg_at_10": 0.44033,
    "ndcg_at_100": 0.49007,
    "ndcg_at_1000": 0.5073,
    "ndcg_at_3": 0.38397,
    "ndcg_at_5": 0.40943,
    "precision_at_1": 0.31299,
    "precision_at_10": 0.0678,
    "precision_at_100": 0.00973,
    "precision_at_1000": 0.00116,
    "precision_at_3": 0.16234,
    "precision_at_5": 0.11254,
    "recall_at_1": 0.28946,
    "recall_at_10": 0.59077,
    "recall_at_100": 0.8141,
    "recall_at_1000": 0.94162,
    "recall_at_3": 0.43764,
    "recall_at_5": 0.49756
  }
}