{
  "dataset_revision": "f46a197baaae43b4f621051089b82a364682dfeb",
  "mteb_dataset_name": "CQADupstackAndroidRetrieval",
  "mteb_version": "1.2.0",
  "test": {
    "evaluation_time": 6.4,
    "map_at_1": 0.34709,
    "map_at_10": 0.46744,
    "map_at_100": 0.48288,
    "map_at_1000": 0.48401,
    "map_at_3": 0.43006,
    "map_at_5": 0.45,
    "mrr_at_1": 0.42918,
    "mrr_at_10": 0.53355,
    "mrr_at_100": 0.53995,
    "mrr_at_1000": 0.54024,
    "mrr_at_3": 0.50906,
    "mrr_at_5": 0.52351,
    "ndcg_at_1": 0.42918,
    "ndcg_at_10": 0.53668,
    "ndcg_at_100": 0.58938,
    "ndcg_at_1000": 0.60421,
    "ndcg_at_3": 0.48508,
    "ndcg_at_5": 0.50703,
    "precision_at_1": 0.42918,
    "precision_at_10": 0.10372,
    "precision_at_100": 0.01645,
    "precision_at_1000": 0.00209,
    "precision_at_3": 0.23271,
    "precision_at_5": 0.16738,
    "recall_at_1": 0.34709,
    "recall_at_10": 0.6633,
    "recall_at_100": 0.88684,
    "recall_at_1000": 0.97593,
    "recall_at_3": 0.50996,
    "recall_at_5": 0.5732
  }
}