{
  "dataset_revision": "27a168819829fe9bcd655c2df245fb19452e8e06",
  "mteb_dataset_name": "FiQA2018",
  "mteb_version": "1.2.0",
  "test": {
    "evaluation_time": 13.16,
    "map_at_1": 0.23995,
    "map_at_10": 0.38749,
    "map_at_100": 0.40824,
    "map_at_1000": 0.40998,
    "map_at_3": 0.33918,
    "map_at_5": 0.36719,
    "mrr_at_1": 0.47222,
    "mrr_at_10": 0.55772,
    "mrr_at_100": 0.56493,
    "mrr_at_1000": 0.56525,
    "mrr_at_3": 0.53344,
    "mrr_at_5": 0.54756,
    "ndcg_at_1": 0.47222,
    "ndcg_at_10": 0.47022,
    "ndcg_at_100": 0.538,
    "ndcg_at_1000": 0.56442,
    "ndcg_at_3": 0.43087,
    "ndcg_at_5": 0.44449,
    "precision_at_1": 0.47222,
    "precision_at_10": 0.12963,
    "precision_at_100": 0.02,
    "precision_at_1000": 0.00247,
    "precision_at_3": 0.28704,
    "precision_at_5": 0.20988,
    "recall_at_1": 0.23995,
    "recall_at_10": 0.53937,
    "recall_at_100": 0.78324,
    "recall_at_1000": 0.93918,
    "recall_at_3": 0.38419,
    "recall_at_5": 0.4556
  }
}