{
  "dataset_revision": "a0d554a64d88156834ff5ae9920b964011b16384",
  "mteb_dataset_name": "STS12",
  "mteb_version": "1.2.0",
  "test": {
    "cos_sim": {
      "pearson": 0.8667255613446471,
      "spearman": 0.7898073323541388
    },
    "euclidean": {
      "pearson": 0.8271949511795508,
      "spearman": 0.7898073323541388
    },
    "evaluation_time": 0.33,
    "manhattan": {
      "pearson": 0.8220352344528128,
      "spearman": 0.7847433839519667
    }
  }
}