{
  "dataset_revision": "eea2b4fe26a775864c896887d910b76a8098ad3f",
  "mteb_dataset_name": "STS22",
  "mteb_version": "1.1.2",
  "test": {
    "en": {
      "cos_sim": {
        "pearson": 0.6800356210084666,
        "spearman": 0.6790203390672468
      },
      "euclidean": {
        "pearson": 0.6973227244080638,
        "spearman": 0.6790203390672468
      },
      "manhattan": {
        "pearson": 0.6972195984338354,
        "spearman": 0.6788982593626024
      }
    },
    "evaluation_time": 0.16
  }
}