{
  "dataset_revision": "4f58c6b202a23cf9a4da393831edf4f9183cad37",
  "mteb_dataset_name": "EmotionClassification",
  "mteb_version": "1.2.0",
  "test": {
    "accuracy": 0.563,
    "accuracy_stderr": 0.019301554341554988,
    "evaluation_time": 4.53,
    "f1": 0.4983546817742984,
    "f1_stderr": 0.010428941865640853,
    "main_score": 0.563
  }
}