{
  "dataset_revision": "0228b52cf27578f30900b9e5271d331663a030d7",
  "mteb_dataset_name": "SciFact",
  "mteb_version": "1.2.0",
  "test": {
    "evaluation_time": 0.83,
    "map_at_1": 0.61094,
    "map_at_10": 0.7077,
    "map_at_100": 0.71142,
    "map_at_1000": 0.71166,
    "map_at_3": 0.67441,
    "map_at_5": 0.69306,
    "mrr_at_1": 0.64,
    "mrr_at_10": 0.71723,
    "mrr_at_100": 0.71993,
    "mrr_at_1000": 0.72016,
    "mrr_at_3": 0.69167,
    "mrr_at_5": 0.70717,
    "ndcg_at_1": 0.64,
    "ndcg_at_10": 0.75489,
    "ndcg_at_100": 0.77103,
    "ndcg_at_1000": 0.77586,
    "ndcg_at_3": 0.69744,
    "ndcg_at_5": 0.72599,
    "precision_at_1": 0.64,
    "precision_at_10": 0.101,
    "precision_at_100": 0.01093,
    "precision_at_1000": 0.00113,
    "precision_at_3": 0.26889,
    "precision_at_5": 0.18067,
    "recall_at_1": 0.61094,
    "recall_at_10": 0.89156,
    "recall_at_100": 0.965,
    "recall_at_1000": 1.0,
    "recall_at_3": 0.73672,
    "recall_at_5": 0.80828
  }
}