{
  "dataset_revision": "7e90230a92c190f1bf69ae9002b8cea547a64cca",
  "mteb_dataset_name": "STS13",
  "mteb_version": "1.2.0",
  "test": {
    "cos_sim": {
      "pearson": 0.8761474392142807,
      "spearman": 0.8797921935354055
    },
    "euclidean": {
      "pearson": 0.8893166736509597,
      "spearman": 0.8946007446785622
    },
    "evaluation_time": 0.04,
    "manhattan": {
      "pearson": 0.8191740659393225,
      "spearman": 0.8204052091241125
    }
  }
}