{
  "dataset_revision": "eea2b4fe26a775864c896887d910b76a8098ad3f",
  "mteb_dataset_name": "STS22",
  "mteb_version": "1.2.0",
  "test": {
    "en": {
      "cos_sim": {
        "pearson": 0.6875202803111173,
        "spearman": 0.6943983125289515
      },
      "euclidean": {
        "pearson": 0.7079983388018616,
        "spearman": 0.6959072176783562
      },
      "manhattan": {
        "pearson": 0.7083300955883074,
        "spearman": 0.6933695875511482
      }
    },
    "evaluation_time": 0.08
  }
}