{
  "dataset_revision": null,
  "mteb_dataset_name": "ArguAna",
  "mteb_version": "1.1.2",
  "test": {
    "evaluation_time": 2.11,
    "map_at_1": 0.35775,
    "map_at_10": 0.52576,
    "map_at_100": 0.5318,
    "map_at_1000": 0.53183,
    "map_at_3": 0.4802,
    "map_at_5": 0.50748,
    "mrr_at_1": 0.36486,
    "mrr_at_10": 0.52823,
    "mrr_at_100": 0.53427,
    "mrr_at_1000": 0.53431,
    "mrr_at_3": 0.48293,
    "mrr_at_5": 0.50971,
    "ndcg_at_1": 0.35775,
    "ndcg_at_10": 0.614,
    "ndcg_at_100": 0.63762,
    "ndcg_at_1000": 0.63832,
    "ndcg_at_3": 0.52085,
    "ndcg_at_5": 0.57019,
    "precision_at_1": 0.35775,
    "precision_at_10": 0.08933,
    "precision_at_100": 0.00991,
    "precision_at_1000": 0.001,
    "precision_at_3": 0.2129,
    "precision_at_5": 0.15178,
    "recall_at_1": 0.35775,
    "recall_at_10": 0.89331,
    "recall_at_100": 0.99147,
    "recall_at_1000": 0.99644,
    "recall_at_3": 0.63869,
    "recall_at_5": 0.75889
  }
}