{
  "dataset_revision": "7e90230a92c190f1bf69ae9002b8cea547a64cca",
  "mteb_dataset_name": "STS13",
  "mteb_version": "1.1.2",
  "test": {
    "cos_sim": {
      "pearson": 0.8693003973241603,
      "spearman": 0.8738068546874906
    },
    "euclidean": {
      "pearson": 0.8855980894853075,
      "spearman": 0.8927776150002852
    },
    "evaluation_time": 0.28,
    "manhattan": {
      "pearson": 0.8624230941011368,
      "spearman": 0.8697502302893596
    }
  }
}