{
  "dataset_revision": "e8379541af4e31359cca9fbcf4b00f2671dba205",
  "mteb_dataset_name": "AmazonCounterfactualClassification",
  "mteb_version": "1.1.2",
  "test": {
    "en": {
      "accuracy": 0.7404477611940299,
      "accuracy_stderr": 0.03298102224043488,
      "ap": 0.36709124610945737,
      "ap_stderr": 0.033739687135567825,
      "f1": 0.6796779935150445,
      "f1_stderr": 0.031664900958704306,
      "main_score": 0.7404477611940299
    },
    "evaluation_time": 1.1
  }
}