{
  "dataset_revision": "a0d554a64d88156834ff5ae9920b964011b16384",
  "mteb_dataset_name": "STS12",
  "mteb_version": "1.1.2",
  "test": {
    "cos_sim": {
      "pearson": 0.8464602329247121,
      "spearman": 0.7595326465060477
    },
    "euclidean": {
      "pearson": 0.8419693014712543,
      "spearman": 0.7902470647229477
    },
    "evaluation_time": 0.74,
    "manhattan": {
      "pearson": 0.785853244875072,
      "spearman": 0.7775318048189607
    }
  }
}