{
  "dataset_revision": "4f58c6b202a23cf9a4da393831edf4f9183cad37",
  "mteb_dataset_name": "EmotionClassification",
  "mteb_version": "1.1.2",
  "test": {
    "accuracy": 0.5666999999999999,
    "accuracy_stderr": 0.019403865594257233,
    "evaluation_time": 0.52,
    "f1": 0.5041480112424476,
    "f1_stderr": 0.01152710674167989,
    "main_score": 0.5666999999999999
  }
}