{
  "dataset_revision": "ae752c7c21bf194d8b67fd573edf7ae58183cbe3",
  "mteb_dataset_name": "STS15",
  "mteb_version": "1.1.2",
  "test": {
    "cos_sim": {
      "pearson": 0.8742172968032724,
      "spearman": 0.8870818865402126
    },
    "euclidean": {
      "pearson": 0.8926120116594249,
      "spearman": 0.8986268494172752
    },
    "evaluation_time": 0.27,
    "manhattan": {
      "pearson": 0.8763882327345983,
      "spearman": 0.8858821116935434
    }
  }
}