{
  "dataset_revision": "eea2b4fe26a775864c896887d910b76a8098ad3f",
  "mteb_dataset_name": "STS22",
  "mteb_version": "1.1.2",
  "test": {
    "en": {
      "cos_sim": {
        "pearson": 0.689953052890602,
        "spearman": 0.6974267030688299
      },
      "euclidean": {
        "pearson": 0.7125055898639648,
        "spearman": 0.703236883145205
      },
      "manhattan": {
        "pearson": 0.7088886608625565,
        "spearman": 0.6927355869516949
      }
    },
    "evaluation_time": 0.04
  }
}