{
  "dataset_revision": null,
  "mteb_dataset_name": "ArguAna",
  "mteb_version": "1.1.2",
  "test": {
    "evaluation_time": 1.96,
    "map_at_1": 0.36842,
    "map_at_10": 0.53715,
    "map_at_100": 0.54291,
    "map_at_1000": 0.54294,
    "map_at_3": 0.49372,
    "map_at_5": 0.52067,
    "mrr_at_1": 0.37838,
    "mrr_at_10": 0.54067,
    "mrr_at_100": 0.54644,
    "mrr_at_1000": 0.54647,
    "mrr_at_3": 0.49716,
    "mrr_at_5": 0.52408,
    "ndcg_at_1": 0.36842,
    "ndcg_at_10": 0.62407,
    "ndcg_at_100": 0.64662,
    "ndcg_at_1000": 0.64722,
    "ndcg_at_3": 0.53545,
    "ndcg_at_5": 0.58435,
    "precision_at_1": 0.36842,
    "precision_at_10": 0.08983,
    "precision_at_100": 0.00992,
    "precision_at_1000": 0.001,
    "precision_at_3": 0.21882,
    "precision_at_5": 0.15519,
    "recall_at_1": 0.36842,
    "recall_at_10": 0.89829,
    "recall_at_100": 0.99218,
    "recall_at_1000": 0.99644,
    "recall_at_3": 0.65647,
    "recall_at_5": 0.77596
  }
}