{
  "dataset_revision": "4f58c6b202a23cf9a4da393831edf4f9183cad37",
  "mteb_dataset_name": "EmotionClassification",
  "mteb_version": "1.1.2",
  "test": {
    "accuracy": 0.56555,
    "accuracy_stderr": 0.02216015568537369,
    "evaluation_time": 0.65,
    "f1": 0.5046503098019609,
    "f1_stderr": 0.01232032536887904,
    "main_score": 0.56555
  }
}