{
  "dataset_revision": "a0d554a64d88156834ff5ae9920b964011b16384",
  "mteb_dataset_name": "STS12",
  "mteb_version": "1.1.2",
  "test": {
    "cos_sim": {
      "pearson": 0.8468617813581558,
      "spearman": 0.7530398093443204
    },
    "euclidean": {
      "pearson": 0.8469810945648926,
      "spearman": 0.7799022263499945
    },
    "evaluation_time": 0.29,
    "manhattan": {
      "pearson": 0.8080856218776741,
      "spearman": 0.7764518594710861
    }
  }
}