{
  "dataset_revision": "4f58c6b202a23cf9a4da393831edf4f9183cad37",
  "mteb_dataset_name": "EmotionClassification",
  "mteb_version": "1.1.2",
  "test": {
    "accuracy": 0.55245,
    "accuracy_stderr": 0.02393162134081182,
    "evaluation_time": 0.87,
    "f1": 0.48971622663716746,
    "f1_stderr": 0.014519471638899628,
    "main_score": 0.55245
  }
}