{
  "dataset_revision": "0fd18e25b25c072e09e0d92ab615fda904d66300",
  "mteb_dataset_name": "Banking77Classification",
  "mteb_version": "1.1.2",
  "test": {
    "accuracy": 0.8448701298701298,
    "accuracy_stderr": 0.004067651886588521,
    "evaluation_time": 11.53,
    "f1": 0.8382728616003436,
    "f1_stderr": 0.005018704751138496,
    "main_score": 0.8448701298701298
  }
}