{
  "dataset_revision": "a6ea5a8cab320b040a23452cc28066d9beae2cee",
  "mteb_dataset_name": "SICK-R",
  "mteb_version": "1.1.2",
  "test": {
    "cos_sim": {
      "pearson": 0.8755893327642653,
      "spearman": 0.8305777556424931
    },
    "euclidean": {
      "pearson": 0.84847303365061,
      "spearman": 0.8297632510417414
    },
    "evaluation_time": 1.14,
    "manhattan": {
      "pearson": 0.810020297556338,
      "spearman": 0.8066372661898654
    }
  }
}