{
  "dataset_revision": "d3fb88f8f02e40887cd149695127462bbcf29b4a",
  "mteb_dataset_name": "BIOSSES",
  "mteb_version": "1.2.0",
  "test": {
    "cos_sim": {
      "pearson": 0.880260491927725,
      "spearman": 0.8603087593452016
    },
    "euclidean": {
      "pearson": 0.8610395959700893,
      "spearman": 0.8603087593452016
    },
    "evaluation_time": 0.06,
    "manhattan": {
      "pearson": 0.8681698992763123,
      "spearman": 0.8685438867472021
    }
  }
}