{
  "dataset_revision": "ad9991cb51e31e31e430383c75ffb2885547b5f0",
  "mteb_dataset_name": "CQADupstackEnglishRetrieval",
  "mteb_version": "1.2.0",
  "test": {
    "evaluation_time": 41.47,
    "map_at_1": 0.34454,
    "map_at_10": 0.45554,
    "map_at_100": 0.46822,
    "map_at_1000": 0.46948,
    "map_at_3": 0.42233,
    "map_at_5": 0.44241,
    "mrr_at_1": 0.43185,
    "mrr_at_10": 0.51654,
    "mrr_at_100": 0.52208,
    "mrr_at_1000": 0.52248,
    "mrr_at_3": 0.49321,
    "mrr_at_5": 0.50751,
    "ndcg_at_1": 0.43185,
    "ndcg_at_10": 0.51445,
    "ndcg_at_100": 0.55517,
    "ndcg_at_1000": 0.57335,
    "ndcg_at_3": 0.47094,
    "ndcg_at_5": 0.4935,
    "precision_at_1": 0.43185,
    "precision_at_10": 0.09624,
    "precision_at_100": 0.01493,
    "precision_at_1000": 0.00195,
    "precision_at_3": 0.22696,
    "precision_at_5": 0.16268,
    "recall_at_1": 0.34454,
    "recall_at_10": 0.61607,
    "recall_at_100": 0.7872,
    "recall_at_1000": 0.89873,
    "recall_at_3": 0.48494,
    "recall_at_5": 0.54829
  }
}