{
  "dataset_revision": "4ffe81d471b1924886b33c7567bfb200e9eec5c4",
  "mteb_dataset_name": "CQADupstackWordpressRetrieval",
  "mteb_version": "1.2.0",
  "test": {
    "evaluation_time": 55.29,
    "map_at_1": 0.24775,
    "map_at_10": 0.33458,
    "map_at_100": 0.34432,
    "map_at_1000": 0.34539,
    "map_at_3": 0.30834,
    "map_at_5": 0.32316,
    "mrr_at_1": 0.26802,
    "mrr_at_10": 0.35636,
    "mrr_at_100": 0.36464,
    "mrr_at_1000": 0.36541,
    "mrr_at_3": 0.33364,
    "mrr_at_5": 0.34547,
    "ndcg_at_1": 0.26802,
    "ndcg_at_10": 0.38457,
    "ndcg_at_100": 0.43053,
    "ndcg_at_1000": 0.45691,
    "ndcg_at_3": 0.33443,
    "ndcg_at_5": 0.35783,
    "precision_at_1": 0.26802,
    "precision_at_10": 0.0597,
    "precision_at_100": 0.00884,
    "precision_at_1000": 0.00123,
    "precision_at_3": 0.14233,
    "precision_at_5": 0.10018,
    "recall_at_1": 0.24775,
    "recall_at_10": 0.51725,
    "recall_at_100": 0.72503,
    "recall_at_1000": 0.92,
    "recall_at_3": 0.38068,
    "recall_at_5": 0.43632
  }
}