{
  "dataset_revision": "a0d554a64d88156834ff5ae9920b964011b16384",
  "mteb_dataset_name": "STS12",
  "mteb_version": "1.1.2",
  "test": {
    "cos_sim": {
      "pearson": 0.870931358947166,
      "spearman": 0.7850682193400562
    },
    "euclidean": {
      "pearson": 0.838103422120428,
      "spearman": 0.7850682193400562
    },
    "evaluation_time": 2.52,
    "manhattan": {
      "pearson": 0.8388510591233895,
      "spearman": 0.7861263076338574
    }
  }
}