{
  "dataset_revision": "ae752c7c21bf194d8b67fd573edf7ae58183cbe3",
  "mteb_dataset_name": "STS15",
  "mteb_version": "1.2.0",
  "test": {
    "cos_sim": {
      "pearson": 0.8954836171068965,
      "spearman": 0.9027235286480799
    },
    "euclidean": {
      "pearson": 0.8955494095243648,
      "spearman": 0.9027235286480799
    },
    "evaluation_time": 1.44,
    "manhattan": {
      "pearson": 0.8967834756477063,
      "spearman": 0.9039512371719567
    }
  }
}