{
  "dataset_revision": "70970daeab8776df92f5ea462b6173c0b46fd2d1",
  "mteb_dataset_name": "TwitterSemEval2015",
  "mteb_version": "1.2.0",
  "test": {
    "cos_sim": {
      "accuracy": 0.8725040233653216,
      "accuracy_threshold": 0.8153105622986461,
      "ap": 0.7741262391433098,
      "f1": 0.7065310623698077,
      "f1_threshold": 0.7865451369428915,
      "precision": 0.6595744680851063,
      "recall": 0.7606860158311346
    },
    "dot": {
      "accuracy": 0.8725040233653216,
      "accuracy_threshold": 0.8153105622986458,
      "ap": 0.7741262391433098,
      "f1": 0.7065310623698077,
      "f1_threshold": 0.7865451369428915,
      "precision": 0.6595744680851063,
      "recall": 0.7606860158311346
    },
    "euclidean": {
      "accuracy": 0.8725040233653216,
      "accuracy_threshold": 0.60776547637641,
      "ap": 0.7741262391433098,
      "f1": 0.7065310623698077,
      "f1_threshold": 0.6533832859472994,
      "precision": 0.6595744680851063,
      "recall": 0.7606860158311346
    },
    "evaluation_time": 9.95,
    "manhattan": {
      "accuracy": 0.8753054777373785,
      "accuracy_threshold": 28.765386112929765,
      "ap": 0.7826692890448472,
      "f1": 0.7146420553754053,
      "f1_threshold": 30.129525570970657,
      "precision": 0.6776253547776726,
      "recall": 0.7559366754617414
    },
    "max": {
      "accuracy": 0.8753054777373785,
      "ap": 0.7826692890448472,
      "f1": 0.7146420553754053
    }
  }
}