{
  "dataset_revision": "0228b52cf27578f30900b9e5271d331663a030d7",
  "mteb_dataset_name": "SciFact",
  "mteb_version": "1.2.0",
  "test": {
    "evaluation_time": 2.36,
    "map_at_1": 0.62494,
    "map_at_10": 0.71539,
    "map_at_100": 0.72088,
    "map_at_1000": 0.72108,
    "map_at_3": 0.6862,
    "map_at_5": 0.70355,
    "mrr_at_1": 0.65667,
    "mrr_at_10": 0.72593,
    "mrr_at_100": 0.73057,
    "mrr_at_1000": 0.73075,
    "mrr_at_3": 0.70333,
    "mrr_at_5": 0.71883,
    "ndcg_at_1": 0.65667,
    "ndcg_at_10": 0.75694,
    "ndcg_at_100": 0.77928,
    "ndcg_at_1000": 0.78319,
    "ndcg_at_3": 0.70899,
    "ndcg_at_5": 0.73468,
    "precision_at_1": 0.65667,
    "precision_at_10": 0.09933,
    "precision_at_100": 0.011,
    "precision_at_1000": 0.00113,
    "precision_at_3": 0.27444,
    "precision_at_5": 0.18133,
    "recall_at_1": 0.62494,
    "recall_at_10": 0.87322,
    "recall_at_100": 0.97167,
    "recall_at_1000": 1.0,
    "recall_at_3": 0.74517,
    "recall_at_5": 0.81078
  }
}