{
  "dataset_revision": "af5e6fb845001ecf41f4c1e033ce921939a2a68d",
  "mteb_dataset_name": "STS17",
  "mteb_version": "1.1.2",
  "test": {
    "en-en": {
      "cos_sim": {
        "pearson": 0.903608863758997,
        "spearman": 0.9016121048541977
      },
      "euclidean": {
        "pearson": 0.905816361233162,
        "spearman": 0.9016121048541977
      },
      "manhattan": {
        "pearson": 0.9073875834277293,
        "spearman": 0.9035202493337287
      }
    },
    "evaluation_time": 0.35
  }
}