{
  "dataset_revision": "7e90230a92c190f1bf69ae9002b8cea547a64cca",
  "mteb_dataset_name": "STS13",
  "mteb_version": "1.1.2",
  "test": {
    "cos_sim": {
      "pearson": 0.8813153093426146,
      "spearman": 0.8876844928290314
    },
    "euclidean": {
      "pearson": 0.879827685763948,
      "spearman": 0.8876844928290314
    },
    "evaluation_time": 3.33,
    "manhattan": {
      "pearson": 0.8796354479170478,
      "spearman": 0.8870492954842548
    }
  }
}