{
  "dataset_revision": "eea2b4fe26a775864c896887d910b76a8098ad3f",
  "mteb_dataset_name": "STS22",
  "mteb_version": "1.2.0",
  "test": {
    "en": {
      "cos_sim": {
        "pearson": 0.6825501495432552,
        "spearman": 0.6822017361702796
      },
      "euclidean": {
        "pearson": 0.6995953982667298,
        "spearman": 0.6822017361702796
      },
      "manhattan": {
        "pearson": 0.6982907091084019,
        "spearman": 0.6801214980031391
      }
    },
    "evaluation_time": 0.11
  }
}