{
  "dataset_revision": "b0fddb56ed78048fa8b90373c8a3cfc37b684831",
  "mteb_dataset_name": "STSBenchmark",
  "mteb_version": "1.2.0",
  "test": {
    "cos_sim": {
      "pearson": 0.8817841965187221,
      "spearman": 0.8939881059790833
    },
    "euclidean": {
      "pearson": 0.8900448140047631,
      "spearman": 0.8939881059790833
    },
    "evaluation_time": 0.36,
    "manhattan": {
      "pearson": 0.8908396364042254,
      "spearman": 0.8941878586582865
    }
  }
}