{
  "dataset_revision": "b0fddb56ed78048fa8b90373c8a3cfc37b684831",
  "mteb_dataset_name": "STSBenchmark",
  "mteb_version": "1.1.2",
  "test": {
    "cos_sim": {
      "pearson": 0.8761441659774375,
      "spearman": 0.8789752676555534
    },
    "euclidean": {
      "pearson": 0.8855304099507751,
      "spearman": 0.8895914601948255
    },
    "evaluation_time": 0.16,
    "manhattan": {
      "pearson": 0.8637407571893557,
      "spearman": 0.8693165437846221
    }
  }
}