{
  "dataset_revision": "ad9991cb51e31e31e430383c75ffb2885547b5f0",
  "mteb_dataset_name": "CQADupstackEnglishRetrieval",
  "mteb_version": "1.2.0",
  "test": {
    "evaluation_time": 55.54,
    "map_at_1": 0.34382,
    "map_at_10": 0.45117,
    "map_at_100": 0.46404,
    "map_at_1000": 0.46532,
    "map_at_3": 0.41937,
    "map_at_5": 0.4376,
    "mrr_at_1": 0.42866,
    "mrr_at_10": 0.51173,
    "mrr_at_100": 0.518,
    "mrr_at_1000": 0.51841,
    "mrr_at_3": 0.49076,
    "mrr_at_5": 0.50366,
    "ndcg_at_1": 0.42866,
    "ndcg_at_10": 0.50873,
    "ndcg_at_100": 0.55088,
    "ndcg_at_1000": 0.56963,
    "ndcg_at_3": 0.46785,
    "ndcg_at_5": 0.48722,
    "precision_at_1": 0.42866,
    "precision_at_10": 0.09561,
    "precision_at_100": 0.01503,
    "precision_at_1000": 0.00197,
    "precision_at_3": 0.2259,
    "precision_at_5": 0.15847,
    "recall_at_1": 0.34382,
    "recall_at_10": 0.60611,
    "recall_at_100": 0.78252,
    "recall_at_1000": 0.89914,
    "recall_at_3": 0.4812,
    "recall_at_5": 0.53961
  }
}