{
  "dataset_revision": "27a168819829fe9bcd655c2df245fb19452e8e06",
  "mteb_dataset_name": "FiQA2018",
  "mteb_version": "1.2.0",
  "test": {
    "evaluation_time": 79.49,
    "map_at_1": 0.22219,
    "map_at_10": 0.37167,
    "map_at_100": 0.39202,
    "map_at_1000": 0.39366,
    "map_at_3": 0.32389,
    "map_at_5": 0.35168,
    "mrr_at_1": 0.44599,
    "mrr_at_10": 0.53787,
    "mrr_at_100": 0.54571,
    "mrr_at_1000": 0.54597,
    "mrr_at_3": 0.51312,
    "mrr_at_5": 0.52855,
    "ndcg_at_1": 0.44599,
    "ndcg_at_10": 0.45443,
    "ndcg_at_100": 0.52411,
    "ndcg_at_1000": 0.54996,
    "ndcg_at_3": 0.41555,
    "ndcg_at_5": 0.42982,
    "precision_at_1": 0.44599,
    "precision_at_10": 0.1267,
    "precision_at_100": 0.01997,
    "precision_at_1000": 0.00246,
    "precision_at_3": 0.28035,
    "precision_at_5": 0.20772,
    "recall_at_1": 0.22219,
    "recall_at_10": 0.52704,
    "recall_at_100": 0.78226,
    "recall_at_1000": 0.93639,
    "recall_at_3": 0.37724,
    "recall_at_5": 0.44597
  }
}