{
  "dataset_revision": "a6ea5a8cab320b040a23452cc28066d9beae2cee",
  "mteb_dataset_name": "SICK-R",
  "mteb_version": "1.1.2",
  "test": {
    "cos_sim": {
      "pearson": 0.8747993518810537,
      "spearman": 0.8282774958469648
    },
    "euclidean": {
      "pearson": 0.8483293992449006,
      "spearman": 0.8282774958469648
    },
    "evaluation_time": 45.23,
    "manhattan": {
      "pearson": 0.8482297481881127,
      "spearman": 0.8278686802580744
    }
  }
}