{
  "dataset_revision": "a6ea5a8cab320b040a23452cc28066d9beae2cee",
  "mteb_dataset_name": "SICK-R",
  "mteb_version": "1.2.0",
  "test": {
    "cos_sim": {
      "pearson": 0.8747993519339122,
      "spearman": 0.8282774958469648
    },
    "euclidean": {
      "pearson": 0.8483293992786034,
      "spearman": 0.8282774958469648
    },
    "evaluation_time": 5.54,
    "manhattan": {
      "pearson": 0.8482297482037847,
      "spearman": 0.8278686802580744
    }
  }
}