{
  "dataset_revision": "6031580fec1f6af667f0bd2da0a551cf4f0b2375",
  "mteb_dataset_name": "STS14",
  "mteb_version": "1.2.0",
  "test": {
    "cos_sim": {
      "pearson": 0.8713360697639684,
      "spearman": 0.8440351930556195
    },
    "euclidean": {
      "pearson": 0.8628066430808056,
      "spearman": 0.8440351930556195
    },
    "evaluation_time": 1.68,
    "manhattan": {
      "pearson": 0.8627608309035241,
      "spearman": 0.8450950190904881
    }
  }
}