{
  "dataset_revision": "0fd18e25b25c072e09e0d92ab615fda904d66300",
  "mteb_dataset_name": "Banking77Classification",
  "mteb_version": "1.2.0",
  "test": {
    "accuracy": 0.8492207792207793,
    "accuracy_stderr": 0.0056032602609882255,
    "evaluation_time": 22.53,
    "f1": 0.843608828824941,
    "f1_stderr": 0.0065974578548680975,
    "main_score": 0.8492207792207793
  }
}