{
  "dataset_revision": "ad9991cb51e31e31e430383c75ffb2885547b5f0",
  "mteb_dataset_name": "CQADupstackEnglishRetrieval",
  "mteb_version": "1.2.0",
  "test": {
    "evaluation_time": 44.8,
    "map_at_1": 0.34578,
    "map_at_10": 0.4543,
    "map_at_100": 0.46715,
    "map_at_1000": 0.46837,
    "map_at_3": 0.42179,
    "map_at_5": 0.43932,
    "mrr_at_1": 0.43185,
    "mrr_at_10": 0.51565,
    "mrr_at_100": 0.52157,
    "mrr_at_1000": 0.52194,
    "mrr_at_3": 0.49384,
    "mrr_at_5": 0.5062,
    "ndcg_at_1": 0.43185,
    "ndcg_at_10": 0.51276,
    "ndcg_at_100": 0.55486,
    "ndcg_at_1000": 0.57267,
    "ndcg_at_3": 0.47033,
    "ndcg_at_5": 0.48855,
    "precision_at_1": 0.43185,
    "precision_at_10": 0.09637,
    "precision_at_100": 0.01521,
    "precision_at_1000": 0.00197,
    "precision_at_3": 0.22696,
    "precision_at_5": 0.15885,
    "recall_at_1": 0.34578,
    "recall_at_10": 0.6128,
    "recall_at_100": 0.78921,
    "recall_at_1000": 0.89947,
    "recall_at_3": 0.48279,
    "recall_at_5": 0.53809
  }
}