{
  "dataset_revision": "d66bd1f72af766a5cc4b0ca5e00c162f89e8cc46",
  "mteb_dataset_name": "SprintDuplicateQuestions",
  "mteb_version": "1.2.0",
  "test": {
    "cos_sim": {
      "accuracy": 0.9988712871287129,
      "accuracy_threshold": 0.793455713319944,
      "ap": 0.971024643280922,
      "f1": 0.942713567839196,
      "f1_threshold": 0.7926448290480848,
      "precision": 0.9474747474747475,
      "recall": 0.938
    },
    "dot": {
      "accuracy": 0.9988712871287129,
      "accuracy_threshold": 0.793455713319944,
      "ap": 0.971024643280922,
      "f1": 0.942713567839196,
      "f1_threshold": 0.792644829048085,
      "precision": 0.9474747474747475,
      "recall": 0.938
    },
    "euclidean": {
      "accuracy": 0.9988712871287129,
      "accuracy_threshold": 0.6427194443688515,
      "ap": 0.971024643280922,
      "f1": 0.942713567839196,
      "f1_threshold": 0.6439800742280807,
      "precision": 0.9474747474747475,
      "recall": 0.938
    },
    "evaluation_time": 50.13,
    "manhattan": {
      "accuracy": 0.9988712871287129,
      "accuracy_threshold": 30.772366380969277,
      "ap": 0.9705310039825857,
      "f1": 0.9427710843373495,
      "f1_threshold": 30.772366380969277,
      "precision": 0.9465725806451613,
      "recall": 0.939
    },
    "max": {
      "accuracy": 0.9988712871287129,
      "ap": 0.971024643280922,
      "f1": 0.9427710843373495
    }
  }
}