{
  "dataset_revision": "a0d554a64d88156834ff5ae9920b964011b16384",
  "mteb_dataset_name": "STS12",
  "mteb_version": "1.1.2",
  "test": {
    "cos_sim": {
      "pearson": 0.8672798116402494,
      "spearman": 0.7823738255420128
    },
    "euclidean": {
      "pearson": 0.8311704463613563,
      "spearman": 0.7823738255420128
    },
    "evaluation_time": 3.4,
    "manhattan": {
      "pearson": 0.8276787496527251,
      "spearman": 0.7816190122362819
    }
  }
}