{
  "dataset_revision": "a0d554a64d88156834ff5ae9920b964011b16384",
  "mteb_dataset_name": "STS12",
  "mteb_version": "1.2.0",
  "test": {
    "cos_sim": {
      "pearson": 0.8729069398372679,
      "spearman": 0.7856912279074653
    },
    "euclidean": {
      "pearson": 0.8412321933569382,
      "spearman": 0.7856912279074653
    },
    "evaluation_time": 2.3,
    "manhattan": {
      "pearson": 0.8341523987278451,
      "spearman": 0.7838219870759644
    }
  }
}