{
  "dataset_revision": "b0fddb56ed78048fa8b90373c8a3cfc37b684831",
  "mteb_dataset_name": "STSBenchmark",
  "mteb_version": "1.2.0",
  "test": {
    "cos_sim": {
      "pearson": 0.8833909224724136,
      "spearman": 0.8966843261855993
    },
    "euclidean": {
      "pearson": 0.8938585208079695,
      "spearman": 0.8966843261855993
    },
    "evaluation_time": 1.03,
    "manhattan": {
      "pearson": 0.893431228586952,
      "spearman": 0.8957516957450382
    }
  }
}