{
  "dataset_revision": "d604517c81ca91fe16a244d1248fc021f9ecee7a",
  "mteb_dataset_name": "TweetSentimentExtractionClassification",
  "mteb_version": "1.2.0",
  "test": {
    "accuracy": 0.6383135257498586,
    "accuracy_stderr": 0.02330570742740896,
    "evaluation_time": 13.64,
    "f1": 0.6379353589361536,
    "f1_stderr": 0.024544394756208267,
    "main_score": 0.6383135257498586
  }
}