{
  "dataset_revision": "e8379541af4e31359cca9fbcf4b00f2671dba205",
  "mteb_dataset_name": "AmazonCounterfactualClassification",
  "mteb_version": "1.1.2",
  "test": {
    "en": {
      "accuracy": 0.7514925373134329,
      "accuracy_stderr": 0.036755530677979806,
      "ap": 0.37966942039921847,
      "ap_stderr": 0.03819472593895964,
      "f1": 0.6906356148962453,
      "f1_stderr": 0.03506623161294714,
      "main_score": 0.7514925373134329
    },
    "evaluation_time": 1.37
  }
}