{
  "dataset_revision": null,
  "mteb_dataset_name": "ArguAna",
  "mteb_version": "1.1.2",
  "test": {
    "evaluation_time": 2.23,
    "map_at_1": 0.3798,
    "map_at_10": 0.55052,
    "map_at_100": 0.55637,
    "map_at_1000": 0.55641,
    "map_at_3": 0.50806,
    "map_at_5": 0.53566,
    "mrr_at_1": 0.3862,
    "mrr_at_10": 0.55309,
    "mrr_at_100": 0.5588,
    "mrr_at_1000": 0.55883,
    "mrr_at_3": 0.51091,
    "mrr_at_5": 0.53772,
    "ndcg_at_1": 0.3798,
    "ndcg_at_10": 0.63516,
    "ndcg_at_100": 0.65737,
    "ndcg_at_1000": 0.65807,
    "ndcg_at_3": 0.55,
    "ndcg_at_5": 0.59962,
    "precision_at_1": 0.3798,
    "precision_at_10": 0.09004,
    "precision_at_100": 0.00991,
    "precision_at_1000": 0.001,
    "precision_at_3": 0.2238,
    "precision_at_5": 0.15832,
    "recall_at_1": 0.3798,
    "recall_at_10": 0.90043,
    "recall_at_100": 0.99147,
    "recall_at_1000": 0.99644,
    "recall_at_3": 0.67141,
    "recall_at_5": 0.79161
  }
}