{
  "dataset_revision": null,
  "mteb_dataset_name": "SciFact",
  "mteb_version": "1.1.2",
  "test": {
    "evaluation_time": 1.15,
    "map_at_1": 0.62094,
    "map_at_10": 0.71032,
    "map_at_100": 0.71531,
    "map_at_1000": 0.71553,
    "map_at_3": 0.68219,
    "map_at_5": 0.69704,
    "mrr_at_1": 0.65,
    "mrr_at_10": 0.71959,
    "mrr_at_100": 0.72357,
    "mrr_at_1000": 0.72378,
    "mrr_at_3": 0.69833,
    "mrr_at_5": 0.71033,
    "ndcg_at_1": 0.65,
    "ndcg_at_10": 0.75298,
    "ndcg_at_100": 0.77388,
    "ndcg_at_1000": 0.7783,
    "ndcg_at_3": 0.70513,
    "ndcg_at_5": 0.72687,
    "precision_at_1": 0.65,
    "precision_at_10": 0.09933,
    "precision_at_100": 0.01097,
    "precision_at_1000": 0.00113,
    "precision_at_3": 0.27333,
    "precision_at_5": 0.17933,
    "recall_at_1": 0.62094,
    "recall_at_10": 0.87489,
    "recall_at_100": 0.96833,
    "recall_at_1000": 1.0,
    "recall_at_3": 0.7445,
    "recall_at_5": 0.79994
  }
}