{
  "dataset_revision": "4ffe81d471b1924886b33c7567bfb200e9eec5c4",
  "mteb_dataset_name": "CQADupstackWordpressRetrieval",
  "mteb_version": "1.2.0",
  "test": {
    "evaluation_time": 12.0,
    "map_at_1": 0.24159,
    "map_at_10": 0.33113,
    "map_at_100": 0.34176,
    "map_at_1000": 0.34272,
    "map_at_3": 0.30646,
    "map_at_5": 0.3198,
    "mrr_at_1": 0.26063,
    "mrr_at_10": 0.35125,
    "mrr_at_100": 0.3608,
    "mrr_at_1000": 0.36152,
    "mrr_at_3": 0.33148,
    "mrr_at_5": 0.341,
    "ndcg_at_1": 0.26063,
    "ndcg_at_10": 0.37994,
    "ndcg_at_100": 0.43084,
    "ndcg_at_1000": 0.45576,
    "ndcg_at_3": 0.33415,
    "ndcg_at_5": 0.35419,
    "precision_at_1": 0.26063,
    "precision_at_10": 0.05915,
    "precision_at_100": 0.00909,
    "precision_at_1000": 0.00124,
    "precision_at_3": 0.14418,
    "precision_at_5": 0.09945,
    "recall_at_1": 0.24159,
    "recall_at_10": 0.5093,
    "recall_at_100": 0.73948,
    "recall_at_1000": 0.92561,
    "recall_at_3": 0.38475,
    "recall_at_5": 0.43293
  }
}