{
  "dataset_revision": "d66bd1f72af766a5cc4b0ca5e00c162f89e8cc46",
  "mteb_dataset_name": "SprintDuplicateQuestions",
  "mteb_version": "1.2.0",
  "test": {
    "cos_sim": {
      "accuracy": 0.9986336633663366,
      "accuracy_threshold": 0.8073603156607596,
      "ap": 0.9664312323666195,
      "f1": 0.9298780487804877,
      "f1_threshold": 0.800232659424952,
      "precision": 0.9452479338842975,
      "recall": 0.915
    },
    "dot": {
      "accuracy": 0.9986336633663366,
      "accuracy_threshold": 0.8073603156607597,
      "ap": 0.9664312323666195,
      "f1": 0.9298780487804877,
      "f1_threshold": 0.8002326594249518,
      "precision": 0.9452479338842975,
      "recall": 0.915
    },
    "euclidean": {
      "accuracy": 0.9986336633663366,
      "accuracy_threshold": 0.620708759137818,
      "ap": 0.9664312323666195,
      "f1": 0.9298780487804877,
      "f1_threshold": 0.6320873995722487,
      "precision": 0.9452479338842975,
      "recall": 0.915
    },
    "evaluation_time": 8.86,
    "manhattan": {
      "accuracy": 0.9987128712871287,
      "accuracy_threshold": 26.32193308377998,
      "ap": 0.9668851710373785,
      "f1": 0.934077079107505,
      "f1_threshold": 26.43346902854643,
      "precision": 0.9475308641975309,
      "recall": 0.921
    },
    "max": {
      "accuracy": 0.9987128712871287,
      "ap": 0.9668851710373785,
      "f1": 0.934077079107505
    }
  }
}