{
  "dataset_revision": "d7c0de2777da35d6aae2200a62c6e0e5af397c4c",
  "mteb_dataset_name": "ToxicConversationsClassification",
  "mteb_version": "1.2.0",
  "test": {
    "accuracy": 0.740272,
    "accuracy_stderr": 0.04038207047688368,
    "ap": 0.17019327480509494,
    "ap_stderr": 0.012869588594728051,
    "evaluation_time": 14.47,
    "f1": 0.5776658821116915,
    "f1_stderr": 0.026893266112976058,
    "main_score": 0.740272
  }
}