{
  "dataset_revision": "c22ab2a51041ffd869aaddef7af8d8215647e41a",
  "mteb_dataset_name": "ArguAna",
  "mteb_version": "1.2.0",
  "test": {
    "evaluation_time": 1.35,
    "map_at_1": 0.20484,
    "map_at_10": 0.355,
    "map_at_100": 0.36824,
    "map_at_1000": 0.36838,
    "map_at_3": 0.29991,
    "map_at_5": 0.33028,
    "mrr_at_1": 0.21124,
    "mrr_at_10": 0.35707,
    "mrr_at_100": 0.37051,
    "mrr_at_1000": 0.37065,
    "mrr_at_3": 0.30239,
    "mrr_at_5": 0.33255,
    "ndcg_at_1": 0.20484,
    "ndcg_at_10": 0.44591,
    "ndcg_at_100": 0.50048,
    "ndcg_at_1000": 0.50354,
    "ndcg_at_3": 0.33186,
    "ndcg_at_5": 0.38661,
    "precision_at_1": 0.20484,
    "precision_at_10": 0.07397,
    "precision_at_100": 0.00974,
    "precision_at_1000": 0.001,
    "precision_at_3": 0.14154,
    "precision_at_5": 0.11152,
    "recall_at_1": 0.20484,
    "recall_at_10": 0.73969,
    "recall_at_100": 0.97368,
    "recall_at_1000": 0.99644,
    "recall_at_3": 0.42461,
    "recall_at_5": 0.55761
  }
}