{
  "dataset_revision": "4f58c6b202a23cf9a4da393831edf4f9183cad37",
  "mteb_dataset_name": "EmotionClassification",
  "mteb_version": "1.2.0",
  "test": {
    "accuracy": 0.53345,
    "accuracy_stderr": 0.02030941899710576,
    "evaluation_time": 0.34,
    "f1": 0.4744094727153632,
    "f1_stderr": 0.013824346457797017,
    "main_score": 0.53345
  }
}