{
  "dataset_revision": "a6ea5a8cab320b040a23452cc28066d9beae2cee",
  "mteb_dataset_name": "SICK-R",
  "mteb_version": "1.2.0",
  "test": {
    "cos_sim": {
      "pearson": 0.8505017308889506,
      "spearman": 0.8114401638150999
    },
    "euclidean": {
      "pearson": 0.827420596091402,
      "spearman": 0.8127120892457421
    },
    "evaluation_time": 0.45,
    "manhattan": {
      "pearson": 0.7883593647850662,
      "spearman": 0.7904357371515133
    }
  }
}