{
  "dataset_revision": "4d8694f8f0e0100860b497b999b3dbed754a0513",
  "mteb_dataset_name": "STS16",
  "mteb_version": "1.2.0",
  "test": {
    "cos_sim": {
      "pearson": 0.8181005219258382,
      "spearman": 0.8388098706455044
    },
    "euclidean": {
      "pearson": 0.8451383382656648,
      "spearman": 0.8474347327733464
    },
    "evaluation_time": 0.03,
    "manhattan": {
      "pearson": 0.844551888750652,
      "spearman": 0.846657735620415
    }
  }
}