{
  "dataset_revision": "6031580fec1f6af667f0bd2da0a551cf4f0b2375",
  "mteb_dataset_name": "STS14",
  "mteb_version": "1.2.0",
  "test": {
    "cos_sim": {
      "pearson": 0.8247844074193011,
      "spearman": 0.7821270428789608
    },
    "euclidean": {
      "pearson": 0.8252291747851224,
      "spearman": 0.791114824940877
    },
    "evaluation_time": 0.1,
    "manhattan": {
      "pearson": 0.8254292063959545,
      "spearman": 0.7915113257897276
    }
  }
}