{
  "dataset_revision": "eea2b4fe26a775864c896887d910b76a8098ad3f",
  "mteb_dataset_name": "STS22",
  "mteb_version": "1.1.2",
  "test": {
    "en": {
      "cos_sim": {
        "pearson": 0.6848728878558945,
        "spearman": 0.6919689264065282
      },
      "euclidean": {
        "pearson": 0.7047591039594547,
        "spearman": 0.6949549959821298
      },
      "manhattan": {
        "pearson": 0.7051779313378677,
        "spearman": 0.6896608061240517
      }
    },
    "evaluation_time": 0.07
  }
}