{
  "dataset_revision": null,
  "mteb_dataset_name": "ArguAna",
  "mteb_version": "1.1.2",
  "test": {
    "evaluation_time": 1.73,
    "map_at_1": 0.36486,
    "map_at_10": 0.53653,
    "map_at_100": 0.54194,
    "map_at_1000": 0.54198,
    "map_at_3": 0.49194,
    "map_at_5": 0.52035,
    "mrr_at_1": 0.37198,
    "mrr_at_10": 0.53888,
    "mrr_at_100": 0.54449,
    "mrr_at_1000": 0.54453,
    "mrr_at_3": 0.49514,
    "mrr_at_5": 0.52277,
    "ndcg_at_1": 0.36486,
    "ndcg_at_10": 0.62436,
    "ndcg_at_100": 0.64568,
    "ndcg_at_1000": 0.64655,
    "ndcg_at_3": 0.53414,
    "ndcg_at_5": 0.58522,
    "precision_at_1": 0.36486,
    "precision_at_10": 0.09011,
    "precision_at_100": 0.0099,
    "precision_at_1000": 0.001,
    "precision_at_3": 0.21882,
    "precision_at_5": 0.15605,
    "recall_at_1": 0.36486,
    "recall_at_10": 0.90114,
    "recall_at_100": 0.99004,
    "recall_at_1000": 0.99644,
    "recall_at_3": 0.65647,
    "recall_at_5": 0.78023
  }
}