{
  "dataset_revision": "6031580fec1f6af667f0bd2da0a551cf4f0b2375",
  "mteb_dataset_name": "STS14",
  "mteb_version": "1.4.1",
  "test": {
    "cos_sim": {
      "pearson": 0.8507727299926873,
      "spearman": 0.8135573517217318
    },
    "euclidean": {
      "pearson": 0.8421954402243188,
      "spearman": 0.8266261057575491
    },
    "evaluation_time": 0.17,
    "manhattan": {
      "pearson": 0.8127357395250333,
      "spearman": 0.8041013157933764
    }
  }
}