{
  "dataset_revision": null,
  "mteb_dataset_name": "SciFact",
  "mteb_version": "1.1.2",
  "test": {
    "evaluation_time": 0.73,
    "map_at_1": 0.60361,
    "map_at_10": 0.69959,
    "map_at_100": 0.70472,
    "map_at_1000": 0.70496,
    "map_at_3": 0.66852,
    "map_at_5": 0.68626,
    "mrr_at_1": 0.63,
    "mrr_at_10": 0.70884,
    "mrr_at_100": 0.71304,
    "mrr_at_1000": 0.71327,
    "mrr_at_3": 0.68667,
    "mrr_at_5": 0.7,
    "ndcg_at_1": 0.63,
    "ndcg_at_10": 0.7444,
    "ndcg_at_100": 0.7656,
    "ndcg_at_1000": 0.77043,
    "ndcg_at_3": 0.69271,
    "ndcg_at_5": 0.71863,
    "precision_at_1": 0.63,
    "precision_at_10": 0.099,
    "precision_at_100": 0.01093,
    "precision_at_1000": 0.00113,
    "precision_at_3": 0.26778,
    "precision_at_5": 0.17867,
    "recall_at_1": 0.60361,
    "recall_at_10": 0.87156,
    "recall_at_100": 0.965,
    "recall_at_1000": 1.0,
    "recall_at_3": 0.73394,
    "recall_at_5": 0.79828
  }
}