{
  "dataset_revision": "af5e6fb845001ecf41f4c1e033ce921939a2a68d",
  "mteb_dataset_name": "STS17",
  "mteb_version": "1.1.2",
  "test": {
    "en-en": {
      "cos_sim": {
        "pearson": 0.8918997517759141,
        "spearman": 0.8950285451239549
      },
      "euclidean": {
        "pearson": 0.9014236389287693,
        "spearman": 0.8937016082296476
      },
      "manhattan": {
        "pearson": 0.8946499117870923,
        "spearman": 0.886505320396993
      }
    },
    "evaluation_time": 0.05
  }
}