{
  "dataset_revision": "70970daeab8776df92f5ea462b6173c0b46fd2d1",
  "mteb_dataset_name": "TwitterSemEval2015",
  "mteb_version": "1.1.2",
  "test": {
    "cos_sim": {
      "accuracy": 0.8731000774870358,
      "accuracy_threshold": 0.7352459127144289,
      "ap": 0.7773083340984283,
      "f1": 0.7088638589618022,
      "f1_threshold": 0.6943980399406237,
      "precision": 0.6612608497030608,
      "recall": 0.7638522427440633
    },
    "dot": {
      "accuracy": 0.8597484651606366,
      "accuracy_threshold": 0.5722747869926885,
      "ap": 0.7405007851013503,
      "f1": 0.6788259451624593,
      "f1_threshold": 0.5187045319754524,
      "precision": 0.6259746045889953,
      "recall": 0.741424802110818
    },
    "euclidean": {
      "accuracy": 0.8761995589199499,
      "accuracy_threshold": 0.6236229043339478,
      "ap": 0.783724027786918,
      "f1": 0.7161889382317319,
      "f1_threshold": 0.6459171771376528,
      "precision": 0.7308431749519363,
      "recall": 0.7021108179419525
    },
    "evaluation_time": 1.13,
    "manhattan": {
      "accuracy": 0.8630863682422364,
      "accuracy_threshold": 14.418806259888015,
      "ap": 0.7551590434479828,
      "f1": 0.6959679439018281,
      "f1_threshold": 15.234106649574148,
      "precision": 0.6622974261201144,
      "recall": 0.733245382585752
    },
    "max": {
      "accuracy": 0.8761995589199499,
      "ap": 0.783724027786918,
      "f1": 0.7161889382317319
    }
  }
}