{
  "dataset_revision": "a0d554a64d88156834ff5ae9920b964011b16384",
  "mteb_dataset_name": "STS12",
  "mteb_version": "1.1.2",
  "test": {
    "cos_sim": {
      "pearson": 0.8293707242095257,
      "spearman": 0.7461399198042045
    },
    "euclidean": {
      "pearson": 0.8249855815664748,
      "spearman": 0.7696354705333741
    },
    "evaluation_time": 0.33,
    "manhattan": {
      "pearson": 0.755258273072318,
      "spearman": 0.7485529371314734
    }
  }
}