{
  "dataset_revision": null,
  "mteb_dataset_name": "ArguAna",
  "mteb_version": "1.1.2",
  "test": {
    "evaluation_time": 70.32,
    "map_at_1": 0.3734,
    "map_at_10": 0.54257,
    "map_at_100": 0.54794,
    "map_at_1000": 0.54796,
    "map_at_3": 0.49822,
    "map_at_5": 0.52582,
    "mrr_at_1": 0.38193,
    "mrr_at_10": 0.54551,
    "mrr_at_100": 0.55095,
    "mrr_at_1000": 0.55096,
    "mrr_at_3": 0.5013,
    "mrr_at_5": 0.52883,
    "ndcg_at_1": 0.3734,
    "ndcg_at_10": 0.62951,
    "ndcg_at_100": 0.65086,
    "ndcg_at_1000": 0.65124,
    "ndcg_at_3": 0.53921,
    "ndcg_at_5": 0.58897,
    "precision_at_1": 0.3734,
    "precision_at_10": 0.0904,
    "precision_at_100": 0.00994,
    "precision_at_1000": 0.001,
    "precision_at_3": 0.2193,
    "precision_at_5": 0.15576,
    "recall_at_1": 0.3734,
    "recall_at_10": 0.90398,
    "recall_at_100": 0.9936,
    "recall_at_1000": 0.99644,
    "recall_at_3": 0.65789,
    "recall_at_5": 0.77881
  }
}