{
  "dataset_revision": "ae001d0e6b1228650b7bd1c2c65fb50ad11a8aba",
  "mteb_dataset_name": "MTOPIntentClassification",
  "mteb_version": "1.2.0",
  "test": {
    "en": {
      "accuracy": 0.6966484268125855,
      "accuracy_stderr": 0.019729748091846754,
      "f1": 0.52246678586241,
      "f1_stderr": 0.005295574242004779,
      "main_score": 0.6966484268125855
    },
    "evaluation_time": 196.65
  }
}