{
  "dataset_revision": "4d8694f8f0e0100860b497b999b3dbed754a0513",
  "mteb_dataset_name": "STS16",
  "mteb_version": "1.1.2",
  "test": {
    "cos_sim": {
      "pearson": 0.8606018129216697,
      "spearman": 0.8734999264248678
    },
    "euclidean": {
      "pearson": 0.8666652829372141,
      "spearman": 0.8734999264248678
    },
    "evaluation_time": 2.4,
    "manhattan": {
      "pearson": 0.8652893460002824,
      "spearman": 0.8722707459629367
    }
  }
}