{
  "dataset_revision": "d604517c81ca91fe16a244d1248fc021f9ecee7a",
  "mteb_dataset_name": "TweetSentimentExtractionClassification",
  "mteb_version": "1.2.0",
  "test": {
    "accuracy": 0.6459252971137521,
    "accuracy_stderr": 0.02278532842405297,
    "evaluation_time": 24.85,
    "f1": 0.6451827896468681,
    "f1_stderr": 0.02385049371916627,
    "main_score": 0.6459252971137521
  }
}