{
  "dataset_revision": "a0d554a64d88156834ff5ae9920b964011b16384",
  "mteb_dataset_name": "STS12",
  "mteb_version": "1.1.2",
  "test": {
    "cos_sim": {
      "pearson": 0.839579759372311,
      "spearman": 0.7516790350890058
    },
    "euclidean": {
      "pearson": 0.8425021068072543,
      "spearman": 0.7730684889357591
    },
    "evaluation_time": 0.26,
    "manhattan": {
      "pearson": 0.8097198657294573,
      "spearman": 0.7672214500707215
    }
  }
}