{
  "dataset_revision": "70970daeab8776df92f5ea462b6173c0b46fd2d1",
  "mteb_dataset_name": "TwitterSemEval2015",
  "mteb_version": "1.1.2",
  "test": {
    "cos_sim": {
      "accuracy": 0.8765571913929785,
      "accuracy_threshold": 0.7538743559632219,
      "ap": 0.7862230994681432,
      "f1": 0.7174158006760988,
      "f1_threshold": 0.7014447998372897,
      "precision": 0.6826304503216584,
      "recall": 0.7559366754617414
    },
    "dot": {
      "accuracy": 0.8577814865589796,
      "accuracy_threshold": 0.46451787815163703,
      "ap": 0.734586825412701,
      "f1": 0.6790823877651702,
      "f1_threshold": 0.42319566042311174,
      "precision": 0.6375636868920797,
      "recall": 0.7263852242744063
    },
    "euclidean": {
      "accuracy": 0.8775704833998927,
      "accuracy_threshold": 0.5601134326121233,
      "ap": 0.7887282965710342,
      "f1": 0.7209332809018221,
      "f1_threshold": 0.5857564150698636,
      "precision": 0.7163323782234957,
      "recall": 0.7255936675461742
    },
    "evaluation_time": 0.93,
    "manhattan": {
      "accuracy": 0.8737557370209215,
      "accuracy_threshold": 9.607790920293137,
      "ap": 0.7805653821358357,
      "f1": 0.7138964577656676,
      "f1_threshold": 10.158735320028907,
      "precision": 0.6727357609710551,
      "recall": 0.7604221635883905
    },
    "max": {
      "accuracy": 0.8775704833998927,
      "ap": 0.7887282965710342,
      "f1": 0.7209332809018221
    }
  }
}