{
  "dataset_revision": "79531abbd1fb92d06c6d6315a0cbbbf5bb247ea4",
  "mteb_dataset_name": "CQADupstackPhysicsRetrieval",
  "mteb_version": "1.2.0",
  "test": {
    "evaluation_time": 44.96,
    "map_at_1": 0.32774,
    "map_at_10": 0.44482,
    "map_at_100": 0.45815,
    "map_at_1000": 0.45918,
    "map_at_3": 0.40887,
    "map_at_5": 0.42889,
    "mrr_at_1": 0.40135,
    "mrr_at_10": 0.50057,
    "mrr_at_100": 0.50864,
    "mrr_at_1000": 0.509,
    "mrr_at_3": 0.47706,
    "mrr_at_5": 0.49034,
    "ndcg_at_1": 0.40135,
    "ndcg_at_10": 0.50814,
    "ndcg_at_100": 0.56044,
    "ndcg_at_1000": 0.57801,
    "ndcg_at_3": 0.45434,
    "ndcg_at_5": 0.48013,
    "precision_at_1": 0.40135,
    "precision_at_10": 0.0922,
    "precision_at_100": 0.01372,
    "precision_at_1000": 0.00171,
    "precision_at_3": 0.21495,
    "precision_at_5": 0.15265,
    "recall_at_1": 0.32774,
    "recall_at_10": 0.63825,
    "recall_at_100": 0.85275,
    "recall_at_1000": 0.96296,
    "recall_at_3": 0.48903,
    "recall_at_5": 0.55552
  }
}