{
  "dataset_revision": "4f58c6b202a23cf9a4da393831edf4f9183cad37",
  "mteb_dataset_name": "EmotionClassification",
  "mteb_version": "1.2.0",
  "test": {
    "accuracy": 0.5677000000000001,
    "accuracy_stderr": 0.017680780525757327,
    "evaluation_time": 88.41,
    "f1": 0.5061731728672711,
    "f1_stderr": 0.008852330207759503,
    "main_score": 0.5677000000000001
  }
}