{
  "dataset_revision": "ae001d0e6b1228650b7bd1c2c65fb50ad11a8aba",
  "mteb_dataset_name": "MTOPIntentClassification",
  "mteb_version": "1.2.0",
  "test": {
    "en": {
      "accuracy": 0.6861833105335157,
      "accuracy_stderr": 0.01915108677622584,
      "f1": 0.5159715638424961,
      "f1_stderr": 0.006627797315803907,
      "main_score": 0.6861833105335157
    },
    "evaluation_time": 31.2
  }
}