{
  "dataset_revision": "7e90230a92c190f1bf69ae9002b8cea547a64cca",
  "mteb_dataset_name": "STS13",
  "mteb_version": "1.2.0",
  "test": {
    "cos_sim": {
      "pearson": 0.8829004496236784,
      "spearman": 0.8856118282639522
    },
    "euclidean": {
      "pearson": 0.8792429048300908,
      "spearman": 0.8856118282639522
    },
    "evaluation_time": 0.51,
    "manhattan": {
      "pearson": 0.8789306379894654,
      "spearman": 0.8849165969858086
    }
  }
}