{
  "dataset_revision": "4d8694f8f0e0100860b497b999b3dbed754a0513",
  "mteb_dataset_name": "STS16",
  "mteb_version": "1.2.0",
  "test": {
    "cos_sim": {
      "pearson": 0.8621712627334676,
      "spearman": 0.8745091992786824
    },
    "euclidean": {
      "pearson": 0.8672961921329825,
      "spearman": 0.8745091992786824
    },
    "evaluation_time": 0.47,
    "manhattan": {
      "pearson": 0.8679739273823409,
      "spearman": 0.8749406341087544
    }
  }
}