{
  "dataset_revision": "a0d554a64d88156834ff5ae9920b964011b16384",
  "mteb_dataset_name": "STS12",
  "mteb_version": "1.2.0",
  "test": {
    "cos_sim": {
      "pearson": 0.8639521392081893,
      "spearman": 0.7748556837889371
    },
    "euclidean": {
      "pearson": 0.8321859327611308,
      "spearman": 0.7748556837889371
    },
    "evaluation_time": 0.77,
    "manhattan": {
      "pearson": 0.8286024462850532,
      "spearman": 0.7740965428594113
    }
  }
}