{
  "dataset_revision": "b0fddb56ed78048fa8b90373c8a3cfc37b684831",
  "mteb_dataset_name": "STSBenchmark",
  "mteb_version": "1.2.0",
  "test": {
    "cos_sim": {
      "pearson": 0.883002401417758,
      "spearman": 0.8961433874729957
    },
    "euclidean": {
      "pearson": 0.8943150112797567,
      "spearman": 0.8961433874729957
    },
    "evaluation_time": 0.69,
    "manhattan": {
      "pearson": 0.8941181095520341,
      "spearman": 0.8947594127830708
    }
  }
}