{
  "dataset_revision": null,
  "mteb_dataset_name": "ArguAna",
  "mteb_version": "1.1.2",
  "test": {
    "evaluation_time": 1.79,
    "map_at_1": 0.367,
    "map_at_10": 0.53871,
    "map_at_100": 0.54458,
    "map_at_1000": 0.54461,
    "map_at_3": 0.4949,
    "map_at_5": 0.52118,
    "mrr_at_1": 0.37624,
    "mrr_at_10": 0.54192,
    "mrr_at_100": 0.54785,
    "mrr_at_1000": 0.54788,
    "mrr_at_3": 0.49846,
    "mrr_at_5": 0.52421,
    "ndcg_at_1": 0.367,
    "ndcg_at_10": 0.62561,
    "ndcg_at_100": 0.64817,
    "ndcg_at_1000": 0.64875,
    "ndcg_at_3": 0.53692,
    "ndcg_at_5": 0.58403,
    "precision_at_1": 0.367,
    "precision_at_10": 0.0899,
    "precision_at_100": 0.00992,
    "precision_at_1000": 0.001,
    "precision_at_3": 0.21954,
    "precision_at_5": 0.15448,
    "recall_at_1": 0.367,
    "recall_at_10": 0.899,
    "recall_at_100": 0.99218,
    "recall_at_1000": 0.99644,
    "recall_at_3": 0.65861,
    "recall_at_5": 0.7724
  }
}