{
  "dataset_revision": "a0d554a64d88156834ff5ae9920b964011b16384",
  "mteb_dataset_name": "STS12",
  "mteb_version": "1.1.2",
  "test": {
    "cos_sim": {
      "pearson": 0.8487087489557127,
      "spearman": 0.7579359066361437
    },
    "euclidean": {
      "pearson": 0.857561513769035,
      "spearman": 0.7846833690941409
    },
    "evaluation_time": 0.37,
    "manhattan": {
      "pearson": 0.8310203577327645,
      "spearman": 0.7798757160959924
    }
  }
}