{
  "dataset_revision": null,
  "mteb_dataset_name": "ArguAna",
  "mteb_version": "1.1.2",
  "test": {
    "evaluation_time": 2.44,
    "map_at_1": 0.40896,
    "map_at_10": 0.57265,
    "map_at_100": 0.57759,
    "map_at_1000": 0.57763,
    "map_at_3": 0.53046,
    "map_at_5": 0.55824,
    "mrr_at_1": 0.41607,
    "mrr_at_10": 0.57536,
    "mrr_at_100": 0.5803,
    "mrr_at_1000": 0.58034,
    "mrr_at_3": 0.5339,
    "mrr_at_5": 0.56093,
    "ndcg_at_1": 0.40896,
    "ndcg_at_10": 0.65448,
    "ndcg_at_100": 0.67367,
    "ndcg_at_1000": 0.67447,
    "ndcg_at_3": 0.5703,
    "ndcg_at_5": 0.62007,
    "precision_at_1": 0.40896,
    "precision_at_10": 0.09111,
    "precision_at_100": 0.00991,
    "precision_at_1000": 0.001,
    "precision_at_3": 0.22854,
    "precision_at_5": 0.16117,
    "recall_at_1": 0.40896,
    "recall_at_10": 0.9111,
    "recall_at_100": 0.99075,
    "recall_at_1000": 0.99644,
    "recall_at_3": 0.68563,
    "recall_at_5": 0.80583
  }
}