{
  "dataset_revision": "0fd18e25b25c072e09e0d92ab615fda904d66300",
  "mteb_dataset_name": "Banking77Classification",
  "mteb_version": "1.1.2",
  "test": {
    "accuracy": 0.8492207792207793,
    "accuracy_stderr": 0.004315129279437969,
    "evaluation_time": 12.35,
    "f1": 0.8429880524921266,
    "f1_stderr": 0.005407242695393422,
    "main_score": 0.8492207792207793
  }
}