{
  "dataset_revision": "4f58c6b202a23cf9a4da393831edf4f9183cad37",
  "mteb_dataset_name": "EmotionClassification",
  "mteb_version": "1.1.2",
  "test": {
    "accuracy": 0.5560499999999999,
    "accuracy_stderr": 0.024617524245951296,
    "evaluation_time": 0.83,
    "f1": 0.49033643397292676,
    "f1_stderr": 0.014100312645576282,
    "main_score": 0.5560499999999999
  }
}