{
  "dataset_revision": "a0d554a64d88156834ff5ae9920b964011b16384",
  "mteb_dataset_name": "STS12",
  "mteb_version": "1.1.2",
  "test": {
    "cos_sim": {
      "pearson": 0.851244804214766,
      "spearman": 0.7606285189074093
    },
    "euclidean": {
      "pearson": 0.8486203282656015,
      "spearman": 0.789830976743881
    },
    "evaluation_time": 0.66,
    "manhattan": {
      "pearson": 0.7946174329166784,
      "spearman": 0.7783444951103228
    }
  }
}