{
  "dataset_revision": "6031580fec1f6af667f0bd2da0a551cf4f0b2375",
  "mteb_dataset_name": "STS14",
  "mteb_version": "1.1.2",
  "test": {
    "cos_sim": {
      "pearson": 0.8655655207666367,
      "spearman": 0.8339734441756744
    },
    "euclidean": {
      "pearson": 0.8612867416135975,
      "spearman": 0.8491793808576454
    },
    "evaluation_time": 0.44,
    "manhattan": {
      "pearson": 0.835711827103717,
      "spearman": 0.8321025013204785
    }
  }
}