{
  "dataset_revision": "a6ea5a8cab320b040a23452cc28066d9beae2cee",
  "mteb_dataset_name": "SICK-R",
  "mteb_version": "1.1.2",
  "test": {
    "cos_sim": {
      "pearson": 0.8739690619331139,
      "spearman": 0.8267170149935795
    },
    "euclidean": {
      "pearson": 0.8526519770814105,
      "spearman": 0.8274227883879531
    },
    "evaluation_time": 1.61,
    "manhattan": {
      "pearson": 0.8119189292778832,
      "spearman": 0.802400284124869
    }
  }
}