{
  "dataset_revision": "ae752c7c21bf194d8b67fd573edf7ae58183cbe3",
  "mteb_dataset_name": "STS15",
  "mteb_version": "1.1.2",
  "test": {
    "cos_sim": {
      "pearson": 0.8797003899281353,
      "spearman": 0.8920594133604901
    },
    "euclidean": {
      "pearson": 0.9010351443667959,
      "spearman": 0.9069312163588183
    },
    "evaluation_time": 0.48,
    "manhattan": {
      "pearson": 0.8783001825619479,
      "spearman": 0.8863038618411925
    }
  }
}