{
  "dataset_revision": null,
  "mteb_dataset_name": "ArguAna",
  "mteb_version": "1.1.2",
  "test": {
    "evaluation_time": 2.0,
    "map_at_1": 0.40683,
    "map_at_10": 0.56778,
    "map_at_100": 0.57302,
    "map_at_1000": 0.57305,
    "map_at_3": 0.5243,
    "map_at_5": 0.55321,
    "mrr_at_1": 0.41536,
    "mrr_at_10": 0.57093,
    "mrr_at_100": 0.57623,
    "mrr_at_1000": 0.57627,
    "mrr_at_3": 0.52845,
    "mrr_at_5": 0.55644,
    "ndcg_at_1": 0.40683,
    "ndcg_at_10": 0.64993,
    "ndcg_at_100": 0.67007,
    "ndcg_at_1000": 0.67076,
    "ndcg_at_3": 0.56314,
    "ndcg_at_5": 0.61496,
    "precision_at_1": 0.40683,
    "precision_at_10": 0.09083,
    "precision_at_100": 0.00991,
    "precision_at_1000": 0.001,
    "precision_at_3": 0.22523,
    "precision_at_5": 0.16017,
    "recall_at_1": 0.40683,
    "recall_at_10": 0.90825,
    "recall_at_100": 0.99147,
    "recall_at_1000": 0.99644,
    "recall_at_3": 0.67568,
    "recall_at_5": 0.80085
  }
}