{
  "dataset_revision": "eea2b4fe26a775864c896887d910b76a8098ad3f",
  "mteb_dataset_name": "STS22",
  "mteb_version": "1.1.2",
  "test": {
    "en": {
      "cos_sim": {
        "pearson": 0.6883558365604604,
        "spearman": 0.693809074487868
      },
      "euclidean": {
        "pearson": 0.7053632714563591,
        "spearman": 0.692408413343248
      },
      "manhattan": {
        "pearson": 0.697464144781112,
        "spearman": 0.6774040037777552
      }
    },
    "evaluation_time": 0.05
  }
}