{
  "dataset_revision": null,
  "mteb_dataset_name": "SciFact",
  "mteb_version": "1.1.2",
  "test": {
    "evaluation_time": 0.54,
    "map_at_1": 0.60594,
    "map_at_10": 0.70183,
    "map_at_100": 0.70699,
    "map_at_1000": 0.70715,
    "map_at_3": 0.67246,
    "map_at_5": 0.6878,
    "mrr_at_1": 0.63333,
    "mrr_at_10": 0.71139,
    "mrr_at_100": 0.71536,
    "mrr_at_1000": 0.7155,
    "mrr_at_3": 0.68944,
    "mrr_at_5": 0.70228,
    "ndcg_at_1": 0.63333,
    "ndcg_at_10": 0.74643,
    "ndcg_at_100": 0.7685,
    "ndcg_at_1000": 0.77186,
    "ndcg_at_3": 0.69569,
    "ndcg_at_5": 0.7184,
    "precision_at_1": 0.63333,
    "precision_at_10": 0.099,
    "precision_at_100": 0.01103,
    "precision_at_1000": 0.00113,
    "precision_at_3": 0.26889,
    "precision_at_5": 0.17667,
    "recall_at_1": 0.60594,
    "recall_at_10": 0.87422,
    "recall_at_100": 0.975,
    "recall_at_1000": 1.0,
    "recall_at_3": 0.73506,
    "recall_at_5": 0.79261
  }
}