{
  "dataset_revision": "4d8694f8f0e0100860b497b999b3dbed754a0513",
  "mteb_dataset_name": "STS16",
  "mteb_version": "1.1.2",
  "test": {
    "cos_sim": {
      "pearson": 0.8398797965524456,
      "spearman": 0.8535923829469275
    },
    "euclidean": {
      "pearson": 0.8631701565038442,
      "spearman": 0.8698619303782406
    },
    "evaluation_time": 0.1,
    "manhattan": {
      "pearson": 0.8559176053831249,
      "spearman": 0.8627749256611856
    }
  }
}