{
  "dataset_revision": "eea2b4fe26a775864c896887d910b76a8098ad3f",
  "mteb_dataset_name": "STS22",
  "mteb_version": "1.1.2",
  "test": {
    "en": {
      "cos_sim": {
        "pearson": 0.6877442165984655,
        "spearman": 0.6945415527157341
      },
      "euclidean": {
        "pearson": 0.7052654857073767,
        "spearman": 0.694401567987742
      },
      "manhattan": {
        "pearson": 0.7083523733404927,
        "spearman": 0.695396110648245
      }
    },
    "evaluation_time": 0.05
  }
}