{
  "dataset_revision": "0fd18e25b25c072e09e0d92ab615fda904d66300",
  "mteb_dataset_name": "Banking77Classification",
  "mteb_version": "1.2.0",
  "test": {
    "accuracy": 0.8513961038961039,
    "accuracy_stderr": 0.005619885092240906,
    "evaluation_time": 85.03,
    "f1": 0.8461612272391802,
    "f1_stderr": 0.00640896254962891,
    "main_score": 0.8513961038961039
  }
}