{
  "dataset_revision": "d7c0de2777da35d6aae2200a62c6e0e5af397c4c",
  "mteb_dataset_name": "ToxicConversationsClassification",
  "mteb_version": "1.2.0",
  "test": {
    "accuracy": 0.7361040000000001,
    "accuracy_stderr": 0.04458971253551653,
    "ap": 0.16364919688772833,
    "ap_stderr": 0.013491384917881622,
    "evaluation_time": 27.01,
    "f1": 0.5718243472969464,
    "f1_stderr": 0.029361630057435063,
    "main_score": 0.7361040000000001
  }
}