{
  "dataset_revision": "d604517c81ca91fe16a244d1248fc021f9ecee7a",
  "mteb_dataset_name": "TweetSentimentExtractionClassification",
  "mteb_version": "1.2.0",
  "test": {
    "accuracy": 0.6376627051499718,
    "accuracy_stderr": 0.023552265736945573,
    "evaluation_time": 3.45,
    "f1": 0.6374191366220885,
    "f1_stderr": 0.02487416940513602,
    "main_score": 0.6376627051499718
  }
}