{
  "dataset_revision": null,
  "mteb_dataset_name": "CQADupstackTexRetrieval",
  "mteb_version": "1.1.2",
  "test": {
    "evaluation_time": 53.49,
    "map_at_1": 0.20751,
    "map_at_10": 0.28887,
    "map_at_100": 0.30104,
    "map_at_1000": 0.30229,
    "map_at_3": 0.2622,
    "map_at_5": 0.27647,
    "mrr_at_1": 0.25189,
    "mrr_at_10": 0.33025,
    "mrr_at_100": 0.33984,
    "mrr_at_1000": 0.34055,
    "mrr_at_3": 0.30672,
    "mrr_at_5": 0.31925,
    "ndcg_at_1": 0.25189,
    "ndcg_at_10": 0.33923,
    "ndcg_at_100": 0.39552,
    "ndcg_at_1000": 0.42203,
    "ndcg_at_3": 0.29289,
    "ndcg_at_5": 0.31312,
    "precision_at_1": 0.25189,
    "precision_at_10": 0.06136,
    "precision_at_100": 0.01058,
    "precision_at_1000": 0.00146,
    "precision_at_3": 0.13776,
    "precision_at_5": 0.09862,
    "recall_at_1": 0.20751,
    "recall_at_10": 0.44852,
    "recall_at_100": 0.70003,
    "recall_at_1000": 0.88483,
    "recall_at_3": 0.31779,
    "recall_at_5": 0.37043
  }
}