{
  "dataset_revision": "ae001d0e6b1228650b7bd1c2c65fb50ad11a8aba",
  "mteb_dataset_name": "MTOPIntentClassification",
  "mteb_version": "1.1.2",
  "test": {
    "en": {
      "accuracy": 0.7079343365253078,
      "accuracy_stderr": 0.016627930579993996,
      "f1": 0.529775190427541,
      "f1_stderr": 0.004951665178606674,
      "main_score": 0.7079343365253078
    },
    "evaluation_time": 16.72
  }
}