{
  "dataset_revision": null,
  "mteb_dataset_name": "SciFact",
  "mteb_version": "1.1.2",
  "test": {
    "evaluation_time": 0.86,
    "map_at_1": 0.61161,
    "map_at_10": 0.69962,
    "map_at_100": 0.70476,
    "map_at_1000": 0.70494,
    "map_at_3": 0.66724,
    "map_at_5": 0.68876,
    "mrr_at_1": 0.64333,
    "mrr_at_10": 0.71014,
    "mrr_at_100": 0.7143,
    "mrr_at_1000": 0.71447,
    "mrr_at_3": 0.68556,
    "mrr_at_5": 0.70272,
    "ndcg_at_1": 0.64333,
    "ndcg_at_10": 0.74296,
    "ndcg_at_100": 0.76583,
    "ndcg_at_1000": 0.76969,
    "ndcg_at_3": 0.68922,
    "ndcg_at_5": 0.72143,
    "precision_at_1": 0.64333,
    "precision_at_10": 0.09833,
    "precision_at_100": 0.011,
    "precision_at_1000": 0.00113,
    "precision_at_3": 0.26556,
    "precision_at_5": 0.18067,
    "recall_at_1": 0.61161,
    "recall_at_10": 0.86589,
    "recall_at_100": 0.97167,
    "recall_at_1000": 1.0,
    "recall_at_3": 0.72339,
    "recall_at_5": 0.80411
  }
}