{
  "dataset_revision": "4f58c6b202a23cf9a4da393831edf4f9183cad37",
  "mteb_dataset_name": "EmotionClassification",
  "mteb_version": "1.1.2",
  "test": {
    "accuracy": 0.5549000000000002,
    "accuracy_stderr": 0.023887025767139775,
    "evaluation_time": 3.88,
    "f1": 0.48990173080715316,
    "f1_stderr": 0.013182128867423024,
    "main_score": 0.5549000000000002
  }
}