{
  "dataset_revision": "0fd18e25b25c072e09e0d92ab615fda904d66300",
  "mteb_dataset_name": "Banking77Classification",
  "mteb_version": "1.1.2",
  "test": {
    "accuracy": 0.8512012987012987,
    "accuracy_stderr": 0.00461004663073974,
    "evaluation_time": 12.13,
    "f1": 0.8452213518691961,
    "f1_stderr": 0.005553109109049914,
    "main_score": 0.8512012987012987
  }
}