{
  "dataset_revision": "af5e6fb845001ecf41f4c1e033ce921939a2a68d",
  "mteb_dataset_name": "STS17",
  "mteb_version": "1.1.2",
  "test": {
    "en-en": {
      "cos_sim": {
        "pearson": 0.9014494671426639,
        "spearman": 0.9031177861447544
      },
      "euclidean": {
        "pearson": 0.9017283019520254,
        "spearman": 0.8966949041728604
      },
      "manhattan": {
        "pearson": 0.8838508190973922,
        "spearman": 0.8756069093809453
      }
    },
    "evaluation_time": 0.07
  }
}