{
  "dataset_revision": "a0d554a64d88156834ff5ae9920b964011b16384",
  "mteb_dataset_name": "STS12",
  "mteb_version": "1.1.2",
  "test": {
    "cos_sim": {
      "pearson": 0.8450248166448299,
      "spearman": 0.7520970577080076
    },
    "euclidean": {
      "pearson": 0.8463688752806668,
      "spearman": 0.7818345436473646
    },
    "evaluation_time": 0.49,
    "manhattan": {
      "pearson": 0.7931858396741247,
      "spearman": 0.7687719133860644
    }
  }
}