{
  "dataset_revision": "b0fddb56ed78048fa8b90373c8a3cfc37b684831",
  "mteb_dataset_name": "STSBenchmark",
  "mteb_version": "1.1.2",
  "test": {
    "cos_sim": {
      "pearson": 0.8707933102686062,
      "spearman": 0.8736424499846264
    },
    "euclidean": {
      "pearson": 0.8892583472167676,
      "spearman": 0.889647630828726
    },
    "evaluation_time": 0.23,
    "manhattan": {
      "pearson": 0.8693920594913198,
      "spearman": 0.8727039736382002
    }
  }
}