{
  "dataset_revision": "70970daeab8776df92f5ea462b6173c0b46fd2d1",
  "mteb_dataset_name": "TwitterSemEval2015",
  "mteb_version": "1.1.2",
  "test": {
    "cos_sim": {
      "accuracy": 0.8728616558383501,
      "accuracy_threshold": 0.7495414848851683,
      "ap": 0.7771351230915231,
      "f1": 0.7131284557027131,
      "f1_threshold": 0.7208592480152397,
      "precision": 0.6955104088286933,
      "recall": 0.7316622691292876
    },
    "dot": {
      "accuracy": 0.8602849138701794,
      "accuracy_threshold": 0.3632060331437159,
      "ap": 0.7382407283820274,
      "f1": 0.6781624680048497,
      "f1_threshold": 0.35716678652645384,
      "precision": 0.6928158546655656,
      "recall": 0.6641160949868073
    },
    "euclidean": {
      "accuracy": 0.8741729749061214,
      "accuracy_threshold": 0.49033841373309106,
      "ap": 0.7804962588763638,
      "f1": 0.7157341344348479,
      "f1_threshold": 0.5279287681512215,
      "precision": 0.680876399142653,
      "recall": 0.754353562005277
    },
    "evaluation_time": 1.75,
    "manhattan": {
      "accuracy": 0.8640996602491506,
      "accuracy_threshold": 9.960974691090158,
      "ap": 0.7536379172177485,
      "f1": 0.689243544829376,
      "f1_threshold": 10.62064180439585,
      "precision": 0.6780699514934899,
      "recall": 0.7007915567282322
    },
    "max": {
      "accuracy": 0.8741729749061214,
      "ap": 0.7804962588763638,
      "f1": 0.7157341344348479
    }
  }
}