{
  "dataset_revision": "d3fb88f8f02e40887cd149695127462bbcf29b4a",
  "mteb_dataset_name": "BIOSSES",
  "mteb_version": "1.1.2",
  "test": {
    "cos_sim": {
      "pearson": 0.885932860002091,
      "spearman": 0.8667787862872268
    },
    "euclidean": {
      "pearson": 0.8769642758254221,
      "spearman": 0.8667787862872268
    },
    "evaluation_time": 0.05,
    "manhattan": {
      "pearson": 0.8749078747435277,
      "spearman": 0.8626943558713114
    }
  }
}