{
  "dataset_revision": "ae001d0e6b1228650b7bd1c2c65fb50ad11a8aba",
  "mteb_dataset_name": "MTOPIntentClassification",
  "mteb_version": "1.1.2",
  "test": {
    "en": {
      "accuracy": 0.5449156406748745,
      "accuracy_stderr": 0.02244178529948383,
      "f1": 0.37671084289887313,
      "f1_stderr": 0.0120823457231592,
      "main_score": 0.5449156406748745
    },
    "evaluation_time": 14.56
  }
}