{
  "dataset_revision": "70970daeab8776df92f5ea462b6173c0b46fd2d1",
  "mteb_dataset_name": "TwitterSemEval2015",
  "mteb_version": "1.1.2",
  "test": {
    "cos_sim": {
      "accuracy": 0.8754842939738928,
      "accuracy_threshold": 0.7135365191248912,
      "ap": 0.7858250812778496,
      "f1": 0.717200445158897,
      "f1_threshold": 0.6741896355522079,
      "precision": 0.6748894577612288,
      "recall": 0.7651715039577837
    },
    "dot": {
      "accuracy": 0.8618942599988079,
      "accuracy_threshold": 0.33936494797848615,
      "ap": 0.7380748924416184,
      "f1": 0.6861448968799577,
      "f1_threshold": 0.32088893571183286,
      "precision": 0.6875993640699523,
      "recall": 0.6846965699208444
    },
    "euclidean": {
      "accuracy": 0.8743517911426357,
      "accuracy_threshold": 0.5122070705453226,
      "ap": 0.7862289188883389,
      "f1": 0.7149464781287168,
      "f1_threshold": 0.5326706965171858,
      "precision": 0.7161768599417527,
      "recall": 0.7137203166226913
    },
    "evaluation_time": 1.02,
    "manhattan": {
      "accuracy": 0.8631459736544078,
      "accuracy_threshold": 11.710305272848624,
      "ap": 0.7523438691061635,
      "f1": 0.6839671120246661,
      "f1_threshold": 12.170041417149063,
      "precision": 0.6664997496244367,
      "recall": 0.7023746701846966
    },
    "max": {
      "accuracy": 0.8754842939738928,
      "ap": 0.7862289188883389,
      "f1": 0.717200445158897
    }
  }
}