{
  "dataset_revision": "4d8694f8f0e0100860b497b999b3dbed754a0513",
  "mteb_dataset_name": "STS16",
  "mteb_version": "1.1.2",
  "test": {
    "cos_sim": {
      "pearson": 0.8383448085252889,
      "spearman": 0.8516845043065232
    },
    "euclidean": {
      "pearson": 0.8662993802319209,
      "spearman": 0.8726152538967669
    },
    "evaluation_time": 0.18,
    "manhattan": {
      "pearson": 0.8576354925169064,
      "spearman": 0.86576863528479
    }
  }
}