{
  "dataset_revision": "7e90230a92c190f1bf69ae9002b8cea547a64cca",
  "mteb_dataset_name": "STS13",
  "mteb_version": "1.1.2",
  "test": {
    "cos_sim": {
      "pearson": 0.8736270728934593,
      "spearman": 0.8772803774646275
    },
    "euclidean": {
      "pearson": 0.8831643094607314,
      "spearman": 0.8904566771916667
    },
    "evaluation_time": 0.23,
    "manhattan": {
      "pearson": 0.8576920502337603,
      "spearman": 0.8626117886475534
    }
  }
}