{
  "dataset_revision": "a0d554a64d88156834ff5ae9920b964011b16384",
  "mteb_dataset_name": "STS12",
  "mteb_version": "1.1.2",
  "test": {
    "cos_sim": {
      "pearson": 0.8408793792727174,
      "spearman": 0.7516961977579232
    },
    "euclidean": {
      "pearson": 0.8373070367798278,
      "spearman": 0.7816710258475219
    },
    "evaluation_time": 0.44,
    "manhattan": {
      "pearson": 0.775285034906293,
      "spearman": 0.7648219020356541
    }
  }
}