{
  "dataset_revision": "a0d554a64d88156834ff5ae9920b964011b16384",
  "mteb_dataset_name": "STS12",
  "mteb_version": "1.2.0",
  "test": {
    "cos_sim": {
      "pearson": 0.8536468567242419,
      "spearman": 0.7636998660645138
    },
    "euclidean": {
      "pearson": 0.8452320634950563,
      "spearman": 0.777588838513864
    },
    "evaluation_time": 0.05,
    "manhattan": {
      "pearson": 0.7845446044373303,
      "spearman": 0.7592103020062558
    }
  }
}