{
  "dataset_revision": "6031580fec1f6af667f0bd2da0a551cf4f0b2375",
  "mteb_dataset_name": "STS14",
  "mteb_version": "1.2.0",
  "test": {
    "cos_sim": {
      "pearson": 0.8632233516758463,
      "spearman": 0.832270430699128
    },
    "euclidean": {
      "pearson": 0.8663236326756419,
      "spearman": 0.8514662306280609
    },
    "evaluation_time": 0.63,
    "manhattan": {
      "pearson": 0.8559678934080956,
      "spearman": 0.8449558514338049
    }
  }
}