{
  "dataset_revision": null,
  "mteb_dataset_name": "ArguAna",
  "mteb_version": "1.1.2",
  "test": {
    "evaluation_time": 2.7,
    "map_at_1": 0.39118,
    "map_at_10": 0.55959,
    "map_at_100": 0.56508,
    "map_at_1000": 0.56513,
    "map_at_3": 0.51908,
    "map_at_5": 0.54412,
    "mrr_at_1": 0.40114,
    "mrr_at_10": 0.56316,
    "mrr_at_100": 0.56865,
    "mrr_at_1000": 0.5687,
    "mrr_at_3": 0.52312,
    "mrr_at_5": 0.54744,
    "ndcg_at_1": 0.39118,
    "ndcg_at_10": 0.64273,
    "ndcg_at_100": 0.66383,
    "ndcg_at_1000": 0.66474,
    "ndcg_at_3": 0.5611,
    "ndcg_at_5": 0.60592,
    "precision_at_1": 0.39118,
    "precision_at_10": 0.09033,
    "precision_at_100": 0.0099,
    "precision_at_1000": 0.001,
    "precision_at_3": 0.2276,
    "precision_at_5": 0.15818,
    "recall_at_1": 0.39118,
    "recall_at_10": 0.90327,
    "recall_at_100": 0.99004,
    "recall_at_1000": 0.99644,
    "recall_at_3": 0.68279,
    "recall_at_5": 0.7909
  }
}