{
  "dataset_revision": null,
  "mteb_dataset_name": "ArguAna",
  "mteb_version": "1.1.2",
  "test": {
    "evaluation_time": 1.96,
    "map_at_1": 0.41892,
    "map_at_10": 0.57652,
    "map_at_100": 0.58139,
    "map_at_1000": 0.58143,
    "map_at_3": 0.53805,
    "map_at_5": 0.56149,
    "mrr_at_1": 0.42603,
    "mrr_at_10": 0.57903,
    "mrr_at_100": 0.5839,
    "mrr_at_1000": 0.58395,
    "mrr_at_3": 0.54101,
    "mrr_at_5": 0.56399,
    "ndcg_at_1": 0.41892,
    "ndcg_at_10": 0.65709,
    "ndcg_at_100": 0.67609,
    "ndcg_at_1000": 0.67707,
    "ndcg_at_3": 0.5789,
    "ndcg_at_5": 0.62111,
    "precision_at_1": 0.41892,
    "precision_at_10": 0.09104,
    "precision_at_100": 0.00989,
    "precision_at_1000": 0.001,
    "precision_at_3": 0.23257,
    "precision_at_5": 0.16003,
    "recall_at_1": 0.41892,
    "recall_at_10": 0.91038,
    "recall_at_100": 0.98933,
    "recall_at_1000": 0.99644,
    "recall_at_3": 0.69772,
    "recall_at_5": 0.80014
  }
}