{
  "dataset_revision": "af5e6fb845001ecf41f4c1e033ce921939a2a68d",
  "mteb_dataset_name": "STS17",
  "mteb_version": "1.1.2",
  "test": {
    "en-en": {
      "cos_sim": {
        "pearson": 0.9003281167608307,
        "spearman": 0.9025373473526328
      },
      "euclidean": {
        "pearson": 0.8983439774644186,
        "spearman": 0.8935236326265005
      },
      "manhattan": {
        "pearson": 0.8813283672350823,
        "spearman": 0.8717183538702815
      }
    },
    "evaluation_time": 0.05
  }
}