{
  "dataset_revision": "7e90230a92c190f1bf69ae9002b8cea547a64cca",
  "mteb_dataset_name": "STS13",
  "mteb_version": "1.1.2",
  "test": {
    "cos_sim": {
      "pearson": 0.8785582140770041,
      "spearman": 0.8829368740675787
    },
    "euclidean": {
      "pearson": 0.8807495151995399,
      "spearman": 0.8886624674376591
    },
    "evaluation_time": 0.24,
    "manhattan": {
      "pearson": 0.8634100570969478,
      "spearman": 0.8690741496526748
    }
  }
}