{
  "dataset_revision": "eea2b4fe26a775864c896887d910b76a8098ad3f",
  "mteb_dataset_name": "STS22",
  "mteb_version": "1.1.2",
  "test": {
    "en": {
      "cos_sim": {
        "pearson": 0.6812676301780218,
        "spearman": 0.681423681519346
      },
      "euclidean": {
        "pearson": 0.6979860807423138,
        "spearman": 0.6848647014609224
      },
      "manhattan": {
        "pearson": 0.6969036179454162,
        "spearman": 0.6775659628525832
      }
    },
    "evaluation_time": 0.05
  }
}