{
  "dataset_revision": null,
  "mteb_dataset_name": "ArguAna",
  "mteb_version": "1.1.2",
  "test": {
    "evaluation_time": 1.82,
    "map_at_1": 0.367,
    "map_at_10": 0.53854,
    "map_at_100": 0.54418,
    "map_at_1000": 0.54422,
    "map_at_3": 0.49478,
    "map_at_5": 0.52199,
    "mrr_at_1": 0.37624,
    "mrr_at_10": 0.54212,
    "mrr_at_100": 0.54768,
    "mrr_at_1000": 0.54773,
    "mrr_at_3": 0.49858,
    "mrr_at_5": 0.52525,
    "ndcg_at_1": 0.367,
    "ndcg_at_10": 0.62558,
    "ndcg_at_100": 0.64744,
    "ndcg_at_1000": 0.64833,
    "ndcg_at_3": 0.53666,
    "ndcg_at_5": 0.58593,
    "precision_at_1": 0.367,
    "precision_at_10": 0.08997,
    "precision_at_100": 0.0099,
    "precision_at_1000": 0.001,
    "precision_at_3": 0.2193,
    "precision_at_5": 0.15562,
    "recall_at_1": 0.367,
    "recall_at_10": 0.89972,
    "recall_at_100": 0.99004,
    "recall_at_1000": 0.99644,
    "recall_at_3": 0.65789,
    "recall_at_5": 0.77809
  }
}