{
  "dataset_revision": "0fd18e25b25c072e09e0d92ab615fda904d66300",
  "mteb_dataset_name": "Banking77Classification",
  "mteb_version": "1.2.0",
  "test": {
    "accuracy": 0.8450324675324674,
    "accuracy_stderr": 0.004878888228455144,
    "evaluation_time": 22.01,
    "f1": 0.838333357460263,
    "f1_stderr": 0.006099130566931434,
    "main_score": 0.8450324675324674
  }
}