{
  "dataset_revision": "90fceea13679c63fe563ded68f3b6f06e50061de",
  "mteb_dataset_name": "CQADupstackMathematicaRetrieval",
  "mteb_version": "1.2.0",
  "test": {
    "evaluation_time": 22.3,
    "map_at_1": 0.18667,
    "map_at_10": 0.27908,
    "map_at_100": 0.29196,
    "map_at_1000": 0.29312,
    "map_at_3": 0.24981,
    "map_at_5": 0.26875,
    "mrr_at_1": 0.23383,
    "mrr_at_10": 0.32965,
    "mrr_at_100": 0.33891,
    "mrr_at_1000": 0.33953,
    "mrr_at_3": 0.30017,
    "mrr_at_5": 0.31963,
    "ndcg_at_1": 0.23383,
    "ndcg_at_10": 0.33737,
    "ndcg_at_100": 0.39634,
    "ndcg_at_1000": 0.42321,
    "ndcg_at_3": 0.28498,
    "ndcg_at_5": 0.31513,
    "precision_at_1": 0.23383,
    "precision_at_10": 0.06231,
    "precision_at_100": 0.01062,
    "precision_at_1000": 0.00143,
    "precision_at_3": 0.13972,
    "precision_at_5": 0.10448,
    "recall_at_1": 0.18667,
    "recall_at_10": 0.46592,
    "recall_at_100": 0.72004,
    "recall_at_1000": 0.9107,
    "recall_at_3": 0.32406,
    "recall_at_5": 0.40081
  }
}