{
  "dataset_revision": "4885aa143210c98657558c04aaf3dc47cfb54340",
  "mteb_dataset_name": "CQADupstackGamingRetrieval",
  "mteb_version": "1.2.0",
  "test": {
    "evaluation_time": 60.21,
    "map_at_1": 0.40995,
    "map_at_10": 0.54477,
    "map_at_100": 0.55519,
    "map_at_1000": 0.55572,
    "map_at_3": 0.50987,
    "map_at_5": 0.52976,
    "mrr_at_1": 0.46959,
    "mrr_at_10": 0.57828,
    "mrr_at_100": 0.58451,
    "mrr_at_1000": 0.58479,
    "mrr_at_3": 0.55371,
    "mrr_at_5": 0.56894,
    "ndcg_at_1": 0.46959,
    "ndcg_at_10": 0.60629,
    "ndcg_at_100": 0.64401,
    "ndcg_at_1000": 0.65419,
    "ndcg_at_3": 0.55028,
    "ndcg_at_5": 0.57833,
    "precision_at_1": 0.46959,
    "precision_at_10": 0.09843,
    "precision_at_100": 0.0126,
    "precision_at_1000": 0.00138,
    "precision_at_3": 0.24807,
    "precision_at_5": 0.1694,
    "recall_at_1": 0.40995,
    "recall_at_10": 0.75213,
    "recall_at_100": 0.91113,
    "recall_at_1000": 0.98272,
    "recall_at_3": 0.60403,
    "recall_at_5": 0.67373
  }
}