{
  "dataset_revision": "6c6430d3a6d36f8d2a829195bc5dc94d7e063e53",
  "mteb_dataset_name": "CQADupstackUnixRetrieval",
  "mteb_version": "1.2.0",
  "test": {
    "evaluation_time": 61.08,
    "map_at_1": 0.28704,
    "map_at_10": 0.38725,
    "map_at_100": 0.39837,
    "map_at_1000": 0.39933,
    "map_at_3": 0.35737,
    "map_at_5": 0.37408,
    "mrr_at_1": 0.33862,
    "mrr_at_10": 0.43073,
    "mrr_at_100": 0.43821,
    "mrr_at_1000": 0.43876,
    "mrr_at_3": 0.4047,
    "mrr_at_5": 0.41887,
    "ndcg_at_1": 0.33862,
    "ndcg_at_10": 0.4453,
    "ndcg_at_100": 0.4951,
    "ndcg_at_1000": 0.51662,
    "ndcg_at_3": 0.39214,
    "ndcg_at_5": 0.41633,
    "precision_at_1": 0.33862,
    "precision_at_10": 0.07491,
    "precision_at_100": 0.01132,
    "precision_at_1000": 0.00143,
    "precision_at_3": 0.17786,
    "precision_at_5": 0.12481,
    "recall_at_1": 0.28704,
    "recall_at_10": 0.57841,
    "recall_at_100": 0.79337,
    "recall_at_1000": 0.94299,
    "recall_at_3": 0.43442,
    "recall_at_5": 0.49404
  }
}