{
  "dataset_revision": "31efe3c427b0bae9c22cbb560b8f15491cc6bed7",
  "mteb_dataset_name": "MassiveIntentClassification",
  "mteb_version": "1.2.0",
  "test": {
    "en": {
      "accuracy": 0.7256220578345662,
      "accuracy_stderr": 0.020034255695717866,
      "f1": 0.7047347440706695,
      "f1_stderr": 0.016378125197922023,
      "main_score": 0.7256220578345662
    },
    "evaluation_time": 20.32
  }
}