{
  "dataset_revision": "ec0fa4fe99da2ff19ca1214b7966684033a58814",
  "mteb_dataset_name": "NFCorpus",
  "mteb_version": "1.2.0",
  "test": {
    "evaluation_time": 4.09,
    "map_at_1": 0.07207,
    "map_at_10": 0.15464,
    "map_at_100": 0.19831,
    "map_at_1000": 0.21474,
    "map_at_3": 0.11406,
    "map_at_5": 0.13121,
    "mrr_at_1": 0.48607,
    "mrr_at_10": 0.58286,
    "mrr_at_100": 0.58892,
    "mrr_at_1000": 0.5892,
    "mrr_at_3": 0.56295,
    "mrr_at_5": 0.57549,
    "ndcg_at_1": 0.47214,
    "ndcg_at_10": 0.38717,
    "ndcg_at_100": 0.36592,
    "ndcg_at_1000": 0.45319,
    "ndcg_at_3": 0.43735,
    "ndcg_at_5": 0.41535,
    "precision_at_1": 0.48607,
    "precision_at_10": 0.287,
    "precision_at_100": 0.09263,
    "precision_at_1000": 0.02237,
    "precision_at_3": 0.40764,
    "precision_at_5": 0.35542,
    "recall_at_1": 0.07207,
    "recall_at_10": 0.19622,
    "recall_at_100": 0.37332,
    "recall_at_1000": 0.68858,
    "recall_at_3": 0.12391,
    "recall_at_5": 0.15156
  }
}