{
  "dataset_revision": "4d8694f8f0e0100860b497b999b3dbed754a0513",
  "mteb_dataset_name": "STS16",
  "mteb_version": "1.1.2",
  "test": {
    "cos_sim": {
      "pearson": 0.8582947115094373,
      "spearman": 0.8720456503229872
    },
    "euclidean": {
      "pearson": 0.8637166490242671,
      "spearman": 0.8720456503229872
    },
    "evaluation_time": 0.57,
    "manhattan": {
      "pearson": 0.863304424418871,
      "spearman": 0.8713314714064149
    }
  }
}