{
  "dataset_revision": "b0fddb56ed78048fa8b90373c8a3cfc37b684831",
  "mteb_dataset_name": "STSBenchmark",
  "mteb_version": "1.2.0",
  "test": {
    "cos_sim": {
      "pearson": 0.8787235988367896,
      "spearman": 0.8911414109644323
    },
    "euclidean": {
      "pearson": 0.8885280970898299,
      "spearman": 0.8911414109644323
    },
    "evaluation_time": 0.62,
    "manhattan": {
      "pearson": 0.8878798322254501,
      "spearman": 0.8899215935261108
    }
  }
}