{
  "dataset_revision": "d604517c81ca91fe16a244d1248fc021f9ecee7a",
  "mteb_dataset_name": "TweetSentimentExtractionClassification",
  "mteb_version": "1.2.0",
  "test": {
    "accuracy": 0.6192699490662139,
    "accuracy_stderr": 0.026540668552926815,
    "evaluation_time": 13.34,
    "f1": 0.6197722909561739,
    "f1_stderr": 0.02800281586723851,
    "main_score": 0.6192699490662139
  }
}