{
  "dataset_revision": "7e90230a92c190f1bf69ae9002b8cea547a64cca",
  "mteb_dataset_name": "STS13",
  "mteb_version": "1.1.2",
  "test": {
    "cos_sim": {
      "pearson": 0.8568340479929818,
      "spearman": 0.86034993453605
    },
    "euclidean": {
      "pearson": 0.8674401007882168,
      "spearman": 0.8747336357629341
    },
    "evaluation_time": 0.16,
    "manhattan": {
      "pearson": 0.8479833443393787,
      "spearman": 0.8542983727628528
    }
  }
}