{
  "dataset_revision": "70970daeab8776df92f5ea462b6173c0b46fd2d1",
  "mteb_dataset_name": "TwitterSemEval2015",
  "mteb_version": "1.1.2",
  "test": {
    "cos_sim": {
      "accuracy": 0.8748882398521786,
      "accuracy_threshold": 0.736819084490907,
      "ap": 0.7848269266383081,
      "f1": 0.7182559918408974,
      "f1_threshold": 0.7075646574447627,
      "precision": 0.6948692649235323,
      "recall": 0.7432717678100264
    },
    "dot": {
      "accuracy": 0.8595100435119509,
      "accuracy_threshold": 0.4604603070516886,
      "ap": 0.7339378438843946,
      "f1": 0.6766467065868264,
      "f1_threshold": 0.4416605529194644,
      "precision": 0.6677800616649537,
      "recall": 0.6857519788918206
    },
    "euclidean": {
      "accuracy": 0.8761399535077785,
      "accuracy_threshold": 0.5590117829231818,
      "ap": 0.7891250666702343,
      "f1": 0.7206300025819777,
      "f1_threshold": 0.5974486663259057,
      "precision": 0.7055106167846309,
      "recall": 0.7364116094986808
    },
    "evaluation_time": 2.18,
    "manhattan": {
      "accuracy": 0.8691065148715503,
      "accuracy_threshold": 10.266635298747339,
      "ap": 0.7698725729788768,
      "f1": 0.7016694278068051,
      "f1_threshold": 11.149930220571399,
      "precision": 0.6785802316982993,
      "recall": 0.7263852242744063
    },
    "max": {
      "accuracy": 0.8761399535077785,
      "ap": 0.7891250666702343,
      "f1": 0.7206300025819777
    }
  }
}