{
  "dataset_revision": "0fd18e25b25c072e09e0d92ab615fda904d66300",
  "mteb_dataset_name": "Banking77Classification",
  "mteb_version": "1.1.2",
  "test": {
    "accuracy": 0.850844155844156,
    "accuracy_stderr": 0.004042696731499575,
    "evaluation_time": 32.25,
    "f1": 0.8451160430346926,
    "f1_stderr": 0.005033351987081842,
    "main_score": 0.850844155844156
  }
}