{
  "dataset_revision": "90fceea13679c63fe563ded68f3b6f06e50061de",
  "mteb_dataset_name": "CQADupstackMathematicaRetrieval",
  "mteb_version": "1.2.0",
  "test": {
    "evaluation_time": 21.46,
    "map_at_1": 0.18291,
    "map_at_10": 0.27406,
    "map_at_100": 0.28584,
    "map_at_1000": 0.28714,
    "map_at_3": 0.24291,
    "map_at_5": 0.26309,
    "mrr_at_1": 0.2301,
    "mrr_at_10": 0.32508,
    "mrr_at_100": 0.33367,
    "mrr_at_1000": 0.33433,
    "mrr_at_3": 0.29436,
    "mrr_at_5": 0.31432,
    "ndcg_at_1": 0.2301,
    "ndcg_at_10": 0.33233,
    "ndcg_at_100": 0.38824,
    "ndcg_at_1000": 0.41684,
    "ndcg_at_3": 0.27621,
    "ndcg_at_5": 0.30817,
    "precision_at_1": 0.2301,
    "precision_at_10": 0.06182,
    "precision_at_100": 0.01034,
    "precision_at_1000": 0.00142,
    "precision_at_3": 0.13308,
    "precision_at_5": 0.10174,
    "recall_at_1": 0.18291,
    "recall_at_10": 0.46079,
    "recall_at_100": 0.70478,
    "recall_at_1000": 0.90677,
    "recall_at_3": 0.31058,
    "recall_at_5": 0.38987
  }
}