{
  "dataset_revision": "27a168819829fe9bcd655c2df245fb19452e8e06",
  "mteb_dataset_name": "FiQA2018",
  "mteb_version": "1.2.0",
  "test": {
    "evaluation_time": 65.31,
    "map_at_1": 0.21601,
    "map_at_10": 0.36769,
    "map_at_100": 0.3878,
    "map_at_1000": 0.38959,
    "map_at_3": 0.32195,
    "map_at_5": 0.34806,
    "mrr_at_1": 0.44136,
    "mrr_at_10": 0.53749,
    "mrr_at_100": 0.54523,
    "mrr_at_1000": 0.54558,
    "mrr_at_3": 0.51543,
    "mrr_at_5": 0.52901,
    "ndcg_at_1": 0.44136,
    "ndcg_at_10": 0.45147,
    "ndcg_at_100": 0.51917,
    "ndcg_at_1000": 0.54701,
    "ndcg_at_3": 0.41652,
    "ndcg_at_5": 0.4274,
    "precision_at_1": 0.44136,
    "precision_at_10": 0.12639,
    "precision_at_100": 0.01965,
    "precision_at_1000": 0.00246,
    "precision_at_3": 0.28292,
    "precision_at_5": 0.20556,
    "recall_at_1": 0.21601,
    "recall_at_10": 0.52349,
    "recall_at_100": 0.76885,
    "recall_at_1000": 0.93324,
    "recall_at_3": 0.38258,
    "recall_at_5": 0.44647
  }
}