{
  "dataset_revision": "a0d554a64d88156834ff5ae9920b964011b16384",
  "mteb_dataset_name": "STS12",
  "mteb_version": "1.2.0",
  "test": {
    "cos_sim": {
      "pearson": 0.8757632826113396,
      "spearman": 0.7874305951707262
    },
    "euclidean": {
      "pearson": 0.8517386224351691,
      "spearman": 0.7874305268304289
    },
    "evaluation_time": 0.86,
    "manhattan": {
      "pearson": 0.8509301078048835,
      "spearman": 0.7868746672616871
    }
  }
}