{
  "dataset_revision": "6031580fec1f6af667f0bd2da0a551cf4f0b2375",
  "mteb_dataset_name": "STS14",
  "mteb_version": "1.1.2",
  "test": {
    "cos_sim": {
      "pearson": 0.8695831234164517,
      "spearman": 0.8483742713662116
    },
    "euclidean": {
      "pearson": 0.8636712156711137,
      "spearman": 0.8483743464105146
    },
    "evaluation_time": 2.51,
    "manhattan": {
      "pearson": 0.8629131564720998,
      "spearman": 0.8476777308657928
    }
  }
}