{
  "dataset_revision": "7e90230a92c190f1bf69ae9002b8cea547a64cca",
  "mteb_dataset_name": "STS13",
  "mteb_version": "1.2.0",
  "test": {
    "cos_sim": {
      "pearson": 0.8891676326695234,
      "spearman": 0.8975535664613576
    },
    "euclidean": {
      "pearson": 0.8898804644184368,
      "spearman": 0.8975535664613576
    },
    "evaluation_time": 0.36,
    "manhattan": {
      "pearson": 0.889273287568289,
      "spearman": 0.8971280154344424
    }
  }
}