{
  "dataset_revision": "eea2b4fe26a775864c896887d910b76a8098ad3f",
  "mteb_dataset_name": "STS22",
  "mteb_version": "1.1.2",
  "test": {
    "en": {
      "cos_sim": {
        "pearson": 0.6749659988662844,
        "spearman": 0.684525319882011
      },
      "euclidean": {
        "pearson": 0.6983665379781425,
        "spearman": 0.687688811961696
      },
      "manhattan": {
        "pearson": 0.7014287714527383,
        "spearman": 0.6859015650857021
      }
    },
    "evaluation_time": 0.04
  }
}