{
  "dataset_revision": "ae752c7c21bf194d8b67fd573edf7ae58183cbe3",
  "mteb_dataset_name": "STS15",
  "mteb_version": "1.1.2",
  "test": {
    "cos_sim": {
      "pearson": 0.867969265188672,
      "spearman": 0.883933926716878
    },
    "euclidean": {
      "pearson": 0.887282231234317,
      "spearman": 0.8913617240353751
    },
    "evaluation_time": 0.36,
    "manhattan": {
      "pearson": 0.8855360424653053,
      "spearman": 0.8900370640649061
    }
  }
}