{
  "dataset_revision": "6031580fec1f6af667f0bd2da0a551cf4f0b2375",
  "mteb_dataset_name": "STS14",
  "mteb_version": "1.1.2",
  "test": {
    "cos_sim": {
      "pearson": 0.8552226069431978,
      "spearman": 0.825249025641997
    },
    "euclidean": {
      "pearson": 0.8599151648438417,
      "spearman": 0.8447007736229925
    },
    "evaluation_time": 0.7,
    "manhattan": {
      "pearson": 0.8578639845682773,
      "spearman": 0.8434847397912043
    }
  }
}