{
  "dataset_revision": "0fd18e25b25c072e09e0d92ab615fda904d66300",
  "mteb_dataset_name": "Banking77Classification",
  "mteb_version": "1.1.2",
  "test": {
    "accuracy": 0.8425324675324675,
    "accuracy_stderr": 0.004960205954407202,
    "evaluation_time": 31.77,
    "f1": 0.8354757988055249,
    "f1_stderr": 0.005882548647377855,
    "main_score": 0.8425324675324675
  }
}