{
  "dataset_revision": "0fd18e25b25c072e09e0d92ab615fda904d66300",
  "mteb_dataset_name": "Banking77Classification",
  "mteb_version": "1.2.0",
  "test": {
    "accuracy": 0.845194805194805,
    "accuracy_stderr": 0.004784529096048986,
    "evaluation_time": 23.62,
    "f1": 0.8385654145133552,
    "f1_stderr": 0.005857398051666094,
    "main_score": 0.845194805194805
  }
}