{
  "dataset_revision": "6184bc1440d2dbc7612be22b50686b8826d22b32",
  "mteb_dataset_name": "CQADupstackProgrammersRetrieval",
  "mteb_version": "1.2.0",
  "test": {
    "evaluation_time": 39.76,
    "map_at_1": 0.2678,
    "map_at_10": 0.37711,
    "map_at_100": 0.39125,
    "map_at_1000": 0.39234,
    "map_at_3": 0.34198,
    "map_at_5": 0.35962,
    "mrr_at_1": 0.33105,
    "mrr_at_10": 0.43086,
    "mrr_at_100": 0.43973,
    "mrr_at_1000": 0.44022,
    "mrr_at_3": 0.40354,
    "mrr_at_5": 0.41792,
    "ndcg_at_1": 0.33105,
    "ndcg_at_10": 0.44085,
    "ndcg_at_100": 0.49802,
    "ndcg_at_1000": 0.51925,
    "ndcg_at_3": 0.38333,
    "ndcg_at_5": 0.4068,
    "precision_at_1": 0.33105,
    "precision_at_10": 0.08311,
    "precision_at_100": 0.01282,
    "precision_at_1000": 0.00165,
    "precision_at_3": 0.18455,
    "precision_at_5": 0.13265,
    "recall_at_1": 0.2678,
    "recall_at_10": 0.57722,
    "recall_at_100": 0.8171,
    "recall_at_1000": 0.95746,
    "recall_at_3": 0.41535,
    "recall_at_5": 0.47692
  }
}