{
  "dataset_revision": null,
  "mteb_dataset_name": "SciFact",
  "mteb_version": "1.1.2",
  "test": {
    "evaluation_time": 9.25,
    "map_at_1": 0.61428,
    "map_at_10": 0.71357,
    "map_at_100": 0.71717,
    "map_at_1000": 0.7174,
    "map_at_3": 0.68163,
    "map_at_5": 0.6979,
    "mrr_at_1": 0.64333,
    "mrr_at_10": 0.72257,
    "mrr_at_100": 0.7253,
    "mrr_at_1000": 0.7255,
    "mrr_at_3": 0.69722,
    "mrr_at_5": 0.71239,
    "ndcg_at_1": 0.64333,
    "ndcg_at_10": 0.76067,
    "ndcg_at_100": 0.77629,
    "ndcg_at_1000": 0.7807,
    "ndcg_at_3": 0.70585,
    "ndcg_at_5": 0.73035,
    "precision_at_1": 0.64333,
    "precision_at_10": 0.10167,
    "precision_at_100": 0.01097,
    "precision_at_1000": 0.00113,
    "precision_at_3": 0.27444,
    "precision_at_5": 0.18067,
    "recall_at_1": 0.61428,
    "recall_at_10": 0.89656,
    "recall_at_100": 0.96833,
    "recall_at_1000": 1.0,
    "recall_at_3": 0.7495,
    "recall_at_5": 0.80994
  }
}