{
  "dataset_revision": "a6ea5a8cab320b040a23452cc28066d9beae2cee",
  "mteb_dataset_name": "SICK-R",
  "mteb_version": "1.2.0",
  "test": {
    "cos_sim": {
      "pearson": 0.8753092266011815,
      "spearman": 0.8271856787353037
    },
    "euclidean": {
      "pearson": 0.8511952105573419,
      "spearman": 0.8271856787353037
    },
    "evaluation_time": 7.74,
    "manhattan": {
      "pearson": 0.8525765815200353,
      "spearman": 0.8263922820764854
    }
  }
}