{
  "dataset_revision": "a0d554a64d88156834ff5ae9920b964011b16384",
  "mteb_dataset_name": "STS12",
  "mteb_version": "1.1.2",
  "test": {
    "cos_sim": {
      "pearson": 0.8753073205071773,
      "spearman": 0.7889983120800493
    },
    "euclidean": {
      "pearson": 0.8469148346318451,
      "spearman": 0.7889983120800493
    },
    "evaluation_time": 3.34,
    "manhattan": {
      "pearson": 0.8419565770682493,
      "spearman": 0.7866628021842318
    }
  }
}