{
  "dataset_revision": "eea2b4fe26a775864c896887d910b76a8098ad3f",
  "mteb_dataset_name": "STS22",
  "mteb_version": "1.1.2",
  "test": {
    "en": {
      "cos_sim": {
        "pearson": 0.6798622918341922,
        "spearman": 0.6825305375081216
      },
      "euclidean": {
        "pearson": 0.6981587691447351,
        "spearman": 0.6857355366873857
      },
      "manhattan": {
        "pearson": 0.6984300413227378,
        "spearman": 0.6826192487601633
      }
    },
    "evaluation_time": 0.05
  }
}