{
  "dataset_revision": null,
  "mteb_dataset_name": "ArguAna",
  "mteb_version": "1.1.2",
  "test": {
    "evaluation_time": 2.09,
    "map_at_1": 0.35775,
    "map_at_10": 0.52889,
    "map_at_100": 0.53448,
    "map_at_1000": 0.53451,
    "map_at_3": 0.4834,
    "map_at_5": 0.511,
    "mrr_at_1": 0.36486,
    "mrr_at_10": 0.53152,
    "mrr_at_100": 0.53703,
    "mrr_at_1000": 0.53706,
    "mrr_at_3": 0.48578,
    "mrr_at_5": 0.51319,
    "ndcg_at_1": 0.35775,
    "ndcg_at_10": 0.61782,
    "ndcg_at_100": 0.64002,
    "ndcg_at_1000": 0.64062,
    "ndcg_at_3": 0.52489,
    "ndcg_at_5": 0.57481,
    "precision_at_1": 0.35775,
    "precision_at_10": 0.0899,
    "precision_at_100": 0.00992,
    "precision_at_1000": 0.001,
    "precision_at_3": 0.21503,
    "precision_at_5": 0.15334,
    "recall_at_1": 0.35775,
    "recall_at_10": 0.899,
    "recall_at_100": 0.99218,
    "recall_at_1000": 0.99644,
    "recall_at_3": 0.64509,
    "recall_at_5": 0.76671
  }
}