{
  "dataset_revision": "eea2b4fe26a775864c896887d910b76a8098ad3f",
  "mteb_dataset_name": "STS22",
  "mteb_version": "1.1.2",
  "test": {
    "en": {
      "cos_sim": {
        "pearson": 0.6767292171561206,
        "spearman": 0.691782551390771
      },
      "euclidean": {
        "pearson": 0.6963250492620208,
        "spearman": 0.6831498885430176
      },
      "manhattan": {
        "pearson": 0.7032601558982733,
        "spearman": 0.6908107969418017
      }
    },
    "evaluation_time": 0.03
  }
}