{
  "dataset_revision": "c22ab2a51041ffd869aaddef7af8d8215647e41a",
  "mteb_dataset_name": "ArguAna",
  "mteb_version": "1.2.0",
  "test": {
    "evaluation_time": 11.96,
    "map_at_1": 0.41607,
    "map_at_10": 0.57754,
    "map_at_100": 0.58249,
    "map_at_1000": 0.58253,
    "map_at_3": 0.53947,
    "map_at_5": 0.56241,
    "mrr_at_1": 0.42248,
    "mrr_at_10": 0.58008,
    "mrr_at_100": 0.58497,
    "mrr_at_1000": 0.58501,
    "mrr_at_3": 0.54184,
    "mrr_at_5": 0.56489,
    "ndcg_at_1": 0.41607,
    "ndcg_at_10": 0.65804,
    "ndcg_at_100": 0.67735,
    "ndcg_at_1000": 0.67813,
    "ndcg_at_3": 0.58076,
    "ndcg_at_5": 0.62223,
    "precision_at_1": 0.41607,
    "precision_at_10": 0.09104,
    "precision_at_100": 0.00991,
    "precision_at_1000": 0.001,
    "precision_at_3": 0.23352,
    "precision_at_5": 0.16031,
    "recall_at_1": 0.41607,
    "recall_at_10": 0.91038,
    "recall_at_100": 0.99075,
    "recall_at_1000": 0.99644,
    "recall_at_3": 0.70057,
    "recall_at_5": 0.80156
  }
}