{
  "dataset_revision": "90fceea13679c63fe563ded68f3b6f06e50061de",
  "mteb_dataset_name": "CQADupstackMathematicaRetrieval",
  "mteb_version": "1.2.0",
  "test": {
    "evaluation_time": 20.81,
    "map_at_1": 0.18364,
    "map_at_10": 0.27472,
    "map_at_100": 0.28622,
    "map_at_1000": 0.28748,
    "map_at_3": 0.24444,
    "map_at_5": 0.26291,
    "mrr_at_1": 0.23134,
    "mrr_at_10": 0.32555,
    "mrr_at_100": 0.33415,
    "mrr_at_1000": 0.3348,
    "mrr_at_3": 0.29643,
    "mrr_at_5": 0.31391,
    "ndcg_at_1": 0.23134,
    "ndcg_at_10": 0.3332,
    "ndcg_at_100": 0.38843,
    "ndcg_at_1000": 0.41633,
    "ndcg_at_3": 0.27857,
    "ndcg_at_5": 0.30706,
    "precision_at_1": 0.23134,
    "precision_at_10": 0.06169,
    "precision_at_100": 0.01032,
    "precision_at_1000": 0.00141,
    "precision_at_3": 0.13516,
    "precision_at_5": 0.10025,
    "recall_at_1": 0.18364,
    "recall_at_10": 0.46329,
    "recall_at_100": 0.70424,
    "recall_at_1000": 0.90096,
    "recall_at_3": 0.31359,
    "recall_at_5": 0.38661
  }
}