{
  "dataset_revision": "ec0fa4fe99da2ff19ca1214b7966684033a58814",
  "mteb_dataset_name": "NFCorpus",
  "mteb_version": "1.2.0",
  "test": {
    "evaluation_time": 4.04,
    "map_at_1": 0.0719,
    "map_at_10": 0.15256,
    "map_at_100": 0.19604,
    "map_at_1000": 0.21233,
    "map_at_3": 0.11373,
    "map_at_5": 0.12972,
    "mrr_at_1": 0.49845,
    "mrr_at_10": 0.58244,
    "mrr_at_100": 0.58893,
    "mrr_at_1000": 0.58926,
    "mrr_at_3": 0.56192,
    "mrr_at_5": 0.57585,
    "ndcg_at_1": 0.48452,
    "ndcg_at_10": 0.38337,
    "ndcg_at_100": 0.36177,
    "ndcg_at_1000": 0.4504,
    "ndcg_at_3": 0.4351,
    "ndcg_at_5": 0.41042,
    "precision_at_1": 0.49845,
    "precision_at_10": 0.28173,
    "precision_at_100": 0.09115,
    "precision_at_1000": 0.02231,
    "precision_at_3": 0.40248,
    "precision_at_5": 0.34923,
    "recall_at_1": 0.0719,
    "recall_at_10": 0.19373,
    "recall_at_100": 0.36983,
    "recall_at_1000": 0.68943,
    "recall_at_3": 0.12385,
    "recall_at_5": 0.14929
  }
}