{
  "dataset_revision": "a6ea5a8cab320b040a23452cc28066d9beae2cee",
  "mteb_dataset_name": "SICK-R",
  "mteb_version": "1.2.0",
  "test": {
    "cos_sim": {
      "pearson": 0.8729530991081713,
      "spearman": 0.8283427893223768
    },
    "euclidean": {
      "pearson": 0.846169536359483,
      "spearman": 0.8283428444643535
    },
    "evaluation_time": 4.36,
    "manhattan": {
      "pearson": 0.8457068579215763,
      "spearman": 0.8276985862933866
    }
  }
}