{
  "dataset_revision": "4d8694f8f0e0100860b497b999b3dbed754a0513",
  "mteb_dataset_name": "STS16",
  "mteb_version": "1.1.2",
  "test": {
    "cos_sim": {
      "pearson": 0.8544081897106895,
      "spearman": 0.8680699688597788
    },
    "euclidean": {
      "pearson": 0.8605819103378098,
      "spearman": 0.8680699688597788
    },
    "evaluation_time": 0.63,
    "manhattan": {
      "pearson": 0.859630379020587,
      "spearman": 0.8672159611752486
    }
  }
}