{
  "dataset_revision": "4d8694f8f0e0100860b497b999b3dbed754a0513",
  "mteb_dataset_name": "STS16",
  "mteb_version": "1.1.2",
  "test": {
    "cos_sim": {
      "pearson": 0.8376457397389636,
      "spearman": 0.8509886038987302
    },
    "euclidean": {
      "pearson": 0.8628011176978475,
      "spearman": 0.8695197209395265
    },
    "evaluation_time": 0.17,
    "manhattan": {
      "pearson": 0.8498223814231667,
      "spearman": 0.8581799092163794
    }
  }
}