{
  "dataset_revision": "70970daeab8776df92f5ea462b6173c0b46fd2d1",
  "mteb_dataset_name": "TwitterSemEval2015",
  "mteb_version": "1.1.2",
  "test": {
    "cos_sim": {
      "accuracy": 0.8742921857304643,
      "accuracy_threshold": 0.7378119364013036,
      "ap": 0.782469978770295,
      "f1": 0.7162896499431316,
      "f1_threshold": 0.7055790214679134,
      "precision": 0.6873635702158623,
      "recall": 0.7477572559366754
    },
    "dot": {
      "accuracy": 0.857841091971151,
      "accuracy_threshold": 0.4443439055043744,
      "ap": 0.7288887969234472,
      "f1": 0.6740890688259109,
      "f1_threshold": 0.41353104006920854,
      "precision": 0.6475449684005834,
      "recall": 0.7029023746701847
    },
    "euclidean": {
      "accuracy": 0.8754842939738928,
      "accuracy_threshold": 0.5538842321333151,
      "ap": 0.7871795618760948,
      "f1": 0.7196390525128462,
      "f1_threshold": 0.5895400232795227,
      "precision": 0.685366435903557,
      "recall": 0.7575197889182058
    },
    "evaluation_time": 1.65,
    "manhattan": {
      "accuracy": 0.8671991416820647,
      "accuracy_threshold": 11.101221005515725,
      "ap": 0.7649099807098987,
      "f1": 0.6973289902280131,
      "f1_threshold": 11.463372454191294,
      "precision": 0.6888030888030888,
      "recall": 0.7060686015831135
    },
    "max": {
      "accuracy": 0.8754842939738928,
      "ap": 0.7871795618760948,
      "f1": 0.7196390525128462
    }
  }
}