{
  "dataset_revision": "70970daeab8776df92f5ea462b6173c0b46fd2d1",
  "mteb_dataset_name": "TwitterSemEval2015",
  "mteb_version": "1.1.2",
  "test": {
    "cos_sim": {
      "accuracy": 0.8788221970554927,
      "accuracy_threshold": 0.7311031017774609,
      "ap": 0.7902614649230966,
      "f1": 0.7204920177963884,
      "f1_threshold": 0.7067329357103209,
      "precision": 0.7146936656282451,
      "recall": 0.7263852242744063
    },
    "dot": {
      "accuracy": 0.862609524944865,
      "accuracy_threshold": 0.413260675159452,
      "ap": 0.7456492531728625,
      "f1": 0.687477401470411,
      "f1_threshold": 0.37590951404399264,
      "precision": 0.6327934324384291,
      "recall": 0.7525065963060686
    },
    "euclidean": {
      "accuracy": 0.879716278238064,
      "accuracy_threshold": 0.5417263462178983,
      "ap": 0.7955410856220483,
      "f1": 0.7244696270918434,
      "f1_threshold": 0.5674886253844498,
      "precision": 0.7236114767043959,
      "recall": 0.7253298153034301
    },
    "evaluation_time": 2.29,
    "manhattan": {
      "accuracy": 0.8711927042975502,
      "accuracy_threshold": 11.771192616898379,
      "ap": 0.7754586156319224,
      "f1": 0.7085492227979273,
      "f1_threshold": 12.159315075655762,
      "precision": 0.6959287531806616,
      "recall": 0.7216358839050132
    },
    "max": {
      "accuracy": 0.879716278238064,
      "ap": 0.7955410856220483,
      "f1": 0.7244696270918434
    }
  }
}