{
  "dataset_revision": "eea2b4fe26a775864c896887d910b76a8098ad3f",
  "mteb_dataset_name": "STS22",
  "mteb_version": "1.1.2",
  "test": {
    "en": {
      "cos_sim": {
        "pearson": 0.6850521132018035,
        "spearman": 0.6869408703045746
      },
      "euclidean": {
        "pearson": 0.7020980023016501,
        "spearman": 0.6869408703045746
      },
      "manhattan": {
        "pearson": 0.7019013164377147,
        "spearman": 0.6855809023948362
      }
    },
    "evaluation_time": 0.28
  }
}