{
  "dataset_revision": "eea2b4fe26a775864c896887d910b76a8098ad3f",
  "mteb_dataset_name": "STS22",
  "mteb_version": "1.2.0",
  "test": {
    "en": {
      "cos_sim": {
        "pearson": 0.685052114738578,
        "spearman": 0.6869408703045746
      },
      "euclidean": {
        "pearson": 0.7020980033189689,
        "spearman": 0.6869408703045746
      },
      "manhattan": {
        "pearson": 0.7019013172930969,
        "spearman": 0.6855809023948362
      }
    },
    "evaluation_time": 0.13
  }
}