{
  "dataset_revision": "e8379541af4e31359cca9fbcf4b00f2671dba205",
  "mteb_dataset_name": "AmazonCounterfactualClassification",
  "mteb_version": "1.1.2",
  "test": {
    "en": {
      "accuracy": 0.7350746268656716,
      "accuracy_stderr": 0.03833962032895143,
      "ap": 0.35929508853173353,
      "ap_stderr": 0.03587463706579196,
      "f1": 0.6732607605720826,
      "f1_stderr": 0.035366890382836004,
      "main_score": 0.7350746268656716
    },
    "evaluation_time": 0.61
  }
}