{
  "dataset_revision": "0fd18e25b25c072e09e0d92ab615fda904d66300",
  "mteb_dataset_name": "Banking77Classification",
  "mteb_version": "1.1.2",
  "test": {
    "accuracy": 0.8455194805194806,
    "accuracy_stderr": 0.004212779632028221,
    "evaluation_time": 11.03,
    "f1": 0.8394106897004315,
    "f1_stderr": 0.005400689017881884,
    "main_score": 0.8455194805194806
  }
}