{
  "dataset_revision": "af5e6fb845001ecf41f4c1e033ce921939a2a68d",
  "mteb_dataset_name": "STS17",
  "mteb_version": "1.1.2",
  "test": {
    "en-en": {
      "cos_sim": {
        "pearson": 0.8958108469060141,
        "spearman": 0.8967233495176397
      },
      "euclidean": {
        "pearson": 0.902779863780772,
        "spearman": 0.8950869733997181
      },
      "manhattan": {
        "pearson": 0.8884346212652724,
        "spearman": 0.8791226002370672
      }
    },
    "evaluation_time": 0.03
  }
}