{
  "dataset_revision": "b0fddb56ed78048fa8b90373c8a3cfc37b684831",
  "mteb_dataset_name": "STSBenchmark",
  "mteb_version": "1.1.2",
  "test": {
    "cos_sim": {
      "pearson": 0.8630765091217545,
      "spearman": 0.8655163247136598
    },
    "euclidean": {
      "pearson": 0.8835347873124387,
      "spearman": 0.8834529864415239
    },
    "evaluation_time": 0.08,
    "manhattan": {
      "pearson": 0.868561198530175,
      "spearman": 0.8702109582190921
    }
  }
}