{
  "dataset_revision": "70970daeab8776df92f5ea462b6173c0b46fd2d1",
  "mteb_dataset_name": "TwitterSemEval2015",
  "mteb_version": "1.1.2",
  "test": {
    "cos_sim": {
      "accuracy": 0.87411336949395,
      "accuracy_threshold": 0.7451864031811425,
      "ap": 0.7810010832683022,
      "f1": 0.7162093495934958,
      "f1_threshold": 0.7111783350776303,
      "precision": 0.690592846643802,
      "recall": 0.7437994722955145
    },
    "dot": {
      "accuracy": 0.8614174167014365,
      "accuracy_threshold": 0.4606271912261593,
      "ap": 0.744849687477139,
      "f1": 0.6856921487603306,
      "f1_threshold": 0.4379132610677002,
      "precision": 0.6714719271623673,
      "recall": 0.7005277044854882
    },
    "euclidean": {
      "accuracy": 0.8764379805686356,
      "accuracy_threshold": 0.5592292125472034,
      "ap": 0.786556579398646,
      "f1": 0.7185923464993232,
      "f1_threshold": 0.6037344846144342,
      "precision": 0.6732764583813696,
      "recall": 0.7704485488126649
    },
    "evaluation_time": 1.84,
    "manhattan": {
      "accuracy": 0.8646361089586935,
      "accuracy_threshold": 12.392898791803919,
      "ap": 0.758432101181592,
      "f1": 0.6970709146968139,
      "f1_threshold": 13.204070513238113,
      "precision": 0.6792689033550325,
      "recall": 0.7158311345646438
    },
    "max": {
      "accuracy": 0.8764379805686356,
      "ap": 0.786556579398646,
      "f1": 0.7185923464993232
    }
  }
}