{
  "dataset_revision": "b0fddb56ed78048fa8b90373c8a3cfc37b684831",
  "mteb_dataset_name": "STSBenchmark",
  "mteb_version": "1.1.2",
  "test": {
    "cos_sim": {
      "pearson": 0.8771719523472383,
      "spearman": 0.8812346782023267
    },
    "euclidean": {
      "pearson": 0.8904051961255842,
      "spearman": 0.8931194598028712
    },
    "evaluation_time": 0.34,
    "manhattan": {
      "pearson": 0.8641113251605843,
      "spearman": 0.869920610033991
    }
  }
}