{
  "dataset_revision": null,
  "mteb_dataset_name": "SciFact",
  "mteb_version": "1.1.2",
  "test": {
    "evaluation_time": 0.62,
    "map_at_1": 0.59761,
    "map_at_10": 0.6864,
    "map_at_100": 0.69137,
    "map_at_1000": 0.69161,
    "map_at_3": 0.65707,
    "map_at_5": 0.67116,
    "mrr_at_1": 0.62333,
    "mrr_at_10": 0.69504,
    "mrr_at_100": 0.69875,
    "mrr_at_1000": 0.69898,
    "mrr_at_3": 0.67222,
    "mrr_at_5": 0.68439,
    "ndcg_at_1": 0.62333,
    "ndcg_at_10": 0.7295,
    "ndcg_at_100": 0.75097,
    "ndcg_at_1000": 0.75687,
    "ndcg_at_3": 0.67743,
    "ndcg_at_5": 0.69891,
    "precision_at_1": 0.62333,
    "precision_at_10": 0.09667,
    "precision_at_100": 0.0108,
    "precision_at_1000": 0.00113,
    "precision_at_3": 0.26,
    "precision_at_5": 0.17067,
    "recall_at_1": 0.59761,
    "recall_at_10": 0.85356,
    "recall_at_100": 0.95167,
    "recall_at_1000": 0.99667,
    "recall_at_3": 0.7095,
    "recall_at_5": 0.76611
  }
}