{
  "dataset_revision": "eea2b4fe26a775864c896887d910b76a8098ad3f",
  "mteb_dataset_name": "STS22",
  "mteb_version": "1.1.2",
  "test": {
    "en": {
      "cos_sim": {
        "pearson": 0.681766492619461,
        "spearman": 0.694085788485062
      },
      "euclidean": {
        "pearson": 0.7043068592807463,
        "spearman": 0.6929382392614045
      },
      "manhattan": {
        "pearson": 0.7111991832436585,
        "spearman": 0.6981412762733485
      }
    },
    "evaluation_time": 0.04
  }
}