{
  "dataset_revision": "e8379541af4e31359cca9fbcf4b00f2671dba205",
  "mteb_dataset_name": "AmazonCounterfactualClassification",
  "mteb_version": "1.1.2",
  "test": {
    "en": {
      "accuracy": 0.7170149253731344,
      "accuracy_stderr": 0.0341865989306756,
      "ap": 0.3454692377068197,
      "ap_stderr": 0.030095546117412712,
      "f1": 0.6579969496280998,
      "f1_stderr": 0.031230836020140273,
      "main_score": 0.7170149253731344
    },
    "evaluation_time": 0.56
  }
}