{
  "dataset_revision": "eea2b4fe26a775864c896887d910b76a8098ad3f",
  "mteb_dataset_name": "STS22",
  "mteb_version": "1.1.2",
  "test": {
    "en": {
      "cos_sim": {
        "pearson": 0.6729310850454966,
        "spearman": 0.6867487982359343
      },
      "euclidean": {
        "pearson": 0.691203175763387,
        "spearman": 0.6777222248745282
      },
      "manhattan": {
        "pearson": 0.698827698588058,
        "spearman": 0.6856281065472987
      }
    },
    "evaluation_time": 0.05
  }
}