{
  "dataset_revision": null,
  "mteb_dataset_name": "SciFact",
  "mteb_version": "1.1.2",
  "test": {
    "evaluation_time": 0.83,
    "map_at_1": 0.60361,
    "map_at_10": 0.7058,
    "map_at_100": 0.70897,
    "map_at_1000": 0.70917,
    "map_at_3": 0.67287,
    "map_at_5": 0.69301,
    "mrr_at_1": 0.63,
    "mrr_at_10": 0.71394,
    "mrr_at_100": 0.71603,
    "mrr_at_1000": 0.71622,
    "mrr_at_3": 0.68889,
    "mrr_at_5": 0.70506,
    "ndcg_at_1": 0.63,
    "ndcg_at_10": 0.75507,
    "ndcg_at_100": 0.76985,
    "ndcg_at_1000": 0.77417,
    "ndcg_at_3": 0.69853,
    "ndcg_at_5": 0.72939,
    "precision_at_1": 0.63,
    "precision_at_10": 0.10167,
    "precision_at_100": 0.01097,
    "precision_at_1000": 0.00113,
    "precision_at_3": 0.27222,
    "precision_at_5": 0.184,
    "recall_at_1": 0.60361,
    "recall_at_10": 0.89822,
    "recall_at_100": 0.96833,
    "recall_at_1000": 1.0,
    "recall_at_3": 0.747,
    "recall_at_5": 0.82328
  }
}