{
  "dataset_revision": "4d8694f8f0e0100860b497b999b3dbed754a0513",
  "mteb_dataset_name": "STS16",
  "mteb_version": "1.1.2",
  "test": {
    "cos_sim": {
      "pearson": 0.8349316382076286,
      "spearman": 0.8538634557860056
    },
    "euclidean": {
      "pearson": 0.8657695959007575,
      "spearman": 0.8701757442812604
    },
    "evaluation_time": 0.24,
    "manhattan": {
      "pearson": 0.8637783309324119,
      "spearman": 0.8686399226804332
    }
  }
}