{
  "dataset_revision": null,
  "mteb_dataset_name": "SciFact",
  "mteb_version": "1.1.2",
  "test": {
    "evaluation_time": 1.04,
    "map_at_1": 0.61428,
    "map_at_10": 0.70333,
    "map_at_100": 0.70884,
    "map_at_1000": 0.70904,
    "map_at_3": 0.67135,
    "map_at_5": 0.69104,
    "mrr_at_1": 0.64333,
    "mrr_at_10": 0.71261,
    "mrr_at_100": 0.7171,
    "mrr_at_1000": 0.71727,
    "mrr_at_3": 0.68944,
    "mrr_at_5": 0.70394,
    "ndcg_at_1": 0.64333,
    "ndcg_at_10": 0.74565,
    "ndcg_at_100": 0.76907,
    "ndcg_at_1000": 0.77297,
    "ndcg_at_3": 0.69325,
    "ndcg_at_5": 0.72122,
    "precision_at_1": 0.64333,
    "precision_at_10": 0.09833,
    "precision_at_100": 0.011,
    "precision_at_1000": 0.00113,
    "precision_at_3": 0.26667,
    "precision_at_5": 0.17933,
    "recall_at_1": 0.61428,
    "recall_at_10": 0.86589,
    "recall_at_100": 0.97167,
    "recall_at_1000": 1.0,
    "recall_at_3": 0.72783,
    "recall_at_5": 0.79578
  }
}