{
  "dataset_revision": "0228b52cf27578f30900b9e5271d331663a030d7",
  "mteb_dataset_name": "SciFact",
  "mteb_version": "1.2.0",
  "test": {
    "evaluation_time": 1.35,
    "map_at_1": 0.61494,
    "map_at_10": 0.70865,
    "map_at_100": 0.71337,
    "map_at_1000": 0.71362,
    "map_at_3": 0.68102,
    "map_at_5": 0.69829,
    "mrr_at_1": 0.64667,
    "mrr_at_10": 0.71852,
    "mrr_at_100": 0.72231,
    "mrr_at_1000": 0.72254,
    "mrr_at_3": 0.69833,
    "mrr_at_5": 0.71167,
    "ndcg_at_1": 0.64667,
    "ndcg_at_10": 0.75212,
    "ndcg_at_100": 0.77202,
    "ndcg_at_1000": 0.77686,
    "ndcg_at_3": 0.70645,
    "ndcg_at_5": 0.73111,
    "precision_at_1": 0.64667,
    "precision_at_10": 0.09933,
    "precision_at_100": 0.01093,
    "precision_at_1000": 0.00113,
    "precision_at_3": 0.27667,
    "precision_at_5": 0.18267,
    "recall_at_1": 0.61494,
    "recall_at_10": 0.87589,
    "recall_at_100": 0.965,
    "recall_at_1000": 1.0,
    "recall_at_3": 0.75017,
    "recall_at_5": 0.81411
  }
}