{
  "dataset_revision": "a0d554a64d88156834ff5ae9920b964011b16384",
  "mteb_dataset_name": "STS12",
  "mteb_version": "1.1.2",
  "test": {
    "cos_sim": {
      "pearson": 0.8475822065817002,
      "spearman": 0.7602758744793714
    },
    "euclidean": {
      "pearson": 0.8440633226077762,
      "spearman": 0.7925156013894088
    },
    "evaluation_time": 0.4,
    "manhattan": {
      "pearson": 0.792855627903162,
      "spearman": 0.7796483908332249
    }
  }
}