{
  "dataset_revision": "70970daeab8776df92f5ea462b6173c0b46fd2d1",
  "mteb_dataset_name": "TwitterSemEval2015",
  "mteb_version": "1.1.2",
  "test": {
    "cos_sim": {
      "accuracy": 0.8707158610001788,
      "accuracy_threshold": 0.7479135004305143,
      "ap": 0.7742734346691822,
      "f1": 0.7063680720630552,
      "f1_threshold": 0.6955427207390745,
      "precision": 0.6716630977872948,
      "recall": 0.7448548812664908
    },
    "dot": {
      "accuracy": 0.8624307087083507,
      "accuracy_threshold": 0.45071380896866253,
      "ap": 0.746498648085997,
      "f1": 0.6876955161626694,
      "f1_threshold": 0.4305464829245708,
      "precision": 0.6795466254507986,
      "recall": 0.696042216358839
    },
    "euclidean": {
      "accuracy": 0.8730404720748643,
      "accuracy_threshold": 0.5662816037931171,
      "ap": 0.7782481212214524,
      "f1": 0.7094349403836185,
      "f1_threshold": 0.5971239648926713,
      "precision": 0.6971472236372899,
      "recall": 0.7221635883905013
    },
    "evaluation_time": 1.48,
    "manhattan": {
      "accuracy": 0.8638612386004649,
      "accuracy_threshold": 12.811793292407827,
      "ap": 0.7547748050498996,
      "f1": 0.6935483870967742,
      "f1_threshold": 13.839971230922774,
      "precision": 0.6637723106608779,
      "recall": 0.7261213720316623
    },
    "max": {
      "accuracy": 0.8730404720748643,
      "ap": 0.7782481212214524,
      "f1": 0.7094349403836185
    }
  }
}