{
  "dataset_revision": "f46a197baaae43b4f621051089b82a364682dfeb",
  "mteb_dataset_name": "CQADupstackAndroidRetrieval",
  "mteb_version": "1.2.0",
  "test": {
    "evaluation_time": 21.89,
    "map_at_1": 0.35472,
    "map_at_10": 0.47469,
    "map_at_100": 0.49158,
    "map_at_1000": 0.49282,
    "map_at_3": 0.43794,
    "map_at_5": 0.45863,
    "mrr_at_1": 0.43634,
    "mrr_at_10": 0.53999,
    "mrr_at_100": 0.54687,
    "mrr_at_1000": 0.54724,
    "mrr_at_3": 0.51598,
    "mrr_at_5": 0.531,
    "ndcg_at_1": 0.43634,
    "ndcg_at_10": 0.54215,
    "ndcg_at_100": 0.59507,
    "ndcg_at_1000": 0.61129,
    "ndcg_at_3": 0.49484,
    "ndcg_at_5": 0.51723,
    "precision_at_1": 0.43634,
    "precision_at_10": 0.10386,
    "precision_at_100": 0.01647,
    "precision_at_1000": 0.00211,
    "precision_at_3": 0.23987,
    "precision_at_5": 0.17225,
    "recall_at_1": 0.35472,
    "recall_at_10": 0.66358,
    "recall_at_100": 0.87865,
    "recall_at_1000": 0.97674,
    "recall_at_3": 0.51758,
    "recall_at_5": 0.58428
  }
}