{
  "dataset_revision": "6184bc1440d2dbc7612be22b50686b8826d22b32",
  "mteb_dataset_name": "CQADupstackProgrammersRetrieval",
  "mteb_version": "1.2.0",
  "test": {
    "evaluation_time": 28.4,
    "map_at_1": 0.27427,
    "map_at_10": 0.3884,
    "map_at_100": 0.40184,
    "map_at_1000": 0.4029,
    "map_at_3": 0.34963,
    "map_at_5": 0.36801,
    "mrr_at_1": 0.3379,
    "mrr_at_10": 0.44059,
    "mrr_at_100": 0.44892,
    "mrr_at_1000": 0.4494,
    "mrr_at_3": 0.41248,
    "mrr_at_5": 0.42549,
    "ndcg_at_1": 0.3379,
    "ndcg_at_10": 0.45552,
    "ndcg_at_100": 0.50949,
    "ndcg_at_1000": 0.52919,
    "ndcg_at_3": 0.39262,
    "ndcg_at_5": 0.41539,
    "precision_at_1": 0.3379,
    "precision_at_10": 0.08767,
    "precision_at_100": 0.01313,
    "precision_at_1000": 0.00167,
    "precision_at_3": 0.19064,
    "precision_at_5": 0.13699,
    "recall_at_1": 0.27427,
    "recall_at_10": 0.60295,
    "recall_at_100": 0.82953,
    "recall_at_1000": 0.95796,
    "recall_at_3": 0.42487,
    "recall_at_5": 0.48518
  }
}