{
  "dataset_revision": "7d571f92784cd94a019292a1f45445077d0ef634",
  "mteb_dataset_name": "MassiveScenarioClassification",
  "mteb_version": "1.2.0",
  "test": {
    "en": {
      "accuracy": 0.765904505716207,
      "accuracy_stderr": 0.01412223396328994,
      "f1": 0.7624750898265884,
      "f1_stderr": 0.01282853924649003,
      "main_score": 0.765904505716207
    },
    "evaluation_time": 13.24
  }
}