{
  "dataset_revision": null,
  "mteb_dataset_name": "SCIDOCS",
  "mteb_version": "1.2.0",
  "test": {
    "evaluation_time": 23.48,
    "map_at_1": 0.05233,
    "map_at_10": 0.14842,
    "map_at_100": 0.17566,
    "map_at_1000": 0.17961,
    "map_at_3": 0.10287,
    "map_at_5": 0.12396,
    "mrr_at_1": 0.259,
    "mrr_at_10": 0.39089,
    "mrr_at_100": 0.4016,
    "mrr_at_1000": 0.40194,
    "mrr_at_3": 0.35683,
    "mrr_at_5": 0.37663,
    "ndcg_at_1": 0.259,
    "ndcg_at_10": 0.24285,
    "ndcg_at_100": 0.34114,
    "ndcg_at_1000": 0.39978,
    "ndcg_at_3": 0.22774,
    "ndcg_at_5": 0.19868,
    "precision_at_1": 0.259,
    "precision_at_10": 0.1286,
    "precision_at_100": 0.02707,
    "precision_at_1000": 0.0041,
    "precision_at_3": 0.218,
    "precision_at_5": 0.1774,
    "recall_at_1": 0.05233,
    "recall_at_10": 0.26083,
    "recall_at_100": 0.54943,
    "recall_at_1000": 0.83203,
    "recall_at_3": 0.13253,
    "recall_at_5": 0.17982
  }
}