{
  "dataset_revision": "ae752c7c21bf194d8b67fd573edf7ae58183cbe3",
  "mteb_dataset_name": "STS15",
  "mteb_version": "1.1.2",
  "test": {
    "cos_sim": {
      "pearson": 0.8892983901169594,
      "spearman": 0.8993729095906711
    },
    "euclidean": {
      "pearson": 0.8929272408712696,
      "spearman": 0.8993729095906711
    },
    "evaluation_time": 1.26,
    "manhattan": {
      "pearson": 0.8922091647369077,
      "spearman": 0.8990040582673104
    }
  }
}