{
  "dataset_revision": "4d8694f8f0e0100860b497b999b3dbed754a0513",
  "mteb_dataset_name": "STS16",
  "mteb_version": "1.2.0",
  "test": {
    "cos_sim": {
      "pearson": 0.8523726056525803,
      "spearman": 0.8664485082496556
    },
    "euclidean": {
      "pearson": 0.8611864777110075,
      "spearman": 0.8664485082496556
    },
    "evaluation_time": 0.19,
    "manhattan": {
      "pearson": 0.8605548633388066,
      "spearman": 0.8664717121051118
    }
  }
}