{
  "dataset_revision": "7e90230a92c190f1bf69ae9002b8cea547a64cca",
  "mteb_dataset_name": "STS13",
  "mteb_version": "1.1.2",
  "test": {
    "cos_sim": {
      "pearson": 0.8853053920686467,
      "spearman": 0.8896977711873271
    },
    "euclidean": {
      "pearson": 0.8835841723126339,
      "spearman": 0.8896977711873271
    },
    "evaluation_time": 0.86,
    "manhattan": {
      "pearson": 0.8801811663510006,
      "spearman": 0.8865618741123406
    }
  }
}