{
  "dataset_revision": "70970daeab8776df92f5ea462b6173c0b46fd2d1",
  "mteb_dataset_name": "TwitterSemEval2015",
  "mteb_version": "1.2.0",
  "test": {
    "cos_sim": {
      "accuracy": 0.870596650175836,
      "accuracy_threshold": 0.863716442432912,
      "ap": 0.772373651933833,
      "f1": 0.7081199707388441,
      "f1_threshold": 0.8386436584958977,
      "precision": 0.658204895738894,
      "recall": 0.7662269129287599
    },
    "dot": {
      "accuracy": 0.870596650175836,
      "accuracy_threshold": 0.8637164424329121,
      "ap": 0.772373651933833,
      "f1": 0.7081199707388441,
      "f1_threshold": 0.8386436584958978,
      "precision": 0.658204895738894,
      "recall": 0.7662269129287599
    },
    "euclidean": {
      "accuracy": 0.870596650175836,
      "accuracy_threshold": 0.5220796048873764,
      "ap": 0.772373651933833,
      "f1": 0.7081199707388441,
      "f1_threshold": 0.5680780606615468,
      "precision": 0.658204895738894,
      "recall": 0.7662269129287599
    },
    "evaluation_time": 9.43,
    "manhattan": {
      "accuracy": 0.8698813852297789,
      "accuracy_threshold": 21.65264710395413,
      "ap": 0.7674352254391755,
      "f1": 0.7013482574408547,
      "f1_threshold": 22.923096398108733,
      "precision": 0.6770628683693517,
      "recall": 0.7274406332453826
    },
    "max": {
      "accuracy": 0.870596650175836,
      "ap": 0.772373651933833,
      "f1": 0.7081199707388441
    }
  }
}