{
  "dataset_revision": "ad9991cb51e31e31e430383c75ffb2885547b5f0",
  "mteb_dataset_name": "CQADupstackEnglishRetrieval",
  "mteb_version": "1.2.0",
  "test": {
    "evaluation_time": 6.83,
    "map_at_1": 0.32003,
    "map_at_10": 0.42336,
    "map_at_100": 0.43621,
    "map_at_1000": 0.43753,
    "map_at_3": 0.3936,
    "map_at_5": 0.40959,
    "mrr_at_1": 0.40064,
    "mrr_at_10": 0.48361,
    "mrr_at_100": 0.49023,
    "mrr_at_1000": 0.49068,
    "mrr_at_3": 0.46285,
    "mrr_at_5": 0.47396,
    "ndcg_at_1": 0.40064,
    "ndcg_at_10": 0.47926,
    "ndcg_at_100": 0.52358,
    "ndcg_at_1000": 0.54375,
    "ndcg_at_3": 0.4404,
    "ndcg_at_5": 0.45632,
    "precision_at_1": 0.40064,
    "precision_at_10": 0.09006,
    "precision_at_100": 0.01457,
    "precision_at_1000": 0.00194,
    "precision_at_3": 0.21316,
    "precision_at_5": 0.14892,
    "recall_at_1": 0.32003,
    "recall_at_10": 0.57432,
    "recall_at_100": 0.76063,
    "recall_at_1000": 0.88617,
    "recall_at_3": 0.4549,
    "recall_at_5": 0.50318
  }
}