{
  "dataset_revision": "ae001d0e6b1228650b7bd1c2c65fb50ad11a8aba",
  "mteb_dataset_name": "MTOPIntentClassification",
  "mteb_version": "1.2.0",
  "test": {
    "en": {
      "accuracy": 0.6822389420884634,
      "accuracy_stderr": 0.020580305591250122,
      "f1": 0.508214084201059,
      "f1_stderr": 0.008709709785748298,
      "main_score": 0.6822389420884634
    },
    "evaluation_time": 13.25
  }
}