{
  "dataset_revision": "a6ea5a8cab320b040a23452cc28066d9beae2cee",
  "mteb_dataset_name": "SICK-R",
  "mteb_version": "1.1.2",
  "test": {
    "cos_sim": {
      "pearson": 0.8700263088368356,
      "spearman": 0.8286659845771078
    },
    "euclidean": {
      "pearson": 0.8424547397980224,
      "spearman": 0.828665976529411
    },
    "evaluation_time": 1.71,
    "manhattan": {
      "pearson": 0.8423822996495548,
      "spearman": 0.8286305796468716
    }
  }
}