{
  "dataset_revision": "4d8694f8f0e0100860b497b999b3dbed754a0513",
  "mteb_dataset_name": "STS16",
  "mteb_version": "1.2.0",
  "test": {
    "cos_sim": {
      "pearson": 0.8561298808115834,
      "spearman": 0.870591352330677
    },
    "euclidean": {
      "pearson": 0.8631154488677114,
      "spearman": 0.870591352330677
    },
    "evaluation_time": 0.07,
    "manhattan": {
      "pearson": 0.8626430598992695,
      "spearman": 0.8700367947788944
    }
  }
}