{
  "dataset_revision": "4d8694f8f0e0100860b497b999b3dbed754a0513",
  "mteb_dataset_name": "STS16",
  "mteb_version": "1.1.2",
  "test": {
    "cos_sim": {
      "pearson": 0.8561298812429136,
      "spearman": 0.870591352330677
    },
    "euclidean": {
      "pearson": 0.863115449692121,
      "spearman": 0.870591352330677
    },
    "evaluation_time": 0.22,
    "manhattan": {
      "pearson": 0.8626430652613423,
      "spearman": 0.8700367947788944
    }
  }
}