{
  "dataset_revision": "af5e6fb845001ecf41f4c1e033ce921939a2a68d",
  "mteb_dataset_name": "STS17",
  "mteb_version": "1.2.0",
  "test": {
    "en-en": {
      "cos_sim": {
        "pearson": 0.8954600817677906,
        "spearman": 0.8958157892605542
      },
      "euclidean": {
        "pearson": 0.8995585840782517,
        "spearman": 0.8958157892605542
      },
      "manhattan": {
        "pearson": 0.9006621222749798,
        "spearman": 0.8964319769319258
      }
    },
    "evaluation_time": 0.01
  }
}