{
  "dataset_revision": "eea2b4fe26a775864c896887d910b76a8098ad3f",
  "mteb_dataset_name": "STS22",
  "mteb_version": "1.2.0",
  "test": {
    "en": {
      "cos_sim": {
        "pearson": 0.6823552235582552,
        "spearman": 0.6851519956991856
      },
      "euclidean": {
        "pearson": 0.6993147140789214,
        "spearman": 0.6851519956991856
      },
      "manhattan": {
        "pearson": 0.6996585350722895,
        "spearman": 0.6844545136533172
      }
    },
    "evaluation_time": 0.03
  }
}