{
  "dataset_revision": "a6ea5a8cab320b040a23452cc28066d9beae2cee",
  "mteb_dataset_name": "SICK-R",
  "mteb_version": "1.1.2",
  "test": {
    "cos_sim": {
      "pearson": 0.8703910768261209,
      "spearman": 0.829003745199776
    },
    "euclidean": {
      "pearson": 0.8466063133084383,
      "spearman": 0.8297212844349692
    },
    "evaluation_time": 1.61,
    "manhattan": {
      "pearson": 0.8213815569782689,
      "spearman": 0.8135253972661192
    }
  }
}