{
  "dataset_revision": "4d8694f8f0e0100860b497b999b3dbed754a0513",
  "mteb_dataset_name": "STS16",
  "mteb_version": "1.1.2",
  "test": {
    "cos_sim": {
      "pearson": 0.8411053684068956,
      "spearman": 0.8572988230703406
    },
    "euclidean": {
      "pearson": 0.8659477104909474,
      "spearman": 0.8713515193915928
    },
    "evaluation_time": 0.2,
    "manhattan": {
      "pearson": 0.8634949727266656,
      "spearman": 0.8695142373868927
    }
  }
}