{
  "dataset_revision": "b0fddb56ed78048fa8b90373c8a3cfc37b684831",
  "mteb_dataset_name": "STSBenchmark",
  "mteb_version": "1.1.2",
  "test": {
    "cos_sim": {
      "pearson": 0.8754801533492129,
      "spearman": 0.8828775381004506
    },
    "euclidean": {
      "pearson": 0.8888172672506133,
      "spearman": 0.8927229117581292
    },
    "evaluation_time": 0.23,
    "manhattan": {
      "pearson": 0.8778753187902136,
      "spearman": 0.8812299891077714
    }
  }
}