{
  "dataset_revision": "c22ab2a51041ffd869aaddef7af8d8215647e41a",
  "mteb_dataset_name": "ArguAna",
  "mteb_version": "1.2.0",
  "test": {
    "evaluation_time": 16.36,
    "map_at_1": 0.37767,
    "map_at_10": 0.54948,
    "map_at_100": 0.55481,
    "map_at_1000": 0.55484,
    "map_at_3": 0.50759,
    "map_at_5": 0.53308,
    "mrr_at_1": 0.38193,
    "mrr_at_10": 0.55128,
    "mrr_at_100": 0.55654,
    "mrr_at_1000": 0.55656,
    "mrr_at_3": 0.51019,
    "mrr_at_5": 0.5347,
    "ndcg_at_1": 0.37767,
    "ndcg_at_10": 0.63532,
    "ndcg_at_100": 0.65629,
    "ndcg_at_1000": 0.65678,
    "ndcg_at_3": 0.54985,
    "ndcg_at_5": 0.59582,
    "precision_at_1": 0.37767,
    "precision_at_10": 0.09054,
    "precision_at_100": 0.00993,
    "precision_at_1000": 0.001,
    "precision_at_3": 0.22404,
    "precision_at_5": 0.15676,
    "recall_at_1": 0.37767,
    "recall_at_10": 0.90541,
    "recall_at_100": 0.99289,
    "recall_at_1000": 0.99644,
    "recall_at_3": 0.67212,
    "recall_at_5": 0.78378
  }
}