{
  "dataset_revision": "3d86128a09e091d6018b6d26cad27f2739fc2db7",
  "mteb_dataset_name": "ImdbClassification",
  "mteb_version": "1.2.0",
  "test": {
    "accuracy": 0.9415760000000001,
    "accuracy_stderr": 0.003944868058630086,
    "ap": 0.9130373355630359,
    "ap_stderr": 0.0093583417998151,
    "evaluation_time": 20.6,
    "f1": 0.9415459528620405,
    "f1_stderr": 0.003967792108472562,
    "main_score": 0.9415760000000001
  }
}