{
  "dataset_revision": "ec0fa4fe99da2ff19ca1214b7966684033a58814",
  "mteb_dataset_name": "NFCorpus",
  "mteb_version": "1.2.0",
  "test": {
    "evaluation_time": 5.19,
    "map_at_1": 0.07539,
    "map_at_10": 0.15902,
    "map_at_100": 0.20657,
    "map_at_1000": 0.22347,
    "map_at_3": 0.11769,
    "map_at_5": 0.13646,
    "mrr_at_1": 0.51393,
    "mrr_at_10": 0.60306,
    "mrr_at_100": 0.60677,
    "mrr_at_1000": 0.60705,
    "mrr_at_3": 0.58101,
    "mrr_at_5": 0.59417,
    "ndcg_at_1": 0.4969,
    "ndcg_at_10": 0.4005,
    "ndcg_at_100": 0.37699,
    "ndcg_at_1000": 0.4635,
    "ndcg_at_3": 0.44998,
    "ndcg_at_5": 0.42877,
    "precision_at_1": 0.51084,
    "precision_at_10": 0.29505,
    "precision_at_100": 0.09607,
    "precision_at_1000": 0.02268,
    "precision_at_3": 0.41589,
    "precision_at_5": 0.36656,
    "recall_at_1": 0.07539,
    "recall_at_10": 0.20158,
    "recall_at_100": 0.38425,
    "recall_at_1000": 0.7025,
    "recall_at_3": 0.12787,
    "recall_at_5": 0.15816
  }
}