{
  "dataset_revision": "4d8694f8f0e0100860b497b999b3dbed754a0513",
  "mteb_dataset_name": "STS16",
  "mteb_version": "1.2.0",
  "test": {
    "cos_sim": {
      "pearson": 0.8610067054778308,
      "spearman": 0.8737458325666289
    },
    "euclidean": {
      "pearson": 0.866738231660709,
      "spearman": 0.8737458325666289
    },
    "evaluation_time": 0.38,
    "manhattan": {
      "pearson": 0.8660222303445748,
      "spearman": 0.873139128362954
    }
  }
}