{
  "dataset_revision": "b0fddb56ed78048fa8b90373c8a3cfc37b684831",
  "mteb_dataset_name": "STSBenchmark",
  "mteb_version": "1.2.0",
  "test": {
    "cos_sim": {
      "pearson": 0.8824171496112388,
      "spearman": 0.8938062346247945
    },
    "euclidean": {
      "pearson": 0.8931355360470579,
      "spearman": 0.8938062346247945
    },
    "evaluation_time": 0.72,
    "manhattan": {
      "pearson": 0.8921700752168059,
      "spearman": 0.892233635551392
    }
  }
}