{
  "dataset_revision": "4d8694f8f0e0100860b497b999b3dbed754a0513",
  "mteb_dataset_name": "STS16",
  "mteb_version": "1.1.2",
  "test": {
    "cos_sim": {
      "pearson": 0.8429161003591482,
      "spearman": 0.8556451397477346
    },
    "euclidean": {
      "pearson": 0.8650568429993365,
      "spearman": 0.8717029301075806
    },
    "evaluation_time": 0.17,
    "manhattan": {
      "pearson": 0.8578477094310453,
      "spearman": 0.866086214341714
    }
  }
}