{
  "dataset_revision": "a0d554a64d88156834ff5ae9920b964011b16384",
  "mteb_dataset_name": "STS12",
  "mteb_version": "1.1.2",
  "test": {
    "cos_sim": {
      "pearson": 0.8523890838356201,
      "spearman": 0.7614032629187741
    },
    "euclidean": {
      "pearson": 0.8509338558115127,
      "spearman": 0.792102995582223
    },
    "evaluation_time": 0.41,
    "manhattan": {
      "pearson": 0.8004649347633725,
      "spearman": 0.7796932117576544
    }
  }
}