{
  "dataset_revision": "e8379541af4e31359cca9fbcf4b00f2671dba205",
  "mteb_dataset_name": "AmazonCounterfactualClassification",
  "mteb_version": "1.1.2",
  "test": {
    "en": {
      "accuracy": 0.7605970149253731,
      "accuracy_stderr": 0.038565269580560974,
      "ap": 0.3932244029103841,
      "ap_stderr": 0.0410924831345126,
      "f1": 0.7010206785567809,
      "f1_stderr": 0.036696089344357745,
      "main_score": 0.7605970149253731
    },
    "evaluation_time": 1.0
  }
}