{
  "dataset_revision": "6031580fec1f6af667f0bd2da0a551cf4f0b2375",
  "mteb_dataset_name": "STS14",
  "mteb_version": "1.1.2",
  "test": {
    "cos_sim": {
      "pearson": 0.8628725134672215,
      "spearman": 0.8312537167213667
    },
    "euclidean": {
      "pearson": 0.8651302642997425,
      "spearman": 0.8500562770548681
    },
    "evaluation_time": 0.66,
    "manhattan": {
      "pearson": 0.8470559970118736,
      "spearman": 0.8382199055993187
    }
  }
}