{
  "dataset_revision": "0fd18e25b25c072e09e0d92ab615fda904d66300",
  "mteb_dataset_name": "Banking77Classification",
  "mteb_version": "1.1.2",
  "test": {
    "accuracy": 0.847564935064935,
    "accuracy_stderr": 0.00441904467169357,
    "evaluation_time": 12.63,
    "f1": 0.8418122833667357,
    "f1_stderr": 0.00525759367000955,
    "main_score": 0.847564935064935
  }
}