{
  "dataset_revision": "ae001d0e6b1228650b7bd1c2c65fb50ad11a8aba",
  "mteb_dataset_name": "MTOPIntentClassification",
  "mteb_version": "1.2.0",
  "test": {
    "en": {
      "accuracy": 0.6900364797081624,
      "accuracy_stderr": 0.018255593414392632,
      "f1": 0.5194834083072912,
      "f1_stderr": 0.004603656153213721,
      "main_score": 0.6900364797081624
    },
    "evaluation_time": 28.48
  }
}