{
  "dataset_revision": "af5e6fb845001ecf41f4c1e033ce921939a2a68d",
  "mteb_dataset_name": "STS17",
  "mteb_version": "1.2.0",
  "test": {
    "en-en": {
      "cos_sim": {
        "pearson": 0.9035785078700204,
        "spearman": 0.9021779365773788
      },
      "euclidean": {
        "pearson": 0.9071435765145505,
        "spearman": 0.9021779365773788
      },
      "manhattan": {
        "pearson": 0.9069936164850086,
        "spearman": 0.9029828629553275
      }
    },
    "evaluation_time": 0.08
  }
}