{
  "dataset_revision": "6031580fec1f6af667f0bd2da0a551cf4f0b2375",
  "mteb_dataset_name": "STS14",
  "mteb_version": "1.2.0",
  "test": {
    "cos_sim": {
      "pearson": 0.8721219579620838,
      "spearman": 0.8458170434209766
    },
    "euclidean": {
      "pearson": 0.8637826008319489,
      "spearman": 0.8458170434209766
    },
    "evaluation_time": 0.66,
    "manhattan": {
      "pearson": 0.8636726711000035,
      "spearman": 0.8464355103122455
    }
  }
}