{
  "dataset_revision": "eea2b4fe26a775864c896887d910b76a8098ad3f",
  "mteb_dataset_name": "STS22",
  "mteb_version": "1.1.2",
  "test": {
    "en": {
      "cos_sim": {
        "pearson": 0.6872598760958135,
        "spearman": 0.6918875399367653
      },
      "euclidean": {
        "pearson": 0.704957239903286,
        "spearman": 0.6918875399367653
      },
      "manhattan": {
        "pearson": 0.7053327911310845,
        "spearman": 0.6928186011508531
      }
    },
    "evaluation_time": 0.21
  }
}