{
  "dataset_revision": "b0fddb56ed78048fa8b90373c8a3cfc37b684831",
  "mteb_dataset_name": "STSBenchmark",
  "mteb_version": "1.2.0",
  "test": {
    "cos_sim": {
      "pearson": 0.8811404492310541,
      "spearman": 0.8956650860840479
    },
    "euclidean": {
      "pearson": 0.8937370111006162,
      "spearman": 0.8956650860840479
    },
    "evaluation_time": 0.51,
    "manhattan": {
      "pearson": 0.8935847455644371,
      "spearman": 0.8952819501783497
    }
  }
}