{
  "dataset_revision": "70970daeab8776df92f5ea462b6173c0b46fd2d1",
  "mteb_dataset_name": "TwitterSemEval2015",
  "mteb_version": "1.2.0",
  "test": {
    "cos_sim": {
      "accuracy": 0.8718483638314359,
      "accuracy_threshold": 0.7411747410706351,
      "ap": 0.7766730838750185,
      "f1": 0.7094415731753435,
      "f1_threshold": 0.6991170547934072,
      "precision": 0.6792179580014482,
      "recall": 0.7424802110817942
    },
    "dot": {
      "accuracy": 0.8629075520057221,
      "accuracy_threshold": 0.4477616544723168,
      "ap": 0.7481375013167653,
      "f1": 0.6913109756097561,
      "f1_threshold": 0.416973264577716,
      "precision": 0.6665850073493386,
      "recall": 0.7179419525065963
    },
    "euclidean": {
      "accuracy": 0.8735769207844072,
      "accuracy_threshold": 0.5616719895342186,
      "ap": 0.7798470846419032,
      "f1": 0.7109297725024728,
      "f1_threshold": 0.6038176181778947,
      "precision": 0.6689157747789669,
      "recall": 0.758575197889182
    },
    "evaluation_time": 2.62,
    "manhattan": {
      "accuracy": 0.8659474280264648,
      "accuracy_threshold": 12.017573888060666,
      "ap": 0.7601524267485374,
      "f1": 0.6970733561383504,
      "f1_threshold": 12.919659705017555,
      "precision": 0.6704850109675847,
      "recall": 0.7258575197889182
    },
    "max": {
      "accuracy": 0.8735769207844072,
      "ap": 0.7798470846419032,
      "f1": 0.7109297725024728
    }
  }
}