{
  "dataset_revision": null,
  "mteb_dataset_name": "ArguAna",
  "mteb_version": "1.1.2",
  "test": {
    "evaluation_time": 2.02,
    "map_at_1": 0.36202,
    "map_at_10": 0.53446,
    "map_at_100": 0.54034,
    "map_at_1000": 0.54038,
    "map_at_3": 0.49064,
    "map_at_5": 0.5178,
    "mrr_at_1": 0.36771,
    "mrr_at_10": 0.53675,
    "mrr_at_100": 0.54263,
    "mrr_at_1000": 0.54267,
    "mrr_at_3": 0.49301,
    "mrr_at_5": 0.51996,
    "ndcg_at_1": 0.36202,
    "ndcg_at_10": 0.62157,
    "ndcg_at_100": 0.64454,
    "ndcg_at_1000": 0.64533,
    "ndcg_at_3": 0.53301,
    "ndcg_at_5": 0.58195,
    "precision_at_1": 0.36202,
    "precision_at_10": 0.08954,
    "precision_at_100": 0.00991,
    "precision_at_1000": 0.001,
    "precision_at_3": 0.21859,
    "precision_at_5": 0.15491,
    "recall_at_1": 0.36202,
    "recall_at_10": 0.89545,
    "recall_at_100": 0.99075,
    "recall_at_1000": 0.99644,
    "recall_at_3": 0.65576,
    "recall_at_5": 0.77454
  }
}