{
  "dataset_revision": "af5e6fb845001ecf41f4c1e033ce921939a2a68d",
  "mteb_dataset_name": "STS17",
  "mteb_version": "1.1.2",
  "test": {
    "en-en": {
      "cos_sim": {
        "pearson": 0.8989976979683219,
        "spearman": 0.9025431133008988
      },
      "euclidean": {
        "pearson": 0.9034641065074466,
        "spearman": 0.8969543718448353
      },
      "manhattan": {
        "pearson": 0.8979329209340787,
        "spearman": 0.8914409721127822
      }
    },
    "evaluation_time": 0.06
  }
}