{
  "dataset_revision": "7e90230a92c190f1bf69ae9002b8cea547a64cca",
  "mteb_dataset_name": "STS13",
  "mteb_version": "1.1.2",
  "test": {
    "cos_sim": {
      "pearson": 0.8695715647966772,
      "spearman": 0.8758214089247982
    },
    "euclidean": {
      "pearson": 0.8863717484775689,
      "spearman": 0.8934012813883017
    },
    "evaluation_time": 0.26,
    "manhattan": {
      "pearson": 0.8768582652918288,
      "spearman": 0.8835910796963233
    }
  }
}