{
  "dataset_revision": "6031580fec1f6af667f0bd2da0a551cf4f0b2375",
  "mteb_dataset_name": "STS14",
  "mteb_version": "1.1.2",
  "test": {
    "cos_sim": {
      "pearson": 0.8602938635296764,
      "spearman": 0.8290160539958216
    },
    "euclidean": {
      "pearson": 0.8652802657684984,
      "spearman": 0.8486276954281281
    },
    "evaluation_time": 0.61,
    "manhattan": {
      "pearson": 0.8561345829693262,
      "spearman": 0.8428859954116613
    }
  }
}