{
  "dataset_revision": "70970daeab8776df92f5ea462b6173c0b46fd2d1",
  "mteb_dataset_name": "TwitterSemEval2015",
  "mteb_version": "1.1.2",
  "test": {
    "cos_sim": {
      "accuracy": 0.878166537521607,
      "accuracy_threshold": 0.752775686436256,
      "ap": 0.7898581692311732,
      "f1": 0.7213029989658737,
      "f1_threshold": 0.7152377973582563,
      "precision": 0.70704510897111,
      "recall": 0.7361477572559367
    },
    "dot": {
      "accuracy": 0.8583775406806938,
      "accuracy_threshold": 0.36529323953630805,
      "ap": 0.7347444962997952,
      "f1": 0.6780088216761185,
      "f1_threshold": 0.3395393393274315,
      "precision": 0.6489746682750301,
      "recall": 0.7097625329815304
    },
    "euclidean": {
      "accuracy": 0.8791798295285211,
      "accuracy_threshold": 0.4930114458453846,
      "ap": 0.7925745830616848,
      "f1": 0.7242576166602391,
      "f1_threshold": 0.5245437592381996,
      "precision": 0.7061920280772124,
      "recall": 0.7432717678100264
    },
    "evaluation_time": 1.72,
    "manhattan": {
      "accuracy": 0.8748286344400071,
      "accuracy_threshold": 8.146370002778882,
      "ap": 0.7847987216641985,
      "f1": 0.7171945701357466,
      "f1_threshold": 8.866511083496878,
      "precision": 0.684829572731637,
      "recall": 0.7527704485488127
    },
    "max": {
      "accuracy": 0.8791798295285211,
      "ap": 0.7925745830616848,
      "f1": 0.7242576166602391
    }
  }
}