{
  "dataset_revision": null,
  "mteb_dataset_name": "SciFact",
  "mteb_version": "1.1.2",
  "test": {
    "evaluation_time": 0.78,
    "map_at_1": 0.61094,
    "map_at_10": 0.69744,
    "map_at_100": 0.70279,
    "map_at_1000": 0.70296,
    "map_at_3": 0.66385,
    "map_at_5": 0.68633,
    "mrr_at_1": 0.64,
    "mrr_at_10": 0.70736,
    "mrr_at_100": 0.71177,
    "mrr_at_1000": 0.71193,
    "mrr_at_3": 0.68222,
    "mrr_at_5": 0.69939,
    "ndcg_at_1": 0.64,
    "ndcg_at_10": 0.74022,
    "ndcg_at_100": 0.76417,
    "ndcg_at_1000": 0.76798,
    "ndcg_at_3": 0.68434,
    "ndcg_at_5": 0.71792,
    "precision_at_1": 0.64,
    "precision_at_10": 0.098,
    "precision_at_100": 0.011,
    "precision_at_1000": 0.00113,
    "precision_at_3": 0.26111,
    "precision_at_5": 0.17933,
    "recall_at_1": 0.61094,
    "recall_at_10": 0.86156,
    "recall_at_100": 0.97167,
    "recall_at_1000": 1.0,
    "recall_at_3": 0.71533,
    "recall_at_5": 0.79744
  }
}