{
  "dataset_revision": "70970daeab8776df92f5ea462b6173c0b46fd2d1",
  "mteb_dataset_name": "TwitterSemEval2015",
  "mteb_version": "1.1.2",
  "test": {
    "cos_sim": {
      "accuracy": 0.8762591643321214,
      "accuracy_threshold": 0.7456928330132402,
      "ap": 0.7860307996999956,
      "f1": 0.71975,
      "f1_threshold": 0.7055002219163446,
      "precision": 0.6838479809976247,
      "recall": 0.7596306068601583
    },
    "dot": {
      "accuracy": 0.8615366275257793,
      "accuracy_threshold": 0.47005574619870255,
      "ap": 0.7427975511769289,
      "f1": 0.6829146356705412,
      "f1_threshold": 0.44114813205020353,
      "precision": 0.6487770125860841,
      "recall": 0.720844327176781
    },
    "euclidean": {
      "accuracy": 0.877749299636407,
      "accuracy_threshold": 0.5681227320709865,
      "ap": 0.7911343581838737,
      "f1": 0.7234097017790861,
      "f1_threshold": 0.6003249917934992,
      "precision": 0.7024608501118568,
      "recall": 0.745646437994723
    },
    "evaluation_time": 2.45,
    "manhattan": {
      "accuracy": 0.8694641473445789,
      "accuracy_threshold": 12.10453530749231,
      "ap": 0.7696801816798186,
      "f1": 0.7053582792414407,
      "f1_threshold": 12.867703918758094,
      "precision": 0.6813375952790754,
      "recall": 0.7311345646437994
    },
    "max": {
      "accuracy": 0.877749299636407,
      "ap": 0.7911343581838737,
      "f1": 0.7234097017790861
    }
  }
}