{
  "dataset_revision": "4d8694f8f0e0100860b497b999b3dbed754a0513",
  "mteb_dataset_name": "STS16",
  "mteb_version": "1.2.0",
  "test": {
    "cos_sim": {
      "pearson": 0.8442479374277805,
      "spearman": 0.8585162045906763
    },
    "euclidean": {
      "pearson": 0.8671346263032131,
      "spearman": 0.873042504006366
    },
    "evaluation_time": 0.11,
    "manhattan": {
      "pearson": 0.8593276733416615,
      "spearman": 0.8664075038264683
    }
  }
}