{
  "dataset_revision": "ae752c7c21bf194d8b67fd573edf7ae58183cbe3",
  "mteb_dataset_name": "STS15",
  "mteb_version": "1.2.0",
  "test": {
    "cos_sim": {
      "pearson": 0.879582629540322,
      "spearman": 0.8905616290955839
    },
    "euclidean": {
      "pearson": 0.89782875571029,
      "spearman": 0.9040842551696944
    },
    "evaluation_time": 0.25,
    "manhattan": {
      "pearson": 0.8801640984783643,
      "spearman": 0.8882268036352118
    }
  }
}