{
  "dataset_revision": "b0fddb56ed78048fa8b90373c8a3cfc37b684831",
  "mteb_dataset_name": "STSBenchmark",
  "mteb_version": "1.2.0",
  "test": {
    "cos_sim": {
      "pearson": 0.8779530810360556,
      "spearman": 0.8857997259339433
    },
    "euclidean": {
      "pearson": 0.8942207170054436,
      "spearman": 0.8962602299966835
    },
    "evaluation_time": 0.12,
    "manhattan": {
      "pearson": 0.8780716384759114,
      "spearman": 0.8816613674811481
    }
  }
}