{
  "dataset_revision": "c22ab2a51041ffd869aaddef7af8d8215647e41a",
  "mteb_dataset_name": "ArguAna",
  "mteb_version": "1.2.0",
  "test": {
    "evaluation_time": 6.35,
    "map_at_1": 0.40185,
    "map_at_10": 0.56828,
    "map_at_100": 0.57348,
    "map_at_1000": 0.5735,
    "map_at_3": 0.52738,
    "map_at_5": 0.55309,
    "mrr_at_1": 0.41038,
    "mrr_at_10": 0.57132,
    "mrr_at_100": 0.57644,
    "mrr_at_1000": 0.57647,
    "mrr_at_3": 0.53023,
    "mrr_at_5": 0.55583,
    "ndcg_at_1": 0.40185,
    "ndcg_at_10": 0.65074,
    "ndcg_at_100": 0.67081,
    "ndcg_at_1000": 0.6713,
    "ndcg_at_3": 0.56805,
    "ndcg_at_5": 0.6142,
    "precision_at_1": 0.40185,
    "precision_at_10": 0.09097,
    "precision_at_100": 0.00993,
    "precision_at_1000": 0.001,
    "precision_at_3": 0.22854,
    "precision_at_5": 0.15946,
    "recall_at_1": 0.40185,
    "recall_at_10": 0.90967,
    "recall_at_100": 0.99289,
    "recall_at_1000": 0.99644,
    "recall_at_3": 0.68563,
    "recall_at_5": 0.7973
  }
}