{
  "dataset_revision": "7e90230a92c190f1bf69ae9002b8cea547a64cca",
  "mteb_dataset_name": "STS13",
  "mteb_version": "1.2.0",
  "test": {
    "cos_sim": {
      "pearson": 0.8828483902345019,
      "spearman": 0.8896462217604159
    },
    "euclidean": {
      "pearson": 0.8815538220249185,
      "spearman": 0.8896462217604159
    },
    "evaluation_time": 0.42,
    "manhattan": {
      "pearson": 0.8804122587106755,
      "spearman": 0.8882338610630961
    }
  }
}