{
  "dataset_revision": "b0fddb56ed78048fa8b90373c8a3cfc37b684831",
  "mteb_dataset_name": "STSBenchmark",
  "mteb_version": "1.2.0",
  "test": {
    "cos_sim": {
      "pearson": 0.8820189799116586,
      "spearman": 0.8945575663899331
    },
    "euclidean": {
      "pearson": 0.8912785229985318,
      "spearman": 0.8945575663899331
    },
    "evaluation_time": 0.36,
    "manhattan": {
      "pearson": 0.8908989073677892,
      "spearman": 0.893696044338815
    }
  }
}