{
  "dataset_revision": "a6ea5a8cab320b040a23452cc28066d9beae2cee",
  "mteb_dataset_name": "SICK-R",
  "mteb_version": "1.1.2",
  "test": {
    "cos_sim": {
      "pearson": 0.874300800700587,
      "spearman": 0.8299471645966514
    },
    "euclidean": {
      "pearson": 0.8467528601794667,
      "spearman": 0.8299471645966514
    },
    "evaluation_time": 57.73,
    "manhattan": {
      "pearson": 0.8451755895017438,
      "spearman": 0.829489025851674
    }
  }
}