{
  "dataset_revision": "af5e6fb845001ecf41f4c1e033ce921939a2a68d",
  "mteb_dataset_name": "STS17",
  "mteb_version": "1.1.2",
  "test": {
    "en-en": {
      "cos_sim": {
        "pearson": 0.9034745543097777,
        "spearman": 0.9017866208883853
      },
      "euclidean": {
        "pearson": 0.9057505289818719,
        "spearman": 0.9017866208883853
      },
      "manhattan": {
        "pearson": 0.9063192830499831,
        "spearman": 0.902538884938837
      }
    },
    "evaluation_time": 0.25
  }
}