{
  "dataset_revision": "1399c76144fd37290681b995c656ef9b2e06e26d",
  "mteb_dataset_name": "AmazonReviewsClassification",
  "mteb_version": "1.2.0",
  "test": {
    "en": {
      "accuracy": 0.5091000000000001,
      "accuracy_stderr": 0.010337988198871204,
      "f1": 0.498516270399075,
      "f1_stderr": 0.015887690964997377,
      "main_score": 0.5091000000000001
    },
    "evaluation_time": 6.4
  }
}