{
  "dataset_revision": "ae001d0e6b1228650b7bd1c2c65fb50ad11a8aba",
  "mteb_dataset_name": "MTOPIntentClassification",
  "mteb_version": "1.2.0",
  "test": {
    "en": {
      "accuracy": 0.674327405380757,
      "accuracy_stderr": 0.019186070219088497,
      "f1": 0.4991965935488836,
      "f1_stderr": 0.008278587536834114,
      "main_score": 0.674327405380757
    },
    "evaluation_time": 8.6
  }
}