{
  "dataset_revision": "4d8694f8f0e0100860b497b999b3dbed754a0513",
  "mteb_dataset_name": "STS16",
  "mteb_version": "1.2.0",
  "test": {
    "cos_sim": {
      "pearson": 0.8562487580074069,
      "spearman": 0.8695789454970136
    },
    "euclidean": {
      "pearson": 0.8624204348369233,
      "spearman": 0.8695789454970136
    },
    "evaluation_time": 0.44,
    "manhattan": {
      "pearson": 0.8629221553501017,
      "spearman": 0.8703211551087857
    }
  }
}