{
  "dataset_revision": "6031580fec1f6af667f0bd2da0a551cf4f0b2375",
  "mteb_dataset_name": "STS14",
  "mteb_version": "1.2.0",
  "test": {
    "cos_sim": {
      "pearson": 0.8676150073710205,
      "spearman": 0.8442098044044622
    },
    "euclidean": {
      "pearson": 0.8599808140758367,
      "spearman": 0.8442098044044622
    },
    "evaluation_time": 0.99,
    "manhattan": {
      "pearson": 0.8577422464186,
      "spearman": 0.8415897193077699
    }
  }
}