{
  "dataset_revision": "d7c0de2777da35d6aae2200a62c6e0e5af397c4c",
  "mteb_dataset_name": "ToxicConversationsClassification",
  "mteb_version": "1.2.0",
  "test": {
    "accuracy": 0.729424,
    "accuracy_stderr": 0.04455779779118354,
    "ap": 0.15642949354037178,
    "ap_stderr": 0.012610220746662817,
    "evaluation_time": 11.45,
    "f1": 0.5642487586319593,
    "f1_stderr": 0.02888092811334033,
    "main_score": 0.729424
  }
}