{
  "dataset_revision": "d604517c81ca91fe16a244d1248fc021f9ecee7a",
  "mteb_dataset_name": "TweetSentimentExtractionClassification",
  "mteb_version": "1.2.0",
  "test": {
    "accuracy": 0.6200056593095642,
    "accuracy_stderr": 0.026360615016602057,
    "evaluation_time": 2.21,
    "f1": 0.6208691945174409,
    "f1_stderr": 0.027817083596315562,
    "main_score": 0.6200056593095642
  }
}