{
  "dataset_revision": "b0fddb56ed78048fa8b90373c8a3cfc37b684831",
  "mteb_dataset_name": "STSBenchmark",
  "mteb_version": "1.1.2",
  "test": {
    "cos_sim": {
      "pearson": 0.8769814133858289,
      "spearman": 0.8797850264093247
    },
    "euclidean": {
      "pearson": 0.8867089916886762,
      "spearman": 0.8902107963534797
    },
    "evaluation_time": 0.27,
    "manhattan": {
      "pearson": 0.8561662574268645,
      "spearman": 0.8636415367469212
    }
  }
}