{
  "dataset_revision": null,
  "mteb_dataset_name": "ArguAna",
  "mteb_version": "1.1.2",
  "test": {
    "evaluation_time": 1.45,
    "map_at_1": 0.39189,
    "map_at_10": 0.55544,
    "map_at_100": 0.5607,
    "map_at_1000": 0.56074,
    "map_at_3": 0.51197,
    "map_at_5": 0.53907,
    "mrr_at_1": 0.39687,
    "mrr_at_10": 0.55728,
    "mrr_at_100": 0.56261,
    "mrr_at_1000": 0.56265,
    "mrr_at_3": 0.51434,
    "mrr_at_5": 0.54073,
    "ndcg_at_1": 0.39189,
    "ndcg_at_10": 0.63951,
    "ndcg_at_100": 0.66007,
    "ndcg_at_1000": 0.66095,
    "ndcg_at_3": 0.55143,
    "ndcg_at_5": 0.60031,
    "precision_at_1": 0.39189,
    "precision_at_10": 0.09047,
    "precision_at_100": 0.0099,
    "precision_at_1000": 0.001,
    "precision_at_3": 0.22191,
    "precision_at_5": 0.1569,
    "recall_at_1": 0.39189,
    "recall_at_10": 0.90469,
    "recall_at_100": 0.99004,
    "recall_at_1000": 0.99644,
    "recall_at_3": 0.66572,
    "recall_at_5": 0.7845
  }
}