{
  "dataset_revision": "a0d554a64d88156834ff5ae9920b964011b16384",
  "mteb_dataset_name": "STS12",
  "mteb_version": "1.1.2",
  "test": {
    "cos_sim": {
      "pearson": 0.8518122365300183,
      "spearman": 0.7603981252704235
    },
    "euclidean": {
      "pearson": 0.8542165775761824,
      "spearman": 0.7913474231936833
    },
    "evaluation_time": 0.2,
    "manhattan": {
      "pearson": 0.811909649793784,
      "spearman": 0.7859372164137203
    }
  }
}