{
  "dataset_revision": "eea2b4fe26a775864c896887d910b76a8098ad3f",
  "mteb_dataset_name": "STS22",
  "mteb_version": "1.1.2",
  "test": {
    "en": {
      "cos_sim": {
        "pearson": 0.6907125718411194,
        "spearman": 0.6955816717993044
      },
      "euclidean": {
        "pearson": 0.7111448870197885,
        "spearman": 0.699942358849202
      },
      "manhattan": {
        "pearson": 0.7075575616340585,
        "spearman": 0.6893922307738339
      }
    },
    "evaluation_time": 0.03
  }
}