{
  "dataset_revision": null,
  "mteb_dataset_name": "ArguAna",
  "mteb_version": "1.1.2",
  "test": {
    "evaluation_time": 4.64,
    "map_at_1": 0.30654,
    "map_at_10": 0.46974,
    "map_at_100": 0.47794,
    "map_at_1000": 0.47795,
    "map_at_3": 0.4201,
    "map_at_5": 0.44798,
    "mrr_at_1": 0.31223,
    "mrr_at_10": 0.47223,
    "mrr_at_100": 0.48043,
    "mrr_at_1000": 0.48045,
    "mrr_at_3": 0.42236,
    "mrr_at_5": 0.45024,
    "ndcg_at_1": 0.30654,
    "ndcg_at_10": 0.56071,
    "ndcg_at_100": 0.59385,
    "ndcg_at_1000": 0.59439,
    "ndcg_at_3": 0.45825,
    "ndcg_at_5": 0.50842,
    "precision_at_1": 0.30654,
    "precision_at_10": 0.08514,
    "precision_at_100": 0.00992,
    "precision_at_1000": 0.001,
    "precision_at_3": 0.18966,
    "precision_at_5": 0.13812,
    "recall_at_1": 0.30654,
    "recall_at_10": 0.85135,
    "recall_at_100": 0.99218,
    "recall_at_1000": 0.99644,
    "recall_at_3": 0.56899,
    "recall_at_5": 0.69061
  }
}