{
  "dataset_revision": null,
  "mteb_dataset_name": "CQADupstackStatsRetrieval",
  "mteb_version": "1.1.2",
  "test": {
    "evaluation_time": 12.36,
    "map_at_1": 0.22929,
    "map_at_10": 0.30064,
    "map_at_100": 0.30945,
    "map_at_1000": 0.31045,
    "map_at_3": 0.27602,
    "map_at_5": 0.28836,
    "mrr_at_1": 0.26227,
    "mrr_at_10": 0.33011,
    "mrr_at_100": 0.33818,
    "mrr_at_1000": 0.33887,
    "mrr_at_3": 0.30828,
    "mrr_at_5": 0.31879,
    "ndcg_at_1": 0.26227,
    "ndcg_at_10": 0.34573,
    "ndcg_at_100": 0.39152,
    "ndcg_at_1000": 0.41779,
    "ndcg_at_3": 0.29906,
    "ndcg_at_5": 0.31815,
    "precision_at_1": 0.26227,
    "precision_at_10": 0.05629,
    "precision_at_100": 0.00865,
    "precision_at_1000": 0.00118,
    "precision_at_3": 0.13037,
    "precision_at_5": 0.0911,
    "recall_at_1": 0.22929,
    "recall_at_10": 0.45709,
    "recall_at_100": 0.66702,
    "recall_at_1000": 0.86362,
    "recall_at_3": 0.32661,
    "recall_at_5": 0.37382
  }
}