{
  "dataset_revision": null,
  "mteb_dataset_name": "FiQA2018",
  "mteb_version": "1.1.2",
  "test": {
    "evaluation_time": 12.81,
    "map_at_1": 0.18243,
    "map_at_10": 0.30535,
    "map_at_100": 0.32566,
    "map_at_1000": 0.32753,
    "map_at_3": 0.26523,
    "map_at_5": 0.28567,
    "mrr_at_1": 0.34414,
    "mrr_at_10": 0.43811,
    "mrr_at_100": 0.44821,
    "mrr_at_1000": 0.44858,
    "mrr_at_3": 0.41049,
    "mrr_at_5": 0.42585,
    "ndcg_at_1": 0.34414,
    "ndcg_at_10": 0.37898,
    "ndcg_at_100": 0.45653,
    "ndcg_at_1000": 0.487,
    "ndcg_at_3": 0.33894,
    "ndcg_at_5": 0.35105,
    "precision_at_1": 0.34414,
    "precision_at_10": 0.10864,
    "precision_at_100": 0.01864,
    "precision_at_1000": 0.00241,
    "precision_at_3": 0.22737,
    "precision_at_5": 0.16852,
    "recall_at_1": 0.18243,
    "recall_at_10": 0.45133,
    "recall_at_100": 0.7431,
    "recall_at_1000": 0.92305,
    "recall_at_3": 0.31541,
    "recall_at_5": 0.36946
  }
}