{
  "dataset_revision": "0228b52cf27578f30900b9e5271d331663a030d7",
  "mteb_dataset_name": "SciFact",
  "mteb_version": "1.2.0",
  "test": {
    "evaluation_time": 5.42,
    "map_at_1": 0.54344,
    "map_at_10": 0.66124,
    "map_at_100": 0.66651,
    "map_at_1000": 0.66683,
    "map_at_3": 0.63655,
    "map_at_5": 0.65178,
    "mrr_at_1": 0.57,
    "mrr_at_10": 0.66912,
    "mrr_at_100": 0.67333,
    "mrr_at_1000": 0.67362,
    "mrr_at_3": 0.65222,
    "mrr_at_5": 0.66322,
    "ndcg_at_1": 0.57,
    "ndcg_at_10": 0.7089,
    "ndcg_at_100": 0.72955,
    "ndcg_at_1000": 0.73819,
    "ndcg_at_3": 0.66932,
    "ndcg_at_5": 0.69089,
    "precision_at_1": 0.57,
    "precision_at_10": 0.09567,
    "precision_at_100": 0.0106,
    "precision_at_1000": 0.00113,
    "precision_at_3": 0.26889,
    "precision_at_5": 0.17667,
    "recall_at_1": 0.54344,
    "recall_at_10": 0.84322,
    "recall_at_100": 0.93167,
    "recall_at_1000": 1.0,
    "recall_at_3": 0.73961,
    "recall_at_5": 0.79206
  }
}