{
  "dataset_revision": "70970daeab8776df92f5ea462b6173c0b46fd2d1",
  "mteb_dataset_name": "TwitterSemEval2015",
  "mteb_version": "1.2.0",
  "test": {
    "cos_sim": {
      "accuracy": 0.8402574953805806,
      "accuracy_threshold": 0.9166158873771597,
      "ap": 0.6805148793045173,
      "f1": 0.6273850954038162,
      "f1_threshold": 0.8918986974029025,
      "precision": 0.5753907109839314,
      "recall": 0.6897097625329816
    },
    "dot": {
      "accuracy": 0.8402574953805806,
      "accuracy_threshold": 0.9166158873771599,
      "ap": 0.6805148793045173,
      "f1": 0.6273850954038162,
      "f1_threshold": 0.8918986974029028,
      "precision": 0.5753907109839314,
      "recall": 0.6897097625329816
    },
    "euclidean": {
      "accuracy": 0.8402574953805806,
      "accuracy_threshold": 0.4083726545909899,
      "ap": 0.6805148793045173,
      "f1": 0.6273850954038162,
      "f1_threshold": 0.4649759189391388,
      "precision": 0.5753907109839314,
      "recall": 0.6897097625329816
    },
    "evaluation_time": 3.78,
    "manhattan": {
      "accuracy": 0.8406747332657806,
      "accuracy_threshold": 10.646333614526757,
      "ap": 0.6809100309103303,
      "f1": 0.6279015240328254,
      "f1_threshold": 11.97540853449451,
      "precision": 0.5649789029535865,
      "recall": 0.7065963060686016
    },
    "max": {
      "accuracy": 0.8406747332657806,
      "ap": 0.6809100309103303,
      "f1": 0.6279015240328254
    }
  }
}