{
  "dataset_revision": "0fd18e25b25c072e09e0d92ab615fda904d66300",
  "mteb_dataset_name": "Banking77Classification",
  "mteb_version": "1.2.0",
  "test": {
    "accuracy": 0.8456168831168831,
    "accuracy_stderr": 0.0064906649626947,
    "evaluation_time": 133.37,
    "f1": 0.8405312624487895,
    "f1_stderr": 0.007282768741499446,
    "main_score": 0.8456168831168831
  }
}