{
  "dataset_revision": null,
  "mteb_dataset_name": "SCIDOCS",
  "mteb_version": "1.1.2",
  "test": {
    "evaluation_time": 12.6,
    "map_at_1": 0.05368,
    "map_at_10": 0.14166,
    "map_at_100": 0.16898,
    "map_at_1000": 0.17281,
    "map_at_3": 0.0991,
    "map_at_5": 0.11886,
    "mrr_at_1": 0.265,
    "mrr_at_10": 0.38311,
    "mrr_at_100": 0.39509,
    "mrr_at_1000": 0.39546,
    "mrr_at_3": 0.3475,
    "mrr_at_5": 0.3692,
    "ndcg_at_1": 0.265,
    "ndcg_at_10": 0.23336,
    "ndcg_at_100": 0.33191,
    "ndcg_at_1000": 0.39052,
    "ndcg_at_3": 0.21861,
    "ndcg_at_5": 0.19073,
    "precision_at_1": 0.265,
    "precision_at_10": 0.1229,
    "precision_at_100": 0.02645,
    "precision_at_1000": 0.00404,
    "precision_at_3": 0.206,
    "precision_at_5": 0.1682,
    "recall_at_1": 0.05368,
    "recall_at_10": 0.24877,
    "recall_at_100": 0.53675,
    "recall_at_1000": 0.82017,
    "recall_at_3": 0.12518,
    "recall_at_5": 0.17067
  }
}