{
  "dataset_revision": "a0d554a64d88156834ff5ae9920b964011b16384",
  "mteb_dataset_name": "STS12",
  "mteb_version": "1.2.0",
  "test": {
    "cos_sim": {
      "pearson": 0.8658173315960407,
      "spearman": 0.7765578262622401
    },
    "euclidean": {
      "pearson": 0.8352415597373742,
      "spearman": 0.7765578262622401
    },
    "evaluation_time": 0.44,
    "manhattan": {
      "pearson": 0.8363631829015106,
      "spearman": 0.7783701137217786
    }
  }
}