{
  "dataset_revision": "ae752c7c21bf194d8b67fd573edf7ae58183cbe3",
  "mteb_dataset_name": "STS15",
  "mteb_version": "1.2.0",
  "test": {
    "cos_sim": {
      "pearson": 0.8956467087754615,
      "spearman": 0.903312067438125
    },
    "euclidean": {
      "pearson": 0.895940838351572,
      "spearman": 0.903312067438125
    },
    "evaluation_time": 0.16,
    "manhattan": {
      "pearson": 0.8959092996824098,
      "spearman": 0.9032613223885422
    }
  }
}