{
  "dataset_revision": "65ac3a16b8e91f9cee4c9828cc7c335575432a2a",
  "mteb_dataset_name": "CQADupstackStatsRetrieval",
  "mteb_version": "1.2.0",
  "test": {
    "evaluation_time": 56.0,
    "map_at_1": 0.26866,
    "map_at_10": 0.33973,
    "map_at_100": 0.34882,
    "map_at_1000": 0.34978,
    "map_at_3": 0.31952,
    "map_at_5": 0.32872,
    "mrr_at_1": 0.30368,
    "mrr_at_10": 0.37156,
    "mrr_at_100": 0.37874,
    "mrr_at_1000": 0.37945,
    "mrr_at_3": 0.35276,
    "mrr_at_5": 0.36143,
    "ndcg_at_1": 0.30368,
    "ndcg_at_10": 0.3819,
    "ndcg_at_100": 0.42763,
    "ndcg_at_1000": 0.45217,
    "ndcg_at_3": 0.34328,
    "ndcg_at_5": 0.35738,
    "precision_at_1": 0.30368,
    "precision_at_10": 0.05828,
    "precision_at_100": 0.00894,
    "precision_at_1000": 0.00117,
    "precision_at_3": 0.14519,
    "precision_at_5": 0.09693,
    "recall_at_1": 0.26866,
    "recall_at_10": 0.48248,
    "recall_at_100": 0.69367,
    "recall_at_1000": 0.87548,
    "recall_at_3": 0.3735,
    "recall_at_5": 0.40849
  }
}