{
  "dataset_revision": "27a168819829fe9bcd655c2df245fb19452e8e06",
  "mteb_dataset_name": "FiQA2018",
  "mteb_version": "1.2.0",
  "test": {
    "evaluation_time": 59.59,
    "map_at_1": 0.22837,
    "map_at_10": 0.37555,
    "map_at_100": 0.39568,
    "map_at_1000": 0.39748,
    "map_at_3": 0.3308,
    "map_at_5": 0.35576,
    "mrr_at_1": 0.45216,
    "mrr_at_10": 0.54688,
    "mrr_at_100": 0.55419,
    "mrr_at_1000": 0.55451,
    "mrr_at_3": 0.52701,
    "mrr_at_5": 0.53742,
    "ndcg_at_1": 0.45216,
    "ndcg_at_10": 0.45686,
    "ndcg_at_100": 0.52534,
    "ndcg_at_1000": 0.55296,
    "ndcg_at_3": 0.42332,
    "ndcg_at_5": 0.43248,
    "precision_at_1": 0.45216,
    "precision_at_10": 0.12546,
    "precision_at_100": 0.01961,
    "precision_at_1000": 0.00246,
    "precision_at_3": 0.28292,
    "precision_at_5": 0.20401,
    "recall_at_1": 0.22837,
    "recall_at_10": 0.52037,
    "recall_at_100": 0.76951,
    "recall_at_1000": 0.93241,
    "recall_at_3": 0.38296,
    "recall_at_5": 0.44351
  }
}