{
  "dataset_revision": null,
  "mteb_dataset_name": "SciFact",
  "mteb_version": "1.1.2",
  "test": {
    "evaluation_time": 8.01,
    "map_at_1": 0.61594,
    "map_at_10": 0.70702,
    "map_at_100": 0.71201,
    "map_at_1000": 0.71219,
    "map_at_3": 0.67513,
    "map_at_5": 0.69204,
    "mrr_at_1": 0.64333,
    "mrr_at_10": 0.71597,
    "mrr_at_100": 0.72011,
    "mrr_at_1000": 0.72027,
    "mrr_at_3": 0.69167,
    "mrr_at_5": 0.70633,
    "ndcg_at_1": 0.64333,
    "ndcg_at_10": 0.75083,
    "ndcg_at_100": 0.77196,
    "ndcg_at_1000": 0.77578,
    "ndcg_at_3": 0.69677,
    "ndcg_at_5": 0.72173,
    "precision_at_1": 0.64333,
    "precision_at_10": 0.09967,
    "precision_at_100": 0.011,
    "precision_at_1000": 0.00113,
    "precision_at_3": 0.26778,
    "precision_at_5": 0.17733,
    "recall_at_1": 0.61594,
    "recall_at_10": 0.87656,
    "recall_at_100": 0.97167,
    "recall_at_1000": 1.0,
    "recall_at_3": 0.73072,
    "recall_at_5": 0.79328
  }
}