{
  "dataset_revision": "ae752c7c21bf194d8b67fd573edf7ae58183cbe3",
  "mteb_dataset_name": "STS15",
  "mteb_version": "1.2.0",
  "test": {
    "cos_sim": {
      "pearson": 0.8843019659396366,
      "spearman": 0.8944765922644607
    },
    "euclidean": {
      "pearson": 0.8881527735469981,
      "spearman": 0.8944765922644607
    },
    "evaluation_time": 0.63,
    "manhattan": {
      "pearson": 0.8881417224389511,
      "spearman": 0.8945209220562723
    }
  }
}