{
  "dataset_revision": "4f58c6b202a23cf9a4da393831edf4f9183cad37",
  "mteb_dataset_name": "EmotionClassification",
  "mteb_version": "1.1.2",
  "test": {
    "accuracy": 0.5523499999999999,
    "accuracy_stderr": 0.02188498343613722,
    "evaluation_time": 0.63,
    "f1": 0.48823216152764665,
    "f1_stderr": 0.01226552657324753,
    "main_score": 0.5523499999999999
  }
}