{
  "dataset_revision": "b0fddb56ed78048fa8b90373c8a3cfc37b684831",
  "mteb_dataset_name": "STSBenchmark",
  "mteb_version": "1.1.2",
  "test": {
    "cos_sim": {
      "pearson": 0.876422685032012,
      "spearman": 0.8848322445483079
    },
    "euclidean": {
      "pearson": 0.8945809401657513,
      "spearman": 0.8968987898395143
    },
    "evaluation_time": 0.2,
    "manhattan": {
      "pearson": 0.8830125191082099,
      "spearman": 0.884966977559772
    }
  }
}