{
  "dataset_revision": "5003b3064772da1887988e05400cf3806fe491f2",
  "mteb_dataset_name": "CQADupstackGisRetrieval",
  "mteb_version": "1.2.0",
  "test": {
    "evaluation_time": 46.48,
    "map_at_1": 0.28431,
    "map_at_10": 0.37983,
    "map_at_100": 0.39058,
    "map_at_1000": 0.39126,
    "map_at_3": 0.35132,
    "map_at_5": 0.36909,
    "mrr_at_1": 0.30508,
    "mrr_at_10": 0.40053,
    "mrr_at_100": 0.4097,
    "mrr_at_1000": 0.41019,
    "mrr_at_3": 0.37514,
    "mrr_at_5": 0.39017,
    "ndcg_at_1": 0.30508,
    "ndcg_at_10": 0.43288,
    "ndcg_at_100": 0.48428,
    "ndcg_at_1000": 0.50118,
    "ndcg_at_3": 0.37887,
    "ndcg_at_5": 0.40808,
    "precision_at_1": 0.30508,
    "precision_at_10": 0.0661,
    "precision_at_100": 0.00965,
    "precision_at_1000": 0.00114,
    "precision_at_3": 0.16045,
    "precision_at_5": 0.11299,
    "recall_at_1": 0.28431,
    "recall_at_10": 0.57539,
    "recall_at_100": 0.80789,
    "recall_at_1000": 0.93404,
    "recall_at_3": 0.43064,
    "recall_at_5": 0.50135
  }
}