{
  "dataset_revision": "6184bc1440d2dbc7612be22b50686b8826d22b32",
  "mteb_dataset_name": "CQADupstackProgrammersRetrieval",
  "mteb_version": "1.2.0",
  "test": {
    "evaluation_time": 36.84,
    "map_at_1": 0.27484,
    "map_at_10": 0.38981,
    "map_at_100": 0.4043,
    "map_at_1000": 0.40536,
    "map_at_3": 0.35489,
    "map_at_5": 0.37233,
    "mrr_at_1": 0.34132,
    "mrr_at_10": 0.44559,
    "mrr_at_100": 0.45469,
    "mrr_at_1000": 0.45512,
    "mrr_at_3": 0.42104,
    "mrr_at_5": 0.43223,
    "ndcg_at_1": 0.34132,
    "ndcg_at_10": 0.454,
    "ndcg_at_100": 0.51127,
    "ndcg_at_1000": 0.53083,
    "ndcg_at_3": 0.39945,
    "ndcg_at_5": 0.4203,
    "precision_at_1": 0.34132,
    "precision_at_10": 0.08505,
    "precision_at_100": 0.01298,
    "precision_at_1000": 0.00165,
    "precision_at_3": 0.1933,
    "precision_at_5": 0.13676,
    "recall_at_1": 0.27484,
    "recall_at_10": 0.58828,
    "recall_at_100": 0.82855,
    "recall_at_1000": 0.95556,
    "recall_at_3": 0.43336,
    "recall_at_5": 0.48964
  }
}