{
  "dataset_revision": "0228b52cf27578f30900b9e5271d331663a030d7",
  "mteb_dataset_name": "SciFact",
  "mteb_version": "1.2.0",
  "test": {
    "evaluation_time": 19.53,
    "map_at_1": 0.62494,
    "map_at_10": 0.71341,
    "map_at_100": 0.71885,
    "map_at_1000": 0.71902,
    "map_at_3": 0.68019,
    "map_at_5": 0.70052,
    "mrr_at_1": 0.65667,
    "mrr_at_10": 0.72384,
    "mrr_at_100": 0.7281,
    "mrr_at_1000": 0.72826,
    "mrr_at_3": 0.69778,
    "mrr_at_5": 0.71544,
    "ndcg_at_1": 0.65667,
    "ndcg_at_10": 0.75563,
    "ndcg_at_100": 0.77769,
    "ndcg_at_1000": 0.78114,
    "ndcg_at_3": 0.69997,
    "ndcg_at_5": 0.73046,
    "precision_at_1": 0.65667,
    "precision_at_10": 0.09933,
    "precision_at_100": 0.01103,
    "precision_at_1000": 0.00113,
    "precision_at_3": 0.26778,
    "precision_at_5": 0.18,
    "recall_at_1": 0.62494,
    "recall_at_10": 0.87589,
    "recall_at_100": 0.975,
    "recall_at_1000": 1.0,
    "recall_at_3": 0.72739,
    "recall_at_5": 0.80411
  }
}