{
  "dataset_revision": "a6ea5a8cab320b040a23452cc28066d9beae2cee",
  "mteb_dataset_name": "SICK-R",
  "mteb_version": "1.2.0",
  "test": {
    "cos_sim": {
      "pearson": 0.8731540115801344,
      "spearman": 0.8286006728702147
    },
    "euclidean": {
      "pearson": 0.8464285275564339,
      "spearman": 0.8286006728702147
    },
    "evaluation_time": 7.24,
    "manhattan": {
      "pearson": 0.8448926612355782,
      "spearman": 0.8284400979316157
    }
  }
}