{
  "dataset_revision": "b0fddb56ed78048fa8b90373c8a3cfc37b684831",
  "mteb_dataset_name": "STSBenchmark",
  "mteb_version": "1.2.0",
  "test": {
    "cos_sim": {
      "pearson": 0.8819842982837381,
      "spearman": 0.896529196643641
    },
    "euclidean": {
      "pearson": 0.8933500772696732,
      "spearman": 0.896529196643641
    },
    "evaluation_time": 0.77,
    "manhattan": {
      "pearson": 0.8931698563437256,
      "spearman": 0.8963921866610052
    }
  }
}