{
  "dataset_revision": "a0d554a64d88156834ff5ae9920b964011b16384",
  "mteb_dataset_name": "STS12",
  "mteb_version": "1.1.2",
  "test": {
    "cos_sim": {
      "pearson": 0.8407087430403513,
      "spearman": 0.7526228562872394
    },
    "euclidean": {
      "pearson": 0.8420200807725753,
      "spearman": 0.7792148547918278
    },
    "evaluation_time": 0.41,
    "manhattan": {
      "pearson": 0.7950588608464753,
      "spearman": 0.7676433962951336
    }
  }
}