{
  "dataset_revision": "4d8694f8f0e0100860b497b999b3dbed754a0513",
  "mteb_dataset_name": "STS16",
  "mteb_version": "1.1.2",
  "test": {
    "cos_sim": {
      "pearson": 0.8295168267920207,
      "spearman": 0.8514994754496901
    },
    "euclidean": {
      "pearson": 0.857383957357648,
      "spearman": 0.8609256768882628
    },
    "evaluation_time": 0.12,
    "manhattan": {
      "pearson": 0.8578730449092008,
      "spearman": 0.8614750099241628
    }
  }
}