{
  "dataset_revision": "e8379541af4e31359cca9fbcf4b00f2671dba205",
  "mteb_dataset_name": "AmazonCounterfactualClassification",
  "mteb_version": "1.2.0",
  "test": {
    "en": {
      "accuracy": 0.7849253731343283,
      "accuracy_stderr": 0.03971074967825351,
      "ap": 0.4268422016643541,
      "ap_stderr": 0.049448426515826566,
      "f1": 0.7268578765126366,
      "f1_stderr": 0.03930936249599107,
      "main_score": 0.7849253731343283
    },
    "evaluation_time": 8.8
  }
}