{
  "dataset_revision": "c22ab2a51041ffd869aaddef7af8d8215647e41a",
  "mteb_dataset_name": "ArguAna",
  "mteb_version": "1.2.0",
  "test": {
    "evaluation_time": 3.08,
    "map_at_1": 0.30085,
    "map_at_10": 0.47338,
    "map_at_100": 0.48113,
    "map_at_1000": 0.48117,
    "map_at_3": 0.42473,
    "map_at_5": 0.45218,
    "mrr_at_1": 0.30797,
    "mrr_at_10": 0.47601,
    "mrr_at_100": 0.48376,
    "mrr_at_1000": 0.48381,
    "mrr_at_3": 0.42698,
    "mrr_at_5": 0.45486,
    "ndcg_at_1": 0.30085,
    "ndcg_at_10": 0.5664,
    "ndcg_at_100": 0.59704,
    "ndcg_at_1000": 0.59792,
    "ndcg_at_3": 0.46625,
    "ndcg_at_5": 0.5159,
    "precision_at_1": 0.30085,
    "precision_at_10": 0.0862,
    "precision_at_100": 0.0099,
    "precision_at_1000": 0.001,
    "precision_at_3": 0.19559,
    "precision_at_5": 0.14154,
    "recall_at_1": 0.30085,
    "recall_at_10": 0.86202,
    "recall_at_100": 0.99004,
    "recall_at_1000": 0.99644,
    "recall_at_3": 0.58677,
    "recall_at_5": 0.70768
  }
}