{
  "dataset_revision": "0fd18e25b25c072e09e0d92ab615fda904d66300",
  "mteb_dataset_name": "Banking77Classification",
  "mteb_version": "1.1.2",
  "test": {
    "accuracy": 0.8344805194805194,
    "accuracy_stderr": 0.0066217848864034475,
    "evaluation_time": 28.65,
    "f1": 0.8283682529901679,
    "f1_stderr": 0.007401788138932372,
    "main_score": 0.8344805194805194
  }
}