{
  "dataset_revision": "7e90230a92c190f1bf69ae9002b8cea547a64cca",
  "mteb_dataset_name": "STS13",
  "mteb_version": "1.2.0",
  "test": {
    "cos_sim": {
      "pearson": 0.8753336935870798,
      "spearman": 0.8782024696402155
    },
    "euclidean": {
      "pearson": 0.8711602311621743,
      "spearman": 0.8782024696402155
    },
    "evaluation_time": 0.13,
    "manhattan": {
      "pearson": 0.8779508067888914,
      "spearman": 0.8854573258996462
    }
  }
}