{
  "dataset_revision": "af5e6fb845001ecf41f4c1e033ce921939a2a68d",
  "mteb_dataset_name": "STS17",
  "mteb_version": "1.2.0",
  "test": {
    "en-en": {
      "cos_sim": {
        "pearson": 0.9070352791378848,
        "spearman": 0.9062371641567191
      },
      "euclidean": {
        "pearson": 0.9103780056073739,
        "spearman": 0.9062371641567191
      },
      "manhattan": {
        "pearson": 0.9095432865212185,
        "spearman": 0.9055879183819553
      }
    },
    "evaluation_time": 0.15
  }
}