{
  "dataset_revision": "a0d554a64d88156834ff5ae9920b964011b16384",
  "mteb_dataset_name": "STS12",
  "mteb_version": "1.1.2",
  "test": {
    "cos_sim": {
      "pearson": 0.8585443292774733,
      "spearman": 0.7699643387708716
    },
    "euclidean": {
      "pearson": 0.8281116317571244,
      "spearman": 0.7699643387708716
    },
    "evaluation_time": 1.2,
    "manhattan": {
      "pearson": 0.8349698125196507,
      "spearman": 0.777161690327366
    }
  }
}