{
  "dataset_revision": "b0fddb56ed78048fa8b90373c8a3cfc37b684831",
  "mteb_dataset_name": "STSBenchmark",
  "mteb_version": "1.1.2",
  "test": {
    "cos_sim": {
      "pearson": 0.8811912410756142,
      "spearman": 0.8941407111526002
    },
    "euclidean": {
      "pearson": 0.8933653976868192,
      "spearman": 0.8941407111526002
    },
    "evaluation_time": 1.02,
    "manhattan": {
      "pearson": 0.8931627900480995,
      "spearman": 0.8942412460728977
    }
  }
}