{
  "dataset_revision": "70970daeab8776df92f5ea462b6173c0b46fd2d1",
  "mteb_dataset_name": "TwitterSemEval2015",
  "mteb_version": "1.2.0",
  "test": {
    "cos_sim": {
      "accuracy": 0.8721463908922931,
      "accuracy_threshold": 0.8147848872190496,
      "ap": 0.7727330479384062,
      "f1": 0.7066502463054187,
      "f1_threshold": 0.7896069060209403,
      "precision": 0.6625866050808314,
      "recall": 0.7569920844327177
    },
    "dot": {
      "accuracy": 0.8721463908922931,
      "accuracy_threshold": 0.8147848872190495,
      "ap": 0.7727330479384062,
      "f1": 0.7066502463054187,
      "f1_threshold": 0.7896069060209401,
      "precision": 0.6625866050808314,
      "recall": 0.7569920844327177
    },
    "euclidean": {
      "accuracy": 0.8721463908922931,
      "accuracy_threshold": 0.6086297928617888,
      "ap": 0.7727330479384062,
      "f1": 0.7066502463054187,
      "f1_threshold": 0.6486803417558276,
      "precision": 0.6625866050808314,
      "recall": 0.7569920844327177
    },
    "evaluation_time": 1.81,
    "manhattan": {
      "accuracy": 0.8738153424330929,
      "accuracy_threshold": 24.980437068085607,
      "ap": 0.77696772095217,
      "f1": 0.7103215767634854,
      "f1_threshold": 25.968177973387917,
      "precision": 0.698368179500255,
      "recall": 0.7226912928759894
    },
    "max": {
      "accuracy": 0.8738153424330929,
      "ap": 0.77696772095217,
      "f1": 0.7103215767634854
    }
  }
}