{
  "dataset_revision": "d3fb88f8f02e40887cd149695127462bbcf29b4a",
  "mteb_dataset_name": "BIOSSES",
  "mteb_version": "1.1.2",
  "test": {
    "cos_sim": {
      "pearson": 0.9121109449135822,
      "spearman": 0.8970204392192257
    },
    "euclidean": {
      "pearson": 0.9016694211954823,
      "spearman": 0.8970204392192257
    },
    "evaluation_time": 0.04,
    "manhattan": {
      "pearson": 0.9009166664500969,
      "spearman": 0.8929902269061766
    }
  }
}