{
  "dataset_revision": "d3fb88f8f02e40887cd149695127462bbcf29b4a",
  "mteb_dataset_name": "BIOSSES",
  "mteb_version": "1.2.0",
  "test": {
    "cos_sim": {
      "pearson": 0.8776446688787786,
      "spearman": 0.8599834507280048
    },
    "euclidean": {
      "pearson": 0.8575336044060918,
      "spearman": 0.8599834507280048
    },
    "evaluation_time": 0.13,
    "manhattan": {
      "pearson": 0.8533315159358388,
      "spearman": 0.8558146810409641
    }
  }
}