{
  "dataset_revision": "6184bc1440d2dbc7612be22b50686b8826d22b32",
  "mteb_dataset_name": "CQADupstackProgrammersRetrieval",
  "mteb_version": "1.2.0",
  "test": {
    "evaluation_time": 12.62,
    "map_at_1": 0.27493,
    "map_at_10": 0.39068,
    "map_at_100": 0.40463,
    "map_at_1000": 0.40573,
    "map_at_3": 0.35467,
    "map_at_5": 0.37295,
    "mrr_at_1": 0.34247,
    "mrr_at_10": 0.44705,
    "mrr_at_100": 0.4559,
    "mrr_at_1000": 0.45636,
    "mrr_at_3": 0.42161,
    "mrr_at_5": 0.434,
    "ndcg_at_1": 0.34247,
    "ndcg_at_10": 0.45566,
    "ndcg_at_100": 0.51099,
    "ndcg_at_1000": 0.53119,
    "ndcg_at_3": 0.39919,
    "ndcg_at_5": 0.4215,
    "precision_at_1": 0.34247,
    "precision_at_10": 0.08573,
    "precision_at_100": 0.01292,
    "precision_at_1000": 0.00165,
    "precision_at_3": 0.19292,
    "precision_at_5": 0.13721,
    "recall_at_1": 0.27493,
    "recall_at_10": 0.59222,
    "recall_at_100": 0.82438,
    "recall_at_1000": 0.95562,
    "recall_at_3": 0.43202,
    "recall_at_5": 0.49154
  }
}