{
  "dataset_revision": "160c094312a0e1facb97e55eeddb698c0abe3571",
  "mteb_dataset_name": "CQADupstackWebmastersRetrieval",
  "mteb_version": "1.2.0",
  "test": {
    "evaluation_time": 6.65,
    "map_at_1": 0.26421,
    "map_at_10": 0.36579,
    "map_at_100": 0.38227,
    "map_at_1000": 0.38447,
    "map_at_3": 0.33242,
    "map_at_5": 0.35131,
    "mrr_at_1": 0.32213,
    "mrr_at_10": 0.41823,
    "mrr_at_100": 0.42786,
    "mrr_at_1000": 0.42826,
    "mrr_at_3": 0.39065,
    "mrr_at_5": 0.40893,
    "ndcg_at_1": 0.32213,
    "ndcg_at_10": 0.42898,
    "ndcg_at_100": 0.48948,
    "ndcg_at_1000": 0.51108,
    "ndcg_at_3": 0.37665,
    "ndcg_at_5": 0.40328,
    "precision_at_1": 0.32213,
    "precision_at_10": 0.0832,
    "precision_at_100": 0.01628,
    "precision_at_1000": 0.00248,
    "precision_at_3": 0.17721,
    "precision_at_5": 0.13083,
    "recall_at_1": 0.26421,
    "recall_at_10": 0.54621,
    "recall_at_100": 0.81531,
    "recall_at_1000": 0.94714,
    "recall_at_3": 0.40187,
    "recall_at_5": 0.47187
  }
}