{
  "dataset_revision": null,
  "mteb_dataset_name": "SCIDOCS",
  "mteb_version": "1.2.0",
  "test": {
    "evaluation_time": 10.63,
    "map_at_1": 0.04953,
    "map_at_10": 0.1396,
    "map_at_100": 0.16779,
    "map_at_1000": 0.17176,
    "map_at_3": 0.0963,
    "map_at_5": 0.11769,
    "mrr_at_1": 0.245,
    "mrr_at_10": 0.37323,
    "mrr_at_100": 0.38547,
    "mrr_at_1000": 0.38583,
    "mrr_at_3": 0.337,
    "mrr_at_5": 0.3573,
    "ndcg_at_1": 0.245,
    "ndcg_at_10": 0.23074,
    "ndcg_at_100": 0.33202,
    "ndcg_at_1000": 0.3922,
    "ndcg_at_3": 0.21369,
    "ndcg_at_5": 0.18911,
    "precision_at_1": 0.245,
    "precision_at_10": 0.1226,
    "precision_at_100": 0.0268,
    "precision_at_1000": 0.00411,
    "precision_at_3": 0.20367,
    "precision_at_5": 0.1698,
    "recall_at_1": 0.04953,
    "recall_at_10": 0.2485,
    "recall_at_100": 0.54398,
    "recall_at_1000": 0.83472,
    "recall_at_3": 0.12383,
    "recall_at_5": 0.17218
  }
}