{
  "dataset_revision": "eea2b4fe26a775864c896887d910b76a8098ad3f",
  "mteb_dataset_name": "STS22",
  "mteb_version": "1.2.0",
  "test": {
    "en": {
      "cos_sim": {
        "pearson": 0.6841539439950176,
        "spearman": 0.6872102595194899
      },
      "euclidean": {
        "pearson": 0.7010016504689223,
        "spearman": 0.6872102595194899
      },
      "manhattan": {
        "pearson": 0.6994625408338498,
        "spearman": 0.685897495762214
      }
    },
    "evaluation_time": 0.09
  }
}