{
  "dataset_revision": "7e90230a92c190f1bf69ae9002b8cea547a64cca",
  "mteb_dataset_name": "STS13",
  "mteb_version": "1.1.2",
  "test": {
    "cos_sim": {
      "pearson": 0.8932661479659122,
      "spearman": 0.8923290661207206
    },
    "euclidean": {
      "pearson": 0.8769753894835116,
      "spearman": 0.8824459987470422
    },
    "evaluation_time": 0.57,
    "manhattan": {
      "pearson": 0.8770186307092231,
      "spearman": 0.8821737418252291
    }
  }
}