{
  "dataset_revision": "6031580fec1f6af667f0bd2da0a551cf4f0b2375",
  "mteb_dataset_name": "STS14",
  "mteb_version": "1.1.2",
  "test": {
    "cos_sim": {
      "pearson": 0.8948311097752137,
      "spearman": 0.8743151353218185
    },
    "euclidean": {
      "pearson": 0.8708964694489665,
      "spearman": 0.8640900382532557
    },
    "evaluation_time": 1.19,
    "manhattan": {
      "pearson": 0.8707900346474498,
      "spearman": 0.8638752848444903
    }
  }
}