{
  "dataset_revision": "a6ea5a8cab320b040a23452cc28066d9beae2cee",
  "mteb_dataset_name": "SICK-R",
  "mteb_version": "1.1.2",
  "test": {
    "cos_sim": {
      "pearson": 0.8623464418689623,
      "spearman": 0.8202454970356159
    },
    "euclidean": {
      "pearson": 0.8316377592900038,
      "spearman": 0.8185401980401307
    },
    "evaluation_time": 0.6,
    "manhattan": {
      "pearson": 0.7873782465822191,
      "spearman": 0.7853435889247585
    }
  }
}