{
  "dataset_revision": null,
  "mteb_dataset_name": "ArguAna",
  "mteb_version": "1.1.2",
  "test": {
    "evaluation_time": 1.87,
    "map_at_1": 0.35846,
    "map_at_10": 0.53194,
    "map_at_100": 0.53781,
    "map_at_1000": 0.53785,
    "map_at_3": 0.48625,
    "map_at_5": 0.51509,
    "mrr_at_1": 0.36558,
    "mrr_at_10": 0.53428,
    "mrr_at_100": 0.54027,
    "mrr_at_1000": 0.54032,
    "mrr_at_3": 0.48957,
    "mrr_at_5": 0.51731,
    "ndcg_at_1": 0.35846,
    "ndcg_at_10": 0.61996,
    "ndcg_at_100": 0.64258,
    "ndcg_at_1000": 0.64346,
    "ndcg_at_3": 0.52812,
    "ndcg_at_5": 0.57988,
    "precision_at_1": 0.35846,
    "precision_at_10": 0.08969,
    "precision_at_100": 0.0099,
    "precision_at_1000": 0.001,
    "precision_at_3": 0.21645,
    "precision_at_5": 0.15491,
    "recall_at_1": 0.35846,
    "recall_at_10": 0.89687,
    "recall_at_100": 0.99004,
    "recall_at_1000": 0.99644,
    "recall_at_3": 0.64936,
    "recall_at_5": 0.77454
  }
}