{
  "dataset_revision": "4f58c6b202a23cf9a4da393831edf4f9183cad37",
  "mteb_dataset_name": "EmotionClassification",
  "mteb_version": "1.1.2",
  "test": {
    "accuracy": 0.5631999999999999,
    "accuracy_stderr": 0.021649711314472533,
    "evaluation_time": 0.77,
    "f1": 0.5012652789391586,
    "f1_stderr": 0.011499329804650174,
    "main_score": 0.5631999999999999
  }
}