{
  "dataset_revision": "af5e6fb845001ecf41f4c1e033ce921939a2a68d",
  "mteb_dataset_name": "STS17",
  "mteb_version": "1.1.2",
  "test": {
    "en-en": {
      "cos_sim": {
        "pearson": 0.8865513259666703,
        "spearman": 0.8928989882310054
      },
      "euclidean": {
        "pearson": 0.8941414724161426,
        "spearman": 0.8847151856586417
      },
      "manhattan": {
        "pearson": 0.8976072634798529,
        "spearman": 0.8886314177209828
      }
    },
    "evaluation_time": 0.08
  }
}