{
  "dataset_revision": "0fd18e25b25c072e09e0d92ab615fda904d66300",
  "mteb_dataset_name": "Banking77Classification",
  "mteb_version": "1.1.2",
  "test": {
    "accuracy": 0.845194805194805,
    "accuracy_stderr": 0.004570432299939683,
    "evaluation_time": 11.42,
    "f1": 0.8385802266034371,
    "f1_stderr": 0.005895360204475204,
    "main_score": 0.845194805194805
  }
}