{
  "dataset_revision": "eea2b4fe26a775864c896887d910b76a8098ad3f",
  "mteb_dataset_name": "STS22",
  "mteb_version": "1.1.2",
  "test": {
    "en": {
      "cos_sim": {
        "pearson": 0.6886591893746511,
        "spearman": 0.6937398959885696
      },
      "euclidean": {
        "pearson": 0.706082766643019,
        "spearman": 0.6930440416720964
      },
      "manhattan": {
        "pearson": 0.7027226338469156,
        "spearman": 0.6861701404359197
      }
    },
    "evaluation_time": 0.04
  }
}