{
  "dataset_revision": null,
  "mteb_dataset_name": "ArguAna",
  "mteb_version": "1.1.2",
  "test": {
    "evaluation_time": 1.84,
    "map_at_1": 0.40754,
    "map_at_10": 0.56968,
    "map_at_100": 0.57501,
    "map_at_1000": 0.57504,
    "map_at_3": 0.52774,
    "map_at_5": 0.5548,
    "mrr_at_1": 0.41323,
    "mrr_at_10": 0.5716,
    "mrr_at_100": 0.57686,
    "mrr_at_1000": 0.57689,
    "mrr_at_3": 0.52963,
    "mrr_at_5": 0.55652,
    "ndcg_at_1": 0.40754,
    "ndcg_at_10": 0.65105,
    "ndcg_at_100": 0.67165,
    "ndcg_at_1000": 0.67233,
    "ndcg_at_3": 0.56751,
    "ndcg_at_5": 0.61591,
    "precision_at_1": 0.40754,
    "precision_at_10": 0.09061,
    "precision_at_100": 0.00991,
    "precision_at_1000": 0.001,
    "precision_at_3": 0.2276,
    "precision_at_5": 0.15989,
    "recall_at_1": 0.40754,
    "recall_at_10": 0.90612,
    "recall_at_100": 0.99147,
    "recall_at_1000": 0.99644,
    "recall_at_3": 0.68279,
    "recall_at_5": 0.79943
  }
}