{
  "dataset_revision": "6031580fec1f6af667f0bd2da0a551cf4f0b2375",
  "mteb_dataset_name": "STS14",
  "mteb_version": "1.2.0",
  "test": {
    "cos_sim": {
      "pearson": 0.8621364755031908,
      "spearman": 0.8284246080837752
    },
    "euclidean": {
      "pearson": 0.8600728750106672,
      "spearman": 0.8416032489761435
    },
    "evaluation_time": 0.77,
    "manhattan": {
      "pearson": 0.8338612987747231,
      "spearman": 0.8221968577537248
    }
  }
}