{
  "dataset_revision": null,
  "mteb_dataset_name": "ArguAna",
  "mteb_version": "1.1.2",
  "test": {
    "evaluation_time": 1.73,
    "map_at_1": 0.40469,
    "map_at_10": 0.56701,
    "map_at_100": 0.57239,
    "map_at_1000": 0.57244,
    "map_at_3": 0.52489,
    "map_at_5": 0.55156,
    "mrr_at_1": 0.41323,
    "mrr_at_10": 0.57017,
    "mrr_at_100": 0.57555,
    "mrr_at_1000": 0.5756,
    "mrr_at_3": 0.52857,
    "mrr_at_5": 0.5546,
    "ndcg_at_1": 0.40469,
    "ndcg_at_10": 0.64876,
    "ndcg_at_100": 0.66926,
    "ndcg_at_1000": 0.67025,
    "ndcg_at_3": 0.5645,
    "ndcg_at_5": 0.6121,
    "precision_at_1": 0.40469,
    "precision_at_10": 0.09054,
    "precision_at_100": 0.00989,
    "precision_at_1000": 0.001,
    "precision_at_3": 0.22641,
    "precision_at_5": 0.15875,
    "recall_at_1": 0.40469,
    "recall_at_10": 0.90541,
    "recall_at_100": 0.98933,
    "recall_at_1000": 0.99644,
    "recall_at_3": 0.67923,
    "recall_at_5": 0.79374
  }
}