{
  "dataset_revision": "a0d554a64d88156834ff5ae9920b964011b16384",
  "mteb_dataset_name": "STS12",
  "mteb_version": "1.1.2",
  "test": {
    "cos_sim": {
      "pearson": 0.848102235804987,
      "spearman": 0.7593574810762953
    },
    "euclidean": {
      "pearson": 0.8506752745836672,
      "spearman": 0.7909649149323739
    },
    "evaluation_time": 0.35,
    "manhattan": {
      "pearson": 0.817926937118185,
      "spearman": 0.7850027875912196
    }
  }
}