{
  "dataset_revision": "70970daeab8776df92f5ea462b6173c0b46fd2d1",
  "mteb_dataset_name": "TwitterSemEval2015",
  "mteb_version": "1.1.2",
  "test": {
    "cos_sim": {
      "accuracy": 0.8772724563390356,
      "accuracy_threshold": 0.7413002977137491,
      "ap": 0.7876321957565328,
      "f1": 0.7209062821833163,
      "f1_threshold": 0.7083567407357424,
      "precision": 0.7038712921065863,
      "recall": 0.7387862796833773
    },
    "dot": {
      "accuracy": 0.8591524110389224,
      "accuracy_threshold": 0.31676804619348675,
      "ap": 0.7361577985301403,
      "f1": 0.6781437125748503,
      "f1_threshold": 0.29378975107705596,
      "precision": 0.6431613819214387,
      "recall": 0.7171503957783641
    },
    "euclidean": {
      "accuracy": 0.8768552184538356,
      "accuracy_threshold": 0.47630317203115746,
      "ap": 0.7902025435640284,
      "f1": 0.7212406253972289,
      "f1_threshold": 0.49891305854848433,
      "precision": 0.6958547951925436,
      "recall": 0.7485488126649077
    },
    "evaluation_time": 1.21,
    "manhattan": {
      "accuracy": 0.8716099421827502,
      "accuracy_threshold": 7.744032651286367,
      "ap": 0.7760547076240717,
      "f1": 0.7070681617739701,
      "f1_threshold": 8.255405013457418,
      "precision": 0.6766337111164697,
      "recall": 0.7403693931398417
    },
    "max": {
      "accuracy": 0.8772724563390356,
      "ap": 0.7902025435640284,
      "f1": 0.7212406253972289
    }
  }
}