{
  "dataset_revision": "eea2b4fe26a775864c896887d910b76a8098ad3f",
  "mteb_dataset_name": "STS22",
  "mteb_version": "1.1.2",
  "test": {
    "en": {
      "cos_sim": {
        "pearson": 0.6901021545109186,
        "spearman": 0.695723284256692
      },
      "euclidean": {
        "pearson": 0.7114140649646941,
        "spearman": 0.7026370648630523
      },
      "manhattan": {
        "pearson": 0.7123987763237964,
        "spearman": 0.6964671565903251
      }
    },
    "evaluation_time": 0.07
  }
}