{
  "dataset_revision": "b0fddb56ed78048fa8b90373c8a3cfc37b684831",
  "mteb_dataset_name": "STSBenchmark",
  "mteb_version": "1.1.2",
  "test": {
    "cos_sim": {
      "pearson": 0.8725713938013218,
      "spearman": 0.8769340156867389
    },
    "euclidean": {
      "pearson": 0.8885294560358941,
      "spearman": 0.8908482589436031
    },
    "evaluation_time": 0.19,
    "manhattan": {
      "pearson": 0.8713133893627603,
      "spearman": 0.8748440241649904
    }
  }
}