{
  "dataset_revision": "a6ea5a8cab320b040a23452cc28066d9beae2cee",
  "mteb_dataset_name": "SICK-R",
  "mteb_version": "1.1.2",
  "test": {
    "cos_sim": {
      "pearson": 0.8743609850626242,
      "spearman": 0.8273047639282411
    },
    "euclidean": {
      "pearson": 0.8488013984187448,
      "spearman": 0.8269613111672223
    },
    "evaluation_time": 1.48,
    "manhattan": {
      "pearson": 0.8031099257526685,
      "spearman": 0.7945050809625559
    }
  }
}