{
  "dataset_revision": "a0d554a64d88156834ff5ae9920b964011b16384",
  "mteb_dataset_name": "STS12",
  "mteb_version": "1.1.2",
  "test": {
    "cos_sim": {
      "pearson": 0.8454538436073492,
      "spearman": 0.7574143667751887
    },
    "euclidean": {
      "pearson": 0.8452365965656213,
      "spearman": 0.7918839376955854
    },
    "evaluation_time": 0.53,
    "manhattan": {
      "pearson": 0.7821015420148042,
      "spearman": 0.7740924024449214
    }
  }
}