{
  "dataset_revision": "a6ea5a8cab320b040a23452cc28066d9beae2cee",
  "mteb_dataset_name": "SICK-R",
  "mteb_version": "1.1.2",
  "test": {
    "cos_sim": {
      "pearson": 0.868896844827347,
      "spearman": 0.8258904934277804
    },
    "euclidean": {
      "pearson": 0.8554470076555664,
      "spearman": 0.8247242493101377
    },
    "evaluation_time": 1.25,
    "manhattan": {
      "pearson": 0.8524065761764991,
      "spearman": 0.82375318143768
    }
  }
}