{
  "dataset_revision": null,
  "mteb_dataset_name": "SciFact",
  "mteb_version": "1.1.2",
  "test": {
    "evaluation_time": 0.71,
    "map_at_1": 0.61428,
    "map_at_10": 0.71256,
    "map_at_100": 0.71647,
    "map_at_1000": 0.71669,
    "map_at_3": 0.67987,
    "map_at_5": 0.69893,
    "mrr_at_1": 0.64333,
    "mrr_at_10": 0.72196,
    "mrr_at_100": 0.72512,
    "mrr_at_1000": 0.72532,
    "mrr_at_3": 0.69722,
    "mrr_at_5": 0.71372,
    "ndcg_at_1": 0.64333,
    "ndcg_at_10": 0.75778,
    "ndcg_at_100": 0.77496,
    "ndcg_at_1000": 0.77967,
    "ndcg_at_3": 0.70332,
    "ndcg_at_5": 0.73197,
    "precision_at_1": 0.64333,
    "precision_at_10": 0.10067,
    "precision_at_100": 0.01093,
    "precision_at_1000": 0.00113,
    "precision_at_3": 0.27111,
    "precision_at_5": 0.18133,
    "recall_at_1": 0.61428,
    "recall_at_10": 0.88656,
    "recall_at_100": 0.965,
    "recall_at_1000": 1.0,
    "recall_at_3": 0.74367,
    "recall_at_5": 0.81328
  }
}