{
  "dataset_revision": "b0fddb56ed78048fa8b90373c8a3cfc37b684831",
  "mteb_dataset_name": "STSBenchmark",
  "mteb_version": "1.1.2",
  "test": {
    "cos_sim": {
      "pearson": 0.8763378063177473,
      "spearman": 0.8783650966494719
    },
    "euclidean": {
      "pearson": 0.8892763481507902,
      "spearman": 0.8923554351833447
    },
    "evaluation_time": 0.22,
    "manhattan": {
      "pearson": 0.8672169684390754,
      "spearman": 0.87178476679026
    }
  }
}