{
  "dataset_revision": "6031580fec1f6af667f0bd2da0a551cf4f0b2375",
  "mteb_dataset_name": "STS14",
  "mteb_version": "1.2.0",
  "test": {
    "cos_sim": {
      "pearson": 0.8633370327509102,
      "spearman": 0.8377984542318452
    },
    "euclidean": {
      "pearson": 0.8535321687576036,
      "spearman": 0.8377984542318452
    },
    "evaluation_time": 1.64,
    "manhattan": {
      "pearson": 0.8534446349162538,
      "spearman": 0.8375430651257828
    }
  }
}