{
  "dataset_revision": null,
  "mteb_dataset_name": "CQADupstackGisRetrieval",
  "mteb_version": "1.1.2",
  "test": {
    "evaluation_time": 19.83,
    "map_at_1": 0.29354,
    "map_at_10": 0.38776,
    "map_at_100": 0.39876,
    "map_at_1000": 0.39938,
    "map_at_3": 0.35861,
    "map_at_5": 0.37551,
    "mrr_at_1": 0.31412,
    "mrr_at_10": 0.40861,
    "mrr_at_100": 0.41778,
    "mrr_at_1000": 0.41822,
    "mrr_at_3": 0.38136,
    "mrr_at_5": 0.39757,
    "ndcg_at_1": 0.31412,
    "ndcg_at_10": 0.44064,
    "ndcg_at_100": 0.49262,
    "ndcg_at_1000": 0.50836,
    "ndcg_at_3": 0.38437,
    "ndcg_at_5": 0.4134,
    "precision_at_1": 0.31412,
    "precision_at_10": 0.06689,
    "precision_at_100": 0.00976,
    "precision_at_1000": 0.00114,
    "precision_at_3": 0.16083,
    "precision_at_5": 0.11277,
    "recall_at_1": 0.29354,
    "recall_at_10": 0.58232,
    "recall_at_100": 0.81761,
    "recall_at_1000": 0.93565,
    "recall_at_3": 0.43199,
    "recall_at_5": 0.50248
  }
}