{
  "dataset_revision": null,
  "mteb_dataset_name": "CQADupstackWebmastersRetrieval",
  "mteb_version": "1.1.2",
  "test": {
    "evaluation_time": 8.41,
    "map_at_1": 0.28062,
    "map_at_10": 0.38088,
    "map_at_100": 0.39737,
    "map_at_1000": 0.39969,
    "map_at_3": 0.34823,
    "map_at_5": 0.36524,
    "mrr_at_1": 0.33794,
    "mrr_at_10": 0.43037,
    "mrr_at_100": 0.44025,
    "mrr_at_1000": 0.4406,
    "mrr_at_3": 0.40547,
    "mrr_at_5": 0.42029,
    "ndcg_at_1": 0.33794,
    "ndcg_at_10": 0.44313,
    "ndcg_at_100": 0.50247,
    "ndcg_at_1000": 0.52382,
    "ndcg_at_3": 0.39362,
    "ndcg_at_5": 0.41539,
    "precision_at_1": 0.33794,
    "precision_at_10": 0.08458,
    "precision_at_100": 0.0165,
    "precision_at_1000": 0.00251,
    "precision_at_3": 0.18511,
    "precision_at_5": 0.13202,
    "recall_at_1": 0.28062,
    "recall_at_10": 0.55898,
    "recall_at_100": 0.82494,
    "recall_at_1000": 0.95444,
    "recall_at_3": 0.41831,
    "recall_at_5": 0.47887
  }
}