{
  "dataset_revision": null,
  "mteb_dataset_name": "CQADupstackProgrammersRetrieval",
  "mteb_version": "1.1.2",
  "test": {
    "evaluation_time": 16.27,
    "map_at_1": 0.29582,
    "map_at_10": 0.40788,
    "map_at_100": 0.42136,
    "map_at_1000": 0.42242,
    "map_at_3": 0.37026,
    "map_at_5": 0.39079,
    "mrr_at_1": 0.36187,
    "mrr_at_10": 0.462,
    "mrr_at_100": 0.46998,
    "mrr_at_1000": 0.47044,
    "mrr_at_3": 0.43436,
    "mrr_at_5": 0.44954,
    "ndcg_at_1": 0.36187,
    "ndcg_at_10": 0.47172,
    "ndcg_at_100": 0.52551,
    "ndcg_at_1000": 0.54482,
    "ndcg_at_3": 0.41357,
    "ndcg_at_5": 0.43922,
    "precision_at_1": 0.36187,
    "precision_at_10": 0.08756,
    "precision_at_100": 0.0132,
    "precision_at_1000": 0.00166,
    "precision_at_3": 0.19787,
    "precision_at_5": 0.14269,
    "recall_at_1": 0.29582,
    "recall_at_10": 0.60609,
    "recall_at_100": 0.83309,
    "recall_at_1000": 0.95957,
    "recall_at_3": 0.44205,
    "recall_at_5": 0.5094
  }
}