{
  "dataset_revision": "6031580fec1f6af667f0bd2da0a551cf4f0b2375",
  "mteb_dataset_name": "STS14",
  "mteb_version": "1.1.2",
  "test": {
    "cos_sim": {
      "pearson": 0.8590609438042314,
      "spearman": 0.8323379027200857
    },
    "euclidean": {
      "pearson": 0.8466476774885152,
      "spearman": 0.8323379027200857
    },
    "evaluation_time": 0.59,
    "manhattan": {
      "pearson": 0.8452884714709448,
      "spearman": 0.8325657506822635
    }
  }
}