{
  "dataset_revision": "eea2b4fe26a775864c896887d910b76a8098ad3f",
  "mteb_dataset_name": "STS22",
  "mteb_version": "1.1.2",
  "test": {
    "en": {
      "cos_sim": {
        "pearson": 0.6793534105809118,
        "spearman": 0.6774438831479389
      },
      "euclidean": {
        "pearson": 0.693905202037941,
        "spearman": 0.6774438831479389
      },
      "manhattan": {
        "pearson": 0.692533033498129,
        "spearman": 0.6747988228806439
      }
    },
    "evaluation_time": 0.14
  }
}