{
  "dataset_revision": "b0fddb56ed78048fa8b90373c8a3cfc37b684831",
  "mteb_dataset_name": "STSBenchmark",
  "mteb_version": "1.2.0",
  "test": {
    "cos_sim": {
      "pearson": 0.8818883460426131,
      "spearman": 0.892614198983624
    },
    "euclidean": {
      "pearson": 0.8888867593228463,
      "spearman": 0.892614198983624
    },
    "evaluation_time": 0.29,
    "manhattan": {
      "pearson": 0.8884542399141379,
      "spearman": 0.892050059904798
    }
  }
}