{
  "dataset_revision": "70970daeab8776df92f5ea462b6173c0b46fd2d1",
  "mteb_dataset_name": "TwitterSemEval2015",
  "mteb_version": "1.2.0",
  "test": {
    "cos_sim": {
      "accuracy": 0.8760207426834357,
      "accuracy_threshold": 0.7815780292494154,
      "ap": 0.7861894922965518,
      "f1": 0.7133927383960633,
      "f1_threshold": 0.7659065385252465,
      "precision": 0.7192276749798874,
      "recall": 0.7076517150395778
    },
    "dot": {
      "accuracy": 0.8760207426834357,
      "accuracy_threshold": 0.7815780292494157,
      "ap": 0.7861894922965518,
      "f1": 0.7133927383960633,
      "f1_threshold": 0.7659065385252467,
      "precision": 0.7192276749798874,
      "recall": 0.7076517150395778
    },
    "euclidean": {
      "accuracy": 0.8760207426834357,
      "accuracy_threshold": 0.6609417078484949,
      "ap": 0.7861894922965518,
      "f1": 0.7133927383960633,
      "f1_threshold": 0.6842418588378845,
      "precision": 0.7192276749798874,
      "recall": 0.7076517150395778
    },
    "evaluation_time": 3.26,
    "manhattan": {
      "accuracy": 0.8765571913929785,
      "accuracy_threshold": 23.51872952868507,
      "ap": 0.7874035280171889,
      "f1": 0.715714661753093,
      "f1_threshold": 24.520720905562087,
      "precision": 0.7140231092436975,
      "recall": 0.7174142480211082
    },
    "max": {
      "accuracy": 0.8765571913929785,
      "ap": 0.7874035280171889,
      "f1": 0.715714661753093
    }
  }
}