{
  "dataset_revision": "0fd18e25b25c072e09e0d92ab615fda904d66300",
  "mteb_dataset_name": "Banking77Classification",
  "mteb_version": "1.2.0",
  "test": {
    "accuracy": 0.8513311688311689,
    "accuracy_stderr": 0.004118260452136011,
    "evaluation_time": 44.41,
    "f1": 0.8456030665873483,
    "f1_stderr": 0.00526133826473643,
    "main_score": 0.8513311688311689
  }
}