{
  "dataset_revision": "ae001d0e6b1228650b7bd1c2c65fb50ad11a8aba",
  "mteb_dataset_name": "MTOPIntentClassification",
  "mteb_version": "1.2.0",
  "test": {
    "en": {
      "accuracy": 0.6761513907888739,
      "accuracy_stderr": 0.019253956619322343,
      "f1": 0.5017481682181267,
      "f1_stderr": 0.007914652347044105,
      "main_score": 0.6761513907888739
    },
    "evaluation_time": 222.1
  }
}