{
  "dataset_revision": "0228b52cf27578f30900b9e5271d331663a030d7",
  "mteb_dataset_name": "SciFact",
  "mteb_version": "1.2.0",
  "test": {
    "evaluation_time": 2.2,
    "map_at_1": 0.61594,
    "map_at_10": 0.70735,
    "map_at_100": 0.7129,
    "map_at_1000": 0.71312,
    "map_at_3": 0.67635,
    "map_at_5": 0.69381,
    "mrr_at_1": 0.64333,
    "mrr_at_10": 0.71703,
    "mrr_at_100": 0.72145,
    "mrr_at_1000": 0.72165,
    "mrr_at_3": 0.69389,
    "mrr_at_5": 0.70856,
    "ndcg_at_1": 0.64333,
    "ndcg_at_10": 0.75024,
    "ndcg_at_100": 0.77241,
    "ndcg_at_1000": 0.77676,
    "ndcg_at_3": 0.69867,
    "ndcg_at_5": 0.72478,
    "precision_at_1": 0.64333,
    "precision_at_10": 0.099,
    "precision_at_100": 0.01097,
    "precision_at_1000": 0.00113,
    "precision_at_3": 0.26889,
    "precision_at_5": 0.17867,
    "recall_at_1": 0.61594,
    "recall_at_10": 0.87156,
    "recall_at_100": 0.96833,
    "recall_at_1000": 1.0,
    "recall_at_3": 0.73506,
    "recall_at_5": 0.79994
  }
}