{
  "dataset_revision": "a6ea5a8cab320b040a23452cc28066d9beae2cee",
  "mteb_dataset_name": "SICK-R",
  "mteb_version": "1.2.0",
  "test": {
    "cos_sim": {
      "pearson": 0.875115636972533,
      "spearman": 0.8285577122317808
    },
    "euclidean": {
      "pearson": 0.848848098452585,
      "spearman": 0.8285577070587722
    },
    "evaluation_time": 3.14,
    "manhattan": {
      "pearson": 0.8481421079543512,
      "spearman": 0.8281325124922319
    }
  }
}