{
  "dataset_revision": "6031580fec1f6af667f0bd2da0a551cf4f0b2375",
  "mteb_dataset_name": "STS14",
  "mteb_version": "1.2.0",
  "test": {
    "cos_sim": {
      "pearson": 0.869139467873225,
      "spearman": 0.8484712880742098
    },
    "euclidean": {
      "pearson": 0.8623711413239471,
      "spearman": 0.8484711714381556
    },
    "evaluation_time": 0.45,
    "manhattan": {
      "pearson": 0.8608294797749547,
      "spearman": 0.8473393419375878
    }
  }
}