{
  "dataset_revision": "4d8694f8f0e0100860b497b999b3dbed754a0513",
  "mteb_dataset_name": "STS16",
  "mteb_version": "1.2.0",
  "test": {
    "cos_sim": {
      "pearson": 0.8548788236469389,
      "spearman": 0.8677580302369011
    },
    "euclidean": {
      "pearson": 0.8608609372754058,
      "spearman": 0.8677580302369011
    },
    "evaluation_time": 0.13,
    "manhattan": {
      "pearson": 0.8606125926990867,
      "spearman": 0.8678859542595206
    }
  }
}