{
  "dataset_revision": "7e90230a92c190f1bf69ae9002b8cea547a64cca",
  "mteb_dataset_name": "STS13",
  "mteb_version": "1.2.0",
  "test": {
    "cos_sim": {
      "pearson": 0.8884754789118019,
      "spearman": 0.896494067276648
    },
    "euclidean": {
      "pearson": 0.8887487223541899,
      "spearman": 0.896494067276648
    },
    "evaluation_time": 0.16,
    "manhattan": {
      "pearson": 0.8870963101141675,
      "spearman": 0.8951151177883588
    }
  }
}