{
  "dataset_revision": "eea2b4fe26a775864c896887d910b76a8098ad3f",
  "mteb_dataset_name": "STS22",
  "mteb_version": "1.2.0",
  "test": {
    "en": {
      "cos_sim": {
        "pearson": 0.6911126310674764,
        "spearman": 0.6956565473514863
      },
      "euclidean": {
        "pearson": 0.7078088910070159,
        "spearman": 0.6956565473514863
      },
      "manhattan": {
        "pearson": 0.7086571013010572,
        "spearman": 0.6978043362885299
      }
    },
    "evaluation_time": 0.3
  }
}