{
  "dataset_revision": "b0fddb56ed78048fa8b90373c8a3cfc37b684831",
  "mteb_dataset_name": "STSBenchmark",
  "mteb_version": "1.2.0",
  "test": {
    "cos_sim": {
      "pearson": 0.8765448241021201,
      "spearman": 0.8905234982322541
    },
    "euclidean": {
      "pearson": 0.8881817075833156,
      "spearman": 0.890523114790599
    },
    "evaluation_time": 0.23,
    "manhattan": {
      "pearson": 0.8878123254793473,
      "spearman": 0.8899675796390568
    }
  }
}