{
  "dataset_revision": "1399c76144fd37290681b995c656ef9b2e06e26d",
  "mteb_dataset_name": "AmazonReviewsClassification",
  "mteb_version": "1.2.0",
  "test": {
    "en": {
      "accuracy": 0.53902,
      "accuracy_stderr": 0.01022054793051723,
      "f1": 0.519276771477787,
      "f1_stderr": 0.018163294977977636,
      "main_score": 0.53902
    },
    "evaluation_time": 51.14
  }
}