{
  "dataset_revision": "e8379541af4e31359cca9fbcf4b00f2671dba205",
  "mteb_dataset_name": "AmazonCounterfactualClassification",
  "mteb_version": "1.2.0",
  "test": {
    "en": {
      "accuracy": 0.7725373134328358,
      "accuracy_stderr": 0.03852481386245176,
      "ap": 0.40787152603361837,
      "ap_stderr": 0.04450718303073417,
      "f1": 0.713088183551148,
      "f1_stderr": 0.037382256439155576,
      "main_score": 0.7725373134328358
    },
    "evaluation_time": 4.2
  }
}