{
  "dataset_revision": "e8379541af4e31359cca9fbcf4b00f2671dba205",
  "mteb_dataset_name": "AmazonCounterfactualClassification",
  "mteb_version": "1.2.0",
  "test": {
    "en": {
      "accuracy": 0.7922388059701493,
      "accuracy_stderr": 0.03708467189129382,
      "ap": 0.43669360401170343,
      "ap_stderr": 0.04562478153211638,
      "f1": 0.7345185563383082,
      "f1_stderr": 0.0360506076230963,
      "main_score": 0.7922388059701493
    },
    "evaluation_time": 3.41
  }
}