{
  "dataset_revision": "4885aa143210c98657558c04aaf3dc47cfb54340",
  "mteb_dataset_name": "CQADupstackGamingRetrieval",
  "mteb_version": "1.2.0",
  "test": {
    "evaluation_time": 24.49,
    "map_at_1": 0.4457,
    "map_at_10": 0.5796,
    "map_at_100": 0.58926,
    "map_at_1000": 0.58972,
    "map_at_3": 0.54413,
    "map_at_5": 0.56511,
    "mrr_at_1": 0.51034,
    "mrr_at_10": 0.61279,
    "mrr_at_100": 0.61856,
    "mrr_at_1000": 0.61876,
    "mrr_at_3": 0.58746,
    "mrr_at_5": 0.60298,
    "ndcg_at_1": 0.51034,
    "ndcg_at_10": 0.63963,
    "ndcg_at_100": 0.67462,
    "ndcg_at_1000": 0.68262,
    "ndcg_at_3": 0.5828,
    "ndcg_at_5": 0.61238,
    "precision_at_1": 0.51034,
    "precision_at_10": 0.10207,
    "precision_at_100": 0.01282,
    "precision_at_1000": 0.00139,
    "precision_at_3": 0.25893,
    "precision_at_5": 0.17831,
    "recall_at_1": 0.4457,
    "recall_at_10": 0.78191,
    "recall_at_100": 0.92864,
    "recall_at_1000": 0.98376,
    "recall_at_3": 0.63305,
    "recall_at_5": 0.7046
  }
}