{
  "dataset_revision": "79531abbd1fb92d06c6d6315a0cbbbf5bb247ea4",
  "mteb_dataset_name": "CQADupstackPhysicsRetrieval",
  "mteb_version": "1.2.0",
  "test": {
    "evaluation_time": 23.01,
    "map_at_1": 0.33939,
    "map_at_10": 0.45212,
    "map_at_100": 0.46506,
    "map_at_1000": 0.46612,
    "map_at_3": 0.41489,
    "map_at_5": 0.43734,
    "mrr_at_1": 0.4129,
    "mrr_at_10": 0.509,
    "mrr_at_100": 0.51695,
    "mrr_at_1000": 0.51725,
    "mrr_at_3": 0.4854,
    "mrr_at_5": 0.50042,
    "ndcg_at_1": 0.4129,
    "ndcg_at_10": 0.51471,
    "ndcg_at_100": 0.56612,
    "ndcg_at_1000": 0.58329,
    "ndcg_at_3": 0.46053,
    "ndcg_at_5": 0.48933,
    "precision_at_1": 0.4129,
    "precision_at_10": 0.09317,
    "precision_at_100": 0.01371,
    "precision_at_1000": 0.00172,
    "precision_at_3": 0.21848,
    "precision_at_5": 0.15515,
    "recall_at_1": 0.33939,
    "recall_at_10": 0.64106,
    "recall_at_100": 0.85509,
    "recall_at_1000": 0.9618,
    "recall_at_3": 0.49061,
    "recall_at_5": 0.56657
  }
}