{
  "dataset_revision": "4f58c6b202a23cf9a4da393831edf4f9183cad37",
  "mteb_dataset_name": "EmotionClassification",
  "mteb_version": "1.2.0",
  "test": {
    "accuracy": 0.5482499999999999,
    "accuracy_stderr": 0.02365084565084302,
    "evaluation_time": 10.54,
    "f1": 0.4879237673186722,
    "f1_stderr": 0.01409017269276627,
    "main_score": 0.5482499999999999
  }
}