{
  "dataset_revision": "0228b52cf27578f30900b9e5271d331663a030d7",
  "mteb_dataset_name": "SciFact",
  "mteb_version": "1.2.0",
  "test": {
    "evaluation_time": 9.65,
    "map_at_1": 0.62161,
    "map_at_10": 0.71729,
    "map_at_100": 0.72151,
    "map_at_1000": 0.72169,
    "map_at_3": 0.68491,
    "map_at_5": 0.70534,
    "mrr_at_1": 0.65333,
    "mrr_at_10": 0.72673,
    "mrr_at_100": 0.72997,
    "mrr_at_1000": 0.73013,
    "mrr_at_3": 0.70111,
    "mrr_at_5": 0.71944,
    "ndcg_at_1": 0.65333,
    "ndcg_at_10": 0.76275,
    "ndcg_at_100": 0.78062,
    "ndcg_at_1000": 0.78408,
    "ndcg_at_3": 0.70859,
    "ndcg_at_5": 0.73982,
    "precision_at_1": 0.65333,
    "precision_at_10": 0.10133,
    "precision_at_100": 0.01103,
    "precision_at_1000": 0.00113,
    "precision_at_3": 0.27556,
    "precision_at_5": 0.18533,
    "recall_at_1": 0.62161,
    "recall_at_10": 0.89322,
    "recall_at_100": 0.975,
    "recall_at_1000": 1.0,
    "recall_at_3": 0.7485,
    "recall_at_5": 0.82744
  }
}