{
  "dataset_revision": "b0fddb56ed78048fa8b90373c8a3cfc37b684831",
  "mteb_dataset_name": "STSBenchmark",
  "mteb_version": "1.1.2",
  "test": {
    "cos_sim": {
      "pearson": 0.8828378837508816,
      "spearman": 0.8892126835206559
    },
    "euclidean": {
      "pearson": 0.878019088592575,
      "spearman": 0.8838539280785265
    },
    "evaluation_time": 0.59,
    "manhattan": {
      "pearson": 0.8781005284724501,
      "spearman": 0.8840641791067025
    }
  }
}