{
  "dataset_revision": null,
  "mteb_dataset_name": "SciFact",
  "mteb_version": "1.1.2",
  "test": {
    "evaluation_time": 0.91,
    "map_at_1": 0.59694,
    "map_at_10": 0.69098,
    "map_at_100": 0.69688,
    "map_at_1000": 0.69706,
    "map_at_3": 0.66498,
    "map_at_5": 0.67976,
    "mrr_at_1": 0.62,
    "mrr_at_10": 0.69776,
    "mrr_at_100": 0.70283,
    "mrr_at_1000": 0.70301,
    "mrr_at_3": 0.67778,
    "mrr_at_5": 0.69111,
    "ndcg_at_1": 0.62,
    "ndcg_at_10": 0.73144,
    "ndcg_at_100": 0.75673,
    "ndcg_at_1000": 0.76167,
    "ndcg_at_3": 0.68779,
    "ndcg_at_5": 0.71039,
    "precision_at_1": 0.62,
    "precision_at_10": 0.096,
    "precision_at_100": 0.01087,
    "precision_at_1000": 0.00113,
    "precision_at_3": 0.26667,
    "precision_at_5": 0.17533,
    "recall_at_1": 0.59694,
    "recall_at_10": 0.84589,
    "recall_at_100": 0.95833,
    "recall_at_1000": 0.99667,
    "recall_at_3": 0.7295,
    "recall_at_5": 0.78694
  }
}