{
  "dataset_revision": "a0d554a64d88156834ff5ae9920b964011b16384",
  "mteb_dataset_name": "STS12",
  "mteb_version": "1.1.2",
  "test": {
    "cos_sim": {
      "pearson": 0.8420230457451519,
      "spearman": 0.7501474180943976
    },
    "euclidean": {
      "pearson": 0.8500897436991078,
      "spearman": 0.77631351031598
    },
    "evaluation_time": 0.54,
    "manhattan": {
      "pearson": 0.838559562650169,
      "spearman": 0.7755596865247848
    }
  }
}