{
  "dataset_revision": "eea2b4fe26a775864c896887d910b76a8098ad3f",
  "mteb_dataset_name": "STS22",
  "mteb_version": "1.1.2",
  "test": {
    "en": {
      "cos_sim": {
        "pearson": 0.6817128983567086,
        "spearman": 0.6939523146746507
      },
      "euclidean": {
        "pearson": 0.7036280158895031,
        "spearman": 0.692985443413867
      },
      "manhattan": {
        "pearson": 0.7131901281492199,
        "spearman": 0.7009751531504934
      }
    },
    "evaluation_time": 0.06
  }
}