{
  "dataset_revision": "e8379541af4e31359cca9fbcf4b00f2671dba205",
  "mteb_dataset_name": "AmazonCounterfactualClassification",
  "mteb_version": "1.1.2",
  "test": {
    "en": {
      "accuracy": 0.7665671641791045,
      "accuracy_stderr": 0.03610706585898972,
      "ap": 0.39952219940420186,
      "ap_stderr": 0.03969034183727071,
      "f1": 0.7067467456729416,
      "f1_stderr": 0.034655531871141496,
      "main_score": 0.7665671641791045
    },
    "evaluation_time": 11.53
  }
}