{
  "dataset_revision": null,
  "mteb_dataset_name": "ArguAna",
  "mteb_version": "1.1.2",
  "test": {
    "evaluation_time": 27.3,
    "map_at_1": 0.38122,
    "map_at_10": 0.55247,
    "map_at_100": 0.55787,
    "map_at_1000": 0.55788,
    "map_at_3": 0.51019,
    "map_at_5": 0.53669,
    "mrr_at_1": 0.38976,
    "mrr_at_10": 0.556,
    "mrr_at_100": 0.56133,
    "mrr_at_1000": 0.56135,
    "mrr_at_3": 0.51339,
    "mrr_at_5": 0.54003,
    "ndcg_at_1": 0.38122,
    "ndcg_at_10": 0.63765,
    "ndcg_at_100": 0.6588,
    "ndcg_at_1000": 0.65918,
    "ndcg_at_3": 0.55215,
    "ndcg_at_5": 0.59945,
    "precision_at_1": 0.38122,
    "precision_at_10": 0.09054,
    "precision_at_100": 0.00994,
    "precision_at_1000": 0.001,
    "precision_at_3": 0.22451,
    "precision_at_5": 0.15747,
    "recall_at_1": 0.38122,
    "recall_at_10": 0.90541,
    "recall_at_100": 0.9936,
    "recall_at_1000": 0.99644,
    "recall_at_3": 0.67354,
    "recall_at_5": 0.78734
  }
}