{
  "dataset_revision": "0fd18e25b25c072e09e0d92ab615fda904d66300",
  "mteb_dataset_name": "Banking77Classification",
  "mteb_version": "1.1.2",
  "test": {
    "accuracy": 0.8562012987012986,
    "accuracy_stderr": 0.0056393589802577505,
    "evaluation_time": 75.66,
    "f1": 0.8514927640879429,
    "f1_stderr": 0.0066138881961713865,
    "main_score": 0.8562012987012986
  }
}