{
  "dataset_revision": "27a168819829fe9bcd655c2df245fb19452e8e06",
  "mteb_dataset_name": "FiQA2018",
  "mteb_version": "1.2.0",
  "test": {
    "evaluation_time": 64.33,
    "map_at_1": 0.22139,
    "map_at_10": 0.37162,
    "map_at_100": 0.39167,
    "map_at_1000": 0.39328,
    "map_at_3": 0.32294,
    "map_at_5": 0.3512,
    "mrr_at_1": 0.4429,
    "mrr_at_10": 0.53697,
    "mrr_at_100": 0.5447,
    "mrr_at_1000": 0.54495,
    "mrr_at_3": 0.5126,
    "mrr_at_5": 0.5268,
    "ndcg_at_1": 0.4429,
    "ndcg_at_10": 0.45485,
    "ndcg_at_100": 0.52415,
    "ndcg_at_1000": 0.54981,
    "ndcg_at_3": 0.41462,
    "ndcg_at_5": 0.42921,
    "precision_at_1": 0.4429,
    "precision_at_10": 0.12701,
    "precision_at_100": 0.01998,
    "precision_at_1000": 0.00246,
    "precision_at_3": 0.27984,
    "precision_at_5": 0.20772,
    "recall_at_1": 0.22139,
    "recall_at_10": 0.52893,
    "recall_at_100": 0.78371,
    "recall_at_1000": 0.93716,
    "recall_at_3": 0.37717,
    "recall_at_5": 0.44546
  }
}