{
  "dataset_revision": "3d86128a09e091d6018b6d26cad27f2739fc2db7",
  "mteb_dataset_name": "ImdbClassification",
  "mteb_version": "1.1.2",
  "test": {
    "accuracy": 0.941348,
    "accuracy_stderr": 0.003773297761905358,
    "ap": 0.9129335988558095,
    "ap_stderr": 0.00933239228825443,
    "evaluation_time": 11.25,
    "f1": 0.9413177923583961,
    "f1_stderr": 0.003796998122252,
    "main_score": 0.941348
  }
}