{
  "dataset_revision": "0228b52cf27578f30900b9e5271d331663a030d7",
  "mteb_dataset_name": "SciFact",
  "mteb_version": "1.2.0",
  "test": {
    "evaluation_time": 5.59,
    "map_at_1": 0.62828,
    "map_at_10": 0.71626,
    "map_at_100": 0.72089,
    "map_at_1000": 0.72103,
    "map_at_3": 0.6838,
    "map_at_5": 0.70297,
    "mrr_at_1": 0.66,
    "mrr_at_10": 0.72683,
    "mrr_at_100": 0.73058,
    "mrr_at_1000": 0.7307,
    "mrr_at_3": 0.70167,
    "mrr_at_5": 0.71833,
    "ndcg_at_1": 0.66,
    "ndcg_at_10": 0.75941,
    "ndcg_at_100": 0.77995,
    "ndcg_at_1000": 0.78289,
    "ndcg_at_3": 0.70437,
    "ndcg_at_5": 0.73322,
    "precision_at_1": 0.66,
    "precision_at_10": 0.10033,
    "precision_at_100": 0.01107,
    "precision_at_1000": 0.00113,
    "precision_at_3": 0.27,
    "precision_at_5": 0.18067,
    "recall_at_1": 0.62828,
    "recall_at_10": 0.88322,
    "recall_at_100": 0.97833,
    "recall_at_1000": 1.0,
    "recall_at_3": 0.73406,
    "recall_at_5": 0.80744
  }
}