{
  "dataset_revision": null,
  "mteb_dataset_name": "SciFact",
  "mteb_version": "1.1.2",
  "test": {
    "evaluation_time": 10.71,
    "map_at_1": 0.62828,
    "map_at_10": 0.71611,
    "map_at_100": 0.72125,
    "map_at_1000": 0.72138,
    "map_at_3": 0.68435,
    "map_at_5": 0.70392,
    "mrr_at_1": 0.66,
    "mrr_at_10": 0.72724,
    "mrr_at_100": 0.73117,
    "mrr_at_1000": 0.73129,
    "mrr_at_3": 0.70222,
    "mrr_at_5": 0.71972,
    "ndcg_at_1": 0.66,
    "ndcg_at_10": 0.75942,
    "ndcg_at_100": 0.78056,
    "ndcg_at_1000": 0.78349,
    "ndcg_at_3": 0.7056,
    "ndcg_at_5": 0.73562,
    "precision_at_1": 0.66,
    "precision_at_10": 0.1,
    "precision_at_100": 0.01107,
    "precision_at_1000": 0.00113,
    "precision_at_3": 0.27111,
    "precision_at_5": 0.182,
    "recall_at_1": 0.62828,
    "recall_at_10": 0.88256,
    "recall_at_100": 0.97833,
    "recall_at_1000": 1.0,
    "recall_at_3": 0.73739,
    "recall_at_5": 0.81328
  }
}