{
  "dataset_revision": "d66bd1f72af766a5cc4b0ca5e00c162f89e8cc46",
  "mteb_dataset_name": "SprintDuplicateQuestions",
  "mteb_version": "1.1.2",
  "test": {
    "cos_sim": {
      "accuracy": 0.9988613861386139,
      "accuracy_threshold": 0.7795177481961384,
      "ap": 0.9709789447527322,
      "f1": 0.9422400803616272,
      "f1_threshold": 0.7795177481961384,
      "precision": 0.9465186680121089,
      "recall": 0.938
    },
    "dot": {
      "accuracy": 0.9988613861386139,
      "accuracy_threshold": 0.7795177481961386,
      "ap": 0.9709789447527322,
      "f1": 0.9422400803616272,
      "f1_threshold": 0.7795177481961386,
      "precision": 0.9465186680121089,
      "recall": 0.938
    },
    "euclidean": {
      "accuracy": 0.9988613861386139,
      "accuracy_threshold": 0.664051581477204,
      "ap": 0.9709789447527322,
      "f1": 0.9422400803616272,
      "f1_threshold": 0.664051581477204,
      "precision": 0.9465186680121089,
      "recall": 0.938
    },
    "evaluation_time": 90.32,
    "manhattan": {
      "accuracy": 0.9988514851485149,
      "accuracy_threshold": 32.56866372662466,
      "ap": 0.9706506559153201,
      "f1": 0.942057942057942,
      "f1_threshold": 32.56866372662466,
      "precision": 0.9411177644710579,
      "recall": 0.943
    },
    "max": {
      "accuracy": 0.9988613861386139,
      "ap": 0.9709789447527322,
      "f1": 0.9422400803616272
    }
  }
}