{
  "dataset_revision": "ae752c7c21bf194d8b67fd573edf7ae58183cbe3",
  "mteb_dataset_name": "STS15",
  "mteb_version": "1.2.0",
  "test": {
    "cos_sim": {
      "pearson": 0.8940940512813155,
      "spearman": 0.9028860319839099
    },
    "euclidean": {
      "pearson": 0.8957193544710627,
      "spearman": 0.9028860319839099
    },
    "evaluation_time": 1.84,
    "manhattan": {
      "pearson": 0.895642811876273,
      "spearman": 0.9027649959844806
    }
  }
}