{
  "dataset_revision": "70970daeab8776df92f5ea462b6173c0b46fd2d1",
  "mteb_dataset_name": "TwitterSemEval2015",
  "mteb_version": "1.1.2",
  "test": {
    "cos_sim": {
      "accuracy": 0.8772724563390356,
      "accuracy_threshold": 0.8000782653628196,
      "ap": 0.7897424125542079,
      "f1": 0.7192205491585474,
      "f1_threshold": 0.769916762819258,
      "precision": 0.6909798200826647,
      "recall": 0.749868073878628
    },
    "dot": {
      "accuracy": 0.8772724563390356,
      "accuracy_threshold": 0.8000782653628209,
      "ap": 0.7897424125542079,
      "f1": 0.7192205491585474,
      "f1_threshold": 0.7699167628192585,
      "precision": 0.6909798200826647,
      "recall": 0.749868073878628
    },
    "euclidean": {
      "accuracy": 0.8772724563390356,
      "accuracy_threshold": 0.6323317694816039,
      "ap": 0.7897424125542079,
      "f1": 0.7192205491585474,
      "f1_threshold": 0.6783557136723753,
      "precision": 0.6909798200826647,
      "recall": 0.749868073878628
    },
    "evaluation_time": 15.5,
    "manhattan": {
      "accuracy": 0.8776300888120642,
      "accuracy_threshold": 32.191221884368105,
      "ap": 0.7898741280880979,
      "f1": 0.7184669904186902,
      "f1_threshold": 33.75052039594131,
      "precision": 0.7148080438756855,
      "recall": 0.7221635883905013
    },
    "max": {
      "accuracy": 0.8776300888120642,
      "ap": 0.7898741280880979,
      "f1": 0.7192205491585474
    }
  }
}