{
  "dataset_revision": "eea2b4fe26a775864c896887d910b76a8098ad3f",
  "mteb_dataset_name": "STS22",
  "mteb_version": "1.1.2",
  "test": {
    "en": {
      "cos_sim": {
        "pearson": 0.6836046897383169,
        "spearman": 0.6939563839981387
      },
      "euclidean": {
        "pearson": 0.7057322131806463,
        "spearman": 0.6948280330892997
      },
      "manhattan": {
        "pearson": 0.7109984171390392,
        "spearman": 0.7007179719060427
      }
    },
    "evaluation_time": 0.06
  }
}