{
  "dataset_revision": "af5e6fb845001ecf41f4c1e033ce921939a2a68d",
  "mteb_dataset_name": "STS17",
  "mteb_version": "1.1.2",
  "test": {
    "en-en": {
      "cos_sim": {
        "pearson": 0.90324745070363,
        "spearman": 0.9037235951092469
      },
      "euclidean": {
        "pearson": 0.8996123990164507,
        "spearman": 0.8946180096074081
      },
      "manhattan": {
        "pearson": 0.8817423095940705,
        "spearman": 0.8737329761944599
      }
    },
    "evaluation_time": 0.05
  }
}