{
  "dataset_revision": "70970daeab8776df92f5ea462b6173c0b46fd2d1",
  "mteb_dataset_name": "TwitterSemEval2015",
  "mteb_version": "1.1.2",
  "test": {
    "cos_sim": {
      "accuracy": 0.8767360076294928,
      "accuracy_threshold": 0.7208875334248673,
      "ap": 0.7899154600831744,
      "f1": 0.72277612326816,
      "f1_threshold": 0.6943032970450917,
      "precision": 0.7096364098652428,
      "recall": 0.7364116094986808
    },
    "dot": {
      "accuracy": 0.8611789950527508,
      "accuracy_threshold": 0.3912001091938762,
      "ap": 0.7343131297673625,
      "f1": 0.6795950725698257,
      "f1_threshold": 0.3642790991973352,
      "precision": 0.6318893173055115,
      "recall": 0.7350923482849604
    },
    "euclidean": {
      "accuracy": 0.877332061751207,
      "accuracy_threshold": 0.5392111257774751,
      "ap": 0.7925542135547607,
      "f1": 0.7216679457661805,
      "f1_threshold": 0.5785101583528992,
      "precision": 0.7003475670307845,
      "recall": 0.7443271767810027
    },
    "evaluation_time": 1.43,
    "manhattan": {
      "accuracy": 0.8682124336889789,
      "accuracy_threshold": 10.375763508181715,
      "ap": 0.7716133402423859,
      "f1": 0.7047965683088522,
      "f1_threshold": 10.969023791159847,
      "precision": 0.6945939021265694,
      "recall": 0.7153034300791556
    },
    "max": {
      "accuracy": 0.877332061751207,
      "ap": 0.7925542135547607,
      "f1": 0.72277612326816
    }
  }
}