{
  "dataset_revision": "4d8694f8f0e0100860b497b999b3dbed754a0513",
  "mteb_dataset_name": "STS16",
  "mteb_version": "1.1.2",
  "test": {
    "cos_sim": {
      "pearson": 0.855224098643488,
      "spearman": 0.8655105690093439
    },
    "euclidean": {
      "pearson": 0.8599224949089581,
      "spearman": 0.8663724572485575
    },
    "evaluation_time": 0.49,
    "manhattan": {
      "pearson": 0.8591931242464258,
      "spearman": 0.8653393858492805
    }
  }
}