{
  "dataset_revision": "70970daeab8776df92f5ea462b6173c0b46fd2d1",
  "mteb_dataset_name": "TwitterSemEval2015",
  "mteb_version": "1.1.2",
  "test": {
    "cos_sim": {
      "accuracy": 0.8663646659116648,
      "accuracy_threshold": 0.8616691827774048,
      "ap": 0.7596196378660791,
      "f1": 0.6938396176314392,
      "f1_threshold": 0.8438979983329773,
      "precision": 0.6982896846606093,
      "recall": 0.6894459102902375
    },
    "dot": {
      "accuracy": 0.8242236395064672,
      "accuracy_threshold": 0.23437127470970154,
      "ap": 0.6078599341986028,
      "f1": 0.5787829563913532,
      "f1_threshold": 0.21744520962238312,
      "precision": 0.5497270353667221,
      "recall": 0.6110817941952507
    },
    "euclidean": {
      "accuracy": 0.8674375633307504,
      "accuracy_threshold": 0.275806725025177,
      "ap": 0.7623576609968172,
      "f1": 0.6970468431771893,
      "f1_threshold": 0.28954505920410156,
      "precision": 0.6733890801770782,
      "recall": 0.7224274406332454
    },
    "evaluation_time": 2.97,
    "manhattan": {
      "accuracy": 0.8667819037968647,
      "accuracy_threshold": 7.035557746887207,
      "ap": 0.7619247896672193,
      "f1": 0.6957190463983594,
      "f1_threshold": 7.379627227783203,
      "precision": 0.6764705882352942,
      "recall": 0.7160949868073878
    },
    "max": {
      "accuracy": 0.8674375633307504,
      "ap": 0.7623576609968172,
      "f1": 0.6970468431771893
    }
  }
}