{
  "dataset_revision": "4f58c6b202a23cf9a4da393831edf4f9183cad37",
  "mteb_dataset_name": "EmotionClassification",
  "mteb_version": "1.1.2",
  "test": {
    "accuracy": 0.55555,
    "accuracy_stderr": 0.025456286060617724,
    "evaluation_time": 0.73,
    "f1": 0.48993690256953915,
    "f1_stderr": 0.014992193048523157,
    "main_score": 0.55555
  }
}