{
  "dataset_revision": "4d8694f8f0e0100860b497b999b3dbed754a0513",
  "mteb_dataset_name": "STS16",
  "mteb_version": "1.1.2",
  "test": {
    "cos_sim": {
      "pearson": 0.8374431754376566,
      "spearman": 0.8516484799560871
    },
    "euclidean": {
      "pearson": 0.864291244163397,
      "spearman": 0.8697561740640726
    },
    "evaluation_time": 0.17,
    "manhattan": {
      "pearson": 0.8576276048147465,
      "spearman": 0.8647904030602553
    }
  }
}