{
  "dataset_revision": "eea2b4fe26a775864c896887d910b76a8098ad3f",
  "mteb_dataset_name": "STS22",
  "mteb_version": "1.1.2",
  "test": {
    "en": {
      "cos_sim": {
        "pearson": 0.6874805530812546,
        "spearman": 0.693604794448763
      },
      "euclidean": {
        "pearson": 0.7073880840757361,
        "spearman": 0.6975455273146838
      },
      "manhattan": {
        "pearson": 0.7042451278433448,
        "spearman": 0.6866641563073806
      }
    },
    "evaluation_time": 0.2
  }
}