{
  "dataset_revision": "27a168819829fe9bcd655c2df245fb19452e8e06",
  "mteb_dataset_name": "FiQA2018",
  "mteb_version": "1.2.0",
  "test": {
    "evaluation_time": 13.84,
    "map_at_1": 0.22307,
    "map_at_10": 0.37027,
    "map_at_100": 0.38987,
    "map_at_1000": 0.39167,
    "map_at_3": 0.3241,
    "map_at_5": 0.34861,
    "mrr_at_1": 0.45062,
    "mrr_at_10": 0.54178,
    "mrr_at_100": 0.54942,
    "mrr_at_1000": 0.54976,
    "mrr_at_3": 0.51955,
    "mrr_at_5": 0.5322,
    "ndcg_at_1": 0.45062,
    "ndcg_at_10": 0.45356,
    "ndcg_at_100": 0.52065,
    "ndcg_at_1000": 0.54888,
    "ndcg_at_3": 0.41749,
    "ndcg_at_5": 0.42595,
    "precision_at_1": 0.45062,
    "precision_at_10": 0.12608,
    "precision_at_100": 0.01961,
    "precision_at_1000": 0.00246,
    "precision_at_3": 0.27984,
    "precision_at_5": 0.20185,
    "recall_at_1": 0.22307,
    "recall_at_10": 0.52432,
    "recall_at_100": 0.76746,
    "recall_at_1000": 0.93584,
    "recall_at_3": 0.3798,
    "recall_at_5": 0.43805
  }
}