{
  "dataset_revision": "a0d554a64d88156834ff5ae9920b964011b16384",
  "mteb_dataset_name": "STS12",
  "mteb_version": "1.1.2",
  "test": {
    "cos_sim": {
      "pearson": 0.8783229786059388,
      "spearman": 0.7919263294958806
    },
    "euclidean": {
      "pearson": 0.8552565572839764,
      "spearman": 0.7919262795824414
    },
    "evaluation_time": 0.65,
    "manhattan": {
      "pearson": 0.8542786691541989,
      "spearman": 0.791584492527369
    }
  }
}