{
  "dataset_revision": "4d8694f8f0e0100860b497b999b3dbed754a0513",
  "mteb_dataset_name": "STS16",
  "mteb_version": "1.2.0",
  "test": {
    "cos_sim": {
      "pearson": 0.8524555541231169,
      "spearman": 0.8659429378310821
    },
    "euclidean": {
      "pearson": 0.8584783191677076,
      "spearman": 0.8659429378310821
    },
    "evaluation_time": 0.13,
    "manhattan": {
      "pearson": 0.8574687868322782,
      "spearman": 0.8650565906851109
    }
  }
}