{
  "dataset_revision": "b0fddb56ed78048fa8b90373c8a3cfc37b684831",
  "mteb_dataset_name": "STSBenchmark",
  "mteb_version": "1.1.2",
  "test": {
    "cos_sim": {
      "pearson": 0.876390115874914,
      "spearman": 0.8815022452221353
    },
    "euclidean": {
      "pearson": 0.8919364753915833,
      "spearman": 0.8944000705389001
    },
    "evaluation_time": 0.3,
    "manhattan": {
      "pearson": 0.8708476678043963,
      "spearman": 0.8754165862045789
    }
  }
}