{
  "dataset_revision": "a6ea5a8cab320b040a23452cc28066d9beae2cee",
  "mteb_dataset_name": "SICK-R",
  "mteb_version": "1.1.2",
  "test": {
    "cos_sim": {
      "pearson": 0.8687324457531906,
      "spearman": 0.8211552829685723
    },
    "euclidean": {
      "pearson": 0.8445978678438224,
      "spearman": 0.8204475895373367
    },
    "evaluation_time": 0.84,
    "manhattan": {
      "pearson": 0.8129651205890976,
      "spearman": 0.7956575067243922
    }
  }
}