{
  "dataset_revision": "b0fddb56ed78048fa8b90373c8a3cfc37b684831",
  "mteb_dataset_name": "STSBenchmark",
  "mteb_version": "1.1.2",
  "test": {
    "cos_sim": {
      "pearson": 0.8471731319941614,
      "spearman": 0.8619669298231776
    },
    "euclidean": {
      "pearson": 0.8710425699395823,
      "spearman": 0.8718477545933819
    },
    "evaluation_time": 0.17,
    "manhattan": {
      "pearson": 0.8786049980983219,
      "spearman": 0.8736724056707532
    }
  }
}