{
  "dataset_revision": "ae752c7c21bf194d8b67fd573edf7ae58183cbe3",
  "mteb_dataset_name": "STS15",
  "mteb_version": "1.1.2",
  "test": {
    "cos_sim": {
      "pearson": 0.8808426161851344,
      "spearman": 0.8910948339146425
    },
    "euclidean": {
      "pearson": 0.8959594855531657,
      "spearman": 0.9024015670219349
    },
    "evaluation_time": 0.54,
    "manhattan": {
      "pearson": 0.872484059929149,
      "spearman": 0.8816777274901816
    }
  }
}