{
  "dataset_revision": "a0d554a64d88156834ff5ae9920b964011b16384",
  "mteb_dataset_name": "STS12",
  "mteb_version": "1.1.2",
  "test": {
    "cos_sim": {
      "pearson": 0.8499786419983285,
      "spearman": 0.7606535188961168
    },
    "euclidean": {
      "pearson": 0.8473330579066878,
      "spearman": 0.788074039123332
    },
    "evaluation_time": 0.48,
    "manhattan": {
      "pearson": 0.7801659330081123,
      "spearman": 0.7671862294391093
    }
  }
}