{
  "dataset_revision": "4d8694f8f0e0100860b497b999b3dbed754a0513",
  "mteb_dataset_name": "STS16",
  "mteb_version": "1.1.2",
  "test": {
    "cos_sim": {
      "pearson": 0.840517637561679,
      "spearman": 0.853429904881065
    },
    "euclidean": {
      "pearson": 0.8619374088113465,
      "spearman": 0.8688509281804816
    },
    "evaluation_time": 0.07,
    "manhattan": {
      "pearson": 0.8544606776917631,
      "spearman": 0.8617931362418287
    }
  }
}