{
  "dataset_revision": "70970daeab8776df92f5ea462b6173c0b46fd2d1",
  "mteb_dataset_name": "TwitterSemEval2015",
  "mteb_version": "1.1.2",
  "test": {
    "cos_sim": {
      "accuracy": 0.8761399535077785,
      "accuracy_threshold": 0.731638428822483,
      "ap": 0.7871450306140523,
      "f1": 0.7188659247482777,
      "f1_threshold": 0.7108809186751008,
      "precision": 0.7219265566790847,
      "recall": 0.7158311345646438
    },
    "dot": {
      "accuracy": 0.8545031888895511,
      "accuracy_threshold": 0.4840149820339483,
      "ap": 0.7202796390299286,
      "f1": 0.6680926019124309,
      "f1_threshold": 0.4455815554146354,
      "precision": 0.6385281385281385,
      "recall": 0.7005277044854882
    },
    "euclidean": {
      "accuracy": 0.8760207426834357,
      "accuracy_threshold": 0.5803665300224072,
      "ap": 0.7908749095625671,
      "f1": 0.7194112235510579,
      "f1_threshold": 0.6124469426857186,
      "precision": 0.7166797590992406,
      "recall": 0.7221635883905013
    },
    "evaluation_time": 0.62,
    "manhattan": {
      "accuracy": 0.8701198068784646,
      "accuracy_threshold": 9.149250604937478,
      "ap": 0.7748456877888095,
      "f1": 0.7047402924861321,
      "f1_threshold": 10.086172853533238,
      "precision": 0.6747947851279575,
      "recall": 0.737467018469657
    },
    "max": {
      "accuracy": 0.8761399535077785,
      "ap": 0.7908749095625671,
      "f1": 0.7194112235510579
    }
  }
}