{
  "dataset_revision": "7e90230a92c190f1bf69ae9002b8cea547a64cca",
  "mteb_dataset_name": "STS13",
  "mteb_version": "1.2.0",
  "test": {
    "cos_sim": {
      "pearson": 0.8728712675799624,
      "spearman": 0.8770306130263713
    },
    "euclidean": {
      "pearson": 0.8865496128784734,
      "spearman": 0.8929037366193182
    },
    "evaluation_time": 0.07,
    "manhattan": {
      "pearson": 0.8666633940025625,
      "spearman": 0.8734413714038465
    }
  }
}