{
  "dataset_revision": "a0d554a64d88156834ff5ae9920b964011b16384",
  "mteb_dataset_name": "STS12",
  "mteb_version": "1.1.2",
  "test": {
    "cos_sim": {
      "pearson": 0.8503403843321169,
      "spearman": 0.759160860732196
    },
    "euclidean": {
      "pearson": 0.8521436779271291,
      "spearman": 0.790015619075794
    },
    "evaluation_time": 0.66,
    "manhattan": {
      "pearson": 0.8062378004692385,
      "spearman": 0.7814068470995603
    }
  }
}