{
  "dataset_revision": "b0fddb56ed78048fa8b90373c8a3cfc37b684831",
  "mteb_dataset_name": "STSBenchmark",
  "mteb_version": "1.1.2",
  "test": {
    "cos_sim": {
      "pearson": 0.8744928917083499,
      "spearman": 0.878013281696317
    },
    "euclidean": {
      "pearson": 0.8895847083477793,
      "spearman": 0.892004222688357
    },
    "evaluation_time": 0.32,
    "manhattan": {
      "pearson": 0.8683536132506307,
      "spearman": 0.8729928488932578
    }
  }
}