{
  "dataset_revision": "b0fddb56ed78048fa8b90373c8a3cfc37b684831",
  "mteb_dataset_name": "STSBenchmark",
  "mteb_version": "1.1.2",
  "test": {
    "cos_sim": {
      "pearson": 0.8721986443325966,
      "spearman": 0.8735436216473499
    },
    "euclidean": {
      "pearson": 0.8875714893802922,
      "spearman": 0.8889116124964662
    },
    "evaluation_time": 0.26,
    "manhattan": {
      "pearson": 0.8676480564613726,
      "spearman": 0.8715834106102317
    }
  }
}