{
  "dataset_revision": "31efe3c427b0bae9c22cbb560b8f15491cc6bed7",
  "mteb_dataset_name": "MassiveIntentClassification",
  "mteb_version": "1.2.0",
  "test": {
    "en": {
      "accuracy": 0.7366509751176866,
      "accuracy_stderr": 0.0181566165877778,
      "f1": 0.7165438493867649,
      "f1_stderr": 0.01441633455090949,
      "main_score": 0.7366509751176866
    },
    "evaluation_time": 23.39
  }
}