{
  "dataset_revision": "a0d554a64d88156834ff5ae9920b964011b16384",
  "mteb_dataset_name": "STS12",
  "mteb_version": "1.2.0",
  "test": {
    "cos_sim": {
      "pearson": 0.874064519691699,
      "spearman": 0.7880679282487503
    },
    "euclidean": {
      "pearson": 0.8434061833796751,
      "spearman": 0.7880679282487503
    },
    "evaluation_time": 1.35,
    "manhattan": {
      "pearson": 0.8396329642939778,
      "spearman": 0.786531269462254
    }
  }
}