{
  "dataset_revision": "b0fddb56ed78048fa8b90373c8a3cfc37b684831",
  "mteb_dataset_name": "STSBenchmark",
  "mteb_version": "1.2.0",
  "test": {
    "cos_sim": {
      "pearson": 0.8784868594635002,
      "spearman": 0.8898117857896137
    },
    "euclidean": {
      "pearson": 0.887413222460252,
      "spearman": 0.8898117857896137
    },
    "evaluation_time": 1.47,
    "manhattan": {
      "pearson": 0.8874322445423058,
      "spearman": 0.8891810991358338
    }
  }
}