{
  "dataset_revision": "4f58c6b202a23cf9a4da393831edf4f9183cad37",
  "mteb_dataset_name": "EmotionClassification",
  "mteb_version": "1.2.0",
  "test": {
    "accuracy": 0.5545,
    "accuracy_stderr": 0.022192341021172138,
    "evaluation_time": 4.39,
    "f1": 0.4913439729801475,
    "f1_stderr": 0.012423451360133569,
    "main_score": 0.5545
  }
}