{
  "dataset_revision": "a6ea5a8cab320b040a23452cc28066d9beae2cee",
  "mteb_dataset_name": "SICK-R",
  "mteb_version": "1.2.0",
  "test": {
    "cos_sim": {
      "pearson": 0.8707224314576352,
      "spearman": 0.8223731459836414
    },
    "euclidean": {
      "pearson": 0.847056310649053,
      "spearman": 0.8243461259903717
    },
    "evaluation_time": 0.24,
    "manhattan": {
      "pearson": 0.7772149799925008,
      "spearman": 0.772645746355413
    }
  }
}