{
  "dataset_revision": "ae752c7c21bf194d8b67fd573edf7ae58183cbe3",
  "mteb_dataset_name": "STS15",
  "mteb_version": "1.2.0",
  "test": {
    "cos_sim": {
      "pearson": 0.8787233474032443,
      "spearman": 0.8917451800109272
    },
    "euclidean": {
      "pearson": 0.8998935714200165,
      "spearman": 0.9053883244934582
    },
    "evaluation_time": 0.49,
    "manhattan": {
      "pearson": 0.8850372728729299,
      "spearman": 0.8927975521894069
    }
  }
}