{
  "dataset_revision": "a0d554a64d88156834ff5ae9920b964011b16384",
  "mteb_dataset_name": "STS12",
  "mteb_version": "1.2.0",
  "test": {
    "cos_sim": {
      "pearson": 0.8422055983459998,
      "spearman": 0.7499565179054807
    },
    "euclidean": {
      "pearson": 0.8348052462298666,
      "spearman": 0.7644867075921524
    },
    "evaluation_time": 0.07,
    "manhattan": {
      "pearson": 0.7482687766715062,
      "spearman": 0.7314552441380952
    }
  }
}