{
  "dataset_revision": "4d8694f8f0e0100860b497b999b3dbed754a0513",
  "mteb_dataset_name": "STS16",
  "mteb_version": "1.2.0",
  "test": {
    "cos_sim": {
      "pearson": 0.8426753214613213,
      "spearman": 0.8581252123294301
    },
    "euclidean": {
      "pearson": 0.8721690203501503,
      "spearman": 0.8772576120441514
    },
    "evaluation_time": 0.03,
    "manhattan": {
      "pearson": 0.8409934855212282,
      "spearman": 0.8453184900780748
    }
  }
}