{
  "dataset_revision": "0fd18e25b25c072e09e0d92ab615fda904d66300",
  "mteb_dataset_name": "Banking77Classification",
  "mteb_version": "1.1.2",
  "test": {
    "accuracy": 0.8550974025974026,
    "accuracy_stderr": 0.004883207549586591,
    "evaluation_time": 12.26,
    "f1": 0.8498648185536822,
    "f1_stderr": 0.006057531101802315,
    "main_score": 0.8550974025974026
  }
}