{
  "dataset_revision": "7e90230a92c190f1bf69ae9002b8cea547a64cca",
  "mteb_dataset_name": "STS13",
  "mteb_version": "1.1.2",
  "test": {
    "cos_sim": {
      "pearson": 0.8765706974684886,
      "spearman": 0.8808527746370456
    },
    "euclidean": {
      "pearson": 0.8879627039261054,
      "spearman": 0.8954895127450071
    },
    "evaluation_time": 0.33,
    "manhattan": {
      "pearson": 0.8664325916965031,
      "spearman": 0.8731864251529227
    }
  }
}