{
  "dataset_revision": "ae752c7c21bf194d8b67fd573edf7ae58183cbe3",
  "mteb_dataset_name": "STS15",
  "mteb_version": "1.1.2",
  "test": {
    "cos_sim": {
      "pearson": 0.8788024090976194,
      "spearman": 0.8900254886658091
    },
    "euclidean": {
      "pearson": 0.894480848255483,
      "spearman": 0.9005232388147768
    },
    "evaluation_time": 0.62,
    "manhattan": {
      "pearson": 0.8772152172417746,
      "spearman": 0.8867146931985367
    }
  }
}