{
  "dataset_revision": "4d8694f8f0e0100860b497b999b3dbed754a0513",
  "mteb_dataset_name": "STS16",
  "mteb_version": "1.1.2",
  "test": {
    "cos_sim": {
      "pearson": 0.8434167039895691,
      "spearman": 0.8568114472472323
    },
    "euclidean": {
      "pearson": 0.8668889310047942,
      "spearman": 0.8735469981454803
    },
    "evaluation_time": 0.42,
    "manhattan": {
      "pearson": 0.8582357622738308,
      "spearman": 0.8669219836499197
    }
  }
}