{
  "dataset_revision": "4d8694f8f0e0100860b497b999b3dbed754a0513",
  "mteb_dataset_name": "STS16",
  "mteb_version": "1.2.0",
  "test": {
    "cos_sim": {
      "pearson": 0.8418221419690375,
      "spearman": 0.8547024867682329
    },
    "euclidean": {
      "pearson": 0.865931141518253,
      "spearman": 0.8726806114229683
    },
    "evaluation_time": 0.34,
    "manhattan": {
      "pearson": 0.85859750049137,
      "spearman": 0.8664753641584627
    }
  }
}