{
  "dataset_revision": "eea2b4fe26a775864c896887d910b76a8098ad3f",
  "mteb_dataset_name": "STS22",
  "mteb_version": "1.2.0",
  "test": {
    "en": {
      "cos_sim": {
        "pearson": 0.684741038239368,
        "spearman": 0.685126765893559
      },
      "euclidean": {
        "pearson": 0.7014676950395595,
        "spearman": 0.685126765893559
      },
      "manhattan": {
        "pearson": 0.70121775518558,
        "spearman": 0.6843511528367183
      }
    },
    "evaluation_time": 0.11
  }
}