{
  "dataset_revision": "d7c0de2777da35d6aae2200a62c6e0e5af397c4c",
  "mteb_dataset_name": "ToxicConversationsClassification",
  "mteb_version": "1.2.0",
  "test": {
    "accuracy": 0.7356940000000001,
    "accuracy_stderr": 0.04429224677073854,
    "ap": 0.16396563154347515,
    "ap_stderr": 0.013513525478696529,
    "evaluation_time": 22.7,
    "f1": 0.5718140513355336,
    "f1_stderr": 0.0292335764095583,
    "main_score": 0.7356940000000001
  }
}