{
  "dataset_revision": "70970daeab8776df92f5ea462b6173c0b46fd2d1",
  "mteb_dataset_name": "TwitterSemEval2015",
  "mteb_version": "1.1.2",
  "test": {
    "cos_sim": {
      "accuracy": 0.8769744292781785,
      "accuracy_threshold": 0.7318540195954268,
      "ap": 0.7881164505291043,
      "f1": 0.7195168957985353,
      "f1_threshold": 0.693545815477177,
      "precision": 0.7012271475081392,
      "recall": 0.7387862796833773
    },
    "dot": {
      "accuracy": 0.8607021517553793,
      "accuracy_threshold": 0.32674057693631664,
      "ap": 0.7340334868031358,
      "f1": 0.680758545718082,
      "f1_threshold": 0.29672098551736803,
      "precision": 0.6277567386945868,
      "recall": 0.7435356200527704
    },
    "euclidean": {
      "accuracy": 0.8756035047982357,
      "accuracy_threshold": 0.4957964886173252,
      "ap": 0.7902043342776273,
      "f1": 0.7190812720848057,
      "f1_threshold": 0.5245940320717981,
      "precision": 0.689163038219642,
      "recall": 0.7517150395778364
    },
    "evaluation_time": 1.32,
    "manhattan": {
      "accuracy": 0.8669011146212076,
      "accuracy_threshold": 10.061015738049361,
      "ap": 0.7645025197640796,
      "f1": 0.6940592799898232,
      "f1_threshold": 10.693316989279063,
      "precision": 0.6701056251535249,
      "recall": 0.7197889182058047
    },
    "max": {
      "accuracy": 0.8769744292781785,
      "ap": 0.7902043342776273,
      "f1": 0.7195168957985353
    }
  }
}