{
  "dataset_revision": "f46a197baaae43b4f621051089b82a364682dfeb",
  "mteb_dataset_name": "CQADupstackAndroidRetrieval",
  "mteb_version": "1.2.0",
  "test": {
    "evaluation_time": 30.92,
    "map_at_1": 0.34186,
    "map_at_10": 0.46076,
    "map_at_100": 0.47645,
    "map_at_1000": 0.47767,
    "map_at_3": 0.4227,
    "map_at_5": 0.44434,
    "mrr_at_1": 0.41917,
    "mrr_at_10": 0.52453,
    "mrr_at_100": 0.531,
    "mrr_at_1000": 0.53135,
    "mrr_at_3": 0.4969,
    "mrr_at_5": 0.51478,
    "ndcg_at_1": 0.41917,
    "ndcg_at_10": 0.52816,
    "ndcg_at_100": 0.58112,
    "ndcg_at_1000": 0.59796,
    "ndcg_at_3": 0.47456,
    "ndcg_at_5": 0.50062,
    "precision_at_1": 0.41917,
    "precision_at_10": 0.10143,
    "precision_at_100": 0.01609,
    "precision_at_1000": 0.00207,
    "precision_at_3": 0.22747,
    "precision_at_5": 0.16567,
    "recall_at_1": 0.34186,
    "recall_at_10": 0.65346,
    "recall_at_100": 0.8738,
    "recall_at_1000": 0.97565,
    "recall_at_3": 0.49587,
    "recall_at_5": 0.57019
  }
}