{
  "dataset_revision": "6184bc1440d2dbc7612be22b50686b8826d22b32",
  "mteb_dataset_name": "CQADupstackProgrammersRetrieval",
  "mteb_version": "1.2.0",
  "test": {
    "evaluation_time": 39.58,
    "map_at_1": 0.27427,
    "map_at_10": 0.38246,
    "map_at_100": 0.39643,
    "map_at_1000": 0.39748,
    "map_at_3": 0.34605,
    "map_at_5": 0.36543,
    "mrr_at_1": 0.3379,
    "mrr_at_10": 0.43592,
    "mrr_at_100": 0.44452,
    "mrr_at_1000": 0.44498,
    "mrr_at_3": 0.4083,
    "mrr_at_5": 0.42354,
    "ndcg_at_1": 0.3379,
    "ndcg_at_10": 0.44618,
    "ndcg_at_100": 0.50265,
    "ndcg_at_1000": 0.5231,
    "ndcg_at_3": 0.3871,
    "ndcg_at_5": 0.4132,
    "precision_at_1": 0.3379,
    "precision_at_10": 0.0839,
    "precision_at_100": 0.01287,
    "precision_at_1000": 0.00165,
    "precision_at_3": 0.18531,
    "precision_at_5": 0.13539,
    "recall_at_1": 0.27427,
    "recall_at_10": 0.58231,
    "recall_at_100": 0.81953,
    "recall_at_1000": 0.95427,
    "recall_at_3": 0.41725,
    "recall_at_5": 0.48392
  }
}