{
  "dataset_revision": null,
  "mteb_dataset_name": "SCIDOCS",
  "mteb_version": "1.2.0",
  "test": {
    "evaluation_time": 28.55,
    "map_at_1": 0.05403,
    "map_at_10": 0.14628,
    "map_at_100": 0.1745,
    "map_at_1000": 0.1785,
    "map_at_3": 0.10058,
    "map_at_5": 0.12358,
    "mrr_at_1": 0.267,
    "mrr_at_10": 0.39276,
    "mrr_at_100": 0.40394,
    "mrr_at_1000": 0.40426,
    "mrr_at_3": 0.35667,
    "mrr_at_5": 0.37777,
    "ndcg_at_1": 0.267,
    "ndcg_at_10": 0.24068,
    "ndcg_at_100": 0.34236,
    "ndcg_at_1000": 0.40182,
    "ndcg_at_3": 0.22397,
    "ndcg_at_5": 0.19883,
    "precision_at_1": 0.267,
    "precision_at_10": 0.1269,
    "precision_at_100": 0.02739,
    "precision_at_1000": 0.00415,
    "precision_at_3": 0.21233,
    "precision_at_5": 0.178,
    "recall_at_1": 0.05403,
    "recall_at_10": 0.25728,
    "recall_at_100": 0.55602,
    "recall_at_1000": 0.8424,
    "recall_at_3": 0.12898,
    "recall_at_5": 0.18057
  }
}