{
  "dataset_revision": "4d8694f8f0e0100860b497b999b3dbed754a0513",
  "mteb_dataset_name": "STS16",
  "mteb_version": "1.2.0",
  "test": {
    "cos_sim": {
      "pearson": 0.8558285035421505,
      "spearman": 0.8690273322080226
    },
    "euclidean": {
      "pearson": 0.8620201538037278,
      "spearman": 0.8690273322080226
    },
    "evaluation_time": 0.47,
    "manhattan": {
      "pearson": 0.8624998307042733,
      "spearman": 0.869353590820313
    }
  }
}