{
  "dataset_revision": "ae752c7c21bf194d8b67fd573edf7ae58183cbe3",
  "mteb_dataset_name": "STS15",
  "mteb_version": "1.2.0",
  "test": {
    "cos_sim": {
      "pearson": 0.8909294530792387,
      "spearman": 0.9009204637788242
    },
    "euclidean": {
      "pearson": 0.8941824909343273,
      "spearman": 0.9009204637788242
    },
    "evaluation_time": 0.91,
    "manhattan": {
      "pearson": 0.8938363377818342,
      "spearman": 0.9007006873407589
    }
  }
}