{
  "dataset_revision": "b0fddb56ed78048fa8b90373c8a3cfc37b684831",
  "mteb_dataset_name": "STSBenchmark",
  "mteb_version": "1.1.2",
  "test": {
    "cos_sim": {
      "pearson": 0.8791501092818782,
      "spearman": 0.8882860455917491
    },
    "euclidean": {
      "pearson": 0.8882024537560429,
      "spearman": 0.8882860455917491
    },
    "evaluation_time": 1.25,
    "manhattan": {
      "pearson": 0.8873742542080675,
      "spearman": 0.8871698784467564
    }
  }
}