{
  "dataset_revision": "e8379541af4e31359cca9fbcf4b00f2671dba205",
  "mteb_dataset_name": "AmazonCounterfactualClassification",
  "mteb_version": "1.1.2",
  "test": {
    "en": {
      "accuracy": 0.7598507462686567,
      "accuracy_stderr": 0.03612094482955585,
      "ap": 0.3906871972114808,
      "ap_stderr": 0.039881947367334844,
      "f1": 0.6996272472916764,
      "f1_stderr": 0.035030692930788865,
      "main_score": 0.7598507462686567
    },
    "evaluation_time": 1.25
  }
}