{
  "dataset_revision": "6031580fec1f6af667f0bd2da0a551cf4f0b2375",
  "mteb_dataset_name": "STS14",
  "mteb_version": "1.1.2",
  "test": {
    "cos_sim": {
      "pearson": 0.8625665171070167,
      "spearman": 0.8302107536807206
    },
    "euclidean": {
      "pearson": 0.8697763167717596,
      "spearman": 0.8488421039326304
    },
    "evaluation_time": 0.55,
    "manhattan": {
      "pearson": 0.8598540258999543,
      "spearman": 0.8427587344580527
    }
  }
}