{
  "dataset_revision": "7e90230a92c190f1bf69ae9002b8cea547a64cca",
  "mteb_dataset_name": "STS13",
  "mteb_version": "1.1.2",
  "test": {
    "cos_sim": {
      "pearson": 0.8722230772808852,
      "spearman": 0.8775546149350323
    },
    "euclidean": {
      "pearson": 0.883922688481817,
      "spearman": 0.8916188090094161
    },
    "evaluation_time": 0.19,
    "manhattan": {
      "pearson": 0.8724146881506247,
      "spearman": 0.8789006761899183
    }
  }
}