{
  "dataset_revision": "c22ab2a51041ffd869aaddef7af8d8215647e41a",
  "mteb_dataset_name": "ArguAna",
  "mteb_version": "1.2.0",
  "test": {
    "evaluation_time": 8.15,
    "map_at_1": 0.39829,
    "map_at_10": 0.56567,
    "map_at_100": 0.57087,
    "map_at_1000": 0.57089,
    "map_at_3": 0.52383,
    "map_at_5": 0.55075,
    "mrr_at_1": 0.40398,
    "mrr_at_10": 0.56752,
    "mrr_at_100": 0.57272,
    "mrr_at_1000": 0.57274,
    "mrr_at_3": 0.52596,
    "mrr_at_5": 0.55235,
    "ndcg_at_1": 0.39829,
    "ndcg_at_10": 0.64893,
    "ndcg_at_100": 0.66901,
    "ndcg_at_1000": 0.6694,
    "ndcg_at_3": 0.56466,
    "ndcg_at_5": 0.61293,
    "precision_at_1": 0.39829,
    "precision_at_10": 0.09104,
    "precision_at_100": 0.00994,
    "precision_at_1000": 0.001,
    "precision_at_3": 0.2276,
    "precision_at_5": 0.15989,
    "recall_at_1": 0.39829,
    "recall_at_10": 0.91038,
    "recall_at_100": 0.9936,
    "recall_at_1000": 0.99644,
    "recall_at_3": 0.68279,
    "recall_at_5": 0.79943
  }
}