{
  "dataset_revision": "a6ea5a8cab320b040a23452cc28066d9beae2cee",
  "mteb_dataset_name": "SICK-R",
  "mteb_version": "1.2.0",
  "test": {
    "cos_sim": {
      "pearson": 0.8739315109501721,
      "spearman": 0.8290873492062844
    },
    "euclidean": {
      "pearson": 0.8465699939634054,
      "spearman": 0.8290873492062844
    },
    "evaluation_time": 6.03,
    "manhattan": {
      "pearson": 0.8468281700013506,
      "spearman": 0.8283130734954862
    }
  }
}