{
  "dataset_revision": "7e90230a92c190f1bf69ae9002b8cea547a64cca",
  "mteb_dataset_name": "STS13",
  "mteb_version": "1.2.0",
  "test": {
    "cos_sim": {
      "pearson": 0.8837991937652517,
      "spearman": 0.889790431678132
    },
    "euclidean": {
      "pearson": 0.881898387459652,
      "spearman": 0.889790431678132
    },
    "evaluation_time": 0.8,
    "manhattan": {
      "pearson": 0.8816297680988863,
      "spearman": 0.889387513712796
    }
  }
}