{
  "dataset_revision": "ae752c7c21bf194d8b67fd573edf7ae58183cbe3",
  "mteb_dataset_name": "STS15",
  "mteb_version": "1.1.2",
  "test": {
    "cos_sim": {
      "pearson": 0.8930764487097116,
      "spearman": 0.902064908213362
    },
    "euclidean": {
      "pearson": 0.8950437850787629,
      "spearman": 0.902064908213362
    },
    "evaluation_time": 3.56,
    "manhattan": {
      "pearson": 0.8949987687412247,
      "spearman": 0.9021081529755264
    }
  }
}