{
  "dataset_revision": null,
  "mteb_dataset_name": "ArguAna",
  "mteb_version": "1.1.2",
  "test": {
    "evaluation_time": 2.45,
    "map_at_1": 0.38336,
    "map_at_10": 0.55105,
    "map_at_100": 0.55703,
    "map_at_1000": 0.55707,
    "map_at_3": 0.50842,
    "map_at_5": 0.53623,
    "mrr_at_1": 0.38976,
    "mrr_at_10": 0.55359,
    "mrr_at_100": 0.55951,
    "mrr_at_1000": 0.55955,
    "mrr_at_3": 0.51221,
    "mrr_at_5": 0.53845,
    "ndcg_at_1": 0.38336,
    "ndcg_at_10": 0.635,
    "ndcg_at_100": 0.65774,
    "ndcg_at_1000": 0.65843,
    "ndcg_at_3": 0.54969,
    "ndcg_at_5": 0.59964,
    "precision_at_1": 0.38336,
    "precision_at_10": 0.08983,
    "precision_at_100": 0.00991,
    "precision_at_1000": 0.001,
    "precision_at_3": 0.22309,
    "precision_at_5": 0.15804,
    "recall_at_1": 0.38336,
    "recall_at_10": 0.89829,
    "recall_at_100": 0.99147,
    "recall_at_1000": 0.99644,
    "recall_at_3": 0.66927,
    "recall_at_5": 0.79018
  }
}