{
  "dataset_revision": "4f58c6b202a23cf9a4da393831edf4f9183cad37",
  "mteb_dataset_name": "EmotionClassification",
  "mteb_version": "1.1.2",
  "test": {
    "accuracy": 0.5587000000000001,
    "accuracy_stderr": 0.023420290348328304,
    "evaluation_time": 1.2,
    "f1": 0.4946754021438207,
    "f1_stderr": 0.01360319186158643,
    "main_score": 0.5587000000000001
  }
}