{
  "dataset_revision": null,
  "mteb_dataset_name": "SciFact",
  "mteb_version": "1.1.2",
  "test": {
    "evaluation_time": 0.99,
    "map_at_1": 0.61761,
    "map_at_10": 0.70851,
    "map_at_100": 0.71332,
    "map_at_1000": 0.71354,
    "map_at_3": 0.67737,
    "map_at_5": 0.69655,
    "mrr_at_1": 0.64667,
    "mrr_at_10": 0.71808,
    "mrr_at_100": 0.72187,
    "mrr_at_1000": 0.72209,
    "mrr_at_3": 0.69444,
    "mrr_at_5": 0.71011,
    "ndcg_at_1": 0.64667,
    "ndcg_at_10": 0.75243,
    "ndcg_at_100": 0.77259,
    "ndcg_at_1000": 0.777,
    "ndcg_at_3": 0.6996,
    "ndcg_at_5": 0.72888,
    "precision_at_1": 0.64667,
    "precision_at_10": 0.09967,
    "precision_at_100": 0.01097,
    "precision_at_1000": 0.00113,
    "precision_at_3": 0.27,
    "precision_at_5": 0.18133,
    "recall_at_1": 0.61761,
    "recall_at_10": 0.87822,
    "recall_at_100": 0.96833,
    "recall_at_1000": 1.0,
    "recall_at_3": 0.73617,
    "recall_at_5": 0.80994
  }
}