{
  "dataset_revision": "6031580fec1f6af667f0bd2da0a551cf4f0b2375",
  "mteb_dataset_name": "STS14",
  "mteb_version": "1.1.2",
  "test": {
    "cos_sim": {
      "pearson": 0.8650345280546253,
      "spearman": 0.8327330714804083
    },
    "euclidean": {
      "pearson": 0.8645841119433435,
      "spearman": 0.8493394014544123
    },
    "evaluation_time": 0.79,
    "manhattan": {
      "pearson": 0.8381584642127115,
      "spearman": 0.8308918021934336
    }
  }
}