{
  "dataset_revision": null,
  "mteb_dataset_name": "ArguAna",
  "mteb_version": "1.1.2",
  "test": {
    "evaluation_time": 2.04,
    "map_at_1": 0.36273,
    "map_at_10": 0.53268,
    "map_at_100": 0.53861,
    "map_at_1000": 0.53864,
    "map_at_3": 0.4885,
    "map_at_5": 0.51539,
    "mrr_at_1": 0.36842,
    "mrr_at_10": 0.5347,
    "mrr_at_100": 0.54063,
    "mrr_at_1000": 0.54067,
    "mrr_at_3": 0.49099,
    "mrr_at_5": 0.51716,
    "ndcg_at_1": 0.36273,
    "ndcg_at_10": 0.61985,
    "ndcg_at_100": 0.6431,
    "ndcg_at_1000": 0.64379,
    "ndcg_at_3": 0.53013,
    "ndcg_at_5": 0.57852,
    "precision_at_1": 0.36273,
    "precision_at_10": 0.08947,
    "precision_at_100": 0.00991,
    "precision_at_1000": 0.001,
    "precision_at_3": 0.21693,
    "precision_at_5": 0.15363,
    "recall_at_1": 0.36273,
    "recall_at_10": 0.89474,
    "recall_at_100": 0.99147,
    "recall_at_1000": 0.99644,
    "recall_at_3": 0.65078,
    "recall_at_5": 0.76814
  }
}