{
  "dataset_revision": "d3fb88f8f02e40887cd149695127462bbcf29b4a",
  "mteb_dataset_name": "BIOSSES",
  "mteb_version": "1.2.0",
  "test": {
    "cos_sim": {
      "pearson": 0.8731695357997135,
      "spearman": 0.8558929960784375
    },
    "euclidean": {
      "pearson": 0.8531430058226399,
      "spearman": 0.8558929960784375
    },
    "evaluation_time": 0.05,
    "manhattan": {
      "pearson": 0.8490161136062742,
      "spearman": 0.8556339540314104
    }
  }
}