{
  "dataset_revision": "65ac3a16b8e91f9cee4c9828cc7c335575432a2a",
  "mteb_dataset_name": "CQADupstackStatsRetrieval",
  "mteb_version": "1.2.0",
  "test": {
    "evaluation_time": 57.69,
    "map_at_1": 0.2712,
    "map_at_10": 0.33707,
    "map_at_100": 0.34573,
    "map_at_1000": 0.34677,
    "map_at_3": 0.31541,
    "map_at_5": 0.3254,
    "mrr_at_1": 0.30368,
    "mrr_at_10": 0.36764,
    "mrr_at_100": 0.37466,
    "mrr_at_1000": 0.37546,
    "mrr_at_3": 0.34816,
    "mrr_at_5": 0.3569,
    "ndcg_at_1": 0.30368,
    "ndcg_at_10": 0.37761,
    "ndcg_at_100": 0.4216,
    "ndcg_at_1000": 0.44767,
    "ndcg_at_3": 0.33714,
    "ndcg_at_5": 0.35233,
    "precision_at_1": 0.30368,
    "precision_at_10": 0.05736,
    "precision_at_100": 0.0087,
    "precision_at_1000": 0.00116,
    "precision_at_3": 0.14059,
    "precision_at_5": 0.09448,
    "recall_at_1": 0.2712,
    "recall_at_10": 0.47302,
    "recall_at_100": 0.67589,
    "recall_at_1000": 0.86919,
    "recall_at_3": 0.36238,
    "recall_at_5": 0.3995
  }
}