{
  "dataset_revision": "d80d48c1eb48d3562165c59d59d0034df9fff0bf",
  "mteb_dataset_name": "MTOPDomainClassification",
  "mteb_version": "1.2.0",
  "test": {
    "en": {
      "accuracy": 0.937642498860009,
      "accuracy_stderr": 0.005667256877285191,
      "f1": 0.9359958552121208,
      "f1_stderr": 0.004619950516857638,
      "main_score": 0.937642498860009
    },
    "evaluation_time": 14.99
  }
}