{
  "dataset_revision": "ec0fa4fe99da2ff19ca1214b7966684033a58814",
  "mteb_dataset_name": "NFCorpus",
  "mteb_version": "1.2.0",
  "test": {
    "evaluation_time": 3.85,
    "map_at_1": 0.06942,
    "map_at_10": 0.14892,
    "map_at_100": 0.19019,
    "map_at_1000": 0.20588,
    "map_at_3": 0.11004,
    "map_at_5": 0.12715,
    "mrr_at_1": 0.48916,
    "mrr_at_10": 0.57537,
    "mrr_at_100": 0.58173,
    "mrr_at_1000": 0.58204,
    "mrr_at_3": 0.5547,
    "mrr_at_5": 0.56894,
    "ndcg_at_1": 0.47059,
    "ndcg_at_10": 0.37719,
    "ndcg_at_100": 0.3544,
    "ndcg_at_1000": 0.44186,
    "ndcg_at_3": 0.42843,
    "ndcg_at_5": 0.40606,
    "precision_at_1": 0.48607,
    "precision_at_10": 0.27678,
    "precision_at_100": 0.08926,
    "precision_at_1000": 0.02197,
    "precision_at_3": 0.39628,
    "precision_at_5": 0.34737,
    "recall_at_1": 0.06942,
    "recall_at_10": 0.18968,
    "recall_at_100": 0.36268,
    "recall_at_1000": 0.67548,
    "recall_at_3": 0.12088,
    "recall_at_5": 0.14841
  }
}