{
  "dataset_revision": "70970daeab8776df92f5ea462b6173c0b46fd2d1",
  "mteb_dataset_name": "TwitterSemEval2015",
  "mteb_version": "1.1.2",
  "test": {
    "cos_sim": {
      "accuracy": 0.8758419264469214,
      "accuracy_threshold": 0.8065028786659241,
      "ap": 0.7903960747089699,
      "f1": 0.7209332469215812,
      "f1_threshold": 0.7913670539855957,
      "precision": 0.7085350318471337,
      "recall": 0.7337730870712401
    },
    "dot": {
      "accuracy": 0.8758419264469214,
      "accuracy_threshold": 0.8065028190612793,
      "ap": 0.790395307733876,
      "f1": 0.7209332469215812,
      "f1_threshold": 0.7913670539855957,
      "precision": 0.7085350318471337,
      "recall": 0.7337730870712401
    },
    "euclidean": {
      "accuracy": 0.8758419264469214,
      "accuracy_threshold": 0.622088611125946,
      "ap": 0.790396039049925,
      "f1": 0.7209332469215812,
      "f1_threshold": 0.6459612250328064,
      "precision": 0.7085350318471337,
      "recall": 0.7337730870712401
    },
    "evaluation_time": 6.7,
    "manhattan": {
      "accuracy": 0.8763783751564642,
      "accuracy_threshold": 31.443363189697266,
      "ap": 0.7897961018466068,
      "f1": 0.7183383991894631,
      "f1_threshold": 33.2752571105957,
      "precision": 0.6906965416463712,
      "recall": 0.7482849604221636
    },
    "max": {
      "accuracy": 0.8763783751564642,
      "ap": 0.7903960747089699,
      "f1": 0.7209332469215812
    }
  }
}