{
  "dataset_revision": "70970daeab8776df92f5ea462b6173c0b46fd2d1",
  "mteb_dataset_name": "TwitterSemEval2015",
  "mteb_version": "1.2.0",
  "test": {
    "cos_sim": {
      "accuracy": 0.8753054777373785,
      "accuracy_threshold": 0.8072094321250916,
      "ap": 0.7883473256360625,
      "f1": 0.7201735357917571,
      "f1_threshold": 0.7896180152893066,
      "precision": 0.6973066468989375,
      "recall": 0.7445910290237467
    },
    "dot": {
      "accuracy": 0.8753054777373785,
      "accuracy_threshold": 0.8072094321250916,
      "ap": 0.7883474057021148,
      "f1": 0.7201735357917571,
      "f1_threshold": 0.7896180152893066,
      "precision": 0.6973066468989375,
      "recall": 0.7445910290237467
    },
    "euclidean": {
      "accuracy": 0.8753054777373785,
      "accuracy_threshold": 0.620951771736145,
      "ap": 0.7883473256360625,
      "f1": 0.7201735357917571,
      "f1_threshold": 0.6486631631851196,
      "precision": 0.6973066468989375,
      "recall": 0.7445910290237467
    },
    "evaluation_time": 6.27,
    "manhattan": {
      "accuracy": 0.8760803480956071,
      "accuracy_threshold": 30.309019088745117,
      "ap": 0.7889006259657667,
      "f1": 0.7184690470074493,
      "f1_threshold": 31.61617660522461,
      "precision": 0.69994994994995,
      "recall": 0.7379947229551451
    },
    "max": {
      "accuracy": 0.8760803480956071,
      "ap": 0.7889006259657667,
      "f1": 0.7201735357917571
    }
  }
}