{
  "dataset_revision": "ae752c7c21bf194d8b67fd573edf7ae58183cbe3",
  "mteb_dataset_name": "STS15",
  "mteb_version": "1.1.2",
  "test": {
    "cos_sim": {
      "pearson": 0.8780885178048353,
      "spearman": 0.8876915802779468
    },
    "euclidean": {
      "pearson": 0.8887905624543747,
      "spearman": 0.8950280684924062
    },
    "evaluation_time": 0.37,
    "manhattan": {
      "pearson": 0.87251375217687,
      "spearman": 0.8828070554646588
    }
  }
}