{
  "dataset_revision": "eea2b4fe26a775864c896887d910b76a8098ad3f",
  "mteb_dataset_name": "STS22",
  "mteb_version": "1.1.2",
  "test": {
    "en": {
      "cos_sim": {
        "pearson": 0.6887484282322065,
        "spearman": 0.6921211191049849
      },
      "euclidean": {
        "pearson": 0.7045877148434546,
        "spearman": 0.6914236370591166
      },
      "manhattan": {
        "pearson": 0.6994459794815384,
        "spearman": 0.6774796931946346
      }
    },
    "evaluation_time": 0.06
  }
}