{
  "dataset_revision": "4885aa143210c98657558c04aaf3dc47cfb54340",
  "mteb_dataset_name": "CQADupstackGamingRetrieval",
  "mteb_version": "1.2.0",
  "test": {
    "evaluation_time": 67.76,
    "map_at_1": 0.42834,
    "map_at_10": 0.5614,
    "map_at_100": 0.57124,
    "map_at_1000": 0.5717,
    "map_at_3": 0.52702,
    "map_at_5": 0.54583,
    "mrr_at_1": 0.49091,
    "mrr_at_10": 0.59518,
    "mrr_at_100": 0.60095,
    "mrr_at_1000": 0.60118,
    "mrr_at_3": 0.57168,
    "mrr_at_5": 0.58494,
    "ndcg_at_1": 0.49091,
    "ndcg_at_10": 0.62239,
    "ndcg_at_100": 0.65853,
    "ndcg_at_1000": 0.66735,
    "ndcg_at_3": 0.5671,
    "ndcg_at_5": 0.59278,
    "precision_at_1": 0.49091,
    "precision_at_10": 0.10013,
    "precision_at_100": 0.01273,
    "precision_at_1000": 0.00138,
    "precision_at_3": 0.25392,
    "precision_at_5": 0.17204,
    "recall_at_1": 0.42834,
    "recall_at_10": 0.76769,
    "recall_at_100": 0.92087,
    "recall_at_1000": 0.98259,
    "recall_at_3": 0.61896,
    "recall_at_5": 0.68432
  }
}