{
  "dataset_revision": "4f58c6b202a23cf9a4da393831edf4f9183cad37",
  "mteb_dataset_name": "EmotionClassification",
  "mteb_version": "1.1.2",
  "test": {
    "accuracy": 0.5564,
    "accuracy_stderr": 0.02546350329393031,
    "evaluation_time": 14.33,
    "f1": 0.4929244337048762,
    "f1_stderr": 0.01579445814034431,
    "main_score": 0.5564
  }
}