{
  "dataset_revision": "a6ea5a8cab320b040a23452cc28066d9beae2cee",
  "mteb_dataset_name": "SICK-R",
  "mteb_version": "1.2.0",
  "test": {
    "cos_sim": {
      "pearson": 0.872872717522907,
      "spearman": 0.8281895919777978
    },
    "euclidean": {
      "pearson": 0.8460618684835041,
      "spearman": 0.8281895919777978
    },
    "evaluation_time": 7.96,
    "manhattan": {
      "pearson": 0.8447734514304865,
      "spearman": 0.827626687502727
    }
  }
}