{
  "dataset_revision": "a6ea5a8cab320b040a23452cc28066d9beae2cee",
  "mteb_dataset_name": "SICK-R",
  "mteb_version": "1.2.0",
  "test": {
    "cos_sim": {
      "pearson": 0.8714490068604152,
      "spearman": 0.8279760463285532
    },
    "euclidean": {
      "pearson": 0.8437806615538205,
      "spearman": 0.8279760463285532
    },
    "evaluation_time": 5.24,
    "manhattan": {
      "pearson": 0.8438681806185108,
      "spearman": 0.8274216701910826
    }
  }
}