{
  "dataset_revision": "d66bd1f72af766a5cc4b0ca5e00c162f89e8cc46",
  "mteb_dataset_name": "SprintDuplicateQuestions",
  "mteb_version": "1.2.0",
  "test": {
    "cos_sim": {
      "accuracy": 0.9988712871287129,
      "accuracy_threshold": 0.789759154009351,
      "ap": 0.9708975740159453,
      "f1": 0.942713567839196,
      "f1_threshold": 0.789759154009351,
      "precision": 0.9474747474747475,
      "recall": 0.938
    },
    "dot": {
      "accuracy": 0.9988712871287129,
      "accuracy_threshold": 0.7897591540093515,
      "ap": 0.9708975740159453,
      "f1": 0.942713567839196,
      "f1_threshold": 0.7897591540093515,
      "precision": 0.9474747474747475,
      "recall": 0.938
    },
    "euclidean": {
      "accuracy": 0.9988712871287129,
      "accuracy_threshold": 0.648445547983397,
      "ap": 0.9708975740159453,
      "f1": 0.942713567839196,
      "f1_threshold": 0.648445547983397,
      "precision": 0.9474747474747475,
      "recall": 0.938
    },
    "evaluation_time": 58.46,
    "manhattan": {
      "accuracy": 0.9988514851485149,
      "accuracy_threshold": 32.857704304255876,
      "ap": 0.9703742372523,
      "f1": 0.9417670682730923,
      "f1_threshold": 32.857704304255876,
      "precision": 0.9455645161290323,
      "recall": 0.938
    },
    "max": {
      "accuracy": 0.9988712871287129,
      "ap": 0.9708975740159453,
      "f1": 0.942713567839196
    }
  }
}