{
  "dataset_revision": "a0d554a64d88156834ff5ae9920b964011b16384",
  "mteb_dataset_name": "STS12",
  "mteb_version": "1.2.0",
  "test": {
    "cos_sim": {
      "pearson": 0.8748586678248831,
      "spearman": 0.7876365678150512
    },
    "euclidean": {
      "pearson": 0.8453416770268125,
      "spearman": 0.7876365678150512
    },
    "evaluation_time": 2.37,
    "manhattan": {
      "pearson": 0.8447204510753245,
      "spearman": 0.7887941145384072
    }
  }
}