{
  "dataset_revision": "4d8694f8f0e0100860b497b999b3dbed754a0513",
  "mteb_dataset_name": "STS16",
  "mteb_version": "1.2.0",
  "test": {
    "cos_sim": {
      "pearson": 0.8609464468664607,
      "spearman": 0.8736705221917349
    },
    "euclidean": {
      "pearson": 0.866044879890849,
      "spearman": 0.8736705221917349
    },
    "evaluation_time": 0.49,
    "manhattan": {
      "pearson": 0.8645547922274065,
      "spearman": 0.8722077197674957
    }
  }
}