{
  "dataset_revision": "af5e6fb845001ecf41f4c1e033ce921939a2a68d",
  "mteb_dataset_name": "STS17",
  "mteb_version": "1.2.0",
  "test": {
    "en-en": {
      "cos_sim": {
        "pearson": 0.8973559913452327,
        "spearman": 0.8968955591725208
      },
      "euclidean": {
        "pearson": 0.9065382820105461,
        "spearman": 0.9011346843377641
      },
      "manhattan": {
        "pearson": 0.8924548283936147,
        "spearman": 0.8878791536705309
      }
    },
    "evaluation_time": 0.01
  }
}