{
  "dataset_revision": "b0fddb56ed78048fa8b90373c8a3cfc37b684831",
  "mteb_dataset_name": "STSBenchmark",
  "mteb_version": "1.2.0",
  "test": {
    "cos_sim": {
      "pearson": 0.87685923784184,
      "spearman": 0.878912939578485
    },
    "euclidean": {
      "pearson": 0.889456117108296,
      "spearman": 0.8915630125642074
    },
    "evaluation_time": 0.45,
    "manhattan": {
      "pearson": 0.8624848504948066,
      "spearman": 0.8679458827329757
    }
  }
}