{
  "dataset_revision": "ae752c7c21bf194d8b67fd573edf7ae58183cbe3",
  "mteb_dataset_name": "STS15",
  "mteb_version": "1.1.2",
  "test": {
    "cos_sim": {
      "pearson": 0.8884489159409976,
      "spearman": 0.8982207282048413
    },
    "euclidean": {
      "pearson": 0.8914650254796819,
      "spearman": 0.8982207282048413
    },
    "evaluation_time": 5.73,
    "manhattan": {
      "pearson": 0.8926462612374876,
      "spearman": 0.8996773632060342
    }
  }
}