{
  "dataset_revision": "b0fddb56ed78048fa8b90373c8a3cfc37b684831",
  "mteb_dataset_name": "STSBenchmark",
  "mteb_version": "1.1.2",
  "test": {
    "cos_sim": {
      "pearson": 0.8791215480346404,
      "spearman": 0.8908696588074706
    },
    "euclidean": {
      "pearson": 0.8877012732515196,
      "spearman": 0.8908696588074706
    },
    "evaluation_time": 1.77,
    "manhattan": {
      "pearson": 0.8884054051720275,
      "spearman": 0.8908587801997305
    }
  }
}