{
  "dataset_revision": "0228b52cf27578f30900b9e5271d331663a030d7",
  "mteb_dataset_name": "SciFact",
  "mteb_version": "1.2.0",
  "test": {
    "evaluation_time": 0.52,
    "map_at_1": 0.60694,
    "map_at_10": 0.70766,
    "map_at_100": 0.71128,
    "map_at_1000": 0.7115,
    "map_at_3": 0.67591,
    "map_at_5": 0.69711,
    "mrr_at_1": 0.63667,
    "mrr_at_10": 0.71756,
    "mrr_at_100": 0.72009,
    "mrr_at_1000": 0.7203,
    "mrr_at_3": 0.69333,
    "mrr_at_5": 0.71133,
    "ndcg_at_1": 0.63667,
    "ndcg_at_10": 0.75562,
    "ndcg_at_100": 0.77154,
    "ndcg_at_1000": 0.77631,
    "ndcg_at_3": 0.70267,
    "ndcg_at_5": 0.73597,
    "precision_at_1": 0.63667,
    "precision_at_10": 0.101,
    "precision_at_100": 0.01093,
    "precision_at_1000": 0.00113,
    "precision_at_3": 0.27444,
    "precision_at_5": 0.186,
    "recall_at_1": 0.60694,
    "recall_at_10": 0.89156,
    "recall_at_100": 0.965,
    "recall_at_1000": 1.0,
    "recall_at_3": 0.75367,
    "recall_at_5": 0.83594
  }
}