{
  "dataset_revision": "70970daeab8776df92f5ea462b6173c0b46fd2d1",
  "mteb_dataset_name": "TwitterSemEval2015",
  "mteb_version": "1.2.0",
  "test": {
    "cos_sim": {
      "accuracy": 0.8719079692436074,
      "accuracy_threshold": 0.7600208159806205,
      "ap": 0.7722780019020975,
      "f1": 0.7039447469783503,
      "f1_threshold": 0.7288667770248898,
      "precision": 0.7087456539181599,
      "recall": 0.6992084432717678
    },
    "dot": {
      "accuracy": 0.8637420277761221,
      "accuracy_threshold": 0.39787633504839387,
      "ap": 0.7456084239175794,
      "f1": 0.6866752910737386,
      "f1_threshold": 0.37188952367163863,
      "precision": 0.6736040609137056,
      "recall": 0.700263852242744
    },
    "euclidean": {
      "accuracy": 0.8719675746557788,
      "accuracy_threshold": 0.5014225271585911,
      "ap": 0.7736796638808967,
      "f1": 0.706542532840199,
      "f1_threshold": 0.5402042307942921,
      "precision": 0.6837817822759812,
      "recall": 0.7308707124010554
    },
    "evaluation_time": 1.44,
    "manhattan": {
      "accuracy": 0.8620730762353221,
      "accuracy_threshold": 10.787764485838345,
      "ap": 0.7444048290124632,
      "f1": 0.6796916533758639,
      "f1_threshold": 11.294341531608797,
      "precision": 0.6847884306373861,
      "recall": 0.6746701846965699
    },
    "max": {
      "accuracy": 0.8719675746557788,
      "ap": 0.7736796638808967,
      "f1": 0.706542532840199
    }
  }
}