{
  "dataset_revision": "3d86128a09e091d6018b6d26cad27f2739fc2db7",
  "mteb_dataset_name": "ImdbClassification",
  "mteb_version": "1.2.0",
  "test": {
    "accuracy": 0.9349400000000001,
    "accuracy_stderr": 0.004326190009696747,
    "ap": 0.9037983668518705,
    "ap_stderr": 0.008852828356195871,
    "evaluation_time": 3.19,
    "f1": 0.9348949593103774,
    "f1_stderr": 0.004354908252048932,
    "main_score": 0.9349400000000001
  }
}