{
  "dataset_revision": "7e90230a92c190f1bf69ae9002b8cea547a64cca",
  "mteb_dataset_name": "STS13",
  "mteb_version": "1.1.2",
  "test": {
    "cos_sim": {
      "pearson": 0.8704799213467589,
      "spearman": 0.874255903597742
    },
    "euclidean": {
      "pearson": 0.8818408345837278,
      "spearman": 0.8897030277376774
    },
    "evaluation_time": 0.39,
    "manhattan": {
      "pearson": 0.8594289318828842,
      "spearman": 0.8656468432349477
    }
  }
}