{
  "dataset_revision": "6031580fec1f6af667f0bd2da0a551cf4f0b2375",
  "mteb_dataset_name": "STS14",
  "mteb_version": "1.1.2",
  "test": {
    "cos_sim": {
      "pearson": 0.8653433027041275,
      "spearman": 0.8338197233237084
    },
    "euclidean": {
      "pearson": 0.8649005085312753,
      "spearman": 0.8507793369859462
    },
    "evaluation_time": 0.82,
    "manhattan": {
      "pearson": 0.8428189593550832,
      "spearman": 0.8355612758468732
    }
  }
}