{
  "dataset_revision": "0fd18e25b25c072e09e0d92ab615fda904d66300",
  "mteb_dataset_name": "Banking77Classification",
  "mteb_version": "1.1.2",
  "test": {
    "accuracy": 0.8570779220779221,
    "accuracy_stderr": 0.00449367539657038,
    "evaluation_time": 11.12,
    "f1": 0.8520912374706834,
    "f1_stderr": 0.005377658068712469,
    "main_score": 0.8570779220779221
  }
}