{
  "dataset_revision": "b0fddb56ed78048fa8b90373c8a3cfc37b684831",
  "mteb_dataset_name": "STSBenchmark",
  "mteb_version": "1.1.2",
  "test": {
    "cos_sim": {
      "pearson": 0.8705450519686018,
      "spearman": 0.8763727629093977
    },
    "euclidean": {
      "pearson": 0.8884305748696072,
      "spearman": 0.8897865421051969
    },
    "evaluation_time": 0.08,
    "manhattan": {
      "pearson": 0.8733717117670188,
      "spearman": 0.8761907861821976
    }
  }
}