{
  "dataset_revision": "70970daeab8776df92f5ea462b6173c0b46fd2d1",
  "mteb_dataset_name": "TwitterSemEval2015",
  "mteb_version": "1.1.2",
  "test": {
    "cos_sim": {
      "accuracy": 0.8730404720748643,
      "accuracy_threshold": 0.749144198476301,
      "ap": 0.7791175489422156,
      "f1": 0.7135442412259022,
      "f1_threshold": 0.7130643278019195,
      "precision": 0.6710832171083218,
      "recall": 0.7617414248021108
    },
    "dot": {
      "accuracy": 0.8581391190320081,
      "accuracy_threshold": 0.5313319685557272,
      "ap": 0.7300512020389351,
      "f1": 0.6728252501924558,
      "f1_threshold": 0.5083730371074746,
      "precision": 0.6548451548451548,
      "recall": 0.691820580474934
    },
    "euclidean": {
      "accuracy": 0.8750670560886928,
      "accuracy_threshold": 0.5859389566920936,
      "ap": 0.7843647576248666,
      "f1": 0.7182264768862577,
      "f1_threshold": 0.6292548162957008,
      "precision": 0.6871535309713184,
      "recall": 0.7522427440633246
    },
    "evaluation_time": 0.63,
    "manhattan": {
      "accuracy": 0.8688680932228646,
      "accuracy_threshold": 9.258102794416311,
      "ap": 0.7679537080159908,
      "f1": 0.7024440708651236,
      "f1_threshold": 10.026835160351979,
      "precision": 0.6888156226223687,
      "recall": 0.716622691292876
    },
    "max": {
      "accuracy": 0.8750670560886928,
      "ap": 0.7843647576248666,
      "f1": 0.7182264768862577
    }
  }
}