{
  "dataset_revision": null,
  "mteb_dataset_name": "ArguAna",
  "mteb_version": "1.1.2",
  "test": {
    "evaluation_time": 1.97,
    "map_at_1": 0.35775,
    "map_at_10": 0.531,
    "map_at_100": 0.53722,
    "map_at_1000": 0.53726,
    "map_at_3": 0.48755,
    "map_at_5": 0.51508,
    "mrr_at_1": 0.367,
    "mrr_at_10": 0.53432,
    "mrr_at_100": 0.54054,
    "mrr_at_1000": 0.54058,
    "mrr_at_3": 0.49099,
    "mrr_at_5": 0.51827,
    "ndcg_at_1": 0.35775,
    "ndcg_at_10": 0.61818,
    "ndcg_at_100": 0.64205,
    "ndcg_at_1000": 0.64292,
    "ndcg_at_3": 0.53069,
    "ndcg_at_5": 0.58024,
    "precision_at_1": 0.35775,
    "precision_at_10": 0.08919,
    "precision_at_100": 0.0099,
    "precision_at_1000": 0.001,
    "precision_at_3": 0.21859,
    "precision_at_5": 0.15519,
    "recall_at_1": 0.35775,
    "recall_at_10": 0.89189,
    "recall_at_100": 0.99004,
    "recall_at_1000": 0.99644,
    "recall_at_3": 0.65576,
    "recall_at_5": 0.77596
  }
}