{
  "dataset_revision": "af5e6fb845001ecf41f4c1e033ce921939a2a68d",
  "mteb_dataset_name": "STS17",
  "mteb_version": "1.1.2",
  "test": {
    "en-en": {
      "cos_sim": {
        "pearson": 0.8821615060197878,
        "spearman": 0.8908021050448973
      },
      "euclidean": {
        "pearson": 0.8910199619209461,
        "spearman": 0.8814935581640911
      },
      "manhattan": {
        "pearson": 0.8994125740391415,
        "spearman": 0.8904015638386781
      }
    },
    "evaluation_time": 0.05
  }
}