{
  "dataset_revision": "6031580fec1f6af667f0bd2da0a551cf4f0b2375",
  "mteb_dataset_name": "STS14",
  "mteb_version": "1.1.2",
  "test": {
    "cos_sim": {
      "pearson": 0.862671256728685,
      "spearman": 0.8303141723868038
    },
    "euclidean": {
      "pearson": 0.864421084738219,
      "spearman": 0.8463319853352088
    },
    "evaluation_time": 0.69,
    "manhattan": {
      "pearson": 0.8422284416296689,
      "spearman": 0.8318852448862815
    }
  }
}