{
  "dataset_revision": "a0d554a64d88156834ff5ae9920b964011b16384",
  "mteb_dataset_name": "STS12",
  "mteb_version": "1.2.0",
  "test": {
    "cos_sim": {
      "pearson": 0.8432129443030222,
      "spearman": 0.7467239664114775
    },
    "euclidean": {
      "pearson": 0.8488271469307851,
      "spearman": 0.769201970902242
    },
    "evaluation_time": 0.17,
    "manhattan": {
      "pearson": 0.83584380347629,
      "spearman": 0.7663356876127652
    }
  }
}