{
  "dataset_revision": "a6ea5a8cab320b040a23452cc28066d9beae2cee",
  "mteb_dataset_name": "SICK-R",
  "mteb_version": "1.1.2",
  "test": {
    "cos_sim": {
      "pearson": 0.8742373099145287,
      "spearman": 0.8300077375805831
    },
    "euclidean": {
      "pearson": 0.8460392207177583,
      "spearman": 0.829312641789312
    },
    "evaluation_time": 1.49,
    "manhattan": {
      "pearson": 0.8057228235817248,
      "spearman": 0.8039298855472647
    }
  }
}