{
  "dataset_revision": "a6ea5a8cab320b040a23452cc28066d9beae2cee",
  "mteb_dataset_name": "SICK-R",
  "mteb_version": "1.1.2",
  "test": {
    "cos_sim": {
      "pearson": 0.8720796935991629,
      "spearman": 0.8288511128304361
    },
    "euclidean": {
      "pearson": 0.8429465917393897,
      "spearman": 0.8278442013345217
    },
    "evaluation_time": 2.23,
    "manhattan": {
      "pearson": 0.8001716429850572,
      "spearman": 0.7985266614019952
    }
  }
}