{
  "dataset_revision": "b0fddb56ed78048fa8b90373c8a3cfc37b684831",
  "mteb_dataset_name": "STSBenchmark",
  "mteb_version": "1.1.2",
  "test": {
    "cos_sim": {
      "pearson": 0.8777033013918436,
      "spearman": 0.881440913606294
    },
    "euclidean": {
      "pearson": 0.8866511993613586,
      "spearman": 0.8912775252773216
    },
    "evaluation_time": 0.08,
    "manhattan": {
      "pearson": 0.8646326510219412,
      "spearman": 0.8708629622709828
    }
  }
}