{
  "dataset_revision": "70970daeab8776df92f5ea462b6173c0b46fd2d1",
  "mteb_dataset_name": "TwitterSemEval2015",
  "mteb_version": "1.1.2",
  "test": {
    "cos_sim": {
      "accuracy": 0.8763783751564642,
      "accuracy_threshold": 0.7318726277292378,
      "ap": 0.788273019937501,
      "f1": 0.72088772845953,
      "f1_threshold": 0.7034529266271479,
      "precision": 0.7134366925064599,
      "recall": 0.7284960422163589
    },
    "dot": {
      "accuracy": 0.8549800321869225,
      "accuracy_threshold": 0.48287435047005833,
      "ap": 0.7228580043512104,
      "f1": 0.6697476892330751,
      "f1_threshold": 0.4505748944688768,
      "precision": 0.6359108159392789,
      "recall": 0.7073878627968337
    },
    "euclidean": {
      "accuracy": 0.8767956130416642,
      "accuracy_threshold": 0.5927394064490646,
      "ap": 0.7921081254670956,
      "f1": 0.7216041397153945,
      "f1_threshold": 0.6275298216229722,
      "precision": 0.7078680203045685,
      "recall": 0.7358839050131926
    },
    "evaluation_time": 0.62,
    "manhattan": {
      "accuracy": 0.8707158610001788,
      "accuracy_threshold": 9.636075456910117,
      "ap": 0.7755410516833949,
      "f1": 0.7052941930521728,
      "f1_threshold": 10.197583492983975,
      "precision": 0.6858638743455497,
      "recall": 0.7258575197889182
    },
    "max": {
      "accuracy": 0.8767956130416642,
      "ap": 0.7921081254670956,
      "f1": 0.7216041397153945
    }
  }
}