{
  "dataset_revision": "eea2b4fe26a775864c896887d910b76a8098ad3f",
  "mteb_dataset_name": "STS22",
  "mteb_version": "1.1.2",
  "test": {
    "en": {
      "cos_sim": {
        "pearson": 0.6803068201018554,
        "spearman": 0.6909564787226773
      },
      "euclidean": {
        "pearson": 0.7034216219546248,
        "spearman": 0.6940735805145976
      },
      "manhattan": {
        "pearson": 0.7101702764370837,
        "spearman": 0.6972972985819069
      }
    },
    "evaluation_time": 0.06
  }
}