{
  "dataset_revision": "70970daeab8776df92f5ea462b6173c0b46fd2d1",
  "mteb_dataset_name": "TwitterSemEval2015",
  "mteb_version": "1.1.2",
  "test": {
    "cos_sim": {
      "accuracy": 0.8786433808189784,
      "accuracy_threshold": 0.7464496902335291,
      "ap": 0.790863106577969,
      "f1": 0.721867257791107,
      "f1_threshold": 0.7166754789981393,
      "precision": 0.7135859757669503,
      "recall": 0.7303430079155673
    },
    "dot": {
      "accuracy": 0.8599868868093223,
      "accuracy_threshold": 0.39973385639705444,
      "ap": 0.7368189818025748,
      "f1": 0.6786158824993777,
      "f1_threshold": 0.3716013076614687,
      "precision": 0.6423185673892554,
      "recall": 0.7192612137203166
    },
    "euclidean": {
      "accuracy": 0.8795970674137211,
      "accuracy_threshold": 0.5238431150450831,
      "ap": 0.7942661225092732,
      "f1": 0.7249839434810534,
      "f1_threshold": 0.5517337465184964,
      "precision": 0.7063829787234043,
      "recall": 0.7445910290237467
    },
    "evaluation_time": 1.74,
    "manhattan": {
      "accuracy": 0.8760803480956071,
      "accuracy_threshold": 8.789581903253097,
      "ap": 0.7866573830623811,
      "f1": 0.7182423435419442,
      "f1_threshold": 9.019356122146611,
      "precision": 0.725,
      "recall": 0.7116094986807388
    },
    "max": {
      "accuracy": 0.8795970674137211,
      "ap": 0.7942661225092732,
      "f1": 0.7249839434810534
    }
  }
}