{
  "dataset_revision": "5003b3064772da1887988e05400cf3806fe491f2",
  "mteb_dataset_name": "CQADupstackGisRetrieval",
  "mteb_version": "1.2.0",
  "test": {
    "evaluation_time": 44.16,
    "map_at_1": 0.26451,
    "map_at_10": 0.35934,
    "map_at_100": 0.37016,
    "map_at_1000": 0.37086,
    "map_at_3": 0.3328,
    "map_at_5": 0.34842,
    "mrr_at_1": 0.28701,
    "mrr_at_10": 0.38066,
    "mrr_at_100": 0.39027,
    "mrr_at_1000": 0.39078,
    "mrr_at_3": 0.3565,
    "mrr_at_5": 0.37085,
    "ndcg_at_1": 0.28701,
    "ndcg_at_10": 0.41133,
    "ndcg_at_100": 0.46424,
    "ndcg_at_1000": 0.48243,
    "ndcg_at_3": 0.3607,
    "ndcg_at_5": 0.38664,
    "precision_at_1": 0.28701,
    "precision_at_10": 0.06316,
    "precision_at_100": 0.00942,
    "precision_at_1000": 0.00114,
    "precision_at_3": 0.15443,
    "precision_at_5": 0.10757,
    "recall_at_1": 0.26451,
    "recall_at_10": 0.55068,
    "recall_at_100": 0.7916,
    "recall_at_1000": 0.92799,
    "recall_at_3": 0.41398,
    "recall_at_5": 0.47654
  }
}