{
  "dataset_revision": "3d86128a09e091d6018b6d26cad27f2739fc2db7",
  "mteb_dataset_name": "ImdbClassification",
  "mteb_version": "1.2.0",
  "test": {
    "accuracy": 0.9359040000000001,
    "accuracy_stderr": 0.003791873415608709,
    "ap": 0.9053276227556978,
    "ap_stderr": 0.009040930646538995,
    "evaluation_time": 19.35,
    "f1": 0.9358638714067959,
    "f1_stderr": 0.003823523590870667,
    "main_score": 0.9359040000000001
  }
}