{
  "dataset_revision": "af5e6fb845001ecf41f4c1e033ce921939a2a68d",
  "mteb_dataset_name": "STS17",
  "mteb_version": "1.2.0",
  "test": {
    "en-en": {
      "cos_sim": {
        "pearson": 0.8942712772155406,
        "spearman": 0.8947879128829827
      },
      "euclidean": {
        "pearson": 0.9009061331301972,
        "spearman": 0.8947879128829827
      },
      "manhattan": {
        "pearson": 0.9010665251244532,
        "spearman": 0.8959218827086506
      }
    },
    "evaluation_time": 0.03
  }
}