{
  "dataset_revision": "6031580fec1f6af667f0bd2da0a551cf4f0b2375",
  "mteb_dataset_name": "STS14",
  "mteb_version": "1.2.0",
  "test": {
    "cos_sim": {
      "pearson": 0.8616687061953227,
      "spearman": 0.8475283848822059
    },
    "euclidean": {
      "pearson": 0.8559879911439073,
      "spearman": 0.8475283928728462
    },
    "evaluation_time": 0.49,
    "manhattan": {
      "pearson": 0.8556590252585615,
      "spearman": 0.8467342714006844
    }
  }
}