{
  "dataset_revision": "eea2b4fe26a775864c896887d910b76a8098ad3f",
  "mteb_dataset_name": "STS22",
  "mteb_version": "1.2.0",
  "test": {
    "en": {
      "cos_sim": {
        "pearson": 0.686317493527217,
        "spearman": 0.6919119558776942
      },
      "euclidean": {
        "pearson": 0.7034587617470368,
        "spearman": 0.6919119558776942
      },
      "manhattan": {
        "pearson": 0.7046278113873794,
        "spearman": 0.6934338828622608
      }
    },
    "evaluation_time": 0.04
  }
}