{
  "dataset_revision": "0fd18e25b25c072e09e0d92ab615fda904d66300",
  "mteb_dataset_name": "Banking77Classification",
  "mteb_version": "1.1.2",
  "test": {
    "accuracy": 0.8459415584415584,
    "accuracy_stderr": 0.004844630212489557,
    "evaluation_time": 11.44,
    "f1": 0.8390053158553121,
    "f1_stderr": 0.005961785392104141,
    "main_score": 0.8459415584415584
  }
}