{
  "dataset_revision": "af5e6fb845001ecf41f4c1e033ce921939a2a68d",
  "mteb_dataset_name": "STS17",
  "mteb_version": "1.1.2",
  "test": {
    "en-en": {
      "cos_sim": {
        "pearson": 0.9009627821184145,
        "spearman": 0.9022855676116792
      },
      "euclidean": {
        "pearson": 0.8983267836337573,
        "spearman": 0.8933218244371867
      },
      "manhattan": {
        "pearson": 0.8842544721848082,
        "spearman": 0.8745194515379573
      }
    },
    "evaluation_time": 0.05
  }
}