{
  "dataset_revision": "eea2b4fe26a775864c896887d910b76a8098ad3f",
  "mteb_dataset_name": "STS22",
  "mteb_version": "1.1.2",
  "test": {
    "en": {
      "cos_sim": {
        "pearson": 0.6789245951164135,
        "spearman": 0.687159799908237
      },
      "euclidean": {
        "pearson": 0.699308918026612,
        "spearman": 0.6870491143093593
      },
      "manhattan": {
        "pearson": 0.7041327396385755,
        "spearman": 0.6873591967591561
      }
    },
    "evaluation_time": 0.07
  }
}