{
  "dataset_revision": "4d8694f8f0e0100860b497b999b3dbed754a0513",
  "mteb_dataset_name": "STS16",
  "mteb_version": "1.1.2",
  "test": {
    "cos_sim": {
      "pearson": 0.8211397289082374,
      "spearman": 0.8453703849900258
    },
    "euclidean": {
      "pearson": 0.8550010752923572,
      "spearman": 0.8576708983519421
    },
    "evaluation_time": 0.15,
    "manhattan": {
      "pearson": 0.856290307060525,
      "spearman": 0.8587768758272537
    }
  }
}