{
  "dataset_revision": "6031580fec1f6af667f0bd2da0a551cf4f0b2375",
  "mteb_dataset_name": "STS14",
  "mteb_version": "1.1.2",
  "test": {
    "cos_sim": {
      "pearson": 0.8494866477240821,
      "spearman": 0.8156489531618077
    },
    "euclidean": {
      "pearson": 0.8614107654853241,
      "spearman": 0.834379214429988
    },
    "evaluation_time": 0.42,
    "manhattan": {
      "pearson": 0.8603598000410967,
      "spearman": 0.8332035679960785
    }
  }
}