{
  "dataset_revision": "ae752c7c21bf194d8b67fd573edf7ae58183cbe3",
  "mteb_dataset_name": "STS15",
  "mteb_version": "1.1.2",
  "test": {
    "cos_sim": {
      "pearson": 0.8799745261800183,
      "spearman": 0.8909585322056607
    },
    "euclidean": {
      "pearson": 0.8968825380986695,
      "spearman": 0.9032161783098218
    },
    "evaluation_time": 0.51,
    "manhattan": {
      "pearson": 0.8769356815579229,
      "spearman": 0.8860765828914242
    }
  }
}