{
  "dataset_revision": "6031580fec1f6af667f0bd2da0a551cf4f0b2375",
  "mteb_dataset_name": "STS14",
  "mteb_version": "1.1.2",
  "test": {
    "cos_sim": {
      "pearson": 0.8622867217776057,
      "spearman": 0.8297702300389865
    },
    "euclidean": {
      "pearson": 0.8625541232723664,
      "spearman": 0.8466332794684556
    },
    "evaluation_time": 0.62,
    "manhattan": {
      "pearson": 0.8383439630458034,
      "spearman": 0.8300925890842425
    }
  }
}