{
  "dataset_revision": "b0fddb56ed78048fa8b90373c8a3cfc37b684831",
  "mteb_dataset_name": "STSBenchmark",
  "mteb_version": "1.1.2",
  "test": {
    "cos_sim": {
      "pearson": 0.8782814737187188,
      "spearman": 0.8835226608430864
    },
    "euclidean": {
      "pearson": 0.8922692976496545,
      "spearman": 0.8951661659652062
    },
    "evaluation_time": 0.24,
    "manhattan": {
      "pearson": 0.867903035555171,
      "spearman": 0.8732042727677517
    }
  }
}