{
  "dataset_revision": "70970daeab8776df92f5ea462b6173c0b46fd2d1",
  "mteb_dataset_name": "TwitterSemEval2015",
  "mteb_version": "1.1.2",
  "test": {
    "cos_sim": {
      "accuracy": 0.8760803480956071,
      "accuracy_threshold": 0.7398718897698142,
      "ap": 0.785553398131002,
      "f1": 0.7176616915422885,
      "f1_threshold": 0.6984437337284559,
      "precision": 0.6788235294117647,
      "recall": 0.7612137203166227
    },
    "dot": {
      "accuracy": 0.8618942599988079,
      "accuracy_threshold": 0.4746359321789193,
      "ap": 0.7448198973916444,
      "f1": 0.6847669389716482,
      "f1_threshold": 0.43016906976837166,
      "precision": 0.6285840317600353,
      "recall": 0.7519788918205804
    },
    "euclidean": {
      "accuracy": 0.8782857483459499,
      "accuracy_threshold": 0.5692819288299611,
      "ap": 0.7911977445342998,
      "f1": 0.7217005738132499,
      "f1_threshold": 0.6011593427403557,
      "precision": 0.7135121196493037,
      "recall": 0.7300791556728232
    },
    "evaluation_time": 1.82,
    "manhattan": {
      "accuracy": 0.8687488823985218,
      "accuracy_threshold": 12.175736383226369,
      "ap": 0.7680614225922121,
      "f1": 0.7044798594553896,
      "f1_threshold": 12.920097511583254,
      "precision": 0.6716917922948074,
      "recall": 0.7406332453825858
    },
    "max": {
      "accuracy": 0.8782857483459499,
      "ap": 0.7911977445342998,
      "f1": 0.7217005738132499
    }
  }
}