{
  "dataset_revision": "b0fddb56ed78048fa8b90373c8a3cfc37b684831",
  "mteb_dataset_name": "STSBenchmark",
  "mteb_version": "1.1.2",
  "test": {
    "cos_sim": {
      "pearson": 0.8651896575136336,
      "spearman": 0.8736868417596093
    },
    "euclidean": {
      "pearson": 0.8824331144276728,
      "spearman": 0.884730676515336
    },
    "evaluation_time": 0.11,
    "manhattan": {
      "pearson": 0.8823442467830027,
      "spearman": 0.8821183171112529
    }
  }
}