{
  "dataset_revision": "a0d554a64d88156834ff5ae9920b964011b16384",
  "mteb_dataset_name": "STS12",
  "mteb_version": "1.1.2",
  "test": {
    "cos_sim": {
      "pearson": 0.8446649721884996,
      "spearman": 0.7573145978971485
    },
    "euclidean": {
      "pearson": 0.8130868607803562,
      "spearman": 0.7573145978971485
    },
    "evaluation_time": 0.53,
    "manhattan": {
      "pearson": 0.8164914828412887,
      "spearman": 0.762011172604153
    }
  }
}