{
  "dataset_revision": "4d8694f8f0e0100860b497b999b3dbed754a0513",
  "mteb_dataset_name": "STS16",
  "mteb_version": "1.1.2",
  "test": {
    "cos_sim": {
      "pearson": 0.8547685604552794,
      "spearman": 0.8661513128311645
    },
    "euclidean": {
      "pearson": 0.859497281799593,
      "spearman": 0.8661513128311645
    },
    "evaluation_time": 0.25,
    "manhattan": {
      "pearson": 0.8581581290997395,
      "spearman": 0.8656828831749407
    }
  }
}