{
  "dataset_revision": "7e90230a92c190f1bf69ae9002b8cea547a64cca",
  "mteb_dataset_name": "STS13",
  "mteb_version": "1.1.2",
  "test": {
    "cos_sim": {
      "pearson": 0.8653735866564118,
      "spearman": 0.868218554440539
    },
    "euclidean": {
      "pearson": 0.8606562861292357,
      "spearman": 0.868218554440539
    },
    "evaluation_time": 0.24,
    "manhattan": {
      "pearson": 0.8651308030438345,
      "spearman": 0.8730860293119579
    }
  }
}