{
  "dataset_revision": "1399c76144fd37290681b995c656ef9b2e06e26d",
  "mteb_dataset_name": "AmazonReviewsClassification",
  "mteb_version": "1.2.0",
  "test": {
    "en": {
      "accuracy": 0.51108,
      "accuracy_stderr": 0.01079859250087712,
      "f1": 0.5002519956608648,
      "f1_stderr": 0.01636785220342779,
      "main_score": 0.51108
    },
    "evaluation_time": 3.36
  }
}