{
  "dataset_revision": "d66bd1f72af766a5cc4b0ca5e00c162f89e8cc46",
  "mteb_dataset_name": "SprintDuplicateQuestions",
  "mteb_version": "1.2.0",
  "test": {
    "cos_sim": {
      "accuracy": 0.9986138613861386,
      "accuracy_threshold": 0.8164015665127855,
      "ap": 0.9673928075116122,
      "f1": 0.9306243805748264,
      "f1_threshold": 0.8102851701187741,
      "precision": 0.9223968565815324,
      "recall": 0.939
    },
    "dot": {
      "accuracy": 0.9986138613861386,
      "accuracy_threshold": 0.8164015665127854,
      "ap": 0.9673928075116122,
      "f1": 0.9306243805748264,
      "f1_threshold": 0.8102851701187741,
      "precision": 0.9223968565815324,
      "recall": 0.939
    },
    "euclidean": {
      "accuracy": 0.9986138613861386,
      "accuracy_threshold": 0.6059676763817967,
      "ap": 0.9673928075116122,
      "f1": 0.9306243805748264,
      "f1_threshold": 0.6159785973140692,
      "precision": 0.9223968565815324,
      "recall": 0.939
    },
    "evaluation_time": 13.52,
    "manhattan": {
      "accuracy": 0.9986336633663366,
      "accuracy_threshold": 31.037181347482864,
      "ap": 0.9673125805504817,
      "f1": 0.9313432835820896,
      "f1_threshold": 31.04705785556608,
      "precision": 0.9267326732673268,
      "recall": 0.936
    },
    "max": {
      "accuracy": 0.9986336633663366,
      "ap": 0.9673928075116122,
      "f1": 0.9313432835820896
    }
  }
}