{
  "dataset_revision": "7e90230a92c190f1bf69ae9002b8cea547a64cca",
  "mteb_dataset_name": "STS13",
  "mteb_version": "1.2.0",
  "test": {
    "cos_sim": {
      "pearson": 0.8826963050894684,
      "spearman": 0.8912792917321058
    },
    "euclidean": {
      "pearson": 0.8828857185955417,
      "spearman": 0.8912792917321058
    },
    "evaluation_time": 0.76,
    "manhattan": {
      "pearson": 0.8823581169957937,
      "spearman": 0.8904818904827676
    }
  }
}