{
  "dataset_revision": "eea2b4fe26a775864c896887d910b76a8098ad3f",
  "mteb_dataset_name": "STS22",
  "mteb_version": "1.2.0",
  "test": {
    "en": {
      "cos_sim": {
        "pearson": 0.6864364052663936,
        "spearman": 0.6886752159752226
      },
      "euclidean": {
        "pearson": 0.7033047428067588,
        "spearman": 0.6886752159752226
      },
      "manhattan": {
        "pearson": 0.7043990379812253,
        "spearman": 0.6917402304264942
      }
    },
    "evaluation_time": 0.27
  }
}