{
  "dataset_revision": "d3fb88f8f02e40887cd149695127462bbcf29b4a",
  "mteb_dataset_name": "BIOSSES",
  "mteb_version": "1.2.0",
  "test": {
    "cos_sim": {
      "pearson": 0.8764994024796774,
      "spearman": 0.8679776087839335
    },
    "euclidean": {
      "pearson": 0.855469561357418,
      "spearman": 0.8679776087839335
    },
    "evaluation_time": 0.03,
    "manhattan": {
      "pearson": 0.8625415690440897,
      "spearman": 0.8721403542373222
    }
  }
}