{
  "dataset_revision": "65ac3a16b8e91f9cee4c9828cc7c335575432a2a",
  "mteb_dataset_name": "CQADupstackStatsRetrieval",
  "mteb_version": "1.2.0",
  "test": {
    "evaluation_time": 18.22,
    "map_at_1": 0.26836,
    "map_at_10": 0.33803,
    "map_at_100": 0.34721,
    "map_at_1000": 0.3482,
    "map_at_3": 0.31757,
    "map_at_5": 0.32849,
    "mrr_at_1": 0.30368,
    "mrr_at_10": 0.37036,
    "mrr_at_100": 0.37759,
    "mrr_at_1000": 0.37833,
    "mrr_at_3": 0.35174,
    "mrr_at_5": 0.36117,
    "ndcg_at_1": 0.30368,
    "ndcg_at_10": 0.37977,
    "ndcg_at_100": 0.42596,
    "ndcg_at_1000": 0.4504,
    "ndcg_at_3": 0.34191,
    "ndcg_at_5": 0.35837,
    "precision_at_1": 0.30368,
    "precision_at_10": 0.05767,
    "precision_at_100": 0.00891,
    "precision_at_1000": 0.00117,
    "precision_at_3": 0.14417,
    "precision_at_5": 0.09847,
    "recall_at_1": 0.26836,
    "recall_at_10": 0.47813,
    "recall_at_100": 0.69123,
    "recall_at_1000": 0.87146,
    "recall_at_3": 0.37312,
    "recall_at_5": 0.41252
  }
}