{
  "dataset_revision": "a6ea5a8cab320b040a23452cc28066d9beae2cee",
  "mteb_dataset_name": "SICK-R",
  "mteb_version": "1.2.0",
  "test": {
    "cos_sim": {
      "pearson": 0.8658992252002952,
      "spearman": 0.8249735550627915
    },
    "euclidean": {
      "pearson": 0.8383018828940646,
      "spearman": 0.8249735618035317
    },
    "evaluation_time": 0.85,
    "manhattan": {
      "pearson": 0.8410350302766445,
      "spearman": 0.8251438915609616
    }
  }
}