{
  "dataset_revision": "a6ea5a8cab320b040a23452cc28066d9beae2cee",
  "mteb_dataset_name": "SICK-R",
  "mteb_version": "1.2.0",
  "test": {
    "cos_sim": {
      "pearson": 0.8658992249631104,
      "spearman": 0.8249735356238576
    },
    "euclidean": {
      "pearson": 0.8383018825335851,
      "spearman": 0.8249735652743488
    },
    "evaluation_time": 0.95,
    "manhattan": {
      "pearson": 0.841035031589929,
      "spearman": 0.8251438431288605
    }
  }
}