{
  "dataset_revision": "a0d554a64d88156834ff5ae9920b964011b16384",
  "mteb_dataset_name": "STS12",
  "mteb_version": "1.1.2",
  "test": {
    "cos_sim": {
      "pearson": 0.8757238154760867,
      "spearman": 0.7944487192071137
    },
    "euclidean": {
      "pearson": 0.8440827449537437,
      "spearman": 0.7944486692929182
    },
    "evaluation_time": 1.01,
    "manhattan": {
      "pearson": 0.8459564241847222,
      "spearman": 0.7942087521586303
    }
  }
}