{
  "dataset_revision": "a0d554a64d88156834ff5ae9920b964011b16384",
  "mteb_dataset_name": "STS12",
  "mteb_version": "1.2.0",
  "test": {
    "cos_sim": {
      "pearson": 0.8757238149034948,
      "spearman": 0.7944487192071137
    },
    "euclidean": {
      "pearson": 0.8440827430074093,
      "spearman": 0.7944487366166971
    },
    "evaluation_time": 0.26,
    "manhattan": {
      "pearson": 0.8459564198965803,
      "spearman": 0.7942087520792671
    }
  }
}