{
  "dataset_revision": "af5e6fb845001ecf41f4c1e033ce921939a2a68d",
  "mteb_dataset_name": "STS17",
  "mteb_version": "1.2.0",
  "test": {
    "en-en": {
      "cos_sim": {
        "pearson": 0.8909090412907228,
        "spearman": 0.8901590096149505
      },
      "euclidean": {
        "pearson": 0.8972559814227739,
        "spearman": 0.8901590096149505
      },
      "manhattan": {
        "pearson": 0.8995178879461034,
        "spearman": 0.8932580146097086
      }
    },
    "evaluation_time": 0.02
  }
}