{
  "dataset_revision": "ae752c7c21bf194d8b67fd573edf7ae58183cbe3",
  "mteb_dataset_name": "STS15",
  "mteb_version": "1.1.2",
  "test": {
    "cos_sim": {
      "pearson": 0.9080134030311838,
      "spearman": 0.9129218449470006
    },
    "euclidean": {
      "pearson": 0.8964292124458678,
      "spearman": 0.9054100079311507
    },
    "evaluation_time": 1.04,
    "manhattan": {
      "pearson": 0.89620759688779,
      "spearman": 0.905218412166455
    }
  }
}