{
  "dataset_revision": "b0fddb56ed78048fa8b90373c8a3cfc37b684831",
  "mteb_dataset_name": "STSBenchmark",
  "mteb_version": "1.1.2",
  "test": {
    "cos_sim": {
      "pearson": 0.8844725944418422,
      "spearman": 0.890961415706109
    },
    "euclidean": {
      "pearson": 0.8813046907250006,
      "spearman": 0.8869608277534836
    },
    "evaluation_time": 0.52,
    "manhattan": {
      "pearson": 0.8807219185397025,
      "spearman": 0.8862671647501591
    }
  }
}