{
  "dataset_revision": "e8379541af4e31359cca9fbcf4b00f2671dba205",
  "mteb_dataset_name": "AmazonCounterfactualClassification",
  "mteb_version": "1.2.0",
  "test": {
    "en": {
      "accuracy": 0.7459701492537313,
      "accuracy_stderr": 0.03306433376124602,
      "ap": 0.3757555310508923,
      "ap_stderr": 0.03358877636888569,
      "f1": 0.6863215304592118,
      "f1_stderr": 0.031131172507692945,
      "main_score": 0.7459701492537313
    },
    "evaluation_time": 0.65
  }
}