{
  "dataset_revision": "eea2b4fe26a775864c896887d910b76a8098ad3f",
  "mteb_dataset_name": "STS22",
  "mteb_version": "1.2.0",
  "test": {
    "en": {
      "cos_sim": {
        "pearson": 0.6856824124861629,
        "spearman": 0.6824418262560802
      },
      "euclidean": {
        "pearson": 0.6952116947396818,
        "spearman": 0.6719307636861983
      },
      "manhattan": {
        "pearson": 0.6935464406352109,
        "spearman": 0.6710493482186659
      }
    },
    "evaluation_time": 0.03
  }
}