{
  "dataset_revision": "eea2b4fe26a775864c896887d910b76a8098ad3f",
  "mteb_dataset_name": "STS22",
  "mteb_version": "1.2.0",
  "test": {
    "en": {
      "cos_sim": {
        "pearson": 0.6859777961858352,
        "spearman": 0.6833045228355672
      },
      "euclidean": {
        "pearson": 0.6967209942276813,
        "spearman": 0.6771085708925156
      },
      "manhattan": {
        "pearson": 0.7013275585800413,
        "spearman": 0.6822733562636708
      }
    },
    "evaluation_time": 0.03
  }
}