{
  "dataset_revision": null,
  "mteb_dataset_name": "SciFact",
  "mteb_version": "1.1.2",
  "test": {
    "evaluation_time": 0.64,
    "map_at_1": 0.61428,
    "map_at_10": 0.70823,
    "map_at_100": 0.71286,
    "map_at_1000": 0.71308,
    "map_at_3": 0.67957,
    "map_at_5": 0.69398,
    "mrr_at_1": 0.64333,
    "mrr_at_10": 0.71729,
    "mrr_at_100": 0.72064,
    "mrr_at_1000": 0.72085,
    "mrr_at_3": 0.69444,
    "mrr_at_5": 0.70694,
    "ndcg_at_1": 0.64333,
    "ndcg_at_10": 0.75199,
    "ndcg_at_100": 0.77136,
    "ndcg_at_1000": 0.7761,
    "ndcg_at_3": 0.70216,
    "ndcg_at_5": 0.72332,
    "precision_at_1": 0.64333,
    "precision_at_10": 0.09933,
    "precision_at_100": 0.01093,
    "precision_at_1000": 0.00113,
    "precision_at_3": 0.27111,
    "precision_at_5": 0.178,
    "recall_at_1": 0.61428,
    "recall_at_10": 0.87756,
    "recall_at_100": 0.965,
    "recall_at_1000": 1.0,
    "recall_at_3": 0.74072,
    "recall_at_5": 0.79494
  }
}