{
  "dataset_revision": "ae752c7c21bf194d8b67fd573edf7ae58183cbe3",
  "mteb_dataset_name": "STS15",
  "mteb_version": "1.1.2",
  "test": {
    "cos_sim": {
      "pearson": 0.875313487918271,
      "spearman": 0.8838886449549455
    },
    "euclidean": {
      "pearson": 0.8799520768185093,
      "spearman": 0.8858658750837959
    },
    "evaluation_time": 0.34,
    "manhattan": {
      "pearson": 0.8621283715117467,
      "spearman": 0.8714299537799897
    }
  }
}