{
  "dataset_revision": "b0fddb56ed78048fa8b90373c8a3cfc37b684831",
  "mteb_dataset_name": "STSBenchmark",
  "mteb_version": "1.1.2",
  "test": {
    "cos_sim": {
      "pearson": 0.8736591098043168,
      "spearman": 0.8744563182819407
    },
    "euclidean": {
      "pearson": 0.8740213345894441,
      "spearman": 0.8799570683035561
    },
    "evaluation_time": 0.16,
    "manhattan": {
      "pearson": 0.833106240714888,
      "spearman": 0.8415904247635628
    }
  }
}