{
  "dataset_revision": "4f58c6b202a23cf9a4da393831edf4f9183cad37",
  "mteb_dataset_name": "EmotionClassification",
  "mteb_version": "1.1.2",
  "test": {
    "accuracy": 0.5490499999999999,
    "accuracy_stderr": 0.024254329510419375,
    "evaluation_time": 0.75,
    "f1": 0.4807780779972786,
    "f1_stderr": 0.013790248653849112,
    "main_score": 0.5490499999999999
  }
}