{
  "dataset_revision": "af5e6fb845001ecf41f4c1e033ce921939a2a68d",
  "mteb_dataset_name": "STS17",
  "mteb_version": "1.2.0",
  "test": {
    "en-en": {
      "cos_sim": {
        "pearson": 0.9043094726092968,
        "spearman": 0.9027687540763792
      },
      "euclidean": {
        "pearson": 0.9078641882821732,
        "spearman": 0.9027687540763792
      },
      "manhattan": {
        "pearson": 0.9083889705995593,
        "spearman": 0.9046515283835392
      }
    },
    "evaluation_time": 0.09
  }
}