{
  "dataset_revision": "eea2b4fe26a775864c896887d910b76a8098ad3f",
  "mteb_dataset_name": "STS22",
  "mteb_version": "1.1.2",
  "test": {
    "en": {
      "cos_sim": {
        "pearson": 0.6863599579185221,
        "spearman": 0.6894231576323437
      },
      "euclidean": {
        "pearson": 0.704003161644273,
        "spearman": 0.6894231576323437
      },
      "manhattan": {
        "pearson": 0.7035757266148268,
        "spearman": 0.6898227651988798
      }
    },
    "evaluation_time": 1.06
  }
}