{
  "dataset_revision": "b0fddb56ed78048fa8b90373c8a3cfc37b684831",
  "mteb_dataset_name": "STSBenchmark",
  "mteb_version": "1.2.0",
  "test": {
    "cos_sim": {
      "pearson": 0.8817909353501161,
      "spearman": 0.8944374275266921
    },
    "euclidean": {
      "pearson": 0.892256577116168,
      "spearman": 0.8944374275266921
    },
    "evaluation_time": 0.69,
    "manhattan": {
      "pearson": 0.8918655447343553,
      "spearman": 0.893530808160228
    }
  }
}