{
  "dataset_revision": null,
  "mteb_dataset_name": "SciFact",
  "mteb_version": "1.1.2",
  "test": {
    "evaluation_time": 0.99,
    "map_at_1": 0.61428,
    "map_at_10": 0.7089,
    "map_at_100": 0.71402,
    "map_at_1000": 0.71422,
    "map_at_3": 0.67857,
    "map_at_5": 0.69531,
    "mrr_at_1": 0.64333,
    "mrr_at_10": 0.71856,
    "mrr_at_100": 0.72291,
    "mrr_at_1000": 0.7231,
    "mrr_at_3": 0.69556,
    "mrr_at_5": 0.71022,
    "ndcg_at_1": 0.64333,
    "ndcg_at_10": 0.75187,
    "ndcg_at_100": 0.77322,
    "ndcg_at_1000": 0.77751,
    "ndcg_at_3": 0.70096,
    "ndcg_at_5": 0.72603,
    "precision_at_1": 0.64333,
    "precision_at_10": 0.09933,
    "precision_at_100": 0.01097,
    "precision_at_1000": 0.00113,
    "precision_at_3": 0.26889,
    "precision_at_5": 0.17867,
    "recall_at_1": 0.61428,
    "recall_at_10": 0.87322,
    "recall_at_100": 0.96833,
    "recall_at_1000": 1.0,
    "recall_at_3": 0.73839,
    "recall_at_5": 0.79994
  }
}