{
  "dataset_revision": "ae752c7c21bf194d8b67fd573edf7ae58183cbe3",
  "mteb_dataset_name": "STS15",
  "mteb_version": "1.1.2",
  "test": {
    "cos_sim": {
      "pearson": 0.8781615235463184,
      "spearman": 0.8883122888950774
    },
    "euclidean": {
      "pearson": 0.8900975305752992,
      "spearman": 0.8961703765016577
    },
    "evaluation_time": 0.65,
    "manhattan": {
      "pearson": 0.8715410205758795,
      "spearman": 0.8814999508822321
    }
  }
}