{
  "dataset_revision": "70970daeab8776df92f5ea462b6173c0b46fd2d1",
  "mteb_dataset_name": "TwitterSemEval2015",
  "mteb_version": "1.1.2",
  "test": {
    "cos_sim": {
      "accuracy": 0.8760803480956071,
      "accuracy_threshold": 0.7269953756980935,
      "ap": 0.7866988533152489,
      "f1": 0.7215320910973085,
      "f1_threshold": 0.6990361396169017,
      "precision": 0.7079735906551549,
      "recall": 0.7356200527704485
    },
    "dot": {
      "accuracy": 0.857423854085951,
      "accuracy_threshold": 0.4152353742689925,
      "ap": 0.7276419013524139,
      "f1": 0.6730793895087855,
      "f1_threshold": 0.39230379589095415,
      "precision": 0.6548540054903919,
      "recall": 0.6923482849604221
    },
    "euclidean": {
      "accuracy": 0.8763783751564642,
      "accuracy_threshold": 0.5453713297994924,
      "ap": 0.79043857093827,
      "f1": 0.7222222222222222,
      "f1_threshold": 0.5869261236332163,
      "precision": 0.6983735830458354,
      "recall": 0.7477572559366754
    },
    "evaluation_time": 2.33,
    "manhattan": {
      "accuracy": 0.8674375633307504,
      "accuracy_threshold": 11.30609459424144,
      "ap": 0.765298193930241,
      "f1": 0.6962904705728143,
      "f1_threshold": 11.88110317144749,
      "precision": 0.6918468351133108,
      "recall": 0.7007915567282322
    },
    "max": {
      "accuracy": 0.8763783751564642,
      "ap": 0.79043857093827,
      "f1": 0.7222222222222222
    }
  }
}