{
  "dataset_revision": "e8379541af4e31359cca9fbcf4b00f2671dba205",
  "mteb_dataset_name": "AmazonCounterfactualClassification",
  "mteb_version": "1.1.2",
  "test": {
    "en": {
      "accuracy": 0.702089552238806,
      "accuracy_stderr": 0.0412124120785708,
      "ap": 0.33327429784944373,
      "ap_stderr": 0.0345106544556663,
      "f1": 0.6443592876417628,
      "f1_stderr": 0.03789336205456805,
      "main_score": 0.702089552238806
    },
    "evaluation_time": 0.77
  }
}