{
  "dataset_revision": "0fd18e25b25c072e09e0d92ab615fda904d66300",
  "mteb_dataset_name": "Banking77Classification",
  "mteb_version": "1.1.2",
  "test": {
    "accuracy": 0.8466883116883117,
    "accuracy_stderr": 0.004090909090909085,
    "evaluation_time": 10.71,
    "f1": 0.8402469965903704,
    "f1_stderr": 0.005259077810383359,
    "main_score": 0.8466883116883117
  }
}