{
  "dataset_revision": "7e90230a92c190f1bf69ae9002b8cea547a64cca",
  "mteb_dataset_name": "STS13",
  "mteb_version": "1.1.2",
  "test": {
    "cos_sim": {
      "pearson": 0.8700666592262607,
      "spearman": 0.8807944311988827
    },
    "euclidean": {
      "pearson": 0.8919830710619387,
      "spearman": 0.8977393429869381
    },
    "evaluation_time": 0.04,
    "manhattan": {
      "pearson": 0.8877990979478962,
      "spearman": 0.8939512048165807
    }
  }
}