{
  "dataset_revision": "4d8694f8f0e0100860b497b999b3dbed754a0513",
  "mteb_dataset_name": "STS16",
  "mteb_version": "1.1.2",
  "test": {
    "cos_sim": {
      "pearson": 0.8229363249571707,
      "spearman": 0.8468079659908737
    },
    "euclidean": {
      "pearson": 0.8549676199092134,
      "spearman": 0.8582873292032028
    },
    "evaluation_time": 0.26,
    "manhattan": {
      "pearson": 0.8566807511437011,
      "spearman": 0.860222735058924
    }
  }
}