{
  "dataset_revision": "6031580fec1f6af667f0bd2da0a551cf4f0b2375",
  "mteb_dataset_name": "STS14",
  "mteb_version": "1.1.2",
  "test": {
    "cos_sim": {
      "pearson": 0.8608772244633737,
      "spearman": 0.8304221255472941
    },
    "euclidean": {
      "pearson": 0.851898939375166,
      "spearman": 0.8440495898629383
    },
    "evaluation_time": 0.5,
    "manhattan": {
      "pearson": 0.8272823557824488,
      "spearman": 0.8244544878835155
    }
  }
}