{
  "dataset_revision": "c22ab2a51041ffd869aaddef7af8d8215647e41a",
  "mteb_dataset_name": "ArguAna",
  "mteb_version": "1.2.0",
  "test": {
    "evaluation_time": 3.13,
    "map_at_1": 0.4175,
    "map_at_10": 0.57853,
    "map_at_100": 0.58338,
    "map_at_1000": 0.58342,
    "map_at_3": 0.53936,
    "map_at_5": 0.56304,
    "mrr_at_1": 0.42319,
    "mrr_at_10": 0.58073,
    "mrr_at_100": 0.58551,
    "mrr_at_1000": 0.58555,
    "mrr_at_3": 0.54161,
    "mrr_at_5": 0.56529,
    "ndcg_at_1": 0.4175,
    "ndcg_at_10": 0.65939,
    "ndcg_at_100": 0.67819,
    "ndcg_at_1000": 0.67887,
    "ndcg_at_3": 0.58013,
    "ndcg_at_5": 0.6224,
    "precision_at_1": 0.4175,
    "precision_at_10": 0.09132,
    "precision_at_100": 0.00991,
    "precision_at_1000": 0.001,
    "precision_at_3": 0.23281,
    "precision_at_5": 0.16003,
    "recall_at_1": 0.4175,
    "recall_at_10": 0.91323,
    "recall_at_100": 0.99147,
    "recall_at_1000": 0.99644,
    "recall_at_3": 0.69844,
    "recall_at_5": 0.80014
  }
}