{
  "dataset_revision": "f46a197baaae43b4f621051089b82a364682dfeb",
  "mteb_dataset_name": "CQADupstackAndroidRetrieval",
  "mteb_version": "1.2.0",
  "test": {
    "evaluation_time": 5.99,
    "map_at_1": 0.33987,
    "map_at_10": 0.46043,
    "map_at_100": 0.47618,
    "map_at_1000": 0.47732,
    "map_at_3": 0.42378,
    "map_at_5": 0.44364,
    "mrr_at_1": 0.42346,
    "mrr_at_10": 0.52813,
    "mrr_at_100": 0.53466,
    "mrr_at_1000": 0.53495,
    "mrr_at_3": 0.50453,
    "mrr_at_5": 0.51805,
    "ndcg_at_1": 0.42346,
    "ndcg_at_10": 0.52955,
    "ndcg_at_100": 0.58315,
    "ndcg_at_1000": 0.59867,
    "ndcg_at_3": 0.47988,
    "ndcg_at_5": 0.50078,
    "precision_at_1": 0.42346,
    "precision_at_10": 0.10243,
    "precision_at_100": 0.01628,
    "precision_at_1000": 0.00207,
    "precision_at_3": 0.23128,
    "precision_at_5": 0.16595,
    "recall_at_1": 0.33987,
    "recall_at_10": 0.65511,
    "recall_at_100": 0.88313,
    "recall_at_1000": 0.97735,
    "recall_at_3": 0.5062,
    "recall_at_5": 0.56851
  }
}