{
  "dataset_revision": "3d86128a09e091d6018b6d26cad27f2739fc2db7",
  "mteb_dataset_name": "ImdbClassification",
  "mteb_version": "1.2.0",
  "test": {
    "accuracy": 0.9366159999999999,
    "accuracy_stderr": 0.003992000000000004,
    "ap": 0.907240006494165,
    "ap_stderr": 0.008600803307217453,
    "evaluation_time": 2.96,
    "f1": 0.9365775602126712,
    "f1_stderr": 0.00402168504032188,
    "main_score": 0.9366159999999999
  }
}