{
  "dataset_revision": null,
  "mteb_dataset_name": "SCIDOCS",
  "mteb_version": "1.2.0",
  "test": {
    "evaluation_time": 6.68,
    "map_at_1": 0.05098,
    "map_at_10": 0.13634,
    "map_at_100": 0.16439,
    "map_at_1000": 0.16843,
    "map_at_3": 0.09268,
    "map_at_5": 0.11525,
    "mrr_at_1": 0.252,
    "mrr_at_10": 0.37064,
    "mrr_at_100": 0.38249,
    "mrr_at_1000": 0.38285,
    "mrr_at_3": 0.332,
    "mrr_at_5": 0.35205,
    "ndcg_at_1": 0.252,
    "ndcg_at_10": 0.22673,
    "ndcg_at_100": 0.32802,
    "ndcg_at_1000": 0.38922,
    "ndcg_at_3": 0.20616,
    "ndcg_at_5": 0.18517,
    "precision_at_1": 0.252,
    "precision_at_10": 0.1205,
    "precision_at_100": 0.0266,
    "precision_at_1000": 0.00411,
    "precision_at_3": 0.19333,
    "precision_at_5": 0.1656,
    "recall_at_1": 0.05098,
    "recall_at_10": 0.24417,
    "recall_at_100": 0.53968,
    "recall_at_1000": 0.8347,
    "recall_at_3": 0.11753,
    "recall_at_5": 0.16787
  }
}