{
  "dataset_revision": "7e90230a92c190f1bf69ae9002b8cea547a64cca",
  "mteb_dataset_name": "STS13",
  "mteb_version": "1.1.2",
  "test": {
    "cos_sim": {
      "pearson": 0.8726681195095629,
      "spearman": 0.8827342797839209
    },
    "euclidean": {
      "pearson": 0.8747343989183598,
      "spearman": 0.8827342797839209
    },
    "evaluation_time": 1.24,
    "manhattan": {
      "pearson": 0.8771114614274177,
      "spearman": 0.8845202452597387
    }
  }
}