{
  "dataset_revision": "af5e6fb845001ecf41f4c1e033ce921939a2a68d",
  "mteb_dataset_name": "STS17",
  "mteb_version": "1.1.2",
  "test": {
    "en-en": {
      "cos_sim": {
        "pearson": 0.8962822831237165,
        "spearman": 0.896012215898153
      },
      "euclidean": {
        "pearson": 0.9004403432072683,
        "spearman": 0.896012215898153
      },
      "manhattan": {
        "pearson": 0.9041425867148511,
        "spearman": 0.899912303305349
      }
    },
    "evaluation_time": 0.19
  }
}