{
  "dataset_revision": "b0fddb56ed78048fa8b90373c8a3cfc37b684831",
  "mteb_dataset_name": "STSBenchmark",
  "mteb_version": "1.2.0",
  "test": {
    "cos_sim": {
      "pearson": 0.8769769739259555,
      "spearman": 0.8890146901109293
    },
    "euclidean": {
      "pearson": 0.8845842266365211,
      "spearman": 0.8890146901109293
    },
    "evaluation_time": 0.28,
    "manhattan": {
      "pearson": 0.8870372663252375,
      "spearman": 0.8902378313773895
    }
  }
}