{
  "dataset_revision": "eea2b4fe26a775864c896887d910b76a8098ad3f",
  "mteb_dataset_name": "STS22",
  "mteb_version": "1.1.2",
  "test": {
    "en": {
      "cos_sim": {
        "pearson": 0.6836648869396016,
        "spearman": 0.6934200471624011
      },
      "euclidean": {
        "pearson": 0.7028963461299245,
        "spearman": 0.6921479766400065
      },
      "manhattan": {
        "pearson": 0.7124520754144282,
        "spearman": 0.6967829360930052
      }
    },
    "evaluation_time": 0.03
  }
}