{
  "dataset_revision": "70970daeab8776df92f5ea462b6173c0b46fd2d1",
  "mteb_dataset_name": "TwitterSemEval2015",
  "mteb_version": "1.1.2",
  "test": {
    "cos_sim": {
      "accuracy": 0.8745902127913214,
      "accuracy_threshold": 0.7338557137730048,
      "ap": 0.7818205005644292,
      "f1": 0.7159232494393222,
      "f1_threshold": 0.6978493541869231,
      "precision": 0.6782341831916903,
      "recall": 0.7580474934036939
    },
    "dot": {
      "accuracy": 0.8538475293556655,
      "accuracy_threshold": 0.3550565718782639,
      "ap": 0.7221629694802119,
      "f1": 0.6671499335508034,
      "f1_threshold": 0.32314454201570497,
      "precision": 0.6153331847559617,
      "recall": 0.7284960422163589
    },
    "euclidean": {
      "accuracy": 0.8744113965548072,
      "accuracy_threshold": 0.4968325686821892,
      "ap": 0.785995045612728,
      "f1": 0.7195590874134837,
      "f1_threshold": 0.5260086571591149,
      "precision": 0.6996510468594217,
      "recall": 0.7406332453825858
    },
    "evaluation_time": 1.03,
    "manhattan": {
      "accuracy": 0.8667819037968647,
      "accuracy_threshold": 9.223241503557414,
      "ap": 0.7626580301339017,
      "f1": 0.695083616245442,
      "f1_threshold": 9.827645370213807,
      "precision": 0.6639442709584434,
      "recall": 0.729287598944591
    },
    "max": {
      "accuracy": 0.8745902127913214,
      "ap": 0.785995045612728,
      "f1": 0.7195590874134837
    }
  }
}