{
  "dataset_revision": null,
  "mteb_dataset_name": "ArguAna",
  "mteb_version": "1.1.2",
  "test": {
    "evaluation_time": 1.74,
    "map_at_1": 0.36913,
    "map_at_10": 0.54018,
    "map_at_100": 0.5461,
    "map_at_1000": 0.54613,
    "map_at_3": 0.49633,
    "map_at_5": 0.52545,
    "mrr_at_1": 0.37909,
    "mrr_at_10": 0.5437,
    "mrr_at_100": 0.54962,
    "mrr_at_1000": 0.54965,
    "mrr_at_3": 0.50059,
    "mrr_at_5": 0.52872,
    "ndcg_at_1": 0.36913,
    "ndcg_at_10": 0.62621,
    "ndcg_at_100": 0.6492,
    "ndcg_at_1000": 0.64989,
    "ndcg_at_3": 0.53833,
    "ndcg_at_5": 0.59094,
    "precision_at_1": 0.36913,
    "precision_at_10": 0.08962,
    "precision_at_100": 0.00991,
    "precision_at_1000": 0.001,
    "precision_at_3": 0.22001,
    "precision_at_5": 0.15761,
    "recall_at_1": 0.36913,
    "recall_at_10": 0.89616,
    "recall_at_100": 0.99147,
    "recall_at_1000": 0.99644,
    "recall_at_3": 0.66003,
    "recall_at_5": 0.78805
  }
}