{
  "dataset_revision": "af5e6fb845001ecf41f4c1e033ce921939a2a68d",
  "mteb_dataset_name": "STS17",
  "mteb_version": "1.1.2",
  "test": {
    "en-en": {
      "cos_sim": {
        "pearson": 0.8819647030269462,
        "spearman": 0.8879956258255065
      },
      "euclidean": {
        "pearson": 0.8945018423321022,
        "spearman": 0.8852252798819168
      },
      "manhattan": {
        "pearson": 0.8924198552148195,
        "spearman": 0.8833847891953749
      }
    },
    "evaluation_time": 0.04
  }
}