{
  "dataset_revision": "70970daeab8776df92f5ea462b6173c0b46fd2d1",
  "mteb_dataset_name": "TwitterSemEval2015",
  "mteb_version": "1.1.2",
  "test": {
    "cos_sim": {
      "accuracy": 0.8755438993860643,
      "accuracy_threshold": 0.7431221330228466,
      "ap": 0.7831109438111636,
      "f1": 0.7164254247954688,
      "f1_threshold": 0.706272463326601,
      "precision": 0.6849578820697955,
      "recall": 0.7509234828496042
    },
    "dot": {
      "accuracy": 0.8621326816474936,
      "accuracy_threshold": 0.445235617310495,
      "ap": 0.7461997906887341,
      "f1": 0.686599951183793,
      "f1_threshold": 0.4070333450588984,
      "precision": 0.6387375113533151,
      "recall": 0.7422163588390501
    },
    "euclidean": {
      "accuracy": 0.8774512725755499,
      "accuracy_threshold": 0.5567688160895754,
      "ap": 0.7883488316452907,
      "f1": 0.7192775814683943,
      "f1_threshold": 0.5750855247314699,
      "precision": 0.7135808880810179,
      "recall": 0.725065963060686
    },
    "evaluation_time": 2.06,
    "manhattan": {
      "accuracy": 0.8674971687429218,
      "accuracy_threshold": 11.624408656039886,
      "ap": 0.7656204240535933,
      "f1": 0.7030534351145038,
      "f1_threshold": 12.343453519475121,
      "precision": 0.6788697788697788,
      "recall": 0.729023746701847
    },
    "max": {
      "accuracy": 0.8774512725755499,
      "ap": 0.7883488316452907,
      "f1": 0.7192775814683943
    }
  }
}