{
  "dataset_revision": "a0d554a64d88156834ff5ae9920b964011b16384",
  "mteb_dataset_name": "STS12",
  "mteb_version": "1.1.2",
  "test": {
    "cos_sim": {
      "pearson": 0.8460596577381823,
      "spearman": 0.7561215759738685
    },
    "euclidean": {
      "pearson": 0.8544557887512699,
      "spearman": 0.7817138531984118
    },
    "evaluation_time": 0.51,
    "manhattan": {
      "pearson": 0.8269998005669797,
      "spearman": 0.7764482246301843
    }
  }
}