{
  "dataset_revision": "6031580fec1f6af667f0bd2da0a551cf4f0b2375",
  "mteb_dataset_name": "STS14",
  "mteb_version": "1.1.2",
  "test": {
    "cos_sim": {
      "pearson": 0.860368096744406,
      "spearman": 0.8293889548651947
    },
    "euclidean": {
      "pearson": 0.8502879486424094,
      "spearman": 0.8424539484724702
    },
    "evaluation_time": 0.58,
    "manhattan": {
      "pearson": 0.8225519723411138,
      "spearman": 0.8196715059376982
    }
  }
}