{
  "dataset_revision": "eea2b4fe26a775864c896887d910b76a8098ad3f",
  "mteb_dataset_name": "STS22",
  "mteb_version": "1.1.2",
  "test": {
    "en": {
      "cos_sim": {
        "pearson": 0.6887048391767083,
        "spearman": 0.6958469916907315
      },
      "euclidean": {
        "pearson": 0.7102469313778399,
        "spearman": 0.7013894102815867
      },
      "manhattan": {
        "pearson": 0.70268855745769,
        "spearman": 0.6840361871987359
      }
    },
    "evaluation_time": 0.13
  }
}