{
  "dataset_revision": null,
  "mteb_dataset_name": "ArguAna",
  "mteb_version": "1.1.2",
  "test": {
    "evaluation_time": 1.41,
    "map_at_1": 0.39545,
    "map_at_10": 0.55757,
    "map_at_100": 0.56277,
    "map_at_1000": 0.56282,
    "map_at_3": 0.5128,
    "map_at_5": 0.54122,
    "mrr_at_1": 0.40327,
    "mrr_at_10": 0.56035,
    "mrr_at_100": 0.56562,
    "mrr_at_1000": 0.56567,
    "mrr_at_3": 0.51695,
    "mrr_at_5": 0.54405,
    "ndcg_at_1": 0.39545,
    "ndcg_at_10": 0.64127,
    "ndcg_at_100": 0.66154,
    "ndcg_at_1000": 0.66253,
    "ndcg_at_3": 0.55115,
    "ndcg_at_5": 0.60209,
    "precision_at_1": 0.39545,
    "precision_at_10": 0.09054,
    "precision_at_100": 0.00989,
    "precision_at_1000": 0.001,
    "precision_at_3": 0.22072,
    "precision_at_5": 0.15704,
    "recall_at_1": 0.39545,
    "recall_at_10": 0.90541,
    "recall_at_100": 0.98933,
    "recall_at_1000": 0.99644,
    "recall_at_3": 0.66216,
    "recall_at_5": 0.78521
  }
}