{
  "dataset_revision": "b0fddb56ed78048fa8b90373c8a3cfc37b684831",
  "mteb_dataset_name": "STSBenchmark",
  "mteb_version": "1.1.2",
  "test": {
    "cos_sim": {
      "pearson": 0.8708862207011966,
      "spearman": 0.8752685258105434
    },
    "euclidean": {
      "pearson": 0.8880265682926346,
      "spearman": 0.8904462452517632
    },
    "evaluation_time": 0.08,
    "manhattan": {
      "pearson": 0.8727100815145411,
      "spearman": 0.8758227850335719
    }
  }
}