{
  "dataset_revision": "4f58c6b202a23cf9a4da393831edf4f9183cad37",
  "mteb_dataset_name": "EmotionClassification",
  "mteb_version": "1.1.2",
  "test": {
    "accuracy": 0.5504,
    "accuracy_stderr": 0.023988330496305898,
    "evaluation_time": 0.52,
    "f1": 0.48993631916492025,
    "f1_stderr": 0.014748976357313412,
    "main_score": 0.5504
  }
}