{
  "dataset_revision": "4d8694f8f0e0100860b497b999b3dbed754a0513",
  "mteb_dataset_name": "STS16",
  "mteb_version": "1.1.2",
  "test": {
    "cos_sim": {
      "pearson": 0.840237433196528,
      "spearman": 0.8568502042529731
    },
    "euclidean": {
      "pearson": 0.8655488347662273,
      "spearman": 0.8702273071883614
    },
    "evaluation_time": 0.11,
    "manhattan": {
      "pearson": 0.8635438302026884,
      "spearman": 0.8687925026236772
    }
  }
}