{
  "dataset_revision": null,
  "mteb_dataset_name": "SciFact",
  "mteb_version": "1.1.2",
  "test": {
    "evaluation_time": 0.72,
    "map_at_1": 0.61094,
    "map_at_10": 0.70888,
    "map_at_100": 0.71333,
    "map_at_1000": 0.71356,
    "map_at_3": 0.6758,
    "map_at_5": 0.69674,
    "mrr_at_1": 0.64,
    "mrr_at_10": 0.71849,
    "mrr_at_100": 0.72195,
    "mrr_at_1000": 0.72216,
    "mrr_at_3": 0.69389,
    "mrr_at_5": 0.71039,
    "ndcg_at_1": 0.64,
    "ndcg_at_10": 0.75383,
    "ndcg_at_100": 0.7725,
    "ndcg_at_1000": 0.77729,
    "ndcg_at_3": 0.6992,
    "ndcg_at_5": 0.73052,
    "precision_at_1": 0.64,
    "precision_at_10": 0.1,
    "precision_at_100": 0.01093,
    "precision_at_1000": 0.00113,
    "precision_at_3": 0.26889,
    "precision_at_5": 0.18267,
    "recall_at_1": 0.61094,
    "recall_at_10": 0.88156,
    "recall_at_100": 0.965,
    "recall_at_1000": 1.0,
    "recall_at_3": 0.73922,
    "recall_at_5": 0.81578
  }
}