{
  "dataset_revision": "eea2b4fe26a775864c896887d910b76a8098ad3f",
  "mteb_dataset_name": "STS22",
  "mteb_version": "1.1.2",
  "test": {
    "en": {
      "cos_sim": {
        "pearson": 0.6887256380196477,
        "spearman": 0.6942583278009592
      },
      "euclidean": {
        "pearson": 0.7074407282044817,
        "spearman": 0.6980509372919116
      },
      "manhattan": {
        "pearson": 0.7001063647571133,
        "spearman": 0.6793719286166227
      }
    },
    "evaluation_time": 0.09
  }
}