{
  "dataset_revision": "70970daeab8776df92f5ea462b6173c0b46fd2d1",
  "mteb_dataset_name": "TwitterSemEval2015",
  "mteb_version": "1.1.2",
  "test": {
    "cos_sim": {
      "accuracy": 0.8742921857304643,
      "accuracy_threshold": 0.7360299425713158,
      "ap": 0.7824760537583476,
      "f1": 0.7158831003811945,
      "f1_threshold": 0.7044641327822625,
      "precision": 0.6904411764705882,
      "recall": 0.7432717678100264
    },
    "dot": {
      "accuracy": 0.8580199082076653,
      "accuracy_threshold": 0.47403677682644607,
      "ap": 0.7287545046369571,
      "f1": 0.6737182677949228,
      "f1_threshold": 0.4455083835252978,
      "precision": 0.6375412152614225,
      "recall": 0.7142480211081794
    },
    "euclidean": {
      "accuracy": 0.8752458723252071,
      "accuracy_threshold": 0.5687447372530352,
      "ap": 0.7871783061320978,
      "f1": 0.7187966185977127,
      "f1_threshold": 0.6204132453141314,
      "precision": 0.6795956746591444,
      "recall": 0.762796833773087
    },
    "evaluation_time": 1.93,
    "manhattan": {
      "accuracy": 0.8678548012159504,
      "accuracy_threshold": 11.458585944900532,
      "ap": 0.7649144209575218,
      "f1": 0.696665427048469,
      "f1_threshold": 12.248880929723983,
      "precision": 0.6570025718961889,
      "recall": 0.741424802110818
    },
    "max": {
      "accuracy": 0.8752458723252071,
      "ap": 0.7871783061320978,
      "f1": 0.7187966185977127
    }
  }
}