{
  "dataset_revision": "6031580fec1f6af667f0bd2da0a551cf4f0b2375",
  "mteb_dataset_name": "STS14",
  "mteb_version": "1.2.0",
  "test": {
    "cos_sim": {
      "pearson": 0.8681293496643823,
      "spearman": 0.8456430132021612
    },
    "euclidean": {
      "pearson": 0.8584062237502985,
      "spearman": 0.8456430132021612
    },
    "evaluation_time": 0.58,
    "manhattan": {
      "pearson": 0.8562701606160363,
      "spearman": 0.8441004128844896
    }
  }
}