{
  "dataset_revision": "d604517c81ca91fe16a244d1248fc021f9ecee7a",
  "mteb_dataset_name": "TweetSentimentExtractionClassification",
  "mteb_version": "1.1.2",
  "test": {
    "accuracy": 0.6380588568194681,
    "accuracy_stderr": 0.024585596877629956,
    "evaluation_time": 12.11,
    "f1": 0.6379389954999425,
    "f1_stderr": 0.025818709729638845,
    "main_score": 0.6380588568194681
  }
}