{
  "dataset_revision": "70970daeab8776df92f5ea462b6173c0b46fd2d1",
  "mteb_dataset_name": "TwitterSemEval2015",
  "mteb_version": "1.1.2",
  "test": {
    "cos_sim": {
      "accuracy": 0.8776896942242356,
      "accuracy_threshold": 0.7993099845438593,
      "ap": 0.7906310026957749,
      "f1": 0.7198042750450683,
      "f1_threshold": 0.7754150899919767,
      "precision": 0.7029678068410463,
      "recall": 0.737467018469657
    },
    "dot": {
      "accuracy": 0.8776896942242356,
      "accuracy_threshold": 0.7993099845438592,
      "ap": 0.7906310026957749,
      "f1": 0.7198042750450683,
      "f1_threshold": 0.7754150899919765,
      "precision": 0.7029678068410463,
      "recall": 0.737467018469657
    },
    "euclidean": {
      "accuracy": 0.8776896942242356,
      "accuracy_threshold": 0.6335455980083493,
      "ap": 0.7906310026957749,
      "f1": 0.7198042750450683,
      "f1_threshold": 0.6702013278922077,
      "precision": 0.7029678068410463,
      "recall": 0.737467018469657
    },
    "evaluation_time": 7.17,
    "manhattan": {
      "accuracy": 0.8781069321094356,
      "accuracy_threshold": 27.220294499292528,
      "ap": 0.7909492644924164,
      "f1": 0.7186671715259372,
      "f1_threshold": 29.411994127997673,
      "precision": 0.6888458746673118,
      "recall": 0.7511873350923483
    },
    "max": {
      "accuracy": 0.8781069321094356,
      "ap": 0.7909492644924164,
      "f1": 0.7198042750450683
    }
  }
}