{
  "dataset_revision": "a6ea5a8cab320b040a23452cc28066d9beae2cee",
  "mteb_dataset_name": "SICK-R",
  "mteb_version": "1.1.2",
  "test": {
    "cos_sim": {
      "pearson": 0.8618021529036213,
      "spearman": 0.8226234670522937
    },
    "euclidean": {
      "pearson": 0.8365605075689568,
      "spearman": 0.824515034513663
    },
    "evaluation_time": 1.1,
    "manhattan": {
      "pearson": 0.7929674428218556,
      "spearman": 0.7972391977748061
    }
  }
}