{
  "dataset_revision": "6031580fec1f6af667f0bd2da0a551cf4f0b2375",
  "mteb_dataset_name": "STS14",
  "mteb_version": "1.1.2",
  "test": {
    "cos_sim": {
      "pearson": 0.8537617585774661,
      "spearman": 0.8220613934056618
    },
    "euclidean": {
      "pearson": 0.8515412081984165,
      "spearman": 0.8359244360974147
    },
    "evaluation_time": 0.45,
    "manhattan": {
      "pearson": 0.8261316184019304,
      "spearman": 0.8192636131666413
    }
  }
}