{
  "dataset_revision": "70970daeab8776df92f5ea462b6173c0b46fd2d1",
  "mteb_dataset_name": "TwitterSemEval2015",
  "mteb_version": "1.1.2",
  "test": {
    "cos_sim": {
      "accuracy": 0.8747690290278357,
      "accuracy_threshold": 0.7381215616114198,
      "ap": 0.7829542395971419,
      "f1": 0.7113556778389195,
      "f1_threshold": 0.687596152341811,
      "precision": 0.6761768901569187,
      "recall": 0.7503957783641161
    },
    "dot": {
      "accuracy": 0.8633247898909221,
      "accuracy_threshold": 0.5262404709270216,
      "ap": 0.747535203612497,
      "f1": 0.6876761465539328,
      "f1_threshold": 0.48964575187619347,
      "precision": 0.6683266932270916,
      "recall": 0.7081794195250659
    },
    "euclidean": {
      "accuracy": 0.8768552184538356,
      "accuracy_threshold": 0.631922894953898,
      "ap": 0.7884172305780732,
      "f1": 0.7154960371686252,
      "f1_threshold": 0.6355674959522056,
      "precision": 0.7420634920634921,
      "recall": 0.6907651715039578
    },
    "evaluation_time": 1.23,
    "manhattan": {
      "accuracy": 0.8667819037968647,
      "accuracy_threshold": 13.354920263630492,
      "ap": 0.7653719729849654,
      "f1": 0.7011728709841917,
      "f1_threshold": 14.213469178361587,
      "precision": 0.6783423778983719,
      "recall": 0.7255936675461742
    },
    "max": {
      "accuracy": 0.8768552184538356,
      "ap": 0.7884172305780732,
      "f1": 0.7154960371686252
    }
  }
}