{
  "dataset_revision": "1399c76144fd37290681b995c656ef9b2e06e26d",
  "mteb_dataset_name": "AmazonReviewsClassification",
  "mteb_version": "1.1.2",
  "test": {
    "en": {
      "accuracy": 0.5031,
      "accuracy_stderr": 0.009268548969498946,
      "f1": 0.4913904862067303,
      "f1_stderr": 0.015102881629655318,
      "main_score": 0.5031
    },
    "evaluation_time": 6.56
  }
}