{
  "dataset_revision": null,
  "mteb_dataset_name": "CQADupstackAndroidRetrieval",
  "mteb_version": "1.1.2",
  "test": {
    "evaluation_time": 18.0,
    "map_at_1": 0.33964,
    "map_at_10": 0.46072,
    "map_at_100": 0.47626,
    "map_at_1000": 0.47743,
    "map_at_3": 0.42356,
    "map_at_5": 0.44281,
    "mrr_at_1": 0.4206,
    "mrr_at_10": 0.52554,
    "mrr_at_100": 0.5325,
    "mrr_at_1000": 0.53283,
    "mrr_at_3": 0.49976,
    "mrr_at_5": 0.51471,
    "ndcg_at_1": 0.4206,
    "ndcg_at_10": 0.52817,
    "ndcg_at_100": 0.58208,
    "ndcg_at_1000": 0.59803,
    "ndcg_at_3": 0.47741,
    "ndcg_at_5": 0.49815,
    "precision_at_1": 0.4206,
    "precision_at_10": 0.10215,
    "precision_at_100": 0.01617,
    "precision_at_1000": 0.00207,
    "precision_at_3": 0.22938,
    "precision_at_5": 0.16395,
    "recall_at_1": 0.33964,
    "recall_at_10": 0.65133,
    "recall_at_100": 0.8795,
    "recall_at_1000": 0.97538,
    "recall_at_3": 0.50119,
    "recall_at_5": 0.56308
  }
}