{
  "dataset_revision": null,
  "mteb_dataset_name": "CQADupstackEnglishRetrieval",
  "mteb_version": "1.1.2",
  "test": {
    "evaluation_time": 30.38,
    "map_at_1": 0.32751,
    "map_at_10": 0.43659,
    "map_at_100": 0.44998,
    "map_at_1000": 0.45129,
    "map_at_3": 0.40446,
    "map_at_5": 0.42352,
    "mrr_at_1": 0.41083,
    "mrr_at_10": 0.49768,
    "mrr_at_100": 0.50455,
    "mrr_at_1000": 0.50492,
    "mrr_at_3": 0.47569,
    "mrr_at_5": 0.48977,
    "ndcg_at_1": 0.41083,
    "ndcg_at_10": 0.49448,
    "ndcg_at_100": 0.53927,
    "ndcg_at_1000": 0.55804,
    "ndcg_at_3": 0.45254,
    "ndcg_at_5": 0.47401,
    "precision_at_1": 0.41083,
    "precision_at_10": 0.09299,
    "precision_at_100": 0.01497,
    "precision_at_1000": 0.00197,
    "precision_at_3": 0.21911,
    "precision_at_5": 0.1558,
    "recall_at_1": 0.32751,
    "recall_at_10": 0.59332,
    "recall_at_100": 0.7801,
    "recall_at_1000": 0.89667,
    "recall_at_3": 0.46703,
    "recall_at_5": 0.52827
  }
}