{
  "dataset_revision": "4f58c6b202a23cf9a4da393831edf4f9183cad37",
  "mteb_dataset_name": "EmotionClassification",
  "mteb_version": "1.1.2",
  "test": {
    "accuracy": 0.55195,
    "accuracy_stderr": 0.024084694309872402,
    "evaluation_time": 11.6,
    "f1": 0.4844529458174838,
    "f1_stderr": 0.013620652620385566,
    "main_score": 0.55195
  }
}