{
  "dataset_revision": "7e90230a92c190f1bf69ae9002b8cea547a64cca",
  "mteb_dataset_name": "STS13",
  "mteb_version": "1.1.2",
  "test": {
    "cos_sim": {
      "pearson": 0.8825749898704353,
      "spearman": 0.8897088786305519
    },
    "euclidean": {
      "pearson": 0.8824339789708453,
      "spearman": 0.8897088786305519
    },
    "evaluation_time": 0.42,
    "manhattan": {
      "pearson": 0.8799158791751465,
      "spearman": 0.8865308526356122
    }
  }
}