{
  "dataset_revision": "eea2b4fe26a775864c896887d910b76a8098ad3f",
  "mteb_dataset_name": "STS22",
  "mteb_version": "1.2.0",
  "test": {
    "en": {
      "cos_sim": {
        "pearson": 0.6834842510185669,
        "spearman": 0.6841118766156153
      },
      "euclidean": {
        "pearson": 0.7007754453148309,
        "spearman": 0.6841118766156153
      },
      "manhattan": {
        "pearson": 0.6986574269387646,
        "spearman": 0.6802159063080642
      }
    },
    "evaluation_time": 0.07
  }
}