{
  "dataset_revision": "b0fddb56ed78048fa8b90373c8a3cfc37b684831",
  "mteb_dataset_name": "STSBenchmark",
  "mteb_version": "1.1.2",
  "test": {
    "cos_sim": {
      "pearson": 0.8811266833814743,
      "spearman": 0.8925346057841013
    },
    "euclidean": {
      "pearson": 0.8890078021844767,
      "spearman": 0.8925346057841013
    },
    "evaluation_time": 0.45,
    "manhattan": {
      "pearson": 0.8887322236142099,
      "spearman": 0.8915912937373299
    }
  }
}