{
  "dataset_revision": "ae752c7c21bf194d8b67fd573edf7ae58183cbe3",
  "mteb_dataset_name": "STS15",
  "mteb_version": "1.2.0",
  "test": {
    "cos_sim": {
      "pearson": 0.8696792919616683,
      "spearman": 0.8782970123061496
    },
    "euclidean": {
      "pearson": 0.8915703267177846,
      "spearman": 0.8980821103483836
    },
    "evaluation_time": 0.07,
    "manhattan": {
      "pearson": 0.8485888767132805,
      "spearman": 0.8481604065963294
    }
  }
}