{
  "dataset_revision": "af5e6fb845001ecf41f4c1e033ce921939a2a68d",
  "mteb_dataset_name": "STS17",
  "mteb_version": "1.2.0",
  "test": {
    "en-en": {
      "cos_sim": {
        "pearson": 0.8950105566036037,
        "spearman": 0.8949186077103477
      },
      "euclidean": {
        "pearson": 0.9014218588870531,
        "spearman": 0.8943397065044304
      },
      "manhattan": {
        "pearson": 0.888072912073101,
        "spearman": 0.879099920840554
      }
    },
    "evaluation_time": 0.04
  }
}