{
  "dataset_revision": "a0d554a64d88156834ff5ae9920b964011b16384",
  "mteb_dataset_name": "STS12",
  "mteb_version": "1.2.0",
  "test": {
    "cos_sim": {
      "pearson": 0.8497911498126484,
      "spearman": 0.7525159841855235
    },
    "euclidean": {
      "pearson": 0.8485576722831649,
      "spearman": 0.7819818594046225
    },
    "evaluation_time": 0.07,
    "manhattan": {
      "pearson": 0.774387210433439,
      "spearman": 0.7658379107230515
    }
  }
}