{
  "dataset_revision": "b0fddb56ed78048fa8b90373c8a3cfc37b684831",
  "mteb_dataset_name": "STSBenchmark",
  "mteb_version": "1.2.0",
  "test": {
    "cos_sim": {
      "pearson": 0.8725484195832564,
      "spearman": 0.8767044218571822
    },
    "euclidean": {
      "pearson": 0.8874835420354166,
      "spearman": 0.8890572699299798
    },
    "evaluation_time": 0.12,
    "manhattan": {
      "pearson": 0.8656108736101744,
      "spearman": 0.8707362444729282
    }
  }
}