{
  "dataset_revision": null,
  "mteb_dataset_name": "ArguAna",
  "mteb_version": "1.1.2",
  "test": {
    "evaluation_time": 1.91,
    "map_at_1": 0.399,
    "map_at_10": 0.56306,
    "map_at_100": 0.5684,
    "map_at_1000": 0.56845,
    "map_at_3": 0.52157,
    "map_at_5": 0.54732,
    "mrr_at_1": 0.40612,
    "mrr_at_10": 0.56586,
    "mrr_at_100": 0.57113,
    "mrr_at_1000": 0.57118,
    "mrr_at_3": 0.52477,
    "mrr_at_5": 0.55006,
    "ndcg_at_1": 0.399,
    "ndcg_at_10": 0.64526,
    "ndcg_at_100": 0.66603,
    "ndcg_at_1000": 0.66702,
    "ndcg_at_3": 0.56203,
    "ndcg_at_5": 0.60776,
    "precision_at_1": 0.399,
    "precision_at_10": 0.09033,
    "precision_at_100": 0.00989,
    "precision_at_1000": 0.001,
    "precision_at_3": 0.22641,
    "precision_at_5": 0.15775,
    "recall_at_1": 0.399,
    "recall_at_10": 0.90327,
    "recall_at_100": 0.98933,
    "recall_at_1000": 0.99644,
    "recall_at_3": 0.67923,
    "recall_at_5": 0.78876
  }
}