{
  "dataset_revision": "eea2b4fe26a775864c896887d910b76a8098ad3f",
  "mteb_dataset_name": "STS22",
  "mteb_version": "1.1.2",
  "test": {
    "en": {
      "cos_sim": {
        "pearson": 0.6880748364015556,
        "spearman": 0.6916279170982216
      },
      "euclidean": {
        "pearson": 0.7016977746556817,
        "spearman": 0.6877994975605737
      },
      "manhattan": {
        "pearson": 0.706246612980441,
        "spearman": 0.6889014703611636
      }
    },
    "evaluation_time": 0.05
  }
}