{
  "dataset_revision": null,
  "mteb_dataset_name": "SciFact",
  "mteb_version": "1.1.2",
  "test": {
    "evaluation_time": 0.97,
    "map_at_1": 0.59028,
    "map_at_10": 0.68507,
    "map_at_100": 0.69107,
    "map_at_1000": 0.69129,
    "map_at_3": 0.65748,
    "map_at_5": 0.6726,
    "mrr_at_1": 0.61333,
    "mrr_at_10": 0.6912,
    "mrr_at_100": 0.69644,
    "mrr_at_1000": 0.69665,
    "mrr_at_3": 0.67111,
    "mrr_at_5": 0.68294,
    "ndcg_at_1": 0.61333,
    "ndcg_at_10": 0.72604,
    "ndcg_at_100": 0.75158,
    "ndcg_at_1000": 0.75701,
    "ndcg_at_3": 0.68076,
    "ndcg_at_5": 0.70229,
    "precision_at_1": 0.61333,
    "precision_at_10": 0.09567,
    "precision_at_100": 0.01083,
    "precision_at_1000": 0.00113,
    "precision_at_3": 0.26444,
    "precision_at_5": 0.17333,
    "recall_at_1": 0.59028,
    "recall_at_10": 0.84256,
    "recall_at_100": 0.955,
    "recall_at_1000": 0.99667,
    "recall_at_3": 0.72283,
    "recall_at_5": 0.77594
  }
}