{
  "dataset_revision": null,
  "mteb_dataset_name": "ArguAna",
  "mteb_version": "1.1.2",
  "test": {
    "evaluation_time": 2.43,
    "map_at_1": 0.35206,
    "map_at_10": 0.52232,
    "map_at_100": 0.52859,
    "map_at_1000": 0.52863,
    "map_at_3": 0.47665,
    "map_at_5": 0.50517,
    "mrr_at_1": 0.35633,
    "mrr_at_10": 0.524,
    "mrr_at_100": 0.53034,
    "mrr_at_1000": 0.53038,
    "mrr_at_3": 0.47819,
    "mrr_at_5": 0.50632,
    "ndcg_at_1": 0.35206,
    "ndcg_at_10": 0.61019,
    "ndcg_at_100": 0.63491,
    "ndcg_at_1000": 0.63572,
    "ndcg_at_3": 0.51751,
    "ndcg_at_5": 0.56899,
    "precision_at_1": 0.35206,
    "precision_at_10": 0.08876,
    "precision_at_100": 0.00991,
    "precision_at_1000": 0.001,
    "precision_at_3": 0.21195,
    "precision_at_5": 0.1522,
    "recall_at_1": 0.35206,
    "recall_at_10": 0.88762,
    "recall_at_100": 0.99075,
    "recall_at_1000": 0.99644,
    "recall_at_3": 0.63585,
    "recall_at_5": 0.76102
  }
}