{
  "dataset_revision": "a0d554a64d88156834ff5ae9920b964011b16384",
  "mteb_dataset_name": "STS12",
  "mteb_version": "1.1.2",
  "test": {
    "cos_sim": {
      "pearson": 0.8553455663596463,
      "spearman": 0.7631144967071054
    },
    "euclidean": {
      "pearson": 0.8533057450886431,
      "spearman": 0.7910572195334608
    },
    "evaluation_time": 0.24,
    "manhattan": {
      "pearson": 0.8174278466086304,
      "spearman": 0.7843861627163311
    }
  }
}