{
  "dataset_revision": "ae752c7c21bf194d8b67fd573edf7ae58183cbe3",
  "mteb_dataset_name": "STS15",
  "mteb_version": "1.1.2",
  "test": {
    "cos_sim": {
      "pearson": 0.8760020239213705,
      "spearman": 0.886903598346822
    },
    "euclidean": {
      "pearson": 0.8890875447209124,
      "spearman": 0.8949176736925729
    },
    "evaluation_time": 0.23,
    "manhattan": {
      "pearson": 0.8755425059579399,
      "spearman": 0.8836632840057231
    }
  }
}