{
  "dataset_revision": null,
  "mteb_dataset_name": "SciFact",
  "mteb_version": "1.1.2",
  "test": {
    "evaluation_time": 0.8,
    "map_at_1": 0.59861,
    "map_at_10": 0.69473,
    "map_at_100": 0.70086,
    "map_at_1000": 0.70104,
    "map_at_3": 0.66481,
    "map_at_5": 0.68312,
    "mrr_at_1": 0.62333,
    "mrr_at_10": 0.70344,
    "mrr_at_100": 0.70833,
    "mrr_at_1000": 0.70851,
    "mrr_at_3": 0.68222,
    "mrr_at_5": 0.69539,
    "ndcg_at_1": 0.62333,
    "ndcg_at_10": 0.73901,
    "ndcg_at_100": 0.76355,
    "ndcg_at_1000": 0.76742,
    "ndcg_at_3": 0.68985,
    "ndcg_at_5": 0.71615,
    "precision_at_1": 0.62333,
    "precision_at_10": 0.098,
    "precision_at_100": 0.011,
    "precision_at_1000": 0.00113,
    "precision_at_3": 0.26778,
    "precision_at_5": 0.17933,
    "recall_at_1": 0.59861,
    "recall_at_10": 0.86422,
    "recall_at_100": 0.97167,
    "recall_at_1000": 1.0,
    "recall_at_3": 0.73422,
    "recall_at_5": 0.79911
  }
}