{
  "dataset_revision": "a0d554a64d88156834ff5ae9920b964011b16384",
  "mteb_dataset_name": "STS12",
  "mteb_version": "1.1.2",
  "test": {
    "cos_sim": {
      "pearson": 0.8437102869943994,
      "spearman": 0.7523250733051794
    },
    "euclidean": {
      "pearson": 0.8445683162144434,
      "spearman": 0.7780810897460907
    },
    "evaluation_time": 0.48,
    "manhattan": {
      "pearson": 0.7832596139853893,
      "spearman": 0.759917670818348
    }
  }
}