{
  "dataset_revision": "6031580fec1f6af667f0bd2da0a551cf4f0b2375",
  "mteb_dataset_name": "STS14",
  "mteb_version": "1.1.2",
  "test": {
    "cos_sim": {
      "pearson": 0.8626732554421567,
      "spearman": 0.8287660208082941
    },
    "euclidean": {
      "pearson": 0.8676785323074232,
      "spearman": 0.8455401585407283
    },
    "evaluation_time": 0.6,
    "manhattan": {
      "pearson": 0.843668696500815,
      "spearman": 0.8295960290804785
    }
  }
}