{
  "dataset_revision": "a6ea5a8cab320b040a23452cc28066d9beae2cee",
  "mteb_dataset_name": "SICK-R",
  "mteb_version": "1.1.2",
  "test": {
    "cos_sim": {
      "pearson": 0.8716079989339657,
      "spearman": 0.8293072954795624
    },
    "euclidean": {
      "pearson": 0.8477639498772223,
      "spearman": 0.8297811216154621
    },
    "evaluation_time": 1.43,
    "manhattan": {
      "pearson": 0.8234712726093661,
      "spearman": 0.814634430771721
    }
  }
}