{
  "dataset_revision": "af5e6fb845001ecf41f4c1e033ce921939a2a68d",
  "mteb_dataset_name": "STS17",
  "mteb_version": "1.1.2",
  "test": {
    "en-en": {
      "cos_sim": {
        "pearson": 0.901156440738086,
        "spearman": 0.9038788913158806
      },
      "euclidean": {
        "pearson": 0.9032944079692657,
        "spearman": 0.8975298134817928
      },
      "manhattan": {
        "pearson": 0.8962427421645295,
        "spearman": 0.8899914127186823
      }
    },
    "evaluation_time": 0.05
  }
}