{
  "dataset_revision": "eea2b4fe26a775864c896887d910b76a8098ad3f",
  "mteb_dataset_name": "STS22",
  "mteb_version": "1.1.2",
  "test": {
    "en": {
      "cos_sim": {
        "pearson": 0.6836608423995346,
        "spearman": 0.691086697074298
      },
      "euclidean": {
        "pearson": 0.7050879323806272,
        "spearman": 0.694675840390843
      },
      "manhattan": {
        "pearson": 0.7089513456579265,
        "spearman": 0.6945871291388015
      }
    },
    "evaluation_time": 0.06
  }
}