{
  "dataset_revision": "70970daeab8776df92f5ea462b6173c0b46fd2d1",
  "mteb_dataset_name": "TwitterSemEval2015",
  "mteb_version": "1.2.0",
  "test": {
    "cos_sim": {
      "accuracy": 0.8754842939738928,
      "accuracy_threshold": 0.8513585135098509,
      "ap": 0.78404463393445,
      "f1": 0.7175341081354218,
      "f1_threshold": 0.8335065004957801,
      "precision": 0.6883179835191469,
      "recall": 0.7493403693931399
    },
    "dot": {
      "accuracy": 0.8754842939738928,
      "accuracy_threshold": 0.8513585135098509,
      "ap": 0.78404463393445,
      "f1": 0.7175341081354218,
      "f1_threshold": 0.8335065004957807,
      "precision": 0.6883179835191469,
      "recall": 0.7493403693931399
    },
    "euclidean": {
      "accuracy": 0.8754842939738928,
      "accuracy_threshold": 0.5452366204659351,
      "ap": 0.78404463393445,
      "f1": 0.7175341081354218,
      "f1_threshold": 0.5770502562592896,
      "precision": 0.6883179835191469,
      "recall": 0.7493403693931399
    },
    "evaluation_time": 12.79,
    "manhattan": {
      "accuracy": 0.8748882398521786,
      "accuracy_threshold": 33.28801985879644,
      "ap": 0.7830669071610029,
      "f1": 0.7163388804841151,
      "f1_threshold": 35.31953674975202,
      "precision": 0.6859005311443747,
      "recall": 0.7496042216358839
    },
    "max": {
      "accuracy": 0.8754842939738928,
      "ap": 0.78404463393445,
      "f1": 0.7175341081354218
    }
  }
}