{
  "dataset_revision": "0fd18e25b25c072e09e0d92ab615fda904d66300",
  "mteb_dataset_name": "Banking77Classification",
  "mteb_version": "1.1.2",
  "test": {
    "accuracy": 0.8498051948051947,
    "accuracy_stderr": 0.00400075890928556,
    "evaluation_time": 11.34,
    "f1": 0.8435949004500989,
    "f1_stderr": 0.005206571222898319,
    "main_score": 0.8498051948051947
  }
}