{
  "dataset_revision": "7e90230a92c190f1bf69ae9002b8cea547a64cca",
  "mteb_dataset_name": "STS13",
  "mteb_version": "1.1.2",
  "test": {
    "cos_sim": {
      "pearson": 0.8772248660361768,
      "spearman": 0.881621487293037
    },
    "euclidean": {
      "pearson": 0.8866518081851674,
      "spearman": 0.8944336098664107
    },
    "evaluation_time": 0.17,
    "manhattan": {
      "pearson": 0.8702767010300048,
      "spearman": 0.8768352273701573
    }
  }
}