{
  "dataset_revision": "a0d554a64d88156834ff5ae9920b964011b16384",
  "mteb_dataset_name": "STS12",
  "mteb_version": "1.1.2",
  "test": {
    "cos_sim": {
      "pearson": 0.8488745850429558,
      "spearman": 0.75806379978745
    },
    "euclidean": {
      "pearson": 0.8477687762330753,
      "spearman": 0.7857127778130278
    },
    "evaluation_time": 0.31,
    "manhattan": {
      "pearson": 0.8155565707891397,
      "spearman": 0.780593419679961
    }
  }
}