{
  "dataset_revision": "6184bc1440d2dbc7612be22b50686b8826d22b32",
  "mteb_dataset_name": "CQADupstackProgrammersRetrieval",
  "mteb_version": "1.2.0",
  "test": {
    "evaluation_time": 38.64,
    "map_at_1": 0.30074,
    "map_at_10": 0.41432,
    "map_at_100": 0.42739,
    "map_at_1000": 0.42844,
    "map_at_3": 0.37719,
    "map_at_5": 0.39734,
    "mrr_at_1": 0.36986,
    "mrr_at_10": 0.46948,
    "mrr_at_100": 0.47726,
    "mrr_at_1000": 0.47766,
    "mrr_at_3": 0.44273,
    "mrr_at_5": 0.45689,
    "ndcg_at_1": 0.36986,
    "ndcg_at_10": 0.479,
    "ndcg_at_100": 0.53199,
    "ndcg_at_1000": 0.5506,
    "ndcg_at_3": 0.42183,
    "ndcg_at_5": 0.44657,
    "precision_at_1": 0.36986,
    "precision_at_10": 0.08893,
    "precision_at_100": 0.01332,
    "precision_at_1000": 0.00167,
    "precision_at_3": 0.20205,
    "precision_at_5": 0.14475,
    "recall_at_1": 0.30074,
    "recall_at_10": 0.61462,
    "recall_at_100": 0.8409,
    "recall_at_1000": 0.96197,
    "recall_at_3": 0.45358,
    "recall_at_5": 0.51966
  }
}