{
  "dataset_revision": "a0d554a64d88156834ff5ae9920b964011b16384",
  "mteb_dataset_name": "STS12",
  "mteb_version": "1.1.2",
  "test": {
    "cos_sim": {
      "pearson": 0.8674961428435203,
      "spearman": 0.7826338319037836
    },
    "euclidean": {
      "pearson": 0.8321557987410595,
      "spearman": 0.7826338319037836
    },
    "evaluation_time": 1.97,
    "manhattan": {
      "pearson": 0.8288284870672706,
      "spearman": 0.7819797922406528
    }
  }
}