{
  "dataset_revision": "1399c76144fd37290681b995c656ef9b2e06e26d",
  "mteb_dataset_name": "AmazonReviewsClassification",
  "mteb_version": "1.2.0",
  "test": {
    "en": {
      "accuracy": 0.5075800000000001,
      "accuracy_stderr": 0.01017622719872154,
      "f1": 0.4970129018852375,
      "f1_stderr": 0.01591940574826187,
      "main_score": 0.5075800000000001
    },
    "evaluation_time": 17.84
  }
}