{
  "dataset_revision": "d3fb88f8f02e40887cd149695127462bbcf29b4a",
  "mteb_dataset_name": "BIOSSES",
  "mteb_version": "1.1.2",
  "test": {
    "cos_sim": {
      "pearson": 0.8925480973035929,
      "spearman": 0.879989930685608
    },
    "euclidean": {
      "pearson": 0.8720253136816118,
      "spearman": 0.879989930685608
    },
    "evaluation_time": 0.31,
    "manhattan": {
      "pearson": 0.8714572188909344,
      "spearman": 0.8768633534203276
    }
  }
}