{
  "dataset_revision": "a6ea5a8cab320b040a23452cc28066d9beae2cee",
  "mteb_dataset_name": "SICK-R",
  "mteb_version": "1.2.0",
  "test": {
    "cos_sim": {
      "pearson": 0.8740006028849455,
      "spearman": 0.8290580315080803
    },
    "euclidean": {
      "pearson": 0.8470426310827481,
      "spearman": 0.8290580308376941
    },
    "evaluation_time": 2.55,
    "manhattan": {
      "pearson": 0.8472155865212161,
      "spearman": 0.8285137271073828
    }
  }
}