{
  "dataset_revision": "a0d554a64d88156834ff5ae9920b964011b16384",
  "mteb_dataset_name": "STS12",
  "mteb_version": "1.1.2",
  "test": {
    "cos_sim": {
      "pearson": 0.8758512456831322,
      "spearman": 0.7895285624883347
    },
    "euclidean": {
      "pearson": 0.8480180332391689,
      "spearman": 0.7895284263011139
    },
    "evaluation_time": 2.87,
    "manhattan": {
      "pearson": 0.8482023023588035,
      "spearman": 0.7895811217195926
    }
  }
}