{
  "dataset_revision": "ae752c7c21bf194d8b67fd573edf7ae58183cbe3",
  "mteb_dataset_name": "STS15",
  "mteb_version": "1.1.2",
  "test": {
    "cos_sim": {
      "pearson": 0.8857062762881147,
      "spearman": 0.8966782607329685
    },
    "euclidean": {
      "pearson": 0.8902599605821272,
      "spearman": 0.8966784095376032
    },
    "evaluation_time": 1.42,
    "manhattan": {
      "pearson": 0.89051496027447,
      "spearman": 0.8970567202981921
    }
  }
}