{
  "dataset_revision": "b0fddb56ed78048fa8b90373c8a3cfc37b684831",
  "mteb_dataset_name": "STSBenchmark",
  "mteb_version": "1.2.0",
  "test": {
    "cos_sim": {
      "pearson": 0.8766397900198064,
      "spearman": 0.8899974505687113
    },
    "euclidean": {
      "pearson": 0.8870673963386976,
      "spearman": 0.8899974505687113
    },
    "evaluation_time": 0.48,
    "manhattan": {
      "pearson": 0.8870031178592762,
      "spearman": 0.8897489400108503
    }
  }
}