{
  "dataset_revision": "e8379541af4e31359cca9fbcf4b00f2671dba205",
  "mteb_dataset_name": "AmazonCounterfactualClassification",
  "mteb_version": "1.1.2",
  "test": {
    "en": {
      "accuracy": 0.7635820895522388,
      "accuracy_stderr": 0.037930421345457974,
      "ap": 0.39702151703184485,
      "ap_stderr": 0.04085945813582845,
      "f1": 0.7041407111602961,
      "f1_stderr": 0.03615394303738828,
      "main_score": 0.7635820895522388
    },
    "evaluation_time": 12.5
  }
}