{
  "dataset_revision": "6c6430d3a6d36f8d2a829195bc5dc94d7e063e53",
  "mteb_dataset_name": "CQADupstackUnixRetrieval",
  "mteb_version": "1.2.0",
  "test": {
    "evaluation_time": 76.33,
    "map_at_1": 0.29322,
    "map_at_10": 0.39425,
    "map_at_100": 0.40645,
    "map_at_1000": 0.40738,
    "map_at_3": 0.36545,
    "map_at_5": 0.38214,
    "mrr_at_1": 0.34608,
    "mrr_at_10": 0.4367,
    "mrr_at_100": 0.4453,
    "mrr_at_1000": 0.4458,
    "mrr_at_3": 0.41216,
    "mrr_at_5": 0.42582,
    "ndcg_at_1": 0.34608,
    "ndcg_at_10": 0.45017,
    "ndcg_at_100": 0.5031,
    "ndcg_at_1000": 0.52416,
    "ndcg_at_3": 0.40048,
    "ndcg_at_5": 0.42426,
    "precision_at_1": 0.34608,
    "precision_at_10": 0.07509,
    "precision_at_100": 0.01144,
    "precision_at_1000": 0.00143,
    "precision_at_3": 0.1819,
    "precision_at_5": 0.12743,
    "recall_at_1": 0.29322,
    "recall_at_10": 0.57592,
    "recall_at_100": 0.80171,
    "recall_at_1000": 0.94848,
    "recall_at_3": 0.44401,
    "recall_at_5": 0.50234
  }
}