{
  "dataset_revision": "3d86128a09e091d6018b6d26cad27f2739fc2db7",
  "mteb_dataset_name": "ImdbClassification",
  "mteb_version": "1.2.0",
  "test": {
    "accuracy": 0.9419279999999999,
    "accuracy_stderr": 0.00364179296501048,
    "ap": 0.9138902087382853,
    "ap_stderr": 0.009090436041716958,
    "evaluation_time": 19.87,
    "f1": 0.9419001186402006,
    "f1_stderr": 0.0036647805517923434,
    "main_score": 0.9419279999999999
  }
}