{
  "dataset_revision": "ae001d0e6b1228650b7bd1c2c65fb50ad11a8aba",
  "mteb_dataset_name": "MTOPIntentClassification",
  "mteb_version": "1.2.0",
  "test": {
    "en": {
      "accuracy": 0.6862745098039216,
      "accuracy_stderr": 0.020381302647609484,
      "f1": 0.5163857002909648,
      "f1_stderr": 0.0050780418881445225,
      "main_score": 0.6862745098039216
    },
    "evaluation_time": 39.61
  }
}