{
  "dataset_revision": "b0fddb56ed78048fa8b90373c8a3cfc37b684831",
  "mteb_dataset_name": "STSBenchmark",
  "mteb_version": "1.2.0",
  "test": {
    "cos_sim": {
      "pearson": 0.882449626419908,
      "spearman": 0.8965778697658267
    },
    "euclidean": {
      "pearson": 0.8935890707048068,
      "spearman": 0.8965778697658267
    },
    "evaluation_time": 0.97,
    "manhattan": {
      "pearson": 0.8936951251032244,
      "spearman": 0.8962664172191526
    }
  }
}