{
  "dataset_revision": "c22ab2a51041ffd869aaddef7af8d8215647e41a",
  "mteb_dataset_name": "ArguAna",
  "mteb_version": "1.2.0",
  "test": {
    "evaluation_time": 3.11,
    "map_at_1": 0.42745,
    "map_at_10": 0.58476,
    "map_at_100": 0.58919,
    "map_at_1000": 0.58922,
    "map_at_3": 0.54552,
    "map_at_5": 0.56867,
    "mrr_at_1": 0.43243,
    "mrr_at_10": 0.5868,
    "mrr_at_100": 0.59122,
    "mrr_at_1000": 0.59125,
    "mrr_at_3": 0.54801,
    "mrr_at_5": 0.57084,
    "ndcg_at_1": 0.42745,
    "ndcg_at_10": 0.66517,
    "ndcg_at_100": 0.68272,
    "ndcg_at_1000": 0.68331,
    "ndcg_at_3": 0.58541,
    "ndcg_at_5": 0.62692,
    "precision_at_1": 0.42745,
    "precision_at_10": 0.09182,
    "precision_at_100": 0.00992,
    "precision_at_1000": 0.001,
    "precision_at_3": 0.23376,
    "precision_at_5": 0.16031,
    "recall_at_1": 0.42745,
    "recall_at_10": 0.91821,
    "recall_at_100": 0.99218,
    "recall_at_1000": 0.99644,
    "recall_at_3": 0.70128,
    "recall_at_5": 0.80156
  }
}