{
  "dataset_revision": "f46a197baaae43b4f621051089b82a364682dfeb",
  "mteb_dataset_name": "CQADupstackAndroidRetrieval",
  "mteb_version": "1.2.0",
  "test": {
    "evaluation_time": 5.93,
    "map_at_1": 0.33915,
    "map_at_10": 0.45901,
    "map_at_100": 0.47458,
    "map_at_1000": 0.47575,
    "map_at_3": 0.42232,
    "map_at_5": 0.44112,
    "mrr_at_1": 0.41774,
    "mrr_at_10": 0.52242,
    "mrr_at_100": 0.52945,
    "mrr_at_1000": 0.52976,
    "mrr_at_3": 0.49619,
    "mrr_at_5": 0.51178,
    "ndcg_at_1": 0.41774,
    "ndcg_at_10": 0.52587,
    "ndcg_at_100": 0.58035,
    "ndcg_at_1000": 0.59626,
    "ndcg_at_3": 0.47497,
    "ndcg_at_5": 0.4958,
    "precision_at_1": 0.41774,
    "precision_at_10": 0.10129,
    "precision_at_100": 0.01615,
    "precision_at_1000": 0.00206,
    "precision_at_3": 0.22747,
    "precision_at_5": 0.1628,
    "recall_at_1": 0.33915,
    "recall_at_10": 0.64937,
    "recall_at_100": 0.88024,
    "recall_at_1000": 0.97582,
    "recall_at_3": 0.49839,
    "recall_at_5": 0.55991
  }
}