{
  "dataset_revision": "5003b3064772da1887988e05400cf3806fe491f2",
  "mteb_dataset_name": "CQADupstackGisRetrieval",
  "mteb_version": "1.2.0",
  "test": {
    "evaluation_time": 10.86,
    "map_at_1": 0.2856,
    "map_at_10": 0.37726,
    "map_at_100": 0.38841,
    "map_at_1000": 0.3891,
    "map_at_3": 0.34972,
    "map_at_5": 0.36545,
    "mrr_at_1": 0.3096,
    "mrr_at_10": 0.39986,
    "mrr_at_100": 0.40941,
    "mrr_at_1000": 0.40991,
    "mrr_at_3": 0.37552,
    "mrr_at_5": 0.38913,
    "ndcg_at_1": 0.3096,
    "ndcg_at_10": 0.42952,
    "ndcg_at_100": 0.48187,
    "ndcg_at_1000": 0.49897,
    "ndcg_at_3": 0.37695,
    "ndcg_at_5": 0.40278,
    "precision_at_1": 0.3096,
    "precision_at_10": 0.0652,
    "precision_at_100": 0.0096,
    "precision_at_1000": 0.00114,
    "precision_at_3": 0.15857,
    "precision_at_5": 0.11006,
    "recall_at_1": 0.2856,
    "recall_at_10": 0.56949,
    "recall_at_100": 0.80394,
    "recall_at_1000": 0.93007,
    "recall_at_3": 0.42706,
    "recall_at_5": 0.48916
  }
}