{
  "dataset_revision": null,
  "mteb_dataset_name": "SciFact",
  "mteb_version": "1.1.2",
  "test": {
    "evaluation_time": 0.83,
    "map_at_1": 0.60428,
    "map_at_10": 0.69976,
    "map_at_100": 0.70467,
    "map_at_1000": 0.70485,
    "map_at_3": 0.6682,
    "map_at_5": 0.68822,
    "mrr_at_1": 0.63333,
    "mrr_at_10": 0.71022,
    "mrr_at_100": 0.71414,
    "mrr_at_1000": 0.71432,
    "mrr_at_3": 0.68667,
    "mrr_at_5": 0.7025,
    "ndcg_at_1": 0.63333,
    "ndcg_at_10": 0.74616,
    "ndcg_at_100": 0.76699,
    "ndcg_at_1000": 0.77088,
    "ndcg_at_3": 0.69276,
    "ndcg_at_5": 0.72361,
    "precision_at_1": 0.63333,
    "precision_at_10": 0.09967,
    "precision_at_100": 0.011,
    "precision_at_1000": 0.00113,
    "precision_at_3": 0.26889,
    "precision_at_5": 0.182,
    "recall_at_1": 0.60428,
    "recall_at_10": 0.87822,
    "recall_at_100": 0.97167,
    "recall_at_1000": 1.0,
    "recall_at_3": 0.73533,
    "recall_at_5": 0.81328
  }
}