{
  "dataset_revision": "a0d554a64d88156834ff5ae9920b964011b16384",
  "mteb_dataset_name": "STS12",
  "mteb_version": "1.1.2",
  "test": {
    "cos_sim": {
      "pearson": 0.84036156615134,
      "spearman": 0.7527243029599588
    },
    "euclidean": {
      "pearson": 0.839085997902588,
      "spearman": 0.7796902335993311
    },
    "evaluation_time": 0.47,
    "manhattan": {
      "pearson": 0.7767930565863087,
      "spearman": 0.761808209323564
    }
  }
}