{
  "dataset_revision": "eea2b4fe26a775864c896887d910b76a8098ad3f",
  "mteb_dataset_name": "STS22",
  "mteb_version": "1.1.2",
  "test": {
    "en": {
      "cos_sim": {
        "pearson": 0.688485285293611,
        "spearman": 0.6926501311584439
      },
      "euclidean": {
        "pearson": 0.7087542419409412,
        "spearman": 0.697209401194563
      },
      "manhattan": {
        "pearson": 0.7050983361969575,
        "spearman": 0.6876383523504429
      }
    },
    "evaluation_time": 0.06
  }
}