{
  "dataset_revision": "7e90230a92c190f1bf69ae9002b8cea547a64cca",
  "mteb_dataset_name": "STS13",
  "mteb_version": "1.2.0",
  "test": {
    "cos_sim": {
      "pearson": 0.8823442030144993,
      "spearman": 0.8857416209267808
    },
    "euclidean": {
      "pearson": 0.878997257406358,
      "spearman": 0.8857416209267808
    },
    "evaluation_time": 0.8,
    "manhattan": {
      "pearson": 0.8803466283935246,
      "spearman": 0.8870365366941358
    }
  }
}