{
  "dataset_revision": "6031580fec1f6af667f0bd2da0a551cf4f0b2375",
  "mteb_dataset_name": "STS14",
  "mteb_version": "1.2.0",
  "test": {
    "cos_sim": {
      "pearson": 0.8677365428652971,
      "spearman": 0.8370158962448868
    },
    "euclidean": {
      "pearson": 0.8589604595687569,
      "spearman": 0.8370158962448868
    },
    "evaluation_time": 2.24,
    "manhattan": {
      "pearson": 0.8583723084503642,
      "spearman": 0.8370656731868279
    }
  }
}