{
  "dataset_revision": "e8379541af4e31359cca9fbcf4b00f2671dba205",
  "mteb_dataset_name": "AmazonCounterfactualClassification",
  "mteb_version": "1.2.0",
  "test": {
    "en": {
      "accuracy": 0.7649253731343284,
      "accuracy_stderr": 0.035321456047218834,
      "ap": 0.3974471707712386,
      "ap_stderr": 0.03897989613214763,
      "f1": 0.7050911965024189,
      "f1_stderr": 0.034067425722359976,
      "main_score": 0.7649253731343284
    },
    "evaluation_time": 1.75
  }
}