{
  "dataset_revision": null,
  "mteb_dataset_name": "SciFact",
  "mteb_version": "1.1.2",
  "test": {
    "evaluation_time": 16.31,
    "map_at_1": 0.62761,
    "map_at_10": 0.71691,
    "map_at_100": 0.7224,
    "map_at_1000": 0.72254,
    "map_at_3": 0.68663,
    "map_at_5": 0.7032,
    "mrr_at_1": 0.65667,
    "mrr_at_10": 0.72647,
    "mrr_at_100": 0.73078,
    "mrr_at_1000": 0.7309,
    "mrr_at_3": 0.70333,
    "mrr_at_5": 0.7175,
    "ndcg_at_1": 0.65667,
    "ndcg_at_10": 0.75891,
    "ndcg_at_100": 0.7813,
    "ndcg_at_1000": 0.78425,
    "ndcg_at_3": 0.70818,
    "ndcg_at_5": 0.73262,
    "precision_at_1": 0.65667,
    "precision_at_10": 0.09967,
    "precision_at_100": 0.01107,
    "precision_at_1000": 0.00113,
    "precision_at_3": 0.27222,
    "precision_at_5": 0.18,
    "recall_at_1": 0.62761,
    "recall_at_10": 0.87822,
    "recall_at_100": 0.97833,
    "recall_at_1000": 1.0,
    "recall_at_3": 0.74339,
    "recall_at_5": 0.80328
  }
}