{
  "dataset_revision": "af5e6fb845001ecf41f4c1e033ce921939a2a68d",
  "mteb_dataset_name": "STS17",
  "mteb_version": "1.1.2",
  "test": {
    "en-en": {
      "cos_sim": {
        "pearson": 0.9040323468052128,
        "spearman": 0.9022921023530477
      },
      "euclidean": {
        "pearson": 0.9064129512399877,
        "spearman": 0.9022921023530477
      },
      "manhattan": {
        "pearson": 0.9064222546070937,
        "spearman": 0.9023839731287542
      }
    },
    "evaluation_time": 0.33
  }
}