{
  "dataset_revision": "eea2b4fe26a775864c896887d910b76a8098ad3f",
  "mteb_dataset_name": "STS22",
  "mteb_version": "1.2.0",
  "test": {
    "en": {
      "cos_sim": {
        "pearson": 0.689813945263669,
        "spearman": 0.6931929789117626
      },
      "euclidean": {
        "pearson": 0.7059283591072576,
        "spearman": 0.6931929789117626
      },
      "manhattan": {
        "pearson": 0.7053896945129905,
        "spearman": 0.6931799570766005
      }
    },
    "evaluation_time": 0.14
  }
}