{
  "dataset_revision": "ae752c7c21bf194d8b67fd573edf7ae58183cbe3",
  "mteb_dataset_name": "STS15",
  "mteb_version": "1.1.2",
  "test": {
    "cos_sim": {
      "pearson": 0.8800331809368388,
      "spearman": 0.8903206808052669
    },
    "euclidean": {
      "pearson": 0.8950408593185785,
      "spearman": 0.9013314966563465
    },
    "evaluation_time": 0.51,
    "manhattan": {
      "pearson": 0.8753305658346603,
      "spearman": 0.8845223291582816
    }
  }
}