{
  "dataset_revision": "7e90230a92c190f1bf69ae9002b8cea547a64cca",
  "mteb_dataset_name": "STS13",
  "mteb_version": "1.1.2",
  "test": {
    "cos_sim": {
      "pearson": 0.873147717387058,
      "spearman": 0.8769824285746504
    },
    "euclidean": {
      "pearson": 0.8827366448139656,
      "spearman": 0.8908720158480806
    },
    "evaluation_time": 0.27,
    "manhattan": {
      "pearson": 0.8598996501647366,
      "spearman": 0.8660919559605763
    }
  }
}