{
  "dataset_revision": "af5e6fb845001ecf41f4c1e033ce921939a2a68d",
  "mteb_dataset_name": "STS17",
  "mteb_version": "1.1.2",
  "test": {
    "en-en": {
      "cos_sim": {
        "pearson": 0.8978189294257253,
        "spearman": 0.8987867902038047
      },
      "euclidean": {
        "pearson": 0.9026538432340949,
        "spearman": 0.8964877144318315
      },
      "manhattan": {
        "pearson": 0.8863368140172092,
        "spearman": 0.878246176100619
      }
    },
    "evaluation_time": 0.07
  }
}