{
  "dataset_revision": "b0fddb56ed78048fa8b90373c8a3cfc37b684831",
  "mteb_dataset_name": "STSBenchmark",
  "mteb_version": "1.1.2",
  "test": {
    "cos_sim": {
      "pearson": 0.8739416200007013,
      "spearman": 0.8774993069954437
    },
    "euclidean": {
      "pearson": 0.8885030148085478,
      "spearman": 0.8906752022624208
    },
    "evaluation_time": 0.23,
    "manhattan": {
      "pearson": 0.8640385607630441,
      "spearman": 0.8694828932509246
    }
  }
}