{
  "dataset_revision": "a0d554a64d88156834ff5ae9920b964011b16384",
  "mteb_dataset_name": "STS12",
  "mteb_version": "1.1.2",
  "test": {
    "cos_sim": {
      "pearson": 0.8446985446930483,
      "spearman": 0.7565924296552833
    },
    "euclidean": {
      "pearson": 0.8494774483361166,
      "spearman": 0.7867912861613452
    },
    "evaluation_time": 0.43,
    "manhattan": {
      "pearson": 0.8018701313897225,
      "spearman": 0.7743124025737405
    }
  }
}