{
  "dataset_revision": null,
  "mteb_dataset_name": "SciFact",
  "mteb_version": "1.1.2",
  "test": {
    "evaluation_time": 0.91,
    "map_at_1": 0.62428,
    "map_at_10": 0.70852,
    "map_at_100": 0.71396,
    "map_at_1000": 0.71411,
    "map_at_3": 0.67802,
    "map_at_5": 0.69754,
    "mrr_at_1": 0.65333,
    "mrr_at_10": 0.71829,
    "mrr_at_100": 0.72243,
    "mrr_at_1000": 0.72257,
    "mrr_at_3": 0.69611,
    "mrr_at_5": 0.71028,
    "ndcg_at_1": 0.65333,
    "ndcg_at_10": 0.75005,
    "ndcg_at_100": 0.77348,
    "ndcg_at_1000": 0.77685,
    "ndcg_at_3": 0.70008,
    "ndcg_at_5": 0.72799,
    "precision_at_1": 0.65333,
    "precision_at_10": 0.09833,
    "precision_at_100": 0.01103,
    "precision_at_1000": 0.00113,
    "precision_at_3": 0.26889,
    "precision_at_5": 0.18067,
    "recall_at_1": 0.62428,
    "recall_at_10": 0.86756,
    "recall_at_100": 0.975,
    "recall_at_1000": 1.0,
    "recall_at_3": 0.73506,
    "recall_at_5": 0.80411
  }
}