{
  "dataset_revision": "ae752c7c21bf194d8b67fd573edf7ae58183cbe3",
  "mteb_dataset_name": "STS15",
  "mteb_version": "1.1.2",
  "test": {
    "cos_sim": {
      "pearson": 0.8759054003677577,
      "spearman": 0.8884738558071225
    },
    "euclidean": {
      "pearson": 0.894008485791738,
      "spearman": 0.8992864436437583
    },
    "evaluation_time": 0.34,
    "manhattan": {
      "pearson": 0.8855466759306111,
      "spearman": 0.8924761724360936
    }
  }
}