{
  "dataset_revision": "b0fddb56ed78048fa8b90373c8a3cfc37b684831",
  "mteb_dataset_name": "STSBenchmark",
  "mteb_version": "1.1.2",
  "test": {
    "cos_sim": {
      "pearson": 0.8738348698821398,
      "spearman": 0.8801471404192069
    },
    "euclidean": {
      "pearson": 0.8871531238632615,
      "spearman": 0.8911094738094291
    },
    "evaluation_time": 0.18,
    "manhattan": {
      "pearson": 0.8747447239977256,
      "spearman": 0.8786866466699124
    }
  }
}