{
  "dataset_revision": "af5e6fb845001ecf41f4c1e033ce921939a2a68d",
  "mteb_dataset_name": "STS17",
  "mteb_version": "1.1.2",
  "test": {
    "en-en": {
      "cos_sim": {
        "pearson": 0.8971943263936394,
        "spearman": 0.8995974825300194
      },
      "euclidean": {
        "pearson": 0.8997283231827278,
        "spearman": 0.8931845948684533
      },
      "manhattan": {
        "pearson": 0.8889403159063775,
        "spearman": 0.8804003343728369
      }
    },
    "evaluation_time": 0.04
  }
}