{
  "dataset_revision": "70970daeab8776df92f5ea462b6173c0b46fd2d1",
  "mteb_dataset_name": "TwitterSemEval2015",
  "mteb_version": "1.1.2",
  "test": {
    "cos_sim": {
      "accuracy": 0.8750074506765214,
      "accuracy_threshold": 0.7657873869362724,
      "ap": 0.7784041228781416,
      "f1": 0.7153192029445362,
      "f1_threshold": 0.7179273986895043,
      "precision": 0.6891660552702372,
      "recall": 0.7435356200527704
    },
    "dot": {
      "accuracy": 0.851820945341837,
      "accuracy_threshold": 0.3541858492863671,
      "ap": 0.7153931644410737,
      "f1": 0.6573982125124131,
      "f1_threshold": 0.334081894119244,
      "precision": 0.6207219878105954,
      "recall": 0.6986807387862797
    },
    "euclidean": {
      "accuracy": 0.8755438993860643,
      "accuracy_threshold": 0.4784994897902046,
      "ap": 0.7806965427479106,
      "f1": 0.7168734491315136,
      "f1_threshold": 0.520277750961456,
      "precision": 0.6765807962529274,
      "recall": 0.7622691292875989
    },
    "evaluation_time": 0.75,
    "manhattan": {
      "accuracy": 0.8742921857304643,
      "accuracy_threshold": 5.8641989246403465,
      "ap": 0.7768464938679227,
      "f1": 0.7141265321282655,
      "f1_threshold": 6.361632859832507,
      "precision": 0.6727315138791696,
      "recall": 0.7609498680738787
    },
    "max": {
      "accuracy": 0.8755438993860643,
      "ap": 0.7806965427479106,
      "f1": 0.7168734491315136
    }
  }
}