{
  "dataset_revision": null,
  "mteb_dataset_name": "ArguAna",
  "mteb_version": "1.1.2",
  "test": {
    "evaluation_time": 1.62,
    "map_at_1": 0.38976,
    "map_at_10": 0.55753,
    "map_at_100": 0.56242,
    "map_at_1000": 0.56245,
    "map_at_3": 0.51529,
    "map_at_5": 0.54115,
    "mrr_at_1": 0.39616,
    "mrr_at_10": 0.56004,
    "mrr_at_100": 0.56493,
    "mrr_at_1000": 0.56496,
    "mrr_at_3": 0.51802,
    "mrr_at_5": 0.54341,
    "ndcg_at_1": 0.38976,
    "ndcg_at_10": 0.64273,
    "ndcg_at_100": 0.66206,
    "ndcg_at_1000": 0.66264,
    "ndcg_at_3": 0.5568,
    "ndcg_at_5": 0.60339,
    "precision_at_1": 0.38976,
    "precision_at_10": 0.09111,
    "precision_at_100": 0.00992,
    "precision_at_1000": 0.001,
    "precision_at_3": 0.2257,
    "precision_at_5": 0.15804,
    "recall_at_1": 0.38976,
    "recall_at_10": 0.9111,
    "recall_at_100": 0.99218,
    "recall_at_1000": 0.99644,
    "recall_at_3": 0.6771,
    "recall_at_5": 0.79018
  }
}