{
  "dataset_revision": null,
  "mteb_dataset_name": "ArguAna",
  "mteb_version": "1.1.2",
  "test": {
    "evaluation_time": 1.67,
    "map_at_1": 0.4175,
    "map_at_10": 0.57696,
    "map_at_100": 0.58211,
    "map_at_1000": 0.58216,
    "map_at_3": 0.53781,
    "map_at_5": 0.5631,
    "mrr_at_1": 0.42603,
    "mrr_at_10": 0.58016,
    "mrr_at_100": 0.58525,
    "mrr_at_1000": 0.58529,
    "mrr_at_3": 0.54125,
    "mrr_at_5": 0.56622,
    "ndcg_at_1": 0.4175,
    "ndcg_at_10": 0.65674,
    "ndcg_at_100": 0.67677,
    "ndcg_at_1000": 0.67765,
    "ndcg_at_3": 0.57807,
    "ndcg_at_5": 0.62356,
    "precision_at_1": 0.4175,
    "precision_at_10": 0.09068,
    "precision_at_100": 0.0099,
    "precision_at_1000": 0.001,
    "precision_at_3": 0.23163,
    "precision_at_5": 0.16102,
    "recall_at_1": 0.4175,
    "recall_at_10": 0.90683,
    "recall_at_100": 0.99004,
    "recall_at_1000": 0.99644,
    "recall_at_3": 0.69488,
    "recall_at_5": 0.80512
  }
}