{
  "dataset_revision": "b0fddb56ed78048fa8b90373c8a3cfc37b684831",
  "mteb_dataset_name": "STSBenchmark",
  "mteb_version": "1.1.2",
  "test": {
    "cos_sim": {
      "pearson": 0.8759195286824559,
      "spearman": 0.8786008960272214
    },
    "euclidean": {
      "pearson": 0.8889222049723091,
      "spearman": 0.891104672469816
    },
    "evaluation_time": 0.2,
    "manhattan": {
      "pearson": 0.8650854925310798,
      "spearman": 0.8702989468907917
    }
  }
}