{
  "dataset_revision": "4f58c6b202a23cf9a4da393831edf4f9183cad37",
  "mteb_dataset_name": "EmotionClassification",
  "mteb_version": "1.1.2",
  "test": {
    "accuracy": 0.5646000000000001,
    "accuracy_stderr": 0.019381434415439942,
    "evaluation_time": 12.03,
    "f1": 0.5065981058553839,
    "f1_stderr": 0.01214580530087926,
    "main_score": 0.5646000000000001
  }
}