{
  "dataset_revision": "ae001d0e6b1228650b7bd1c2c65fb50ad11a8aba",
  "mteb_dataset_name": "MTOPIntentClassification",
  "mteb_version": "1.1.2",
  "test": {
    "en": {
      "accuracy": 0.7051527587779298,
      "accuracy_stderr": 0.018259166702343326,
      "f1": 0.5281975440331506,
      "f1_stderr": 0.003743105694414865,
      "main_score": 0.7051527587779298
    },
    "evaluation_time": 20.28
  }
}