{
  "dataset_revision": null,
  "mteb_dataset_name": "NFCorpus",
  "mteb_version": "1.1.2",
  "test": {
    "evaluation_time": 2.96,
    "map_at_1": 0.07666,
    "map_at_10": 0.16075,
    "map_at_100": 0.20751,
    "map_at_1000": 0.22448,
    "map_at_3": 0.11947,
    "map_at_5": 0.13759,
    "mrr_at_1": 0.52632,
    "mrr_at_10": 0.61579,
    "mrr_at_100": 0.62002,
    "mrr_at_1000": 0.62035,
    "mrr_at_3": 0.59649,
    "mrr_at_5": 0.60949,
    "ndcg_at_1": 0.50619,
    "ndcg_at_10": 0.40437,
    "ndcg_at_100": 0.37799,
    "ndcg_at_1000": 0.46424,
    "ndcg_at_3": 0.45966,
    "ndcg_at_5": 0.43488,
    "precision_at_1": 0.52322,
    "precision_at_10": 0.29628,
    "precision_at_100": 0.09533,
    "precision_at_1000": 0.02256,
    "precision_at_3": 0.42415,
    "precision_at_5": 0.36966,
    "recall_at_1": 0.07666,
    "recall_at_10": 0.19943,
    "recall_at_100": 0.38214,
    "recall_at_1000": 0.69795,
    "recall_at_3": 0.13011,
    "recall_at_5": 0.15976
  }
}