{
  "dataset_revision": "b0fddb56ed78048fa8b90373c8a3cfc37b684831",
  "mteb_dataset_name": "STSBenchmark",
  "mteb_version": "1.2.0",
  "test": {
    "cos_sim": {
      "pearson": 0.8827657785948271,
      "spearman": 0.8936736640487286
    },
    "euclidean": {
      "pearson": 0.89184141776412,
      "spearman": 0.8936736640487286
    },
    "evaluation_time": 0.34,
    "manhattan": {
      "pearson": 0.8914845399594272,
      "spearman": 0.8934904434630315
    }
  }
}