{
  "dataset_revision": "af5e6fb845001ecf41f4c1e033ce921939a2a68d",
  "mteb_dataset_name": "STS17",
  "mteb_version": "1.1.2",
  "test": {
    "en-en": {
      "cos_sim": {
        "pearson": 0.880787198735356,
        "spearman": 0.8892426082371904
      },
      "euclidean": {
        "pearson": 0.8905857253190835,
        "spearman": 0.8805648560966968
      },
      "manhattan": {
        "pearson": 0.8950673897510767,
        "spearman": 0.8843346330730785
      }
    },
    "evaluation_time": 0.09
  }
}