{
  "dataset_revision": "0fd18e25b25c072e09e0d92ab615fda904d66300",
  "mteb_dataset_name": "Banking77Classification",
  "mteb_version": "1.2.0",
  "test": {
    "accuracy": 0.8433116883116882,
    "accuracy_stderr": 0.005211418240839824,
    "evaluation_time": 46.65,
    "f1": 0.8370826014598268,
    "f1_stderr": 0.006061567488015629,
    "main_score": 0.8433116883116882
  }
}