{
  "dataset_revision": "65ac3a16b8e91f9cee4c9828cc7c335575432a2a",
  "mteb_dataset_name": "CQADupstackStatsRetrieval",
  "mteb_version": "1.2.0",
  "test": {
    "evaluation_time": 59.13,
    "map_at_1": 0.28017,
    "map_at_10": 0.35178,
    "map_at_100": 0.36052,
    "map_at_1000": 0.36158,
    "map_at_3": 0.3272,
    "map_at_5": 0.34155,
    "mrr_at_1": 0.31442,
    "mrr_at_10": 0.38019,
    "mrr_at_100": 0.388,
    "mrr_at_1000": 0.38878,
    "mrr_at_3": 0.3589,
    "mrr_at_5": 0.3717,
    "ndcg_at_1": 0.31442,
    "ndcg_at_10": 0.3942,
    "ndcg_at_100": 0.43807,
    "ndcg_at_1000": 0.46316,
    "ndcg_at_3": 0.35025,
    "ndcg_at_5": 0.37255,
    "precision_at_1": 0.31442,
    "precision_at_10": 0.06135,
    "precision_at_100": 0.009,
    "precision_at_1000": 0.00119,
    "precision_at_3": 0.14775,
    "precision_at_5": 0.10368,
    "recall_at_1": 0.28017,
    "recall_at_10": 0.49596,
    "recall_at_100": 0.6966,
    "recall_at_1000": 0.8791,
    "recall_at_3": 0.37564,
    "recall_at_5": 0.43094
  }
}