{
  "dataset_revision": "4885aa143210c98657558c04aaf3dc47cfb54340",
  "mteb_dataset_name": "CQADupstackGamingRetrieval",
  "mteb_version": "1.2.0",
  "test": {
    "evaluation_time": 58.73,
    "map_at_1": 0.44591,
    "map_at_10": 0.57916,
    "map_at_100": 0.58902,
    "map_at_1000": 0.58951,
    "map_at_3": 0.54442,
    "map_at_5": 0.56501,
    "mrr_at_1": 0.51097,
    "mrr_at_10": 0.61208,
    "mrr_at_100": 0.61801,
    "mrr_at_1000": 0.61825,
    "mrr_at_3": 0.58736,
    "mrr_at_5": 0.60253,
    "ndcg_at_1": 0.51097,
    "ndcg_at_10": 0.63828,
    "ndcg_at_100": 0.67349,
    "ndcg_at_1000": 0.68213,
    "ndcg_at_3": 0.58252,
    "ndcg_at_5": 0.61156,
    "precision_at_1": 0.51097,
    "precision_at_10": 0.10157,
    "precision_at_100": 0.01278,
    "precision_at_1000": 0.00139,
    "precision_at_3": 0.25831,
    "precision_at_5": 0.17743,
    "recall_at_1": 0.44591,
    "recall_at_10": 0.77824,
    "recall_at_100": 0.92438,
    "recall_at_1000": 0.98385,
    "recall_at_3": 0.6314,
    "recall_at_5": 0.70237
  }
}