{
  "dataset_revision": "4f58c6b202a23cf9a4da393831edf4f9183cad37",
  "mteb_dataset_name": "EmotionClassification",
  "mteb_version": "1.2.0",
  "test": {
    "accuracy": 0.5516,
    "accuracy_stderr": 0.025747621249350386,
    "evaluation_time": 20.38,
    "f1": 0.48813049590002267,
    "f1_stderr": 0.015277046359256646,
    "main_score": 0.5516
  }
}