{
  "dataset_revision": "a0d554a64d88156834ff5ae9920b964011b16384",
  "mteb_dataset_name": "STS12",
  "mteb_version": "1.1.2",
  "test": {
    "cos_sim": {
      "pearson": 0.8715511605027905,
      "spearman": 0.7865237225110054
    },
    "euclidean": {
      "pearson": 0.8398720403856821,
      "spearman": 0.7865237225110054
    },
    "evaluation_time": 2.05,
    "manhattan": {
      "pearson": 0.8405801917219188,
      "spearman": 0.7876922598564401
    }
  }
}