{
  "dataset_revision": "0228b52cf27578f30900b9e5271d331663a030d7",
  "mteb_dataset_name": "SciFact",
  "mteb_version": "1.2.0",
  "test": {
    "evaluation_time": 0.47,
    "map_at_1": 0.59361,
    "map_at_10": 0.69183,
    "map_at_100": 0.69686,
    "map_at_1000": 0.69705,
    "map_at_3": 0.6662,
    "map_at_5": 0.67921,
    "mrr_at_1": 0.61667,
    "mrr_at_10": 0.69881,
    "mrr_at_100": 0.70299,
    "mrr_at_1000": 0.70317,
    "mrr_at_3": 0.68,
    "mrr_at_5": 0.692,
    "ndcg_at_1": 0.61667,
    "ndcg_at_10": 0.73435,
    "ndcg_at_100": 0.75687,
    "ndcg_at_1000": 0.7622,
    "ndcg_at_3": 0.69077,
    "ndcg_at_5": 0.71081,
    "precision_at_1": 0.61667,
    "precision_at_10": 0.097,
    "precision_at_100": 0.01087,
    "precision_at_1000": 0.00113,
    "precision_at_3": 0.26889,
    "precision_at_5": 0.17533,
    "recall_at_1": 0.59361,
    "recall_at_10": 0.85589,
    "recall_at_100": 0.95833,
    "recall_at_1000": 1.0,
    "recall_at_3": 0.737,
    "recall_at_5": 0.78817
  }
}