{
  "dataset_revision": "4d8694f8f0e0100860b497b999b3dbed754a0513",
  "mteb_dataset_name": "STS16",
  "mteb_version": "1.2.0",
  "test": {
    "cos_sim": {
      "pearson": 0.8312854143325428,
      "spearman": 0.8520123828106099
    },
    "euclidean": {
      "pearson": 0.866218224959544,
      "spearman": 0.8711608063198539
    },
    "evaluation_time": 0.02,
    "manhattan": {
      "pearson": 0.8603960454641054,
      "spearman": 0.86601933543065
    }
  }
}