{
  "dataset_revision": "6031580fec1f6af667f0bd2da0a551cf4f0b2375",
  "mteb_dataset_name": "STS14",
  "mteb_version": "1.2.0",
  "test": {
    "cos_sim": {
      "pearson": 0.8625218717247289,
      "spearman": 0.8306715079243931
    },
    "euclidean": {
      "pearson": 0.8583451256085679,
      "spearman": 0.8394045087773374
    },
    "evaluation_time": 0.04,
    "manhattan": {
      "pearson": 0.8510838223552647,
      "spearman": 0.8372566917202894
    }
  }
}