{
  "dataset_revision": null,
  "mteb_dataset_name": "ArguAna",
  "mteb_version": "1.1.2",
  "test": {
    "evaluation_time": 1.53,
    "map_at_1": 0.2468,
    "map_at_10": 0.40647,
    "map_at_100": 0.41667,
    "map_at_1000": 0.41672,
    "map_at_3": 0.34791,
    "map_at_5": 0.38259,
    "mrr_at_1": 0.25107,
    "mrr_at_10": 0.40827,
    "mrr_at_100": 0.41847,
    "mrr_at_1000": 0.41852,
    "mrr_at_3": 0.35017,
    "mrr_at_5": 0.38466,
    "ndcg_at_1": 0.2468,
    "ndcg_at_10": 0.50244,
    "ndcg_at_100": 0.54366,
    "ndcg_at_1000": 0.5449,
    "ndcg_at_3": 0.38213,
    "ndcg_at_5": 0.44426,
    "precision_at_1": 0.2468,
    "precision_at_10": 0.08122,
    "precision_at_100": 0.00987,
    "precision_at_1000": 0.001,
    "precision_at_3": 0.1605,
    "precision_at_5": 0.12632,
    "recall_at_1": 0.2468,
    "recall_at_10": 0.81223,
    "recall_at_100": 0.9872,
    "recall_at_1000": 0.99644,
    "recall_at_3": 0.48151,
    "recall_at_5": 0.63158
  }
}