{
  "dataset_revision": "4f58c6b202a23cf9a4da393831edf4f9183cad37",
  "mteb_dataset_name": "EmotionClassification",
  "mteb_version": "1.1.2",
  "test": {
    "accuracy": 0.53745,
    "accuracy_stderr": 0.02189343508908549,
    "evaluation_time": 0.48,
    "f1": 0.4764548173003333,
    "f1_stderr": 0.013413152557041915,
    "main_score": 0.53745
  }
}