{
  "dataset_revision": "af5e6fb845001ecf41f4c1e033ce921939a2a68d",
  "mteb_dataset_name": "STS17",
  "mteb_version": "1.1.2",
  "test": {
    "en-en": {
      "cos_sim": {
        "pearson": 0.9025194331655145,
        "spearman": 0.904669979417991
      },
      "euclidean": {
        "pearson": 0.9060044026977152,
        "spearman": 0.9009628590794341
      },
      "manhattan": {
        "pearson": 0.893337646240813,
        "spearman": 0.8874171090161401
      }
    },
    "evaluation_time": 0.06
  }
}