{
  "dataset_revision": "70970daeab8776df92f5ea462b6173c0b46fd2d1",
  "mteb_dataset_name": "TwitterSemEval2015",
  "mteb_version": "1.1.2",
  "test": {
    "cos_sim": {
      "accuracy": 0.877332061751207,
      "accuracy_threshold": 0.7372805083091867,
      "ap": 0.7880261751018482,
      "f1": 0.7198091890534773,
      "f1_threshold": 0.7016525185302868,
      "precision": 0.6865421455938697,
      "recall": 0.7564643799472296
    },
    "dot": {
      "accuracy": 0.860940573404065,
      "accuracy_threshold": 0.4915232346630136,
      "ap": 0.7433253002160773,
      "f1": 0.6834386852085967,
      "f1_threshold": 0.46231360217999773,
      "precision": 0.6560679611650485,
      "recall": 0.7131926121372032
    },
    "euclidean": {
      "accuracy": 0.8793586457650354,
      "accuracy_threshold": 0.58010947248645,
      "ap": 0.7936075758320674,
      "f1": 0.7242318164138467,
      "f1_threshold": 0.6175084390870607,
      "precision": 0.711955136375223,
      "recall": 0.7369393139841689
    },
    "evaluation_time": 1.91,
    "manhattan": {
      "accuracy": 0.8716695475949217,
      "accuracy_threshold": 11.518164766604581,
      "ap": 0.7756202033688764,
      "f1": 0.7116968698517299,
      "f1_threshold": 12.282623457356163,
      "precision": 0.6847110460863204,
      "recall": 0.7408970976253298
    },
    "max": {
      "accuracy": 0.8793586457650354,
      "ap": 0.7936075758320674,
      "f1": 0.7242318164138467
    }
  }
}