{
  "dataset_revision": "0228b52cf27578f30900b9e5271d331663a030d7",
  "mteb_dataset_name": "SciFact",
  "mteb_version": "1.2.0",
  "test": {
    "evaluation_time": 1.38,
    "map_at_1": 0.61761,
    "map_at_10": 0.71273,
    "map_at_100": 0.71691,
    "map_at_1000": 0.71712,
    "map_at_3": 0.67969,
    "map_at_5": 0.69813,
    "mrr_at_1": 0.64667,
    "mrr_at_10": 0.7225,
    "mrr_at_100": 0.72558,
    "mrr_at_1000": 0.72577,
    "mrr_at_3": 0.69778,
    "mrr_at_5": 0.71244,
    "ndcg_at_1": 0.64667,
    "ndcg_at_10": 0.75813,
    "ndcg_at_100": 0.77582,
    "ndcg_at_1000": 0.78014,
    "ndcg_at_3": 0.7021,
    "ndcg_at_5": 0.7299,
    "precision_at_1": 0.64667,
    "precision_at_10": 0.10067,
    "precision_at_100": 0.01097,
    "precision_at_1000": 0.00113,
    "precision_at_3": 0.26889,
    "precision_at_5": 0.18067,
    "recall_at_1": 0.61761,
    "recall_at_10": 0.88822,
    "recall_at_100": 0.96833,
    "recall_at_1000": 1.0,
    "recall_at_3": 0.73922,
    "recall_at_5": 0.80828
  }
}